KxK: 2520 maximal facets; cover with 3 domains (SC_strict <= 2)

--- domain 0  (1750 facets) ---
  facet   0: (0,0) (0,1) (0,2) (0,3) (0,4) (1,4) (2,4) (3,4) (4,4)
  facet   1: (0,0) (0,1) (0,2) (0,3) (1,3) (1,4) (2,4) (3,4) (4,4)
  facet   2: (0,0) (0,1) (0,2) (1,2) (1,3) (1,4) (2,4) (3,4) (4,4)
  facet   3: (0,0) (0,1) (1,1) (1,2) (1,3) (1,4) (2,4) (3,4) (4,4)
  facet   4: (0,0) (1,0) (1,1) (1,2) (1,3) (1,4) (2,4) (3,4) (4,4)
  facet   5: (0,0) (0,1) (0,2) (0,3) (1,3) (2,3) (2,4) (3,4) (4,4)
  facet   6: (0,0) (0,1) (0,2) (1,2) (1,3) (2,3) (2,4) (3,4) (4,4)
  facet   7: (0,0) (0,1) (1,1) (1,2) (1,3) (2,3) (2,4) (3,4) (4,4)
  facet   8: (0,0) (1,0) (1,1) (1,2) (1,3) (2,3) (2,4) (3,4) (4,4)
  facet   9: (0,0) (0,1) (0,2) (1,2) (2,2) (2,3) (2,4) (3,4) (4,4)
  facet  10: (0,0) (0,1) (1,1) (1,2) (2,2) (2,3) (2,4) (3,4) (4,4)
  facet  11: (0,0) (1,0) (1,1) (1,2) (2,2) (2,3) (2,4) (3,4) (4,4)
  facet  12: (0,0) (0,1) (1,1) (2,1) (2,2) (2,3) (2,4) (3,4) (4,4)
  facet  13: (0,0) (1,0) (1,1) (2,1) (2,2) (2,3) (2,4) (3,4) (4,4)
  facet  14: (0,0) (1,0) (2,0) (2,1) (2,2) (2,3) (2,4) (3,4) (4,4)
  facet  15: (0,0) (0,1) (0,2) (0,3) (1,3) (2,3) (3,3) (3,4) (4,4)
  facet  16: (0,0) (0,1) (0,2) (1,2) (1,3) (2,3) (3,3) (3,4) (4,4)
  facet  17: (0,0) (0,1) (1,1) (1,2) (1,3) (2,3) (3,3) (3,4) (4,4)
  facet  18: (0,0) (1,0) (1,1) (1,2) (1,3) (2,3) (3,3) (3,4) (4,4)
  facet  19: (0,0) (0,1) (0,2) (1,2) (2,2) (2,3) (3,3) (3,4) (4,4)
  facet  20: (0,0) (0,1) (1,1) (1,2) (2,2) (2,3) (3,3) (3,4) (4,4)
  facet  21: (0,0) (1,0) (1,1) (1,2) (2,2) (2,3) (3,3) (3,4) (4,4)
  facet  22: (0,0) (0,1) (1,1) (2,1) (2,2) (2,3) (3,3) (3,4) (4,4)
  facet  23: (0,0) (1,0) (1,1) (2,1) (2,2) (2,3) (3,3) (3,4) (4,4)
  facet  24: (0,0) (1,0) (2,0) (2,1) (2,2) (2,3) (3,3) (3,4) (4,4)
  facet  25: (0,0) (0,1) (0,2) (1,2) (2,2) (3,2) (3,3) (3,4) (4,4)
  facet  26: (0,0) (0,1) (1,1) (1,2) (2,2) (3,2) (3,3) (3,4) (4,4)
  facet  27: (0,0) (1,0) (1,1) (1,2) (2,2) (3,2) (3,3) (3,4) (4,4)
  facet  28: (0,0) (0,1) (1,1) (2,1) (2,2) (3,2) (3,3) (3,4) (4,4)
  facet  29: (0,0) (1,0) (1,1) (2,1) (2,2) (3,2) (3,3) (3,4) (4,4)
  facet  30: (0,0) (1,0) (2,0) (2,1) (2,2) (3,2) (3,3) (3,4) (4,4)
  facet  31: (0,0) (0,1) (1,1) (2,1) (3,1) (3,2) (3,3) (3,4) (4,4)
  facet  32: (0,0) (1,0) (1,1) (2,1) (3,1) (3,2) (3,3) (3,4) (4,4)
  facet  33: (0,0) (1,0) (2,0) (2,1) (3,1) (3,2) (3,3) (3,4) (4,4)
  facet  34: (0,0) (1,0) (2,0) (3,0) (3,1) (3,2) (3,3) (3,4) (4,4)
  facet  35: (0,0) (0,1) (0,2) (0,3) (1,3) (2,3) (3,3) (4,3) (4,4)
  facet  36: (0,0) (0,1) (0,2) (1,2) (1,3) (2,3) (3,3) (4,3) (4,4)
  facet  37: (0,0) (0,1) (1,1) (1,2) (1,3) (2,3) (3,3) (4,3) (4,4)
  facet  38: (0,0) (1,0) (1,1) (1,2) (1,3) (2,3) (3,3) (4,3) (4,4)
  facet  39: (0,0) (0,1) (0,2) (1,2) (2,2) (2,3) (3,3) (4,3) (4,4)
  facet  40: (0,0) (0,1) (1,1) (1,2) (2,2) (2,3) (3,3) (4,3) (4,4)
  facet  41: (0,0) (1,0) (1,1) (1,2) (2,2) (2,3) (3,3) (4,3) (4,4)
  facet  42: (0,0) (0,1) (1,1) (2,1) (2,2) (2,3) (3,3) (4,3) (4,4)
  facet  43: (0,0) (1,0) (1,1) (2,1) (2,2) (2,3) (3,3) (4,3) (4,4)
  facet  44: (0,0) (1,0) (2,0) (2,1) (2,2) (2,3) (3,3) (4,3) (4,4)
  facet  45: (0,0) (0,1) (0,2) (1,2) (2,2) (3,2) (3,3) (4,3) (4,4)
  facet  46: (0,0) (0,1) (1,1) (1,2) (2,2) (3,2) (3,3) (4,3) (4,4)
  facet  47: (0,0) (1,0) (1,1) (1,2) (2,2) (3,2) (3,3) (4,3) (4,4)
  facet  48: (0,0) (0,1) (1,1) (2,1) (2,2) (3,2) (3,3) (4,3) (4,4)
  facet  49: (0,0) (1,0) (1,1) (2,1) (2,2) (3,2) (3,3) (4,3) (4,4)
  facet  50: (0,0) (1,0) (2,0) (2,1) (2,2) (3,2) (3,3) (4,3) (4,4)
  facet  51: (0,0) (0,1) (1,1) (2,1) (3,1) (3,2) (3,3) (4,3) (4,4)
  facet  52: (0,0) (1,0) (1,1) (2,1) (3,1) (3,2) (3,3) (4,3) (4,4)
  facet  53: (0,0) (1,0) (2,0) (2,1) (3,1) (3,2) (3,3) (4,3) (4,4)
  facet  54: (0,0) (1,0) (2,0) (3,0) (3,1) (3,2) (3,3) (4,3) (4,4)
  facet  55: (0,0) (0,1) (0,2) (1,2) (2,2) (3,2) (4,2) (4,3) (4,4)
  facet  56: (0,0) (0,1) (1,1) (1,2) (2,2) (3,2) (4,2) (4,3) (4,4)
  facet  57: (0,0) (1,0) (1,1) (1,2) (2,2) (3,2) (4,2) (4,3) (4,4)
  facet  58: (0,0) (0,1) (1,1) (2,1) (2,2) (3,2) (4,2) (4,3) (4,4)
  facet  59: (0,0) (1,0) (1,1) (2,1) (2,2) (3,2) (4,2) (4,3) (4,4)
  facet  60: (0,0) (1,0) (2,0) (2,1) (2,2) (3,2) (4,2) (4,3) (4,4)
  facet  61: (0,0) (0,1) (1,1) (2,1) (3,1) (3,2) (4,2) (4,3) (4,4)
  facet  62: (0,0) (1,0) (1,1) (2,1) (3,1) (3,2) (4,2) (4,3) (4,4)
  facet  63: (0,0) (1,0) (2,0) (2,1) (3,1) (3,2) (4,2) (4,3) (4,4)
  facet  64: (0,0) (1,0) (2,0) (3,0) (3,1) (3,2) (4,2) (4,3) (4,4)
  facet  65: (0,0) (0,1) (1,1) (2,1) (3,1) (4,1) (4,2) (4,3) (4,4)
  facet  66: (0,0) (1,0) (1,1) (2,1) (3,1) (4,1) (4,2) (4,3) (4,4)
  facet  67: (0,0) (1,0) (2,0) (2,1) (3,1) (4,1) (4,2) (4,3) (4,4)
  facet  68: (0,0) (1,0) (2,0) (3,0) (3,1) (4,1) (4,2) (4,3) (4,4)
  facet  69: (0,0) (1,0) (2,0) (3,0) (4,0) (4,1) (4,2) (4,3) (4,4)
  facet  70: (0,0) (0,1) (0,2) (0,3) (0,5) (1,5) (2,5) (3,5) (4,5)
  facet  71: (0,0) (0,1) (0,2) (0,3) (1,3) (1,5) (2,5) (3,5) (4,5)
  facet  72: (0,0) (0,1) (0,2) (1,2) (1,3) (1,5) (2,5) (3,5) (4,5)
  facet  73: (0,0) (0,1) (1,1) (1,2) (1,3) (1,5) (2,5) (3,5) (4,5)
  facet  74: (0,0) (1,0) (1,1) (1,2) (1,3) (1,5) (2,5) (3,5) (4,5)
  facet  75: (0,0) (0,1) (0,2) (0,3) (1,3) (2,3) (2,5) (3,5) (4,5)
  facet  76: (0,0) (0,1) (0,2) (1,2) (1,3) (2,3) (2,5) (3,5) (4,5)
  facet  77: (0,0) (0,1) (1,1) (1,2) (1,3) (2,3) (2,5) (3,5) (4,5)
  facet  78: (0,0) (1,0) (1,1) (1,2) (1,3) (2,3) (2,5) (3,5) (4,5)
  facet  79: (0,0) (0,1) (0,2) (1,2) (2,2) (2,3) (2,5) (3,5) (4,5)
  facet  80: (0,0) (0,1) (1,1) (1,2) (2,2) (2,3) (2,5) (3,5) (4,5)
  facet  81: (0,0) (1,0) (1,1) (1,2) (2,2) (2,3) (2,5) (3,5) (4,5)
  facet  82: (0,0) (0,1) (1,1) (2,1) (2,2) (2,3) (2,5) (3,5) (4,5)
  facet  83: (0,0) (1,0) (1,1) (2,1) (2,2) (2,3) (2,5) (3,5) (4,5)
  facet  84: (0,0) (1,0) (2,0) (2,1) (2,2) (2,3) (2,5) (3,5) (4,5)
  facet  85: (0,0) (0,1) (0,2) (0,3) (1,3) (2,3) (3,3) (3,5) (4,5)
  facet  86: (0,0) (0,1) (0,2) (1,2) (1,3) (2,3) (3,3) (3,5) (4,5)
  facet  87: (0,0) (0,1) (1,1) (1,2) (1,3) (2,3) (3,3) (3,5) (4,5)
  facet  88: (0,0) (1,0) (1,1) (1,2) (1,3) (2,3) (3,3) (3,5) (4,5)
  facet  89: (0,0) (0,1) (0,2) (1,2) (2,2) (2,3) (3,3) (3,5) (4,5)
  facet  90: (0,0) (0,1) (1,1) (1,2) (2,2) (2,3) (3,3) (3,5) (4,5)
  facet  91: (0,0) (1,0) (1,1) (1,2) (2,2) (2,3) (3,3) (3,5) (4,5)
  facet  92: (0,0) (0,1) (1,1) (2,1) (2,2) (2,3) (3,3) (3,5) (4,5)
  facet  93: (0,0) (1,0) (1,1) (2,1) (2,2) (2,3) (3,3) (3,5) (4,5)
  facet  94: (0,0) (1,0) (2,0) (2,1) (2,2) (2,3) (3,3) (3,5) (4,5)
  facet  95: (0,0) (0,1) (0,2) (1,2) (2,2) (3,2) (3,3) (3,5) (4,5)
  facet  96: (0,0) (0,1) (1,1) (1,2) (2,2) (3,2) (3,3) (3,5) (4,5)
  facet  97: (0,0) (1,0) (1,1) (1,2) (2,2) (3,2) (3,3) (3,5) (4,5)
  facet  98: (0,0) (0,1) (1,1) (2,1) (2,2) (3,2) (3,3) (3,5) (4,5)
  facet  99: (0,0) (1,0) (1,1) (2,1) (2,2) (3,2) (3,3) (3,5) (4,5)
  facet 100: (0,0) (1,0) (2,0) (2,1) (2,2) (3,2) (3,3) (3,5) (4,5)
  facet 101: (0,0) (0,1) (1,1) (2,1) (3,1) (3,2) (3,3) (3,5) (4,5)
  facet 102: (0,0) (1,0) (1,1) (2,1) (3,1) (3,2) (3,3) (3,5) (4,5)
  facet 103: (0,0) (1,0) (2,0) (2,1) (3,1) (3,2) (3,3) (3,5) (4,5)
  facet 104: (0,0) (1,0) (2,0) (3,0) (3,1) (3,2) (3,3) (3,5) (4,5)
  facet 105: (0,0) (0,1) (0,2) (0,3) (1,3) (2,3) (3,3) (4,3) (4,5)
  facet 106: (0,0) (0,1) (0,2) (1,2) (1,3) (2,3) (3,3) (4,3) (4,5)
  facet 107: (0,0) (0,1) (1,1) (1,2) (1,3) (2,3) (3,3) (4,3) (4,5)
  facet 108: (0,0) (1,0) (1,1) (1,2) (1,3) (2,3) (3,3) (4,3) (4,5)
  facet 109: (0,0) (0,1) (0,2) (1,2) (2,2) (2,3) (3,3) (4,3) (4,5)
  facet 110: (0,0) (0,1) (1,1) (1,2) (2,2) (2,3) (3,3) (4,3) (4,5)
  facet 111: (0,0) (1,0) (1,1) (1,2) (2,2) (2,3) (3,3) (4,3) (4,5)
  facet 112: (0,0) (0,1) (1,1) (2,1) (2,2) (2,3) (3,3) (4,3) (4,5)
  facet 113: (0,0) (1,0) (1,1) (2,1) (2,2) (2,3) (3,3) (4,3) (4,5)
  facet 114: (0,0) (1,0) (2,0) (2,1) (2,2) (2,3) (3,3) (4,3) (4,5)
  facet 115: (0,0) (0,1) (0,2) (1,2) (2,2) (3,2) (3,3) (4,3) (4,5)
  facet 116: (0,0) (0,1) (1,1) (1,2) (2,2) (3,2) (3,3) (4,3) (4,5)
  facet 117: (0,0) (1,0) (1,1) (1,2) (2,2) (3,2) (3,3) (4,3) (4,5)
  facet 118: (0,0) (0,1) (1,1) (2,1) (2,2) (3,2) (3,3) (4,3) (4,5)
  facet 119: (0,0) (1,0) (1,1) (2,1) (2,2) (3,2) (3,3) (4,3) (4,5)
  facet 120: (0,0) (1,0) (2,0) (2,1) (2,2) (3,2) (3,3) (4,3) (4,5)
  facet 121: (0,0) (0,1) (1,1) (2,1) (3,1) (3,2) (3,3) (4,3) (4,5)
  facet 122: (0,0) (1,0) (1,1) (2,1) (3,1) (3,2) (3,3) (4,3) (4,5)
  facet 123: (0,0) (1,0) (2,0) (2,1) (3,1) (3,2) (3,3) (4,3) (4,5)
  facet 124: (0,0) (1,0) (2,0) (3,0) (3,1) (3,2) (3,3) (4,3) (4,5)
  facet 125: (0,0) (0,1) (0,2) (1,2) (2,2) (3,2) (4,2) (4,3) (4,5)
  facet 126: (0,0) (0,1) (1,1) (1,2) (2,2) (3,2) (4,2) (4,3) (4,5)
  facet 127: (0,0) (1,0) (1,1) (1,2) (2,2) (3,2) (4,2) (4,3) (4,5)
  facet 128: (0,0) (0,1) (1,1) (2,1) (2,2) (3,2) (4,2) (4,3) (4,5)
  facet 129: (0,0) (1,0) (1,1) (2,1) (2,2) (3,2) (4,2) (4,3) (4,5)
  facet 130: (0,0) (1,0) (2,0) (2,1) (2,2) (3,2) (4,2) (4,3) (4,5)
  facet 131: (0,0) (0,1) (1,1) (2,1) (3,1) (3,2) (4,2) (4,3) (4,5)
  facet 132: (0,0) (1,0) (1,1) (2,1) (3,1) (3,2) (4,2) (4,3) (4,5)
  facet 133: (0,0) (1,0) (2,0) (2,1) (3,1) (3,2) (4,2) (4,3) (4,5)
  facet 134: (0,0) (1,0) (2,0) (3,0) (3,1) (3,2) (4,2) (4,3) (4,5)
  facet 135: (0,0) (0,1) (1,1) (2,1) (3,1) (4,1) (4,2) (4,3) (4,5)
  facet 136: (0,0) (1,0) (1,1) (2,1) (3,1) (4,1) (4,2) (4,3) (4,5)
  facet 137: (0,0) (1,0) (2,0) (2,1) (3,1) (4,1) (4,2) (4,3) (4,5)
  facet 138: (0,0) (1,0) (2,0) (3,0) (3,1) (4,1) (4,2) (4,3) (4,5)
  facet 139: (0,0) (1,0) (2,0) (3,0) (4,0) (4,1) (4,2) (4,3) (4,5)
  facet 140: (0,0) (0,1) (0,2) (0,4) (0,5) (1,5) (2,5) (3,5) (4,5)
  facet 141: (0,0) (0,1) (0,2) (0,4) (1,4) (1,5) (2,5) (3,5) (4,5)
  facet 142: (0,0) (0,1) (0,2) (1,2) (1,4) (1,5) (2,5) (3,5) (4,5)
  facet 143: (0,0) (0,1) (1,1) (1,2) (1,4) (1,5) (2,5) (3,5) (4,5)
  facet 144: (0,0) (1,0) (1,1) (1,2) (1,4) (1,5) (2,5) (3,5) (4,5)
  facet 145: (0,0) (0,1) (0,2) (0,4) (1,4) (2,4) (2,5) (3,5) (4,5)
  facet 146: (0,0) (0,1) (0,2) (1,2) (1,4) (2,4) (2,5) (3,5) (4,5)
  facet 147: (0,0) (0,1) (1,1) (1,2) (1,4) (2,4) (2,5) (3,5) (4,5)
  facet 148: (0,0) (1,0) (1,1) (1,2) (1,4) (2,4) (2,5) (3,5) (4,5)
  facet 149: (0,0) (0,1) (0,2) (1,2) (2,2) (2,4) (2,5) (3,5) (4,5)
  facet 150: (0,0) (0,1) (1,1) (1,2) (2,2) (2,4) (2,5) (3,5) (4,5)
  facet 151: (0,0) (1,0) (1,1) (1,2) (2,2) (2,4) (2,5) (3,5) (4,5)
  facet 152: (0,0) (0,1) (1,1) (2,1) (2,2) (2,4) (2,5) (3,5) (4,5)
  facet 153: (0,0) (1,0) (1,1) (2,1) (2,2) (2,4) (2,5) (3,5) (4,5)
  facet 154: (0,0) (1,0) (2,0) (2,1) (2,2) (2,4) (2,5) (3,5) (4,5)
  facet 155: (0,0) (0,1) (0,2) (0,4) (1,4) (2,4) (3,4) (3,5) (4,5)
  facet 156: (0,0) (0,1) (0,2) (1,2) (1,4) (2,4) (3,4) (3,5) (4,5)
  facet 157: (0,0) (0,1) (1,1) (1,2) (1,4) (2,4) (3,4) (3,5) (4,5)
  facet 158: (0,0) (1,0) (1,1) (1,2) (1,4) (2,4) (3,4) (3,5) (4,5)
  facet 159: (0,0) (0,1) (0,2) (1,2) (2,2) (2,4) (3,4) (3,5) (4,5)
  facet 160: (0,0) (0,1) (1,1) (1,2) (2,2) (2,4) (3,4) (3,5) (4,5)
  facet 161: (0,0) (1,0) (1,1) (1,2) (2,2) (2,4) (3,4) (3,5) (4,5)
  facet 162: (0,0) (0,1) (1,1) (2,1) (2,2) (2,4) (3,4) (3,5) (4,5)
  facet 163: (0,0) (1,0) (1,1) (2,1) (2,2) (2,4) (3,4) (3,5) (4,5)
  facet 164: (0,0) (1,0) (2,0) (2,1) (2,2) (2,4) (3,4) (3,5) (4,5)
  facet 165: (0,0) (0,1) (0,2) (1,2) (2,2) (3,2) (3,4) (3,5) (4,5)
  facet 166: (0,0) (0,1) (1,1) (1,2) (2,2) (3,2) (3,4) (3,5) (4,5)
  facet 167: (0,0) (1,0) (1,1) (1,2) (2,2) (3,2) (3,4) (3,5) (4,5)
  facet 168: (0,0) (0,1) (1,1) (2,1) (2,2) (3,2) (3,4) (3,5) (4,5)
  facet 169: (0,0) (1,0) (1,1) (2,1) (2,2) (3,2) (3,4) (3,5) (4,5)
  facet 170: (0,0) (1,0) (2,0) (2,1) (2,2) (3,2) (3,4) (3,5) (4,5)
  facet 171: (0,0) (0,1) (1,1) (2,1) (3,1) (3,2) (3,4) (3,5) (4,5)
  facet 172: (0,0) (1,0) (1,1) (2,1) (3,1) (3,2) (3,4) (3,5) (4,5)
  facet 173: (0,0) (1,0) (2,0) (2,1) (3,1) (3,2) (3,4) (3,5) (4,5)
  facet 174: (0,0) (1,0) (2,0) (3,0) (3,1) (3,2) (3,4) (3,5) (4,5)
  facet 175: (0,0) (0,1) (0,2) (0,4) (1,4) (2,4) (3,4) (4,4) (4,5)
  facet 176: (0,0) (0,1) (0,2) (1,2) (1,4) (2,4) (3,4) (4,4) (4,5)
  facet 177: (0,0) (0,1) (1,1) (1,2) (1,4) (2,4) (3,4) (4,4) (4,5)
  facet 178: (0,0) (1,0) (1,1) (1,2) (1,4) (2,4) (3,4) (4,4) (4,5)
  facet 179: (0,0) (0,1) (0,2) (1,2) (2,2) (2,4) (3,4) (4,4) (4,5)
  facet 180: (0,0) (0,1) (1,1) (1,2) (2,2) (2,4) (3,4) (4,4) (4,5)
  facet 181: (0,0) (1,0) (1,1) (1,2) (2,2) (2,4) (3,4) (4,4) (4,5)
  facet 182: (0,0) (0,1) (1,1) (2,1) (2,2) (2,4) (3,4) (4,4) (4,5)
  facet 183: (0,0) (1,0) (1,1) (2,1) (2,2) (2,4) (3,4) (4,4) (4,5)
  facet 184: (0,0) (1,0) (2,0) (2,1) (2,2) (2,4) (3,4) (4,4) (4,5)
  facet 185: (0,0) (0,1) (0,2) (1,2) (2,2) (3,2) (3,4) (4,4) (4,5)
  facet 186: (0,0) (0,1) (1,1) (1,2) (2,2) (3,2) (3,4) (4,4) (4,5)
  facet 187: (0,0) (1,0) (1,1) (1,2) (2,2) (3,2) (3,4) (4,4) (4,5)
  facet 188: (0,0) (0,1) (1,1) (2,1) (2,2) (3,2) (3,4) (4,4) (4,5)
  facet 189: (0,0) (1,0) (1,1) (2,1) (2,2) (3,2) (3,4) (4,4) (4,5)
  facet 190: (0,0) (1,0) (2,0) (2,1) (2,2) (3,2) (3,4) (4,4) (4,5)
  facet 191: (0,0) (0,1) (1,1) (2,1) (3,1) (3,2) (3,4) (4,4) (4,5)
  facet 192: (0,0) (1,0) (1,1) (2,1) (3,1) (3,2) (3,4) (4,4) (4,5)
  facet 193: (0,0) (1,0) (2,0) (2,1) (3,1) (3,2) (3,4) (4,4) (4,5)
  facet 194: (0,0) (1,0) (2,0) (3,0) (3,1) (3,2) (3,4) (4,4) (4,5)
  facet 195: (0,0) (0,1) (0,2) (1,2) (2,2) (3,2) (4,2) (4,4) (4,5)
  facet 196: (0,0) (0,1) (1,1) (1,2) (2,2) (3,2) (4,2) (4,4) (4,5)
  facet 197: (0,0) (1,0) (1,1) (1,2) (2,2) (3,2) (4,2) (4,4) (4,5)
  facet 198: (0,0) (0,1) (1,1) (2,1) (2,2) (3,2) (4,2) (4,4) (4,5)
  facet 199: (0,0) (1,0) (1,1) (2,1) (2,2) (3,2) (4,2) (4,4) (4,5)
  facet 200: (0,0) (1,0) (2,0) (2,1) (2,2) (3,2) (4,2) (4,4) (4,5)
  facet 201: (0,0) (0,1) (1,1) (2,1) (3,1) (3,2) (4,2) (4,4) (4,5)
  facet 202: (0,0) (1,0) (1,1) (2,1) (3,1) (3,2) (4,2) (4,4) (4,5)
  facet 203: (0,0) (1,0) (2,0) (2,1) (3,1) (3,2) (4,2) (4,4) (4,5)
  facet 204: (0,0) (1,0) (2,0) (3,0) (3,1) (3,2) (4,2) (4,4) (4,5)
  facet 205: (0,0) (0,1) (1,1) (2,1) (3,1) (4,1) (4,2) (4,4) (4,5)
  facet 206: (0,0) (1,0) (1,1) (2,1) (3,1) (4,1) (4,2) (4,4) (4,5)
  facet 207: (0,0) (1,0) (2,0) (2,1) (3,1) (4,1) (4,2) (4,4) (4,5)
  facet 208: (0,0) (1,0) (2,0) (3,0) (3,1) (4,1) (4,2) (4,4) (4,5)
  facet 209: (0,0) (1,0) (2,0) (3,0) (4,0) (4,1) (4,2) (4,4) (4,5)
  facet 210: (0,0) (0,1) (0,3) (0,4) (0,5) (1,5) (2,5) (3,5) (4,5)
  facet 211: (0,0) (0,1) (0,3) (0,4) (1,4) (1,5) (2,5) (3,5) (4,5)
  facet 212: (0,0) (0,1) (0,3) (1,3) (1,4) (1,5) (2,5) (3,5) (4,5)
  facet 213: (0,0) (0,1) (1,1) (1,3) (1,4) (1,5) (2,5) (3,5) (4,5)
  facet 214: (0,0) (1,0) (1,1) (1,3) (1,4) (1,5) (2,5) (3,5) (4,5)
  facet 215: (0,0) (0,1) (0,3) (0,4) (1,4) (2,4) (2,5) (3,5) (4,5)
  facet 216: (0,0) (0,1) (0,3) (1,3) (1,4) (2,4) (2,5) (3,5) (4,5)
  facet 217: (0,0) (0,1) (1,1) (1,3) (1,4) (2,4) (2,5) (3,5) (4,5)
  facet 218: (0,0) (1,0) (1,1) (1,3) (1,4) (2,4) (2,5) (3,5) (4,5)
  facet 219: (0,0) (0,1) (0,3) (1,3) (2,3) (2,4) (2,5) (3,5) (4,5)
  facet 220: (0,0) (0,1) (1,1) (1,3) (2,3) (2,4) (2,5) (3,5) (4,5)
  facet 221: (0,0) (1,0) (1,1) (1,3) (2,3) (2,4) (2,5) (3,5) (4,5)
  facet 222: (0,0) (0,1) (1,1) (2,1) (2,3) (2,4) (2,5) (3,5) (4,5)
  facet 223: (0,0) (1,0) (1,1) (2,1) (2,3) (2,4) (2,5) (3,5) (4,5)
  facet 224: (0,0) (1,0) (2,0) (2,1) (2,3) (2,4) (2,5) (3,5) (4,5)
  facet 225: (0,0) (0,1) (0,3) (0,4) (1,4) (2,4) (3,4) (3,5) (4,5)
  facet 226: (0,0) (0,1) (0,3) (1,3) (1,4) (2,4) (3,4) (3,5) (4,5)
  facet 227: (0,0) (0,1) (1,1) (1,3) (1,4) (2,4) (3,4) (3,5) (4,5)
  facet 228: (0,0) (1,0) (1,1) (1,3) (1,4) (2,4) (3,4) (3,5) (4,5)
  facet 229: (0,0) (0,1) (0,3) (1,3) (2,3) (2,4) (3,4) (3,5) (4,5)
  facet 230: (0,0) (0,1) (1,1) (1,3) (2,3) (2,4) (3,4) (3,5) (4,5)
  facet 231: (0,0) (1,0) (1,1) (1,3) (2,3) (2,4) (3,4) (3,5) (4,5)
  facet 232: (0,0) (0,1) (1,1) (2,1) (2,3) (2,4) (3,4) (3,5) (4,5)
  facet 233: (0,0) (1,0) (1,1) (2,1) (2,3) (2,4) (3,4) (3,5) (4,5)
  facet 234: (0,0) (1,0) (2,0) (2,1) (2,3) (2,4) (3,4) (3,5) (4,5)
  facet 235: (0,0) (0,1) (0,3) (1,3) (2,3) (3,3) (3,4) (3,5) (4,5)
  facet 236: (0,0) (0,1) (1,1) (1,3) (2,3) (3,3) (3,4) (3,5) (4,5)
  facet 237: (0,0) (1,0) (1,1) (1,3) (2,3) (3,3) (3,4) (3,5) (4,5)
  facet 238: (0,0) (0,1) (1,1) (2,1) (2,3) (3,3) (3,4) (3,5) (4,5)
  facet 239: (0,0) (1,0) (1,1) (2,1) (2,3) (3,3) (3,4) (3,5) (4,5)
  facet 240: (0,0) (1,0) (2,0) (2,1) (2,3) (3,3) (3,4) (3,5) (4,5)
  facet 241: (0,0) (0,1) (1,1) (2,1) (3,1) (3,3) (3,4) (3,5) (4,5)
  facet 242: (0,0) (1,0) (1,1) (2,1) (3,1) (3,3) (3,4) (3,5) (4,5)
  facet 243: (0,0) (1,0) (2,0) (2,1) (3,1) (3,3) (3,4) (3,5) (4,5)
  facet 244: (0,0) (1,0) (2,0) (3,0) (3,1) (3,3) (3,4) (3,5) (4,5)
  facet 245: (0,0) (0,1) (0,3) (0,4) (1,4) (2,4) (3,4) (4,4) (4,5)
  facet 246: (0,0) (0,1) (0,3) (1,3) (1,4) (2,4) (3,4) (4,4) (4,5)
  facet 247: (0,0) (0,1) (1,1) (1,3) (1,4) (2,4) (3,4) (4,4) (4,5)
  facet 248: (0,0) (1,0) (1,1) (1,3) (1,4) (2,4) (3,4) (4,4) (4,5)
  facet 249: (0,0) (0,1) (0,3) (1,3) (2,3) (2,4) (3,4) (4,4) (4,5)
  facet 250: (0,0) (0,1) (1,1) (1,3) (2,3) (2,4) (3,4) (4,4) (4,5)
  facet 251: (0,0) (1,0) (1,1) (1,3) (2,3) (2,4) (3,4) (4,4) (4,5)
  facet 252: (0,0) (0,1) (1,1) (2,1) (2,3) (2,4) (3,4) (4,4) (4,5)
  facet 253: (0,0) (1,0) (1,1) (2,1) (2,3) (2,4) (3,4) (4,4) (4,5)
  facet 254: (0,0) (1,0) (2,0) (2,1) (2,3) (2,4) (3,4) (4,4) (4,5)
  facet 255: (0,0) (0,1) (0,3) (1,3) (2,3) (3,3) (3,4) (4,4) (4,5)
  facet 256: (0,0) (0,1) (1,1) (1,3) (2,3) (3,3) (3,4) (4,4) (4,5)
  facet 257: (0,0) (1,0) (1,1) (1,3) (2,3) (3,3) (3,4) (4,4) (4,5)
  facet 258: (0,0) (0,1) (1,1) (2,1) (2,3) (3,3) (3,4) (4,4) (4,5)
  facet 259: (0,0) (1,0) (1,1) (2,1) (2,3) (3,3) (3,4) (4,4) (4,5)
  facet 260: (0,0) (1,0) (2,0) (2,1) (2,3) (3,3) (3,4) (4,4) (4,5)
  facet 261: (0,0) (0,1) (1,1) (2,1) (3,1) (3,3) (3,4) (4,4) (4,5)
  facet 262: (0,0) (1,0) (1,1) (2,1) (3,1) (3,3) (3,4) (4,4) (4,5)
  facet 263: (0,0) (1,0) (2,0) (2,1) (3,1) (3,3) (3,4) (4,4) (4,5)
  facet 264: (0,0) (1,0) (2,0) (3,0) (3,1) (3,3) (3,4) (4,4) (4,5)
  facet 265: (0,0) (0,1) (0,3) (1,3) (2,3) (3,3) (4,3) (4,4) (4,5)
  facet 266: (0,0) (0,1) (1,1) (1,3) (2,3) (3,3) (4,3) (4,4) (4,5)
  facet 267: (0,0) (1,0) (1,1) (1,3) (2,3) (3,3) (4,3) (4,4) (4,5)
  facet 268: (0,0) (0,1) (1,1) (2,1) (2,3) (3,3) (4,3) (4,4) (4,5)
  facet 269: (0,0) (1,0) (1,1) (2,1) (2,3) (3,3) (4,3) (4,4) (4,5)
  facet 270: (0,0) (1,0) (2,0) (2,1) (2,3) (3,3) (4,3) (4,4) (4,5)
  facet 271: (0,0) (0,1) (1,1) (2,1) (3,1) (3,3) (4,3) (4,4) (4,5)
  facet 272: (0,0) (1,0) (1,1) (2,1) (3,1) (3,3) (4,3) (4,4) (4,5)
  facet 273: (0,0) (1,0) (2,0) (2,1) (3,1) (3,3) (4,3) (4,4) (4,5)
  facet 274: (0,0) (1,0) (2,0) (3,0) (3,1) (3,3) (4,3) (4,4) (4,5)
  facet 275: (0,0) (0,1) (1,1) (2,1) (3,1) (4,1) (4,3) (4,4) (4,5)
  facet 276: (0,0) (1,0) (1,1) (2,1) (3,1) (4,1) (4,3) (4,4) (4,5)
  facet 277: (0,0) (1,0) (2,0) (2,1) (3,1) (4,1) (4,3) (4,4) (4,5)
  facet 278: (0,0) (1,0) (2,0) (3,0) (3,1) (4,1) (4,3) (4,4) (4,5)
  facet 279: (0,0) (1,0) (2,0) (3,0) (4,0) (4,1) (4,3) (4,4) (4,5)
  facet 280: (0,0) (0,2) (0,3) (0,4) (0,5) (1,5) (2,5) (3,5) (4,5)
  facet 281: (0,0) (0,2) (0,3) (0,4) (1,4) (1,5) (2,5) (3,5) (4,5)
  facet 282: (0,0) (0,2) (0,3) (1,3) (1,4) (1,5) (2,5) (3,5) (4,5)
  facet 283: (0,0) (0,2) (1,2) (1,3) (1,4) (1,5) (2,5) (3,5) (4,5)
  facet 284: (0,0) (1,0) (1,2) (1,3) (1,4) (1,5) (2,5) (3,5) (4,5)
  facet 285: (0,0) (0,2) (0,3) (0,4) (1,4) (2,4) (2,5) (3,5) (4,5)
  facet 286: (0,0) (0,2) (0,3) (1,3) (1,4) (2,4) (2,5) (3,5) (4,5)
  facet 287: (0,0) (0,2) (1,2) (1,3) (1,4) (2,4) (2,5) (3,5) (4,5)
  facet 288: (0,0) (1,0) (1,2) (1,3) (1,4) (2,4) (2,5) (3,5) (4,5)
  facet 289: (0,0) (0,2) (0,3) (1,3) (2,3) (2,4) (2,5) (3,5) (4,5)
  facet 290: (0,0) (0,2) (1,2) (1,3) (2,3) (2,4) (2,5) (3,5) (4,5)
  facet 291: (0,0) (1,0) (1,2) (1,3) (2,3) (2,4) (2,5) (3,5) (4,5)
  facet 292: (0,0) (0,2) (1,2) (2,2) (2,3) (2,4) (2,5) (3,5) (4,5)
  facet 293: (0,0) (1,0) (1,2) (2,2) (2,3) (2,4) (2,5) (3,5) (4,5)
  facet 294: (0,0) (1,0) (2,0) (2,2) (2,3) (2,4) (2,5) (3,5) (4,5)
  facet 295: (0,0) (0,2) (0,3) (0,4) (1,4) (2,4) (3,4) (3,5) (4,5)
  facet 296: (0,0) (0,2) (0,3) (1,3) (1,4) (2,4) (3,4) (3,5) (4,5)
  facet 297: (0,0) (0,2) (1,2) (1,3) (1,4) (2,4) (3,4) (3,5) (4,5)
  facet 298: (0,0) (1,0) (1,2) (1,3) (1,4) (2,4) (3,4) (3,5) (4,5)
  facet 299: (0,0) (0,2) (0,3) (1,3) (2,3) (2,4) (3,4) (3,5) (4,5)
  facet 300: (0,0) (0,2) (1,2) (1,3) (2,3) (2,4) (3,4) (3,5) (4,5)
  facet 301: (0,0) (1,0) (1,2) (1,3) (2,3) (2,4) (3,4) (3,5) (4,5)
  facet 302: (0,0) (0,2) (1,2) (2,2) (2,3) (2,4) (3,4) (3,5) (4,5)
  facet 303: (0,0) (1,0) (1,2) (2,2) (2,3) (2,4) (3,4) (3,5) (4,5)
  facet 304: (0,0) (1,0) (2,0) (2,2) (2,3) (2,4) (3,4) (3,5) (4,5)
  facet 305: (0,0) (0,2) (0,3) (1,3) (2,3) (3,3) (3,4) (3,5) (4,5)
  facet 306: (0,0) (0,2) (1,2) (1,3) (2,3) (3,3) (3,4) (3,5) (4,5)
  facet 307: (0,0) (1,0) (1,2) (1,3) (2,3) (3,3) (3,4) (3,5) (4,5)
  facet 308: (0,0) (0,2) (1,2) (2,2) (2,3) (3,3) (3,4) (3,5) (4,5)
  facet 309: (0,0) (1,0) (1,2) (2,2) (2,3) (3,3) (3,4) (3,5) (4,5)
  facet 310: (0,0) (1,0) (2,0) (2,2) (2,3) (3,3) (3,4) (3,5) (4,5)
  facet 311: (0,0) (0,2) (1,2) (2,2) (3,2) (3,3) (3,4) (3,5) (4,5)
  facet 312: (0,0) (1,0) (1,2) (2,2) (3,2) (3,3) (3,4) (3,5) (4,5)
  facet 313: (0,0) (1,0) (2,0) (2,2) (3,2) (3,3) (3,4) (3,5) (4,5)
  facet 314: (0,0) (1,0) (2,0) (3,0) (3,2) (3,3) (3,4) (3,5) (4,5)
  facet 315: (0,0) (0,2) (0,3) (0,4) (1,4) (2,4) (3,4) (4,4) (4,5)
  facet 316: (0,0) (0,2) (0,3) (1,3) (1,4) (2,4) (3,4) (4,4) (4,5)
  facet 317: (0,0) (0,2) (1,2) (1,3) (1,4) (2,4) (3,4) (4,4) (4,5)
  facet 318: (0,0) (1,0) (1,2) (1,3) (1,4) (2,4) (3,4) (4,4) (4,5)
  facet 319: (0,0) (0,2) (0,3) (1,3) (2,3) (2,4) (3,4) (4,4) (4,5)
  facet 320: (0,0) (0,2) (1,2) (1,3) (2,3) (2,4) (3,4) (4,4) (4,5)
  facet 321: (0,0) (1,0) (1,2) (1,3) (2,3) (2,4) (3,4) (4,4) (4,5)
  facet 322: (0,0) (0,2) (1,2) (2,2) (2,3) (2,4) (3,4) (4,4) (4,5)
  facet 323: (0,0) (1,0) (1,2) (2,2) (2,3) (2,4) (3,4) (4,4) (4,5)
  facet 324: (0,0) (1,0) (2,0) (2,2) (2,3) (2,4) (3,4) (4,4) (4,5)
  facet 325: (0,0) (0,2) (0,3) (1,3) (2,3) (3,3) (3,4) (4,4) (4,5)
  facet 326: (0,0) (0,2) (1,2) (1,3) (2,3) (3,3) (3,4) (4,4) (4,5)
  facet 327: (0,0) (1,0) (1,2) (1,3) (2,3) (3,3) (3,4) (4,4) (4,5)
  facet 328: (0,0) (0,2) (1,2) (2,2) (2,3) (3,3) (3,4) (4,4) (4,5)
  facet 329: (0,0) (1,0) (1,2) (2,2) (2,3) (3,3) (3,4) (4,4) (4,5)
  facet 330: (0,0) (1,0) (2,0) (2,2) (2,3) (3,3) (3,4) (4,4) (4,5)
  facet 331: (0,0) (0,2) (1,2) (2,2) (3,2) (3,3) (3,4) (4,4) (4,5)
  facet 332: (0,0) (1,0) (1,2) (2,2) (3,2) (3,3) (3,4) (4,4) (4,5)
  facet 333: (0,0) (1,0) (2,0) (2,2) (3,2) (3,3) (3,4) (4,4) (4,5)
  facet 334: (0,0) (1,0) (2,0) (3,0) (3,2) (3,3) (3,4) (4,4) (4,5)
  facet 335: (0,0) (0,2) (0,3) (1,3) (2,3) (3,3) (4,3) (4,4) (4,5)
  facet 336: (0,0) (0,2) (1,2) (1,3) (2,3) (3,3) (4,3) (4,4) (4,5)
  facet 337: (0,0) (1,0) (1,2) (1,3) (2,3) (3,3) (4,3) (4,4) (4,5)
  facet 338: (0,0) (0,2) (1,2) (2,2) (2,3) (3,3) (4,3) (4,4) (4,5)
  facet 339: (0,0) (1,0) (1,2) (2,2) (2,3) (3,3) (4,3) (4,4) (4,5)
  facet 340: (0,0) (1,0) (2,0) (2,2) (2,3) (3,3) (4,3) (4,4) (4,5)
  facet 341: (0,0) (0,2) (1,2) (2,2) (3,2) (3,3) (4,3) (4,4) (4,5)
  facet 342: (0,0) (1,0) (1,2) (2,2) (3,2) (3,3) (4,3) (4,4) (4,5)
  facet 343: (0,0) (1,0) (2,0) (2,2) (3,2) (3,3) (4,3) (4,4) (4,5)
  facet 344: (0,0) (1,0) (2,0) (3,0) (3,2) (3,3) (4,3) (4,4) (4,5)
  facet 345: (0,0) (0,2) (1,2) (2,2) (3,2) (4,2) (4,3) (4,4) (4,5)
  facet 346: (0,0) (1,0) (1,2) (2,2) (3,2) (4,2) (4,3) (4,4) (4,5)
  facet 347: (0,0) (1,0) (2,0) (2,2) (3,2) (4,2) (4,3) (4,4) (4,5)
  facet 348: (0,0) (1,0) (2,0) (3,0) (3,2) (4,2) (4,3) (4,4) (4,5)
  facet 349: (0,0) (1,0) (2,0) (3,0) (4,0) (4,2) (4,3) (4,4) (4,5)
  facet 420: (0,0) (0,1) (0,2) (0,3) (0,4) (1,4) (2,4) (3,4) (5,4)
  facet 421: (0,0) (0,1) (0,2) (0,3) (1,3) (1,4) (2,4) (3,4) (5,4)
  facet 422: (0,0) (0,1) (0,2) (1,2) (1,3) (1,4) (2,4) (3,4) (5,4)
  facet 423: (0,0) (0,1) (1,1) (1,2) (1,3) (1,4) (2,4) (3,4) (5,4)
  facet 424: (0,0) (1,0) (1,1) (1,2) (1,3) (1,4) (2,4) (3,4) (5,4)
  facet 425: (0,0) (0,1) (0,2) (0,3) (1,3) (2,3) (2,4) (3,4) (5,4)
  facet 426: (0,0) (0,1) (0,2) (1,2) (1,3) (2,3) (2,4) (3,4) (5,4)
  facet 427: (0,0) (0,1) (1,1) (1,2) (1,3) (2,3) (2,4) (3,4) (5,4)
  facet 428: (0,0) (1,0) (1,1) (1,2) (1,3) (2,3) (2,4) (3,4) (5,4)
  facet 429: (0,0) (0,1) (0,2) (1,2) (2,2) (2,3) (2,4) (3,4) (5,4)
  facet 430: (0,0) (0,1) (1,1) (1,2) (2,2) (2,3) (2,4) (3,4) (5,4)
  facet 431: (0,0) (1,0) (1,1) (1,2) (2,2) (2,3) (2,4) (3,4) (5,4)
  facet 432: (0,0) (0,1) (1,1) (2,1) (2,2) (2,3) (2,4) (3,4) (5,4)
  facet 433: (0,0) (1,0) (1,1) (2,1) (2,2) (2,3) (2,4) (3,4) (5,4)
  facet 434: (0,0) (1,0) (2,0) (2,1) (2,2) (2,3) (2,4) (3,4) (5,4)
  facet 435: (0,0) (0,1) (0,2) (0,3) (1,3) (2,3) (3,3) (3,4) (5,4)
  facet 436: (0,0) (0,1) (0,2) (1,2) (1,3) (2,3) (3,3) (3,4) (5,4)
  facet 437: (0,0) (0,1) (1,1) (1,2) (1,3) (2,3) (3,3) (3,4) (5,4)
  facet 438: (0,0) (1,0) (1,1) (1,2) (1,3) (2,3) (3,3) (3,4) (5,4)
  facet 439: (0,0) (0,1) (0,2) (1,2) (2,2) (2,3) (3,3) (3,4) (5,4)
  facet 440: (0,0) (0,1) (1,1) (1,2) (2,2) (2,3) (3,3) (3,4) (5,4)
  facet 441: (0,0) (1,0) (1,1) (1,2) (2,2) (2,3) (3,3) (3,4) (5,4)
  facet 442: (0,0) (0,1) (1,1) (2,1) (2,2) (2,3) (3,3) (3,4) (5,4)
  facet 443: (0,0) (1,0) (1,1) (2,1) (2,2) (2,3) (3,3) (3,4) (5,4)
  facet 444: (0,0) (1,0) (2,0) (2,1) (2,2) (2,3) (3,3) (3,4) (5,4)
  facet 445: (0,0) (0,1) (0,2) (1,2) (2,2) (3,2) (3,3) (3,4) (5,4)
  facet 446: (0,0) (0,1) (1,1) (1,2) (2,2) (3,2) (3,3) (3,4) (5,4)
  facet 447: (0,0) (1,0) (1,1) (1,2) (2,2) (3,2) (3,3) (3,4) (5,4)
  facet 448: (0,0) (0,1) (1,1) (2,1) (2,2) (3,2) (3,3) (3,4) (5,4)
  facet 449: (0,0) (1,0) (1,1) (2,1) (2,2) (3,2) (3,3) (3,4) (5,4)
  facet 450: (0,0) (1,0) (2,0) (2,1) (2,2) (3,2) (3,3) (3,4) (5,4)
  facet 451: (0,0) (0,1) (1,1) (2,1) (3,1) (3,2) (3,3) (3,4) (5,4)
  facet 452: (0,0) (1,0) (1,1) (2,1) (3,1) (3,2) (3,3) (3,4) (5,4)
  facet 453: (0,0) (1,0) (2,0) (2,1) (3,1) (3,2) (3,3) (3,4) (5,4)
  facet 454: (0,0) (1,0) (2,0) (3,0) (3,1) (3,2) (3,3) (3,4) (5,4)
  facet 455: (0,0) (0,1) (0,2) (0,3) (1,3) (2,3) (3,3) (5,3) (5,4)
  facet 456: (0,0) (0,1) (0,2) (1,2) (1,3) (2,3) (3,3) (5,3) (5,4)
  facet 457: (0,0) (0,1) (1,1) (1,2) (1,3) (2,3) (3,3) (5,3) (5,4)
  facet 458: (0,0) (1,0) (1,1) (1,2) (1,3) (2,3) (3,3) (5,3) (5,4)
  facet 459: (0,0) (0,1) (0,2) (1,2) (2,2) (2,3) (3,3) (5,3) (5,4)
  facet 460: (0,0) (0,1) (1,1) (1,2) (2,2) (2,3) (3,3) (5,3) (5,4)
  facet 461: (0,0) (1,0) (1,1) (1,2) (2,2) (2,3) (3,3) (5,3) (5,4)
  facet 462: (0,0) (0,1) (1,1) (2,1) (2,2) (2,3) (3,3) (5,3) (5,4)
  facet 463: (0,0) (1,0) (1,1) (2,1) (2,2) (2,3) (3,3) (5,3) (5,4)
  facet 464: (0,0) (1,0) (2,0) (2,1) (2,2) (2,3) (3,3) (5,3) (5,4)
  facet 465: (0,0) (0,1) (0,2) (1,2) (2,2) (3,2) (3,3) (5,3) (5,4)
  facet 466: (0,0) (0,1) (1,1) (1,2) (2,2) (3,2) (3,3) (5,3) (5,4)
  facet 467: (0,0) (1,0) (1,1) (1,2) (2,2) (3,2) (3,3) (5,3) (5,4)
  facet 468: (0,0) (0,1) (1,1) (2,1) (2,2) (3,2) (3,3) (5,3) (5,4)
  facet 469: (0,0) (1,0) (1,1) (2,1) (2,2) (3,2) (3,3) (5,3) (5,4)
  facet 470: (0,0) (1,0) (2,0) (2,1) (2,2) (3,2) (3,3) (5,3) (5,4)
  facet 471: (0,0) (0,1) (1,1) (2,1) (3,1) (3,2) (3,3) (5,3) (5,4)
  facet 472: (0,0) (1,0) (1,1) (2,1) (3,1) (3,2) (3,3) (5,3) (5,4)
  facet 473: (0,0) (1,0) (2,0) (2,1) (3,1) (3,2) (3,3) (5,3) (5,4)
  facet 474: (0,0) (1,0) (2,0) (3,0) (3,1) (3,2) (3,3) (5,3) (5,4)
  facet 475: (0,0) (0,1) (0,2) (1,2) (2,2) (3,2) (5,2) (5,3) (5,4)
  facet 476: (0,0) (0,1) (1,1) (1,2) (2,2) (3,2) (5,2) (5,3) (5,4)
  facet 477: (0,0) (1,0) (1,1) (1,2) (2,2) (3,2) (5,2) (5,3) (5,4)
  facet 478: (0,0) (0,1) (1,1) (2,1) (2,2) (3,2) (5,2) (5,3) (5,4)
  facet 479: (0,0) (1,0) (1,1) (2,1) (2,2) (3,2) (5,2) (5,3) (5,4)
  facet 480: (0,0) (1,0) (2,0) (2,1) (2,2) (3,2) (5,2) (5,3) (5,4)
  facet 481: (0,0) (0,1) (1,1) (2,1) (3,1) (3,2) (5,2) (5,3) (5,4)
  facet 482: (0,0) (1,0) (1,1) (2,1) (3,1) (3,2) (5,2) (5,3) (5,4)
  facet 483: (0,0) (1,0) (2,0) (2,1) (3,1) (3,2) (5,2) (5,3) (5,4)
  facet 484: (0,0) (1,0) (2,0) (3,0) (3,1) (3,2) (5,2) (5,3) (5,4)
  facet 485: (0,0) (0,1) (1,1) (2,1) (3,1) (5,1) (5,2) (5,3) (5,4)
  facet 486: (0,0) (1,0) (1,1) (2,1) (3,1) (5,1) (5,2) (5,3) (5,4)
  facet 487: (0,0) (1,0) (2,0) (2,1) (3,1) (5,1) (5,2) (5,3) (5,4)
  facet 488: (0,0) (1,0) (2,0) (3,0) (3,1) (5,1) (5,2) (5,3) (5,4)
  facet 489: (0,0) (1,0) (2,0) (3,0) (5,0) (5,1) (5,2) (5,3) (5,4)
  facet 490: (0,0) (0,1) (0,2) (0,3) (0,5) (1,5) (2,5) (3,5) (5,5)
  facet 491: (0,0) (0,1) (0,2) (0,3) (1,3) (1,5) (2,5) (3,5) (5,5)
  facet 492: (0,0) (0,1) (0,2) (1,2) (1,3) (1,5) (2,5) (3,5) (5,5)
  facet 493: (0,0) (0,1) (1,1) (1,2) (1,3) (1,5) (2,5) (3,5) (5,5)
  facet 494: (0,0) (1,0) (1,1) (1,2) (1,3) (1,5) (2,5) (3,5) (5,5)
  facet 495: (0,0) (0,1) (0,2) (0,3) (1,3) (2,3) (2,5) (3,5) (5,5)
  facet 496: (0,0) (0,1) (0,2) (1,2) (1,3) (2,3) (2,5) (3,5) (5,5)
  facet 497: (0,0) (0,1) (1,1) (1,2) (1,3) (2,3) (2,5) (3,5) (5,5)
  facet 498: (0,0) (1,0) (1,1) (1,2) (1,3) (2,3) (2,5) (3,5) (5,5)
  facet 499: (0,0) (0,1) (0,2) (1,2) (2,2) (2,3) (2,5) (3,5) (5,5)
  facet 500: (0,0) (0,1) (1,1) (1,2) (2,2) (2,3) (2,5) (3,5) (5,5)
  facet 501: (0,0) (1,0) (1,1) (1,2) (2,2) (2,3) (2,5) (3,5) (5,5)
  facet 502: (0,0) (0,1) (1,1) (2,1) (2,2) (2,3) (2,5) (3,5) (5,5)
  facet 503: (0,0) (1,0) (1,1) (2,1) (2,2) (2,3) (2,5) (3,5) (5,5)
  facet 504: (0,0) (1,0) (2,0) (2,1) (2,2) (2,3) (2,5) (3,5) (5,5)
  facet 505: (0,0) (0,1) (0,2) (0,3) (1,3) (2,3) (3,3) (3,5) (5,5)
  facet 506: (0,0) (0,1) (0,2) (1,2) (1,3) (2,3) (3,3) (3,5) (5,5)
  facet 507: (0,0) (0,1) (1,1) (1,2) (1,3) (2,3) (3,3) (3,5) (5,5)
  facet 508: (0,0) (1,0) (1,1) (1,2) (1,3) (2,3) (3,3) (3,5) (5,5)
  facet 509: (0,0) (0,1) (0,2) (1,2) (2,2) (2,3) (3,3) (3,5) (5,5)
  facet 510: (0,0) (0,1) (1,1) (1,2) (2,2) (2,3) (3,3) (3,5) (5,5)
  facet 511: (0,0) (1,0) (1,1) (1,2) (2,2) (2,3) (3,3) (3,5) (5,5)
  facet 512: (0,0) (0,1) (1,1) (2,1) (2,2) (2,3) (3,3) (3,5) (5,5)
  facet 513: (0,0) (1,0) (1,1) (2,1) (2,2) (2,3) (3,3) (3,5) (5,5)
  facet 514: (0,0) (1,0) (2,0) (2,1) (2,2) (2,3) (3,3) (3,5) (5,5)
  facet 515: (0,0) (0,1) (0,2) (1,2) (2,2) (3,2) (3,3) (3,5) (5,5)
  facet 516: (0,0) (0,1) (1,1) (1,2) (2,2) (3,2) (3,3) (3,5) (5,5)
  facet 517: (0,0) (1,0) (1,1) (1,2) (2,2) (3,2) (3,3) (3,5) (5,5)
  facet 518: (0,0) (0,1) (1,1) (2,1) (2,2) (3,2) (3,3) (3,5) (5,5)
  facet 519: (0,0) (1,0) (1,1) (2,1) (2,2) (3,2) (3,3) (3,5) (5,5)
  facet 520: (0,0) (1,0) (2,0) (2,1) (2,2) (3,2) (3,3) (3,5) (5,5)
  facet 521: (0,0) (0,1) (1,1) (2,1) (3,1) (3,2) (3,3) (3,5) (5,5)
  facet 522: (0,0) (1,0) (1,1) (2,1) (3,1) (3,2) (3,3) (3,5) (5,5)
  facet 523: (0,0) (1,0) (2,0) (2,1) (3,1) (3,2) (3,3) (3,5) (5,5)
  facet 524: (0,0) (1,0) (2,0) (3,0) (3,1) (3,2) (3,3) (3,5) (5,5)
  facet 525: (0,0) (0,1) (0,2) (0,3) (1,3) (2,3) (3,3) (5,3) (5,5)
  facet 526: (0,0) (0,1) (0,2) (1,2) (1,3) (2,3) (3,3) (5,3) (5,5)
  facet 527: (0,0) (0,1) (1,1) (1,2) (1,3) (2,3) (3,3) (5,3) (5,5)
  facet 528: (0,0) (1,0) (1,1) (1,2) (1,3) (2,3) (3,3) (5,3) (5,5)
  facet 529: (0,0) (0,1) (0,2) (1,2) (2,2) (2,3) (3,3) (5,3) (5,5)
  facet 530: (0,0) (0,1) (1,1) (1,2) (2,2) (2,3) (3,3) (5,3) (5,5)
  facet 531: (0,0) (1,0) (1,1) (1,2) (2,2) (2,3) (3,3) (5,3) (5,5)
  facet 532: (0,0) (0,1) (1,1) (2,1) (2,2) (2,3) (3,3) (5,3) (5,5)
  facet 533: (0,0) (1,0) (1,1) (2,1) (2,2) (2,3) (3,3) (5,3) (5,5)
  facet 534: (0,0) (1,0) (2,0) (2,1) (2,2) (2,3) (3,3) (5,3) (5,5)
  facet 535: (0,0) (0,1) (0,2) (1,2) (2,2) (3,2) (3,3) (5,3) (5,5)
  facet 536: (0,0) (0,1) (1,1) (1,2) (2,2) (3,2) (3,3) (5,3) (5,5)
  facet 537: (0,0) (1,0) (1,1) (1,2) (2,2) (3,2) (3,3) (5,3) (5,5)
  facet 538: (0,0) (0,1) (1,1) (2,1) (2,2) (3,2) (3,3) (5,3) (5,5)
  facet 539: (0,0) (1,0) (1,1) (2,1) (2,2) (3,2) (3,3) (5,3) (5,5)
  facet 540: (0,0) (1,0) (2,0) (2,1) (2,2) (3,2) (3,3) (5,3) (5,5)
  facet 541: (0,0) (0,1) (1,1) (2,1) (3,1) (3,2) (3,3) (5,3) (5,5)
  facet 542: (0,0) (1,0) (1,1) (2,1) (3,1) (3,2) (3,3) (5,3) (5,5)
  facet 543: (0,0) (1,0) (2,0) (2,1) (3,1) (3,2) (3,3) (5,3) (5,5)
  facet 544: (0,0) (1,0) (2,0) (3,0) (3,1) (3,2) (3,3) (5,3) (5,5)
  facet 545: (0,0) (0,1) (0,2) (1,2) (2,2) (3,2) (5,2) (5,3) (5,5)
  facet 546: (0,0) (0,1) (1,1) (1,2) (2,2) (3,2) (5,2) (5,3) (5,5)
  facet 547: (0,0) (1,0) (1,1) (1,2) (2,2) (3,2) (5,2) (5,3) (5,5)
  facet 548: (0,0) (0,1) (1,1) (2,1) (2,2) (3,2) (5,2) (5,3) (5,5)
  facet 549: (0,0) (1,0) (1,1) (2,1) (2,2) (3,2) (5,2) (5,3) (5,5)
  facet 550: (0,0) (1,0) (2,0) (2,1) (2,2) (3,2) (5,2) (5,3) (5,5)
  facet 551: (0,0) (0,1) (1,1) (2,1) (3,1) (3,2) (5,2) (5,3) (5,5)
  facet 552: (0,0) (1,0) (1,1) (2,1) (3,1) (3,2) (5,2) (5,3) (5,5)
  facet 553: (0,0) (1,0) (2,0) (2,1) (3,1) (3,2) (5,2) (5,3) (5,5)
  facet 554: (0,0) (1,0) (2,0) (3,0) (3,1) (3,2) (5,2) (5,3) (5,5)
  facet 555: (0,0) (0,1) (1,1) (2,1) (3,1) (5,1) (5,2) (5,3) (5,5)
  facet 556: (0,0) (1,0) (1,1) (2,1) (3,1) (5,1) (5,2) (5,3) (5,5)
  facet 557: (0,0) (1,0) (2,0) (2,1) (3,1) (5,1) (5,2) (5,3) (5,5)
  facet 558: (0,0) (1,0) (2,0) (3,0) (3,1) (5,1) (5,2) (5,3) (5,5)
  facet 559: (0,0) (1,0) (2,0) (3,0) (5,0) (5,1) (5,2) (5,3) (5,5)
  facet 560: (0,0) (0,1) (0,2) (0,4) (0,5) (1,5) (2,5) (3,5) (5,5)
  facet 561: (0,0) (0,1) (0,2) (0,4) (1,4) (1,5) (2,5) (3,5) (5,5)
  facet 562: (0,0) (0,1) (0,2) (1,2) (1,4) (1,5) (2,5) (3,5) (5,5)
  facet 563: (0,0) (0,1) (1,1) (1,2) (1,4) (1,5) (2,5) (3,5) (5,5)
  facet 564: (0,0) (1,0) (1,1) (1,2) (1,4) (1,5) (2,5) (3,5) (5,5)
  facet 565: (0,0) (0,1) (0,2) (0,4) (1,4) (2,4) (2,5) (3,5) (5,5)
  facet 566: (0,0) (0,1) (0,2) (1,2) (1,4) (2,4) (2,5) (3,5) (5,5)
  facet 567: (0,0) (0,1) (1,1) (1,2) (1,4) (2,4) (2,5) (3,5) (5,5)
  facet 568: (0,0) (1,0) (1,1) (1,2) (1,4) (2,4) (2,5) (3,5) (5,5)
  facet 569: (0,0) (0,1) (0,2) (1,2) (2,2) (2,4) (2,5) (3,5) (5,5)
  facet 570: (0,0) (0,1) (1,1) (1,2) (2,2) (2,4) (2,5) (3,5) (5,5)
  facet 571: (0,0) (1,0) (1,1) (1,2) (2,2) (2,4) (2,5) (3,5) (5,5)
  facet 572: (0,0) (0,1) (1,1) (2,1) (2,2) (2,4) (2,5) (3,5) (5,5)
  facet 573: (0,0) (1,0) (1,1) (2,1) (2,2) (2,4) (2,5) (3,5) (5,5)
  facet 574: (0,0) (1,0) (2,0) (2,1) (2,2) (2,4) (2,5) (3,5) (5,5)
  facet 575: (0,0) (0,1) (0,2) (0,4) (1,4) (2,4) (3,4) (3,5) (5,5)
  facet 576: (0,0) (0,1) (0,2) (1,2) (1,4) (2,4) (3,4) (3,5) (5,5)
  facet 577: (0,0) (0,1) (1,1) (1,2) (1,4) (2,4) (3,4) (3,5) (5,5)
  facet 578: (0,0) (1,0) (1,1) (1,2) (1,4) (2,4) (3,4) (3,5) (5,5)
  facet 579: (0,0) (0,1) (0,2) (1,2) (2,2) (2,4) (3,4) (3,5) (5,5)
  facet 580: (0,0) (0,1) (1,1) (1,2) (2,2) (2,4) (3,4) (3,5) (5,5)
  facet 581: (0,0) (1,0) (1,1) (1,2) (2,2) (2,4) (3,4) (3,5) (5,5)
  facet 582: (0,0) (0,1) (1,1) (2,1) (2,2) (2,4) (3,4) (3,5) (5,5)
  facet 583: (0,0) (1,0) (1,1) (2,1) (2,2) (2,4) (3,4) (3,5) (5,5)
  facet 584: (0,0) (1,0) (2,0) (2,1) (2,2) (2,4) (3,4) (3,5) (5,5)
  facet 585: (0,0) (0,1) (0,2) (1,2) (2,2) (3,2) (3,4) (3,5) (5,5)
  facet 586: (0,0) (0,1) (1,1) (1,2) (2,2) (3,2) (3,4) (3,5) (5,5)
  facet 587: (0,0) (1,0) (1,1) (1,2) (2,2) (3,2) (3,4) (3,5) (5,5)
  facet 588: (0,0) (0,1) (1,1) (2,1) (2,2) (3,2) (3,4) (3,5) (5,5)
  facet 589: (0,0) (1,0) (1,1) (2,1) (2,2) (3,2) (3,4) (3,5) (5,5)
  facet 590: (0,0) (1,0) (2,0) (2,1) (2,2) (3,2) (3,4) (3,5) (5,5)
  facet 591: (0,0) (0,1) (1,1) (2,1) (3,1) (3,2) (3,4) (3,5) (5,5)
  facet 592: (0,0) (1,0) (1,1) (2,1) (3,1) (3,2) (3,4) (3,5) (5,5)
  facet 593: (0,0) (1,0) (2,0) (2,1) (3,1) (3,2) (3,4) (3,5) (5,5)
  facet 594: (0,0) (1,0) (2,0) (3,0) (3,1) (3,2) (3,4) (3,5) (5,5)
  facet 595: (0,0) (0,1) (0,2) (0,4) (1,4) (2,4) (3,4) (5,4) (5,5)
  facet 596: (0,0) (0,1) (0,2) (1,2) (1,4) (2,4) (3,4) (5,4) (5,5)
  facet 597: (0,0) (0,1) (1,1) (1,2) (1,4) (2,4) (3,4) (5,4) (5,5)
  facet 598: (0,0) (1,0) (1,1) (1,2) (1,4) (2,4) (3,4) (5,4) (5,5)
  facet 599: (0,0) (0,1) (0,2) (1,2) (2,2) (2,4) (3,4) (5,4) (5,5)
  facet 600: (0,0) (0,1) (1,1) (1,2) (2,2) (2,4) (3,4) (5,4) (5,5)
  facet 601: (0,0) (1,0) (1,1) (1,2) (2,2) (2,4) (3,4) (5,4) (5,5)
  facet 602: (0,0) (0,1) (1,1) (2,1) (2,2) (2,4) (3,4) (5,4) (5,5)
  facet 603: (0,0) (1,0) (1,1) (2,1) (2,2) (2,4) (3,4) (5,4) (5,5)
  facet 604: (0,0) (1,0) (2,0) (2,1) (2,2) (2,4) (3,4) (5,4) (5,5)
  facet 605: (0,0) (0,1) (0,2) (1,2) (2,2) (3,2) (3,4) (5,4) (5,5)
  facet 606: (0,0) (0,1) (1,1) (1,2) (2,2) (3,2) (3,4) (5,4) (5,5)
  facet 607: (0,0) (1,0) (1,1) (1,2) (2,2) (3,2) (3,4) (5,4) (5,5)
  facet 608: (0,0) (0,1) (1,1) (2,1) (2,2) (3,2) (3,4) (5,4) (5,5)
  facet 609: (0,0) (1,0) (1,1) (2,1) (2,2) (3,2) (3,4) (5,4) (5,5)
  facet 610: (0,0) (1,0) (2,0) (2,1) (2,2) (3,2) (3,4) (5,4) (5,5)
  facet 611: (0,0) (0,1) (1,1) (2,1) (3,1) (3,2) (3,4) (5,4) (5,5)
  facet 612: (0,0) (1,0) (1,1) (2,1) (3,1) (3,2) (3,4) (5,4) (5,5)
  facet 613: (0,0) (1,0) (2,0) (2,1) (3,1) (3,2) (3,4) (5,4) (5,5)
  facet 614: (0,0) (1,0) (2,0) (3,0) (3,1) (3,2) (3,4) (5,4) (5,5)
  facet 615: (0,0) (0,1) (0,2) (1,2) (2,2) (3,2) (5,2) (5,4) (5,5)
  facet 616: (0,0) (0,1) (1,1) (1,2) (2,2) (3,2) (5,2) (5,4) (5,5)
  facet 617: (0,0) (1,0) (1,1) (1,2) (2,2) (3,2) (5,2) (5,4) (5,5)
  facet 618: (0,0) (0,1) (1,1) (2,1) (2,2) (3,2) (5,2) (5,4) (5,5)
  facet 619: (0,0) (1,0) (1,1) (2,1) (2,2) (3,2) (5,2) (5,4) (5,5)
  facet 620: (0,0) (1,0) (2,0) (2,1) (2,2) (3,2) (5,2) (5,4) (5,5)
  facet 621: (0,0) (0,1) (1,1) (2,1) (3,1) (3,2) (5,2) (5,4) (5,5)
  facet 622: (0,0) (1,0) (1,1) (2,1) (3,1) (3,2) (5,2) (5,4) (5,5)
  facet 623: (0,0) (1,0) (2,0) (2,1) (3,1) (3,2) (5,2) (5,4) (5,5)
  facet 624: (0,0) (1,0) (2,0) (3,0) (3,1) (3,2) (5,2) (5,4) (5,5)
  facet 625: (0,0) (0,1) (1,1) (2,1) (3,1) (5,1) (5,2) (5,4) (5,5)
  facet 626: (0,0) (1,0) (1,1) (2,1) (3,1) (5,1) (5,2) (5,4) (5,5)
  facet 627: (0,0) (1,0) (2,0) (2,1) (3,1) (5,1) (5,2) (5,4) (5,5)
  facet 628: (0,0) (1,0) (2,0) (3,0) (3,1) (5,1) (5,2) (5,4) (5,5)
  facet 629: (0,0) (1,0) (2,0) (3,0) (5,0) (5,1) (5,2) (5,4) (5,5)
  facet 630: (0,0) (0,1) (0,3) (0,4) (0,5) (1,5) (2,5) (3,5) (5,5)
  facet 631: (0,0) (0,1) (0,3) (0,4) (1,4) (1,5) (2,5) (3,5) (5,5)
  facet 632: (0,0) (0,1) (0,3) (1,3) (1,4) (1,5) (2,5) (3,5) (5,5)
  facet 633: (0,0) (0,1) (1,1) (1,3) (1,4) (1,5) (2,5) (3,5) (5,5)
  facet 634: (0,0) (1,0) (1,1) (1,3) (1,4) (1,5) (2,5) (3,5) (5,5)
  facet 635: (0,0) (0,1) (0,3) (0,4) (1,4) (2,4) (2,5) (3,5) (5,5)
  facet 636: (0,0) (0,1) (0,3) (1,3) (1,4) (2,4) (2,5) (3,5) (5,5)
  facet 637: (0,0) (0,1) (1,1) (1,3) (1,4) (2,4) (2,5) (3,5) (5,5)
  facet 638: (0,0) (1,0) (1,1) (1,3) (1,4) (2,4) (2,5) (3,5) (5,5)
  facet 639: (0,0) (0,1) (0,3) (1,3) (2,3) (2,4) (2,5) (3,5) (5,5)
  facet 640: (0,0) (0,1) (1,1) (1,3) (2,3) (2,4) (2,5) (3,5) (5,5)
  facet 641: (0,0) (1,0) (1,1) (1,3) (2,3) (2,4) (2,5) (3,5) (5,5)
  facet 642: (0,0) (0,1) (1,1) (2,1) (2,3) (2,4) (2,5) (3,5) (5,5)
  facet 643: (0,0) (1,0) (1,1) (2,1) (2,3) (2,4) (2,5) (3,5) (5,5)
  facet 644: (0,0) (1,0) (2,0) (2,1) (2,3) (2,4) (2,5) (3,5) (5,5)
  facet 645: (0,0) (0,1) (0,3) (0,4) (1,4) (2,4) (3,4) (3,5) (5,5)
  facet 646: (0,0) (0,1) (0,3) (1,3) (1,4) (2,4) (3,4) (3,5) (5,5)
  facet 647: (0,0) (0,1) (1,1) (1,3) (1,4) (2,4) (3,4) (3,5) (5,5)
  facet 648: (0,0) (1,0) (1,1) (1,3) (1,4) (2,4) (3,4) (3,5) (5,5)
  facet 649: (0,0) (0,1) (0,3) (1,3) (2,3) (2,4) (3,4) (3,5) (5,5)
  facet 650: (0,0) (0,1) (1,1) (1,3) (2,3) (2,4) (3,4) (3,5) (5,5)
  facet 651: (0,0) (1,0) (1,1) (1,3) (2,3) (2,4) (3,4) (3,5) (5,5)
  facet 652: (0,0) (0,1) (1,1) (2,1) (2,3) (2,4) (3,4) (3,5) (5,5)
  facet 653: (0,0) (1,0) (1,1) (2,1) (2,3) (2,4) (3,4) (3,5) (5,5)
  facet 654: (0,0) (1,0) (2,0) (2,1) (2,3) (2,4) (3,4) (3,5) (5,5)
  facet 655: (0,0) (0,1) (0,3) (1,3) (2,3) (3,3) (3,4) (3,5) (5,5)
  facet 656: (0,0) (0,1) (1,1) (1,3) (2,3) (3,3) (3,4) (3,5) (5,5)
  facet 657: (0,0) (1,0) (1,1) (1,3) (2,3) (3,3) (3,4) (3,5) (5,5)
  facet 658: (0,0) (0,1) (1,1) (2,1) (2,3) (3,3) (3,4) (3,5) (5,5)
  facet 659: (0,0) (1,0) (1,1) (2,1) (2,3) (3,3) (3,4) (3,5) (5,5)
  facet 660: (0,0) (1,0) (2,0) (2,1) (2,3) (3,3) (3,4) (3,5) (5,5)
  facet 661: (0,0) (0,1) (1,1) (2,1) (3,1) (3,3) (3,4) (3,5) (5,5)
  facet 662: (0,0) (1,0) (1,1) (2,1) (3,1) (3,3) (3,4) (3,5) (5,5)
  facet 663: (0,0) (1,0) (2,0) (2,1) (3,1) (3,3) (3,4) (3,5) (5,5)
  facet 664: (0,0) (1,0) (2,0) (3,0) (3,1) (3,3) (3,4) (3,5) (5,5)
  facet 665: (0,0) (0,1) (0,3) (0,4) (1,4) (2,4) (3,4) (5,4) (5,5)
  facet 666: (0,0) (0,1) (0,3) (1,3) (1,4) (2,4) (3,4) (5,4) (5,5)
  facet 667: (0,0) (0,1) (1,1) (1,3) (1,4) (2,4) (3,4) (5,4) (5,5)
  facet 668: (0,0) (1,0) (1,1) (1,3) (1,4) (2,4) (3,4) (5,4) (5,5)
  facet 669: (0,0) (0,1) (0,3) (1,3) (2,3) (2,4) (3,4) (5,4) (5,5)
  facet 670: (0,0) (0,1) (1,1) (1,3) (2,3) (2,4) (3,4) (5,4) (5,5)
  facet 671: (0,0) (1,0) (1,1) (1,3) (2,3) (2,4) (3,4) (5,4) (5,5)
  facet 672: (0,0) (0,1) (1,1) (2,1) (2,3) (2,4) (3,4) (5,4) (5,5)
  facet 673: (0,0) (1,0) (1,1) (2,1) (2,3) (2,4) (3,4) (5,4) (5,5)
  facet 674: (0,0) (1,0) (2,0) (2,1) (2,3) (2,4) (3,4) (5,4) (5,5)
  facet 675: (0,0) (0,1) (0,3) (1,3) (2,3) (3,3) (3,4) (5,4) (5,5)
  facet 676: (0,0) (0,1) (1,1) (1,3) (2,3) (3,3) (3,4) (5,4) (5,5)
  facet 677: (0,0) (1,0) (1,1) (1,3) (2,3) (3,3) (3,4) (5,4) (5,5)
  facet 678: (0,0) (0,1) (1,1) (2,1) (2,3) (3,3) (3,4) (5,4) (5,5)
  facet 679: (0,0) (1,0) (1,1) (2,1) (2,3) (3,3) (3,4) (5,4) (5,5)
  facet 680: (0,0) (1,0) (2,0) (2,1) (2,3) (3,3) (3,4) (5,4) (5,5)
  facet 681: (0,0) (0,1) (1,1) (2,1) (3,1) (3,3) (3,4) (5,4) (5,5)
  facet 682: (0,0) (1,0) (1,1) (2,1) (3,1) (3,3) (3,4) (5,4) (5,5)
  facet 683: (0,0) (1,0) (2,0) (2,1) (3,1) (3,3) (3,4) (5,4) (5,5)
  facet 684: (0,0) (1,0) (2,0) (3,0) (3,1) (3,3) (3,4) (5,4) (5,5)
  facet 685: (0,0) (0,1) (0,3) (1,3) (2,3) (3,3) (5,3) (5,4) (5,5)
  facet 686: (0,0) (0,1) (1,1) (1,3) (2,3) (3,3) (5,3) (5,4) (5,5)
  facet 687: (0,0) (1,0) (1,1) (1,3) (2,3) (3,3) (5,3) (5,4) (5,5)
  facet 688: (0,0) (0,1) (1,1) (2,1) (2,3) (3,3) (5,3) (5,4) (5,5)
  facet 689: (0,0) (1,0) (1,1) (2,1) (2,3) (3,3) (5,3) (5,4) (5,5)
  facet 690: (0,0) (1,0) (2,0) (2,1) (2,3) (3,3) (5,3) (5,4) (5,5)
  facet 691: (0,0) (0,1) (1,1) (2,1) (3,1) (3,3) (5,3) (5,4) (5,5)
  facet 692: (0,0) (1,0) (1,1) (2,1) (3,1) (3,3) (5,3) (5,4) (5,5)
  facet 693: (0,0) (1,0) (2,0) (2,1) (3,1) (3,3) (5,3) (5,4) (5,5)
  facet 694: (0,0) (1,0) (2,0) (3,0) (3,1) (3,3) (5,3) (5,4) (5,5)
  facet 695: (0,0) (0,1) (1,1) (2,1) (3,1) (5,1) (5,3) (5,4) (5,5)
  facet 696: (0,0) (1,0) (1,1) (2,1) (3,1) (5,1) (5,3) (5,4) (5,5)
  facet 697: (0,0) (1,0) (2,0) (2,1) (3,1) (5,1) (5,3) (5,4) (5,5)
  facet 698: (0,0) (1,0) (2,0) (3,0) (3,1) (5,1) (5,3) (5,4) (5,5)
  facet 699: (0,0) (1,0) (2,0) (3,0) (5,0) (5,1) (5,3) (5,4) (5,5)
  facet 700: (0,0) (0,2) (0,3) (0,4) (0,5) (1,5) (2,5) (3,5) (5,5)
  facet 701: (0,0) (0,2) (0,3) (0,4) (1,4) (1,5) (2,5) (3,5) (5,5)
  facet 702: (0,0) (0,2) (0,3) (1,3) (1,4) (1,5) (2,5) (3,5) (5,5)
  facet 703: (0,0) (0,2) (1,2) (1,3) (1,4) (1,5) (2,5) (3,5) (5,5)
  facet 704: (0,0) (1,0) (1,2) (1,3) (1,4) (1,5) (2,5) (3,5) (5,5)
  facet 705: (0,0) (0,2) (0,3) (0,4) (1,4) (2,4) (2,5) (3,5) (5,5)
  facet 706: (0,0) (0,2) (0,3) (1,3) (1,4) (2,4) (2,5) (3,5) (5,5)
  facet 707: (0,0) (0,2) (1,2) (1,3) (1,4) (2,4) (2,5) (3,5) (5,5)
  facet 708: (0,0) (1,0) (1,2) (1,3) (1,4) (2,4) (2,5) (3,5) (5,5)
  facet 709: (0,0) (0,2) (0,3) (1,3) (2,3) (2,4) (2,5) (3,5) (5,5)
  facet 710: (0,0) (0,2) (1,2) (1,3) (2,3) (2,4) (2,5) (3,5) (5,5)
  facet 711: (0,0) (1,0) (1,2) (1,3) (2,3) (2,4) (2,5) (3,5) (5,5)
  facet 712: (0,0) (0,2) (1,2) (2,2) (2,3) (2,4) (2,5) (3,5) (5,5)
  facet 713: (0,0) (1,0) (1,2) (2,2) (2,3) (2,4) (2,5) (3,5) (5,5)
  facet 714: (0,0) (1,0) (2,0) (2,2) (2,3) (2,4) (2,5) (3,5) (5,5)
  facet 715: (0,0) (0,2) (0,3) (0,4) (1,4) (2,4) (3,4) (3,5) (5,5)
  facet 716: (0,0) (0,2) (0,3) (1,3) (1,4) (2,4) (3,4) (3,5) (5,5)
  facet 717: (0,0) (0,2) (1,2) (1,3) (1,4) (2,4) (3,4) (3,5) (5,5)
  facet 718: (0,0) (1,0) (1,2) (1,3) (1,4) (2,4) (3,4) (3,5) (5,5)
  facet 719: (0,0) (0,2) (0,3) (1,3) (2,3) (2,4) (3,4) (3,5) (5,5)
  facet 720: (0,0) (0,2) (1,2) (1,3) (2,3) (2,4) (3,4) (3,5) (5,5)
  facet 721: (0,0) (1,0) (1,2) (1,3) (2,3) (2,4) (3,4) (3,5) (5,5)
  facet 722: (0,0) (0,2) (1,2) (2,2) (2,3) (2,4) (3,4) (3,5) (5,5)
  facet 723: (0,0) (1,0) (1,2) (2,2) (2,3) (2,4) (3,4) (3,5) (5,5)
  facet 724: (0,0) (1,0) (2,0) (2,2) (2,3) (2,4) (3,4) (3,5) (5,5)
  facet 725: (0,0) (0,2) (0,3) (1,3) (2,3) (3,3) (3,4) (3,5) (5,5)
  facet 726: (0,0) (0,2) (1,2) (1,3) (2,3) (3,3) (3,4) (3,5) (5,5)
  facet 727: (0,0) (1,0) (1,2) (1,3) (2,3) (3,3) (3,4) (3,5) (5,5)
  facet 728: (0,0) (0,2) (1,2) (2,2) (2,3) (3,3) (3,4) (3,5) (5,5)
  facet 729: (0,0) (1,0) (1,2) (2,2) (2,3) (3,3) (3,4) (3,5) (5,5)
  facet 730: (0,0) (1,0) (2,0) (2,2) (2,3) (3,3) (3,4) (3,5) (5,5)
  facet 731: (0,0) (0,2) (1,2) (2,2) (3,2) (3,3) (3,4) (3,5) (5,5)
  facet 732: (0,0) (1,0) (1,2) (2,2) (3,2) (3,3) (3,4) (3,5) (5,5)
  facet 733: (0,0) (1,0) (2,0) (2,2) (3,2) (3,3) (3,4) (3,5) (5,5)
  facet 734: (0,0) (1,0) (2,0) (3,0) (3,2) (3,3) (3,4) (3,5) (5,5)
  facet 735: (0,0) (0,2) (0,3) (0,4) (1,4) (2,4) (3,4) (5,4) (5,5)
  facet 736: (0,0) (0,2) (0,3) (1,3) (1,4) (2,4) (3,4) (5,4) (5,5)
  facet 737: (0,0) (0,2) (1,2) (1,3) (1,4) (2,4) (3,4) (5,4) (5,5)
  facet 738: (0,0) (1,0) (1,2) (1,3) (1,4) (2,4) (3,4) (5,4) (5,5)
  facet 739: (0,0) (0,2) (0,3) (1,3) (2,3) (2,4) (3,4) (5,4) (5,5)
  facet 740: (0,0) (0,2) (1,2) (1,3) (2,3) (2,4) (3,4) (5,4) (5,5)
  facet 741: (0,0) (1,0) (1,2) (1,3) (2,3) (2,4) (3,4) (5,4) (5,5)
  facet 742: (0,0) (0,2) (1,2) (2,2) (2,3) (2,4) (3,4) (5,4) (5,5)
  facet 743: (0,0) (1,0) (1,2) (2,2) (2,3) (2,4) (3,4) (5,4) (5,5)
  facet 744: (0,0) (1,0) (2,0) (2,2) (2,3) (2,4) (3,4) (5,4) (5,5)
  facet 745: (0,0) (0,2) (0,3) (1,3) (2,3) (3,3) (3,4) (5,4) (5,5)
  facet 746: (0,0) (0,2) (1,2) (1,3) (2,3) (3,3) (3,4) (5,4) (5,5)
  facet 747: (0,0) (1,0) (1,2) (1,3) (2,3) (3,3) (3,4) (5,4) (5,5)
  facet 748: (0,0) (0,2) (1,2) (2,2) (2,3) (3,3) (3,4) (5,4) (5,5)
  facet 749: (0,0) (1,0) (1,2) (2,2) (2,3) (3,3) (3,4) (5,4) (5,5)
  facet 750: (0,0) (1,0) (2,0) (2,2) (2,3) (3,3) (3,4) (5,4) (5,5)
  facet 751: (0,0) (0,2) (1,2) (2,2) (3,2) (3,3) (3,4) (5,4) (5,5)
  facet 752: (0,0) (1,0) (1,2) (2,2) (3,2) (3,3) (3,4) (5,4) (5,5)
  facet 753: (0,0) (1,0) (2,0) (2,2) (3,2) (3,3) (3,4) (5,4) (5,5)
  facet 754: (0,0) (1,0) (2,0) (3,0) (3,2) (3,3) (3,4) (5,4) (5,5)
  facet 755: (0,0) (0,2) (0,3) (1,3) (2,3) (3,3) (5,3) (5,4) (5,5)
  facet 756: (0,0) (0,2) (1,2) (1,3) (2,3) (3,3) (5,3) (5,4) (5,5)
  facet 757: (0,0) (1,0) (1,2) (1,3) (2,3) (3,3) (5,3) (5,4) (5,5)
  facet 758: (0,0) (0,2) (1,2) (2,2) (2,3) (3,3) (5,3) (5,4) (5,5)
  facet 759: (0,0) (1,0) (1,2) (2,2) (2,3) (3,3) (5,3) (5,4) (5,5)
  facet 760: (0,0) (1,0) (2,0) (2,2) (2,3) (3,3) (5,3) (5,4) (5,5)
  facet 761: (0,0) (0,2) (1,2) (2,2) (3,2) (3,3) (5,3) (5,4) (5,5)
  facet 762: (0,0) (1,0) (1,2) (2,2) (3,2) (3,3) (5,3) (5,4) (5,5)
  facet 763: (0,0) (1,0) (2,0) (2,2) (3,2) (3,3) (5,3) (5,4) (5,5)
  facet 764: (0,0) (1,0) (2,0) (3,0) (3,2) (3,3) (5,3) (5,4) (5,5)
  facet 765: (0,0) (0,2) (1,2) (2,2) (3,2) (5,2) (5,3) (5,4) (5,5)
  facet 766: (0,0) (1,0) (1,2) (2,2) (3,2) (5,2) (5,3) (5,4) (5,5)
  facet 767: (0,0) (1,0) (2,0) (2,2) (3,2) (5,2) (5,3) (5,4) (5,5)
  facet 768: (0,0) (1,0) (2,0) (3,0) (3,2) (5,2) (5,3) (5,4) (5,5)
  facet 769: (0,0) (1,0) (2,0) (3,0) (5,0) (5,2) (5,3) (5,4) (5,5)
  facet 840: (0,0) (0,1) (0,2) (0,3) (0,4) (1,4) (2,4) (4,4) (5,4)
  facet 841: (0,0) (0,1) (0,2) (0,3) (1,3) (1,4) (2,4) (4,4) (5,4)
  facet 842: (0,0) (0,1) (0,2) (1,2) (1,3) (1,4) (2,4) (4,4) (5,4)
  facet 843: (0,0) (0,1) (1,1) (1,2) (1,3) (1,4) (2,4) (4,4) (5,4)
  facet 844: (0,0) (1,0) (1,1) (1,2) (1,3) (1,4) (2,4) (4,4) (5,4)
  facet 845: (0,0) (0,1) (0,2) (0,3) (1,3) (2,3) (2,4) (4,4) (5,4)
  facet 846: (0,0) (0,1) (0,2) (1,2) (1,3) (2,3) (2,4) (4,4) (5,4)
  facet 847: (0,0) (0,1) (1,1) (1,2) (1,3) (2,3) (2,4) (4,4) (5,4)
  facet 848: (0,0) (1,0) (1,1) (1,2) (1,3) (2,3) (2,4) (4,4) (5,4)
  facet 849: (0,0) (0,1) (0,2) (1,2) (2,2) (2,3) (2,4) (4,4) (5,4)
  facet 850: (0,0) (0,1) (1,1) (1,2) (2,2) (2,3) (2,4) (4,4) (5,4)
  facet 851: (0,0) (1,0) (1,1) (1,2) (2,2) (2,3) (2,4) (4,4) (5,4)
  facet 852: (0,0) (0,1) (1,1) (2,1) (2,2) (2,3) (2,4) (4,4) (5,4)
  facet 853: (0,0) (1,0) (1,1) (2,1) (2,2) (2,3) (2,4) (4,4) (5,4)
  facet 854: (0,0) (1,0) (2,0) (2,1) (2,2) (2,3) (2,4) (4,4) (5,4)
  facet 855: (0,0) (0,1) (0,2) (0,3) (1,3) (2,3) (4,3) (4,4) (5,4)
  facet 856: (0,0) (0,1) (0,2) (1,2) (1,3) (2,3) (4,3) (4,4) (5,4)
  facet 857: (0,0) (0,1) (1,1) (1,2) (1,3) (2,3) (4,3) (4,4) (5,4)
  facet 858: (0,0) (1,0) (1,1) (1,2) (1,3) (2,3) (4,3) (4,4) (5,4)
  facet 859: (0,0) (0,1) (0,2) (1,2) (2,2) (2,3) (4,3) (4,4) (5,4)
  facet 860: (0,0) (0,1) (1,1) (1,2) (2,2) (2,3) (4,3) (4,4) (5,4)
  facet 861: (0,0) (1,0) (1,1) (1,2) (2,2) (2,3) (4,3) (4,4) (5,4)
  facet 862: (0,0) (0,1) (1,1) (2,1) (2,2) (2,3) (4,3) (4,4) (5,4)
  facet 863: (0,0) (1,0) (1,1) (2,1) (2,2) (2,3) (4,3) (4,4) (5,4)
  facet 864: (0,0) (1,0) (2,0) (2,1) (2,2) (2,3) (4,3) (4,4) (5,4)
  facet 865: (0,0) (0,1) (0,2) (1,2) (2,2) (4,2) (4,3) (4,4) (5,4)
  facet 866: (0,0) (0,1) (1,1) (1,2) (2,2) (4,2) (4,3) (4,4) (5,4)
  facet 867: (0,0) (1,0) (1,1) (1,2) (2,2) (4,2) (4,3) (4,4) (5,4)
  facet 868: (0,0) (0,1) (1,1) (2,1) (2,2) (4,2) (4,3) (4,4) (5,4)
  facet 869: (0,0) (1,0) (1,1) (2,1) (2,2) (4,2) (4,3) (4,4) (5,4)
  facet 870: (0,0) (1,0) (2,0) (2,1) (2,2) (4,2) (4,3) (4,4) (5,4)
  facet 871: (0,0) (0,1) (1,1) (2,1) (4,1) (4,2) (4,3) (4,4) (5,4)
  facet 872: (0,0) (1,0) (1,1) (2,1) (4,1) (4,2) (4,3) (4,4) (5,4)
  facet 873: (0,0) (1,0) (2,0) (2,1) (4,1) (4,2) (4,3) (4,4) (5,4)
  facet 874: (0,0) (1,0) (2,0) (4,0) (4,1) (4,2) (4,3) (4,4) (5,4)
  facet 875: (0,0) (0,1) (0,2) (0,3) (1,3) (2,3) (4,3) (5,3) (5,4)
  facet 876: (0,0) (0,1) (0,2) (1,2) (1,3) (2,3) (4,3) (5,3) (5,4)
  facet 877: (0,0) (0,1) (1,1) (1,2) (1,3) (2,3) (4,3) (5,3) (5,4)
  facet 878: (0,0) (1,0) (1,1) (1,2) (1,3) (2,3) (4,3) (5,3) (5,4)
  facet 879: (0,0) (0,1) (0,2) (1,2) (2,2) (2,3) (4,3) (5,3) (5,4)
  facet 880: (0,0) (0,1) (1,1) (1,2) (2,2) (2,3) (4,3) (5,3) (5,4)
  facet 881: (0,0) (1,0) (1,1) (1,2) (2,2) (2,3) (4,3) (5,3) (5,4)
  facet 882: (0,0) (0,1) (1,1) (2,1) (2,2) (2,3) (4,3) (5,3) (5,4)
  facet 883: (0,0) (1,0) (1,1) (2,1) (2,2) (2,3) (4,3) (5,3) (5,4)
  facet 884: (0,0) (1,0) (2,0) (2,1) (2,2) (2,3) (4,3) (5,3) (5,4)
  facet 885: (0,0) (0,1) (0,2) (1,2) (2,2) (4,2) (4,3) (5,3) (5,4)
  facet 886: (0,0) (0,1) (1,1) (1,2) (2,2) (4,2) (4,3) (5,3) (5,4)
  facet 887: (0,0) (1,0) (1,1) (1,2) (2,2) (4,2) (4,3) (5,3) (5,4)
  facet 888: (0,0) (0,1) (1,1) (2,1) (2,2) (4,2) (4,3) (5,3) (5,4)
  facet 889: (0,0) (1,0) (1,1) (2,1) (2,2) (4,2) (4,3) (5,3) (5,4)
  facet 890: (0,0) (1,0) (2,0) (2,1) (2,2) (4,2) (4,3) (5,3) (5,4)
  facet 891: (0,0) (0,1) (1,1) (2,1) (4,1) (4,2) (4,3) (5,3) (5,4)
  facet 892: (0,0) (1,0) (1,1) (2,1) (4,1) (4,2) (4,3) (5,3) (5,4)
  facet 893: (0,0) (1,0) (2,0) (2,1) (4,1) (4,2) (4,3) (5,3) (5,4)
  facet 894: (0,0) (1,0) (2,0) (4,0) (4,1) (4,2) (4,3) (5,3) (5,4)
  facet 895: (0,0) (0,1) (0,2) (1,2) (2,2) (4,2) (5,2) (5,3) (5,4)
  facet 896: (0,0) (0,1) (1,1) (1,2) (2,2) (4,2) (5,2) (5,3) (5,4)
  facet 897: (0,0) (1,0) (1,1) (1,2) (2,2) (4,2) (5,2) (5,3) (5,4)
  facet 898: (0,0) (0,1) (1,1) (2,1) (2,2) (4,2) (5,2) (5,3) (5,4)
  facet 899: (0,0) (1,0) (1,1) (2,1) (2,2) (4,2) (5,2) (5,3) (5,4)
  facet 900: (0,0) (1,0) (2,0) (2,1) (2,2) (4,2) (5,2) (5,3) (5,4)
  facet 901: (0,0) (0,1) (1,1) (2,1) (4,1) (4,2) (5,2) (5,3) (5,4)
  facet 902: (0,0) (1,0) (1,1) (2,1) (4,1) (4,2) (5,2) (5,3) (5,4)
  facet 903: (0,0) (1,0) (2,0) (2,1) (4,1) (4,2) (5,2) (5,3) (5,4)
  facet 904: (0,0) (1,0) (2,0) (4,0) (4,1) (4,2) (5,2) (5,3) (5,4)
  facet 905: (0,0) (0,1) (1,1) (2,1) (4,1) (5,1) (5,2) (5,3) (5,4)
  facet 906: (0,0) (1,0) (1,1) (2,1) (4,1) (5,1) (5,2) (5,3) (5,4)
  facet 907: (0,0) (1,0) (2,0) (2,1) (4,1) (5,1) (5,2) (5,3) (5,4)
  facet 908: (0,0) (1,0) (2,0) (4,0) (4,1) (5,1) (5,2) (5,3) (5,4)
  facet 909: (0,0) (1,0) (2,0) (4,0) (5,0) (5,1) (5,2) (5,3) (5,4)
  facet 910: (0,0) (0,1) (0,2) (0,3) (0,5) (1,5) (2,5) (4,5) (5,5)
  facet 911: (0,0) (0,1) (0,2) (0,3) (1,3) (1,5) (2,5) (4,5) (5,5)
  facet 912: (0,0) (0,1) (0,2) (1,2) (1,3) (1,5) (2,5) (4,5) (5,5)
  facet 913: (0,0) (0,1) (1,1) (1,2) (1,3) (1,5) (2,5) (4,5) (5,5)
  facet 914: (0,0) (1,0) (1,1) (1,2) (1,3) (1,5) (2,5) (4,5) (5,5)
  facet 915: (0,0) (0,1) (0,2) (0,3) (1,3) (2,3) (2,5) (4,5) (5,5)
  facet 916: (0,0) (0,1) (0,2) (1,2) (1,3) (2,3) (2,5) (4,5) (5,5)
  facet 917: (0,0) (0,1) (1,1) (1,2) (1,3) (2,3) (2,5) (4,5) (5,5)
  facet 918: (0,0) (1,0) (1,1) (1,2) (1,3) (2,3) (2,5) (4,5) (5,5)
  facet 919: (0,0) (0,1) (0,2) (1,2) (2,2) (2,3) (2,5) (4,5) (5,5)
  facet 920: (0,0) (0,1) (1,1) (1,2) (2,2) (2,3) (2,5) (4,5) (5,5)
  facet 921: (0,0) (1,0) (1,1) (1,2) (2,2) (2,3) (2,5) (4,5) (5,5)
  facet 922: (0,0) (0,1) (1,1) (2,1) (2,2) (2,3) (2,5) (4,5) (5,5)
  facet 923: (0,0) (1,0) (1,1) (2,1) (2,2) (2,3) (2,5) (4,5) (5,5)
  facet 924: (0,0) (1,0) (2,0) (2,1) (2,2) (2,3) (2,5) (4,5) (5,5)
  facet 925: (0,0) (0,1) (0,2) (0,3) (1,3) (2,3) (4,3) (4,5) (5,5)
  facet 926: (0,0) (0,1) (0,2) (1,2) (1,3) (2,3) (4,3) (4,5) (5,5)
  facet 927: (0,0) (0,1) (1,1) (1,2) (1,3) (2,3) (4,3) (4,5) (5,5)
  facet 928: (0,0) (1,0) (1,1) (1,2) (1,3) (2,3) (4,3) (4,5) (5,5)
  facet 929: (0,0) (0,1) (0,2) (1,2) (2,2) (2,3) (4,3) (4,5) (5,5)
  facet 930: (0,0) (0,1) (1,1) (1,2) (2,2) (2,3) (4,3) (4,5) (5,5)
  facet 931: (0,0) (1,0) (1,1) (1,2) (2,2) (2,3) (4,3) (4,5) (5,5)
  facet 932: (0,0) (0,1) (1,1) (2,1) (2,2) (2,3) (4,3) (4,5) (5,5)
  facet 933: (0,0) (1,0) (1,1) (2,1) (2,2) (2,3) (4,3) (4,5) (5,5)
  facet 934: (0,0) (1,0) (2,0) (2,1) (2,2) (2,3) (4,3) (4,5) (5,5)
  facet 935: (0,0) (0,1) (0,2) (1,2) (2,2) (4,2) (4,3) (4,5) (5,5)
  facet 936: (0,0) (0,1) (1,1) (1,2) (2,2) (4,2) (4,3) (4,5) (5,5)
  facet 937: (0,0) (1,0) (1,1) (1,2) (2,2) (4,2) (4,3) (4,5) (5,5)
  facet 938: (0,0) (0,1) (1,1) (2,1) (2,2) (4,2) (4,3) (4,5) (5,5)
  facet 939: (0,0) (1,0) (1,1) (2,1) (2,2) (4,2) (4,3) (4,5) (5,5)
  facet 940: (0,0) (1,0) (2,0) (2,1) (2,2) (4,2) (4,3) (4,5) (5,5)
  facet 941: (0,0) (0,1) (1,1) (2,1) (4,1) (4,2) (4,3) (4,5) (5,5)
  facet 942: (0,0) (1,0) (1,1) (2,1) (4,1) (4,2) (4,3) (4,5) (5,5)
  facet 943: (0,0) (1,0) (2,0) (2,1) (4,1) (4,2) (4,3) (4,5) (5,5)
  facet 944: (0,0) (1,0) (2,0) (4,0) (4,1) (4,2) (4,3) (4,5) (5,5)
  facet 945: (0,0) (0,1) (0,2) (0,3) (1,3) (2,3) (4,3) (5,3) (5,5)
  facet 946: (0,0) (0,1) (0,2) (1,2) (1,3) (2,3) (4,3) (5,3) (5,5)
  facet 947: (0,0) (0,1) (1,1) (1,2) (1,3) (2,3) (4,3) (5,3) (5,5)
  facet 948: (0,0) (1,0) (1,1) (1,2) (1,3) (2,3) (4,3) (5,3) (5,5)
  facet 949: (0,0) (0,1) (0,2) (1,2) (2,2) (2,3) (4,3) (5,3) (5,5)
  facet 950: (0,0) (0,1) (1,1) (1,2) (2,2) (2,3) (4,3) (5,3) (5,5)
  facet 951: (0,0) (1,0) (1,1) (1,2) (2,2) (2,3) (4,3) (5,3) (5,5)
  facet 952: (0,0) (0,1) (1,1) (2,1) (2,2) (2,3) (4,3) (5,3) (5,5)
  facet 953: (0,0) (1,0) (1,1) (2,1) (2,2) (2,3) (4,3) (5,3) (5,5)
  facet 954: (0,0) (1,0) (2,0) (2,1) (2,2) (2,3) (4,3) (5,3) (5,5)
  facet 955: (0,0) (0,1) (0,2) (1,2) (2,2) (4,2) (4,3) (5,3) (5,5)
  facet 956: (0,0) (0,1) (1,1) (1,2) (2,2) (4,2) (4,3) (5,3) (5,5)
  facet 957: (0,0) (1,0) (1,1) (1,2) (2,2) (4,2) (4,3) (5,3) (5,5)
  facet 958: (0,0) (0,1) (1,1) (2,1) (2,2) (4,2) (4,3) (5,3) (5,5)
  facet 959: (0,0) (1,0) (1,1) (2,1) (2,2) (4,2) (4,3) (5,3) (5,5)
  facet 960: (0,0) (1,0) (2,0) (2,1) (2,2) (4,2) (4,3) (5,3) (5,5)
  facet 961: (0,0) (0,1) (1,1) (2,1) (4,1) (4,2) (4,3) (5,3) (5,5)
  facet 962: (0,0) (1,0) (1,1) (2,1) (4,1) (4,2) (4,3) (5,3) (5,5)
  facet 963: (0,0) (1,0) (2,0) (2,1) (4,1) (4,2) (4,3) (5,3) (5,5)
  facet 964: (0,0) (1,0) (2,0) (4,0) (4,1) (4,2) (4,3) (5,3) (5,5)
  facet 965: (0,0) (0,1) (0,2) (1,2) (2,2) (4,2) (5,2) (5,3) (5,5)
  facet 966: (0,0) (0,1) (1,1) (1,2) (2,2) (4,2) (5,2) (5,3) (5,5)
  facet 967: (0,0) (1,0) (1,1) (1,2) (2,2) (4,2) (5,2) (5,3) (5,5)
  facet 968: (0,0) (0,1) (1,1) (2,1) (2,2) (4,2) (5,2) (5,3) (5,5)
  facet 969: (0,0) (1,0) (1,1) (2,1) (2,2) (4,2) (5,2) (5,3) (5,5)
  facet 970: (0,0) (1,0) (2,0) (2,1) (2,2) (4,2) (5,2) (5,3) (5,5)
  facet 971: (0,0) (0,1) (1,1) (2,1) (4,1) (4,2) (5,2) (5,3) (5,5)
  facet 972: (0,0) (1,0) (1,1) (2,1) (4,1) (4,2) (5,2) (5,3) (5,5)
  facet 973: (0,0) (1,0) (2,0) (2,1) (4,1) (4,2) (5,2) (5,3) (5,5)
  facet 974: (0,0) (1,0) (2,0) (4,0) (4,1) (4,2) (5,2) (5,3) (5,5)
  facet 975: (0,0) (0,1) (1,1) (2,1) (4,1) (5,1) (5,2) (5,3) (5,5)
  facet 976: (0,0) (1,0) (1,1) (2,1) (4,1) (5,1) (5,2) (5,3) (5,5)
  facet 977: (0,0) (1,0) (2,0) (2,1) (4,1) (5,1) (5,2) (5,3) (5,5)
  facet 978: (0,0) (1,0) (2,0) (4,0) (4,1) (5,1) (5,2) (5,3) (5,5)
  facet 979: (0,0) (1,0) (2,0) (4,0) (5,0) (5,1) (5,2) (5,3) (5,5)
  facet 980: (0,0) (0,1) (0,2) (0,4) (0,5) (1,5) (2,5) (4,5) (5,5)
  facet 981: (0,0) (0,1) (0,2) (0,4) (1,4) (1,5) (2,5) (4,5) (5,5)
  facet 982: (0,0) (0,1) (0,2) (1,2) (1,4) (1,5) (2,5) (4,5) (5,5)
  facet 983: (0,0) (0,1) (1,1) (1,2) (1,4) (1,5) (2,5) (4,5) (5,5)
  facet 984: (0,0) (1,0) (1,1) (1,2) (1,4) (1,5) (2,5) (4,5) (5,5)
  facet 985: (0,0) (0,1) (0,2) (0,4) (1,4) (2,4) (2,5) (4,5) (5,5)
  facet 986: (0,0) (0,1) (0,2) (1,2) (1,4) (2,4) (2,5) (4,5) (5,5)
  facet 987: (0,0) (0,1) (1,1) (1,2) (1,4) (2,4) (2,5) (4,5) (5,5)
  facet 988: (0,0) (1,0) (1,1) (1,2) (1,4) (2,4) (2,5) (4,5) (5,5)
  facet 989: (0,0) (0,1) (0,2) (1,2) (2,2) (2,4) (2,5) (4,5) (5,5)
  facet 990: (0,0) (0,1) (1,1) (1,2) (2,2) (2,4) (2,5) (4,5) (5,5)
  facet 991: (0,0) (1,0) (1,1) (1,2) (2,2) (2,4) (2,5) (4,5) (5,5)
  facet 992: (0,0) (0,1) (1,1) (2,1) (2,2) (2,4) (2,5) (4,5) (5,5)
  facet 993: (0,0) (1,0) (1,1) (2,1) (2,2) (2,4) (2,5) (4,5) (5,5)
  facet 994: (0,0) (1,0) (2,0) (2,1) (2,2) (2,4) (2,5) (4,5) (5,5)
  facet 995: (0,0) (0,1) (0,2) (0,4) (1,4) (2,4) (4,4) (4,5) (5,5)
  facet 996: (0,0) (0,1) (0,2) (1,2) (1,4) (2,4) (4,4) (4,5) (5,5)
  facet 997: (0,0) (0,1) (1,1) (1,2) (1,4) (2,4) (4,4) (4,5) (5,5)
  facet 998: (0,0) (1,0) (1,1) (1,2) (1,4) (2,4) (4,4) (4,5) (5,5)
  facet 999: (0,0) (0,1) (0,2) (1,2) (2,2) (2,4) (4,4) (4,5) (5,5)
  facet 1000: (0,0) (0,1) (1,1) (1,2) (2,2) (2,4) (4,4) (4,5) (5,5)
  facet 1001: (0,0) (1,0) (1,1) (1,2) (2,2) (2,4) (4,4) (4,5) (5,5)
  facet 1002: (0,0) (0,1) (1,1) (2,1) (2,2) (2,4) (4,4) (4,5) (5,5)
  facet 1003: (0,0) (1,0) (1,1) (2,1) (2,2) (2,4) (4,4) (4,5) (5,5)
  facet 1004: (0,0) (1,0) (2,0) (2,1) (2,2) (2,4) (4,4) (4,5) (5,5)
  facet 1005: (0,0) (0,1) (0,2) (1,2) (2,2) (4,2) (4,4) (4,5) (5,5)
  facet 1006: (0,0) (0,1) (1,1) (1,2) (2,2) (4,2) (4,4) (4,5) (5,5)
  facet 1007: (0,0) (1,0) (1,1) (1,2) (2,2) (4,2) (4,4) (4,5) (5,5)
  facet 1008: (0,0) (0,1) (1,1) (2,1) (2,2) (4,2) (4,4) (4,5) (5,5)
  facet 1009: (0,0) (1,0) (1,1) (2,1) (2,2) (4,2) (4,4) (4,5) (5,5)
  facet 1010: (0,0) (1,0) (2,0) (2,1) (2,2) (4,2) (4,4) (4,5) (5,5)
  facet 1011: (0,0) (0,1) (1,1) (2,1) (4,1) (4,2) (4,4) (4,5) (5,5)
  facet 1012: (0,0) (1,0) (1,1) (2,1) (4,1) (4,2) (4,4) (4,5) (5,5)
  facet 1013: (0,0) (1,0) (2,0) (2,1) (4,1) (4,2) (4,4) (4,5) (5,5)
  facet 1014: (0,0) (1,0) (2,0) (4,0) (4,1) (4,2) (4,4) (4,5) (5,5)
  facet 1015: (0,0) (0,1) (0,2) (0,4) (1,4) (2,4) (4,4) (5,4) (5,5)
  facet 1016: (0,0) (0,1) (0,2) (1,2) (1,4) (2,4) (4,4) (5,4) (5,5)
  facet 1017: (0,0) (0,1) (1,1) (1,2) (1,4) (2,4) (4,4) (5,4) (5,5)
  facet 1018: (0,0) (1,0) (1,1) (1,2) (1,4) (2,4) (4,4) (5,4) (5,5)
  facet 1019: (0,0) (0,1) (0,2) (1,2) (2,2) (2,4) (4,4) (5,4) (5,5)
  facet 1020: (0,0) (0,1) (1,1) (1,2) (2,2) (2,4) (4,4) (5,4) (5,5)
  facet 1021: (0,0) (1,0) (1,1) (1,2) (2,2) (2,4) (4,4) (5,4) (5,5)
  facet 1022: (0,0) (0,1) (1,1) (2,1) (2,2) (2,4) (4,4) (5,4) (5,5)
  facet 1023: (0,0) (1,0) (1,1) (2,1) (2,2) (2,4) (4,4) (5,4) (5,5)
  facet 1024: (0,0) (1,0) (2,0) (2,1) (2,2) (2,4) (4,4) (5,4) (5,5)
  facet 1025: (0,0) (0,1) (0,2) (1,2) (2,2) (4,2) (4,4) (5,4) (5,5)
  facet 1026: (0,0) (0,1) (1,1) (1,2) (2,2) (4,2) (4,4) (5,4) (5,5)
  facet 1027: (0,0) (1,0) (1,1) (1,2) (2,2) (4,2) (4,4) (5,4) (5,5)
  facet 1028: (0,0) (0,1) (1,1) (2,1) (2,2) (4,2) (4,4) (5,4) (5,5)
  facet 1029: (0,0) (1,0) (1,1) (2,1) (2,2) (4,2) (4,4) (5,4) (5,5)
  facet 1030: (0,0) (1,0) (2,0) (2,1) (2,2) (4,2) (4,4) (5,4) (5,5)
  facet 1031: (0,0) (0,1) (1,1) (2,1) (4,1) (4,2) (4,4) (5,4) (5,5)
  facet 1032: (0,0) (1,0) (1,1) (2,1) (4,1) (4,2) (4,4) (5,4) (5,5)
  facet 1033: (0,0) (1,0) (2,0) (2,1) (4,1) (4,2) (4,4) (5,4) (5,5)
  facet 1034: (0,0) (1,0) (2,0) (4,0) (4,1) (4,2) (4,4) (5,4) (5,5)
  facet 1035: (0,0) (0,1) (0,2) (1,2) (2,2) (4,2) (5,2) (5,4) (5,5)
  facet 1036: (0,0) (0,1) (1,1) (1,2) (2,2) (4,2) (5,2) (5,4) (5,5)
  facet 1037: (0,0) (1,0) (1,1) (1,2) (2,2) (4,2) (5,2) (5,4) (5,5)
  facet 1038: (0,0) (0,1) (1,1) (2,1) (2,2) (4,2) (5,2) (5,4) (5,5)
  facet 1039: (0,0) (1,0) (1,1) (2,1) (2,2) (4,2) (5,2) (5,4) (5,5)
  facet 1040: (0,0) (1,0) (2,0) (2,1) (2,2) (4,2) (5,2) (5,4) (5,5)
  facet 1041: (0,0) (0,1) (1,1) (2,1) (4,1) (4,2) (5,2) (5,4) (5,5)
  facet 1042: (0,0) (1,0) (1,1) (2,1) (4,1) (4,2) (5,2) (5,4) (5,5)
  facet 1043: (0,0) (1,0) (2,0) (2,1) (4,1) (4,2) (5,2) (5,4) (5,5)
  facet 1044: (0,0) (1,0) (2,0) (4,0) (4,1) (4,2) (5,2) (5,4) (5,5)
  facet 1045: (0,0) (0,1) (1,1) (2,1) (4,1) (5,1) (5,2) (5,4) (5,5)
  facet 1046: (0,0) (1,0) (1,1) (2,1) (4,1) (5,1) (5,2) (5,4) (5,5)
  facet 1047: (0,0) (1,0) (2,0) (2,1) (4,1) (5,1) (5,2) (5,4) (5,5)
  facet 1048: (0,0) (1,0) (2,0) (4,0) (4,1) (5,1) (5,2) (5,4) (5,5)
  facet 1049: (0,0) (1,0) (2,0) (4,0) (5,0) (5,1) (5,2) (5,4) (5,5)
  facet 1050: (0,0) (0,1) (0,3) (0,4) (0,5) (1,5) (2,5) (4,5) (5,5)
  facet 1051: (0,0) (0,1) (0,3) (0,4) (1,4) (1,5) (2,5) (4,5) (5,5)
  facet 1052: (0,0) (0,1) (0,3) (1,3) (1,4) (1,5) (2,5) (4,5) (5,5)
  facet 1053: (0,0) (0,1) (1,1) (1,3) (1,4) (1,5) (2,5) (4,5) (5,5)
  facet 1054: (0,0) (1,0) (1,1) (1,3) (1,4) (1,5) (2,5) (4,5) (5,5)
  facet 1055: (0,0) (0,1) (0,3) (0,4) (1,4) (2,4) (2,5) (4,5) (5,5)
  facet 1056: (0,0) (0,1) (0,3) (1,3) (1,4) (2,4) (2,5) (4,5) (5,5)
  facet 1057: (0,0) (0,1) (1,1) (1,3) (1,4) (2,4) (2,5) (4,5) (5,5)
  facet 1058: (0,0) (1,0) (1,1) (1,3) (1,4) (2,4) (2,5) (4,5) (5,5)
  facet 1059: (0,0) (0,1) (0,3) (1,3) (2,3) (2,4) (2,5) (4,5) (5,5)
  facet 1060: (0,0) (0,1) (1,1) (1,3) (2,3) (2,4) (2,5) (4,5) (5,5)
  facet 1061: (0,0) (1,0) (1,1) (1,3) (2,3) (2,4) (2,5) (4,5) (5,5)
  facet 1062: (0,0) (0,1) (1,1) (2,1) (2,3) (2,4) (2,5) (4,5) (5,5)
  facet 1063: (0,0) (1,0) (1,1) (2,1) (2,3) (2,4) (2,5) (4,5) (5,5)
  facet 1064: (0,0) (1,0) (2,0) (2,1) (2,3) (2,4) (2,5) (4,5) (5,5)
  facet 1065: (0,0) (0,1) (0,3) (0,4) (1,4) (2,4) (4,4) (4,5) (5,5)
  facet 1066: (0,0) (0,1) (0,3) (1,3) (1,4) (2,4) (4,4) (4,5) (5,5)
  facet 1067: (0,0) (0,1) (1,1) (1,3) (1,4) (2,4) (4,4) (4,5) (5,5)
  facet 1068: (0,0) (1,0) (1,1) (1,3) (1,4) (2,4) (4,4) (4,5) (5,5)
  facet 1069: (0,0) (0,1) (0,3) (1,3) (2,3) (2,4) (4,4) (4,5) (5,5)
  facet 1070: (0,0) (0,1) (1,1) (1,3) (2,3) (2,4) (4,4) (4,5) (5,5)
  facet 1071: (0,0) (1,0) (1,1) (1,3) (2,3) (2,4) (4,4) (4,5) (5,5)
  facet 1072: (0,0) (0,1) (1,1) (2,1) (2,3) (2,4) (4,4) (4,5) (5,5)
  facet 1073: (0,0) (1,0) (1,1) (2,1) (2,3) (2,4) (4,4) (4,5) (5,5)
  facet 1074: (0,0) (1,0) (2,0) (2,1) (2,3) (2,4) (4,4) (4,5) (5,5)
  facet 1075: (0,0) (0,1) (0,3) (1,3) (2,3) (4,3) (4,4) (4,5) (5,5)
  facet 1076: (0,0) (0,1) (1,1) (1,3) (2,3) (4,3) (4,4) (4,5) (5,5)
  facet 1077: (0,0) (1,0) (1,1) (1,3) (2,3) (4,3) (4,4) (4,5) (5,5)
  facet 1078: (0,0) (0,1) (1,1) (2,1) (2,3) (4,3) (4,4) (4,5) (5,5)
  facet 1079: (0,0) (1,0) (1,1) (2,1) (2,3) (4,3) (4,4) (4,5) (5,5)
  facet 1080: (0,0) (1,0) (2,0) (2,1) (2,3) (4,3) (4,4) (4,5) (5,5)
  facet 1081: (0,0) (0,1) (1,1) (2,1) (4,1) (4,3) (4,4) (4,5) (5,5)
  facet 1082: (0,0) (1,0) (1,1) (2,1) (4,1) (4,3) (4,4) (4,5) (5,5)
  facet 1083: (0,0) (1,0) (2,0) (2,1) (4,1) (4,3) (4,4) (4,5) (5,5)
  facet 1084: (0,0) (1,0) (2,0) (4,0) (4,1) (4,3) (4,4) (4,5) (5,5)
  facet 1085: (0,0) (0,1) (0,3) (0,4) (1,4) (2,4) (4,4) (5,4) (5,5)
  facet 1086: (0,0) (0,1) (0,3) (1,3) (1,4) (2,4) (4,4) (5,4) (5,5)
  facet 1087: (0,0) (0,1) (1,1) (1,3) (1,4) (2,4) (4,4) (5,4) (5,5)
  facet 1088: (0,0) (1,0) (1,1) (1,3) (1,4) (2,4) (4,4) (5,4) (5,5)
  facet 1089: (0,0) (0,1) (0,3) (1,3) (2,3) (2,4) (4,4) (5,4) (5,5)
  facet 1090: (0,0) (0,1) (1,1) (1,3) (2,3) (2,4) (4,4) (5,4) (5,5)
  facet 1091: (0,0) (1,0) (1,1) (1,3) (2,3) (2,4) (4,4) (5,4) (5,5)
  facet 1092: (0,0) (0,1) (1,1) (2,1) (2,3) (2,4) (4,4) (5,4) (5,5)
  facet 1093: (0,0) (1,0) (1,1) (2,1) (2,3) (2,4) (4,4) (5,4) (5,5)
  facet 1094: (0,0) (1,0) (2,0) (2,1) (2,3) (2,4) (4,4) (5,4) (5,5)
  facet 1095: (0,0) (0,1) (0,3) (1,3) (2,3) (4,3) (4,4) (5,4) (5,5)
  facet 1096: (0,0) (0,1) (1,1) (1,3) (2,3) (4,3) (4,4) (5,4) (5,5)
  facet 1097: (0,0) (1,0) (1,1) (1,3) (2,3) (4,3) (4,4) (5,4) (5,5)
  facet 1098: (0,0) (0,1) (1,1) (2,1) (2,3) (4,3) (4,4) (5,4) (5,5)
  facet 1099: (0,0) (1,0) (1,1) (2,1) (2,3) (4,3) (4,4) (5,4) (5,5)
  facet 1100: (0,0) (1,0) (2,0) (2,1) (2,3) (4,3) (4,4) (5,4) (5,5)
  facet 1101: (0,0) (0,1) (1,1) (2,1) (4,1) (4,3) (4,4) (5,4) (5,5)
  facet 1102: (0,0) (1,0) (1,1) (2,1) (4,1) (4,3) (4,4) (5,4) (5,5)
  facet 1103: (0,0) (1,0) (2,0) (2,1) (4,1) (4,3) (4,4) (5,4) (5,5)
  facet 1104: (0,0) (1,0) (2,0) (4,0) (4,1) (4,3) (4,4) (5,4) (5,5)
  facet 1105: (0,0) (0,1) (0,3) (1,3) (2,3) (4,3) (5,3) (5,4) (5,5)
  facet 1106: (0,0) (0,1) (1,1) (1,3) (2,3) (4,3) (5,3) (5,4) (5,5)
  facet 1107: (0,0) (1,0) (1,1) (1,3) (2,3) (4,3) (5,3) (5,4) (5,5)
  facet 1108: (0,0) (0,1) (1,1) (2,1) (2,3) (4,3) (5,3) (5,4) (5,5)
  facet 1109: (0,0) (1,0) (1,1) (2,1) (2,3) (4,3) (5,3) (5,4) (5,5)
  facet 1110: (0,0) (1,0) (2,0) (2,1) (2,3) (4,3) (5,3) (5,4) (5,5)
  facet 1111: (0,0) (0,1) (1,1) (2,1) (4,1) (4,3) (5,3) (5,4) (5,5)
  facet 1112: (0,0) (1,0) (1,1) (2,1) (4,1) (4,3) (5,3) (5,4) (5,5)
  facet 1113: (0,0) (1,0) (2,0) (2,1) (4,1) (4,3) (5,3) (5,4) (5,5)
  facet 1114: (0,0) (1,0) (2,0) (4,0) (4,1) (4,3) (5,3) (5,4) (5,5)
  facet 1115: (0,0) (0,1) (1,1) (2,1) (4,1) (5,1) (5,3) (5,4) (5,5)
  facet 1116: (0,0) (1,0) (1,1) (2,1) (4,1) (5,1) (5,3) (5,4) (5,5)
  facet 1117: (0,0) (1,0) (2,0) (2,1) (4,1) (5,1) (5,3) (5,4) (5,5)
  facet 1118: (0,0) (1,0) (2,0) (4,0) (4,1) (5,1) (5,3) (5,4) (5,5)
  facet 1119: (0,0) (1,0) (2,0) (4,0) (5,0) (5,1) (5,3) (5,4) (5,5)
  facet 1120: (0,0) (0,2) (0,3) (0,4) (0,5) (1,5) (2,5) (4,5) (5,5)
  facet 1121: (0,0) (0,2) (0,3) (0,4) (1,4) (1,5) (2,5) (4,5) (5,5)
  facet 1122: (0,0) (0,2) (0,3) (1,3) (1,4) (1,5) (2,5) (4,5) (5,5)
  facet 1123: (0,0) (0,2) (1,2) (1,3) (1,4) (1,5) (2,5) (4,5) (5,5)
  facet 1124: (0,0) (1,0) (1,2) (1,3) (1,4) (1,5) (2,5) (4,5) (5,5)
  facet 1125: (0,0) (0,2) (0,3) (0,4) (1,4) (2,4) (2,5) (4,5) (5,5)
  facet 1126: (0,0) (0,2) (0,3) (1,3) (1,4) (2,4) (2,5) (4,5) (5,5)
  facet 1127: (0,0) (0,2) (1,2) (1,3) (1,4) (2,4) (2,5) (4,5) (5,5)
  facet 1128: (0,0) (1,0) (1,2) (1,3) (1,4) (2,4) (2,5) (4,5) (5,5)
  facet 1129: (0,0) (0,2) (0,3) (1,3) (2,3) (2,4) (2,5) (4,5) (5,5)
  facet 1130: (0,0) (0,2) (1,2) (1,3) (2,3) (2,4) (2,5) (4,5) (5,5)
  facet 1131: (0,0) (1,0) (1,2) (1,3) (2,3) (2,4) (2,5) (4,5) (5,5)
  facet 1132: (0,0) (0,2) (1,2) (2,2) (2,3) (2,4) (2,5) (4,5) (5,5)
  facet 1133: (0,0) (1,0) (1,2) (2,2) (2,3) (2,4) (2,5) (4,5) (5,5)
  facet 1134: (0,0) (1,0) (2,0) (2,2) (2,3) (2,4) (2,5) (4,5) (5,5)
  facet 1135: (0,0) (0,2) (0,3) (0,4) (1,4) (2,4) (4,4) (4,5) (5,5)
  facet 1136: (0,0) (0,2) (0,3) (1,3) (1,4) (2,4) (4,4) (4,5) (5,5)
  facet 1137: (0,0) (0,2) (1,2) (1,3) (1,4) (2,4) (4,4) (4,5) (5,5)
  facet 1138: (0,0) (1,0) (1,2) (1,3) (1,4) (2,4) (4,4) (4,5) (5,5)
  facet 1139: (0,0) (0,2) (0,3) (1,3) (2,3) (2,4) (4,4) (4,5) (5,5)
  facet 1140: (0,0) (0,2) (1,2) (1,3) (2,3) (2,4) (4,4) (4,5) (5,5)
  facet 1141: (0,0) (1,0) (1,2) (1,3) (2,3) (2,4) (4,4) (4,5) (5,5)
  facet 1142: (0,0) (0,2) (1,2) (2,2) (2,3) (2,4) (4,4) (4,5) (5,5)
  facet 1143: (0,0) (1,0) (1,2) (2,2) (2,3) (2,4) (4,4) (4,5) (5,5)
  facet 1144: (0,0) (1,0) (2,0) (2,2) (2,3) (2,4) (4,4) (4,5) (5,5)
  facet 1145: (0,0) (0,2) (0,3) (1,3) (2,3) (4,3) (4,4) (4,5) (5,5)
  facet 1146: (0,0) (0,2) (1,2) (1,3) (2,3) (4,3) (4,4) (4,5) (5,5)
  facet 1147: (0,0) (1,0) (1,2) (1,3) (2,3) (4,3) (4,4) (4,5) (5,5)
  facet 1148: (0,0) (0,2) (1,2) (2,2) (2,3) (4,3) (4,4) (4,5) (5,5)
  facet 1149: (0,0) (1,0) (1,2) (2,2) (2,3) (4,3) (4,4) (4,5) (5,5)
  facet 1150: (0,0) (1,0) (2,0) (2,2) (2,3) (4,3) (4,4) (4,5) (5,5)
  facet 1151: (0,0) (0,2) (1,2) (2,2) (4,2) (4,3) (4,4) (4,5) (5,5)
  facet 1152: (0,0) (1,0) (1,2) (2,2) (4,2) (4,3) (4,4) (4,5) (5,5)
  facet 1153: (0,0) (1,0) (2,0) (2,2) (4,2) (4,3) (4,4) (4,5) (5,5)
  facet 1154: (0,0) (1,0) (2,0) (4,0) (4,2) (4,3) (4,4) (4,5) (5,5)
  facet 1155: (0,0) (0,2) (0,3) (0,4) (1,4) (2,4) (4,4) (5,4) (5,5)
  facet 1156: (0,0) (0,2) (0,3) (1,3) (1,4) (2,4) (4,4) (5,4) (5,5)
  facet 1157: (0,0) (0,2) (1,2) (1,3) (1,4) (2,4) (4,4) (5,4) (5,5)
  facet 1158: (0,0) (1,0) (1,2) (1,3) (1,4) (2,4) (4,4) (5,4) (5,5)
  facet 1159: (0,0) (0,2) (0,3) (1,3) (2,3) (2,4) (4,4) (5,4) (5,5)
  facet 1160: (0,0) (0,2) (1,2) (1,3) (2,3) (2,4) (4,4) (5,4) (5,5)
  facet 1161: (0,0) (1,0) (1,2) (1,3) (2,3) (2,4) (4,4) (5,4) (5,5)
  facet 1162: (0,0) (0,2) (1,2) (2,2) (2,3) (2,4) (4,4) (5,4) (5,5)
  facet 1163: (0,0) (1,0) (1,2) (2,2) (2,3) (2,4) (4,4) (5,4) (5,5)
  facet 1164: (0,0) (1,0) (2,0) (2,2) (2,3) (2,4) (4,4) (5,4) (5,5)
  facet 1165: (0,0) (0,2) (0,3) (1,3) (2,3) (4,3) (4,4) (5,4) (5,5)
  facet 1166: (0,0) (0,2) (1,2) (1,3) (2,3) (4,3) (4,4) (5,4) (5,5)
  facet 1167: (0,0) (1,0) (1,2) (1,3) (2,3) (4,3) (4,4) (5,4) (5,5)
  facet 1168: (0,0) (0,2) (1,2) (2,2) (2,3) (4,3) (4,4) (5,4) (5,5)
  facet 1169: (0,0) (1,0) (1,2) (2,2) (2,3) (4,3) (4,4) (5,4) (5,5)
  facet 1170: (0,0) (1,0) (2,0) (2,2) (2,3) (4,3) (4,4) (5,4) (5,5)
  facet 1171: (0,0) (0,2) (1,2) (2,2) (4,2) (4,3) (4,4) (5,4) (5,5)
  facet 1172: (0,0) (1,0) (1,2) (2,2) (4,2) (4,3) (4,4) (5,4) (5,5)
  facet 1173: (0,0) (1,0) (2,0) (2,2) (4,2) (4,3) (4,4) (5,4) (5,5)
  facet 1174: (0,0) (1,0) (2,0) (4,0) (4,2) (4,3) (4,4) (5,4) (5,5)
  facet 1175: (0,0) (0,2) (0,3) (1,3) (2,3) (4,3) (5,3) (5,4) (5,5)
  facet 1176: (0,0) (0,2) (1,2) (1,3) (2,3) (4,3) (5,3) (5,4) (5,5)
  facet 1177: (0,0) (1,0) (1,2) (1,3) (2,3) (4,3) (5,3) (5,4) (5,5)
  facet 1178: (0,0) (0,2) (1,2) (2,2) (2,3) (4,3) (5,3) (5,4) (5,5)
  facet 1179: (0,0) (1,0) (1,2) (2,2) (2,3) (4,3) (5,3) (5,4) (5,5)
  facet 1180: (0,0) (1,0) (2,0) (2,2) (2,3) (4,3) (5,3) (5,4) (5,5)
  facet 1181: (0,0) (0,2) (1,2) (2,2) (4,2) (4,3) (5,3) (5,4) (5,5)
  facet 1182: (0,0) (1,0) (1,2) (2,2) (4,2) (4,3) (5,3) (5,4) (5,5)
  facet 1183: (0,0) (1,0) (2,0) (2,2) (4,2) (4,3) (5,3) (5,4) (5,5)
  facet 1184: (0,0) (1,0) (2,0) (4,0) (4,2) (4,3) (5,3) (5,4) (5,5)
  facet 1185: (0,0) (0,2) (1,2) (2,2) (4,2) (5,2) (5,3) (5,4) (5,5)
  facet 1186: (0,0) (1,0) (1,2) (2,2) (4,2) (5,2) (5,3) (5,4) (5,5)
  facet 1187: (0,0) (1,0) (2,0) (2,2) (4,2) (5,2) (5,3) (5,4) (5,5)
  facet 1188: (0,0) (1,0) (2,0) (4,0) (4,2) (5,2) (5,3) (5,4) (5,5)
  facet 1189: (0,0) (1,0) (2,0) (4,0) (5,0) (5,2) (5,3) (5,4) (5,5)
  facet 1260: (0,0) (0,1) (0,2) (0,3) (0,4) (1,4) (3,4) (4,4) (5,4)
  facet 1261: (0,0) (0,1) (0,2) (0,3) (1,3) (1,4) (3,4) (4,4) (5,4)
  facet 1262: (0,0) (0,1) (0,2) (1,2) (1,3) (1,4) (3,4) (4,4) (5,4)
  facet 1263: (0,0) (0,1) (1,1) (1,2) (1,3) (1,4) (3,4) (4,4) (5,4)
  facet 1264: (0,0) (1,0) (1,1) (1,2) (1,3) (1,4) (3,4) (4,4) (5,4)
  facet 1265: (0,0) (0,1) (0,2) (0,3) (1,3) (3,3) (3,4) (4,4) (5,4)
  facet 1266: (0,0) (0,1) (0,2) (1,2) (1,3) (3,3) (3,4) (4,4) (5,4)
  facet 1267: (0,0) (0,1) (1,1) (1,2) (1,3) (3,3) (3,4) (4,4) (5,4)
  facet 1268: (0,0) (1,0) (1,1) (1,2) (1,3) (3,3) (3,4) (4,4) (5,4)
  facet 1269: (0,0) (0,1) (0,2) (1,2) (3,2) (3,3) (3,4) (4,4) (5,4)
  facet 1270: (0,0) (0,1) (1,1) (1,2) (3,2) (3,3) (3,4) (4,4) (5,4)
  facet 1271: (0,0) (1,0) (1,1) (1,2) (3,2) (3,3) (3,4) (4,4) (5,4)
  facet 1272: (0,0) (0,1) (1,1) (3,1) (3,2) (3,3) (3,4) (4,4) (5,4)
  facet 1273: (0,0) (1,0) (1,1) (3,1) (3,2) (3,3) (3,4) (4,4) (5,4)
  facet 1274: (0,0) (1,0) (3,0) (3,1) (3,2) (3,3) (3,4) (4,4) (5,4)
  facet 1275: (0,0) (0,1) (0,2) (0,3) (1,3) (3,3) (4,3) (4,4) (5,4)
  facet 1276: (0,0) (0,1) (0,2) (1,2) (1,3) (3,3) (4,3) (4,4) (5,4)
  facet 1277: (0,0) (0,1) (1,1) (1,2) (1,3) (3,3) (4,3) (4,4) (5,4)
  facet 1278: (0,0) (1,0) (1,1) (1,2) (1,3) (3,3) (4,3) (4,4) (5,4)
  facet 1279: (0,0) (0,1) (0,2) (1,2) (3,2) (3,3) (4,3) (4,4) (5,4)
  facet 1280: (0,0) (0,1) (1,1) (1,2) (3,2) (3,3) (4,3) (4,4) (5,4)
  facet 1281: (0,0) (1,0) (1,1) (1,2) (3,2) (3,3) (4,3) (4,4) (5,4)
  facet 1282: (0,0) (0,1) (1,1) (3,1) (3,2) (3,3) (4,3) (4,4) (5,4)
  facet 1283: (0,0) (1,0) (1,1) (3,1) (3,2) (3,3) (4,3) (4,4) (5,4)
  facet 1284: (0,0) (1,0) (3,0) (3,1) (3,2) (3,3) (4,3) (4,4) (5,4)
  facet 1285: (0,0) (0,1) (0,2) (1,2) (3,2) (4,2) (4,3) (4,4) (5,4)
  facet 1286: (0,0) (0,1) (1,1) (1,2) (3,2) (4,2) (4,3) (4,4) (5,4)
  facet 1287: (0,0) (1,0) (1,1) (1,2) (3,2) (4,2) (4,3) (4,4) (5,4)
  facet 1288: (0,0) (0,1) (1,1) (3,1) (3,2) (4,2) (4,3) (4,4) (5,4)
  facet 1289: (0,0) (1,0) (1,1) (3,1) (3,2) (4,2) (4,3) (4,4) (5,4)
  facet 1290: (0,0) (1,0) (3,0) (3,1) (3,2) (4,2) (4,3) (4,4) (5,4)
  facet 1291: (0,0) (0,1) (1,1) (3,1) (4,1) (4,2) (4,3) (4,4) (5,4)
  facet 1292: (0,0) (1,0) (1,1) (3,1) (4,1) (4,2) (4,3) (4,4) (5,4)
  facet 1293: (0,0) (1,0) (3,0) (3,1) (4,1) (4,2) (4,3) (4,4) (5,4)
  facet 1294: (0,0) (1,0) (3,0) (4,0) (4,1) (4,2) (4,3) (4,4) (5,4)
  facet 1295: (0,0) (0,1) (0,2) (0,3) (1,3) (3,3) (4,3) (5,3) (5,4)
  facet 1296: (0,0) (0,1) (0,2) (1,2) (1,3) (3,3) (4,3) (5,3) (5,4)
  facet 1297: (0,0) (0,1) (1,1) (1,2) (1,3) (3,3) (4,3) (5,3) (5,4)
  facet 1298: (0,0) (1,0) (1,1) (1,2) (1,3) (3,3) (4,3) (5,3) (5,4)
  facet 1299: (0,0) (0,1) (0,2) (1,2) (3,2) (3,3) (4,3) (5,3) (5,4)
  facet 1300: (0,0) (0,1) (1,1) (1,2) (3,2) (3,3) (4,3) (5,3) (5,4)
  facet 1301: (0,0) (1,0) (1,1) (1,2) (3,2) (3,3) (4,3) (5,3) (5,4)
  facet 1302: (0,0) (0,1) (1,1) (3,1) (3,2) (3,3) (4,3) (5,3) (5,4)
  facet 1303: (0,0) (1,0) (1,1) (3,1) (3,2) (3,3) (4,3) (5,3) (5,4)
  facet 1304: (0,0) (1,0) (3,0) (3,1) (3,2) (3,3) (4,3) (5,3) (5,4)
  facet 1305: (0,0) (0,1) (0,2) (1,2) (3,2) (4,2) (4,3) (5,3) (5,4)
  facet 1306: (0,0) (0,1) (1,1) (1,2) (3,2) (4,2) (4,3) (5,3) (5,4)
  facet 1307: (0,0) (1,0) (1,1) (1,2) (3,2) (4,2) (4,3) (5,3) (5,4)
  facet 1308: (0,0) (0,1) (1,1) (3,1) (3,2) (4,2) (4,3) (5,3) (5,4)
  facet 1309: (0,0) (1,0) (1,1) (3,1) (3,2) (4,2) (4,3) (5,3) (5,4)
  facet 1310: (0,0) (1,0) (3,0) (3,1) (3,2) (4,2) (4,3) (5,3) (5,4)
  facet 1311: (0,0) (0,1) (1,1) (3,1) (4,1) (4,2) (4,3) (5,3) (5,4)
  facet 1312: (0,0) (1,0) (1,1) (3,1) (4,1) (4,2) (4,3) (5,3) (5,4)
  facet 1313: (0,0) (1,0) (3,0) (3,1) (4,1) (4,2) (4,3) (5,3) (5,4)
  facet 1314: (0,0) (1,0) (3,0) (4,0) (4,1) (4,2) (4,3) (5,3) (5,4)
  facet 1315: (0,0) (0,1) (0,2) (1,2) (3,2) (4,2) (5,2) (5,3) (5,4)
  facet 1316: (0,0) (0,1) (1,1) (1,2) (3,2) (4,2) (5,2) (5,3) (5,4)
  facet 1317: (0,0) (1,0) (1,1) (1,2) (3,2) (4,2) (5,2) (5,3) (5,4)
  facet 1318: (0,0) (0,1) (1,1) (3,1) (3,2) (4,2) (5,2) (5,3) (5,4)
  facet 1319: (0,0) (1,0) (1,1) (3,1) (3,2) (4,2) (5,2) (5,3) (5,4)
  facet 1320: (0,0) (1,0) (3,0) (3,1) (3,2) (4,2) (5,2) (5,3) (5,4)
  facet 1321: (0,0) (0,1) (1,1) (3,1) (4,1) (4,2) (5,2) (5,3) (5,4)
  facet 1322: (0,0) (1,0) (1,1) (3,1) (4,1) (4,2) (5,2) (5,3) (5,4)
  facet 1323: (0,0) (1,0) (3,0) (3,1) (4,1) (4,2) (5,2) (5,3) (5,4)
  facet 1324: (0,0) (1,0) (3,0) (4,0) (4,1) (4,2) (5,2) (5,3) (5,4)
  facet 1325: (0,0) (0,1) (1,1) (3,1) (4,1) (5,1) (5,2) (5,3) (5,4)
  facet 1326: (0,0) (1,0) (1,1) (3,1) (4,1) (5,1) (5,2) (5,3) (5,4)
  facet 1327: (0,0) (1,0) (3,0) (3,1) (4,1) (5,1) (5,2) (5,3) (5,4)
  facet 1328: (0,0) (1,0) (3,0) (4,0) (4,1) (5,1) (5,2) (5,3) (5,4)
  facet 1329: (0,0) (1,0) (3,0) (4,0) (5,0) (5,1) (5,2) (5,3) (5,4)
  facet 1330: (0,0) (0,1) (0,2) (0,3) (0,5) (1,5) (3,5) (4,5) (5,5)
  facet 1331: (0,0) (0,1) (0,2) (0,3) (1,3) (1,5) (3,5) (4,5) (5,5)
  facet 1332: (0,0) (0,1) (0,2) (1,2) (1,3) (1,5) (3,5) (4,5) (5,5)
  facet 1333: (0,0) (0,1) (1,1) (1,2) (1,3) (1,5) (3,5) (4,5) (5,5)
  facet 1334: (0,0) (1,0) (1,1) (1,2) (1,3) (1,5) (3,5) (4,5) (5,5)
  facet 1335: (0,0) (0,1) (0,2) (0,3) (1,3) (3,3) (3,5) (4,5) (5,5)
  facet 1336: (0,0) (0,1) (0,2) (1,2) (1,3) (3,3) (3,5) (4,5) (5,5)
  facet 1337: (0,0) (0,1) (1,1) (1,2) (1,3) (3,3) (3,5) (4,5) (5,5)
  facet 1338: (0,0) (1,0) (1,1) (1,2) (1,3) (3,3) (3,5) (4,5) (5,5)
  facet 1339: (0,0) (0,1) (0,2) (1,2) (3,2) (3,3) (3,5) (4,5) (5,5)
  facet 1340: (0,0) (0,1) (1,1) (1,2) (3,2) (3,3) (3,5) (4,5) (5,5)
  facet 1341: (0,0) (1,0) (1,1) (1,2) (3,2) (3,3) (3,5) (4,5) (5,5)
  facet 1342: (0,0) (0,1) (1,1) (3,1) (3,2) (3,3) (3,5) (4,5) (5,5)
  facet 1343: (0,0) (1,0) (1,1) (3,1) (3,2) (3,3) (3,5) (4,5) (5,5)
  facet 1344: (0,0) (1,0) (3,0) (3,1) (3,2) (3,3) (3,5) (4,5) (5,5)
  facet 1345: (0,0) (0,1) (0,2) (0,3) (1,3) (3,3) (4,3) (4,5) (5,5)
  facet 1346: (0,0) (0,1) (0,2) (1,2) (1,3) (3,3) (4,3) (4,5) (5,5)
  facet 1347: (0,0) (0,1) (1,1) (1,2) (1,3) (3,3) (4,3) (4,5) (5,5)
  facet 1348: (0,0) (1,0) (1,1) (1,2) (1,3) (3,3) (4,3) (4,5) (5,5)
  facet 1349: (0,0) (0,1) (0,2) (1,2) (3,2) (3,3) (4,3) (4,5) (5,5)
  facet 1350: (0,0) (0,1) (1,1) (1,2) (3,2) (3,3) (4,3) (4,5) (5,5)
  facet 1351: (0,0) (1,0) (1,1) (1,2) (3,2) (3,3) (4,3) (4,5) (5,5)
  facet 1352: (0,0) (0,1) (1,1) (3,1) (3,2) (3,3) (4,3) (4,5) (5,5)
  facet 1353: (0,0) (1,0) (1,1) (3,1) (3,2) (3,3) (4,3) (4,5) (5,5)
  facet 1354: (0,0) (1,0) (3,0) (3,1) (3,2) (3,3) (4,3) (4,5) (5,5)
  facet 1355: (0,0) (0,1) (0,2) (1,2) (3,2) (4,2) (4,3) (4,5) (5,5)
  facet 1356: (0,0) (0,1) (1,1) (1,2) (3,2) (4,2) (4,3) (4,5) (5,5)
  facet 1357: (0,0) (1,0) (1,1) (1,2) (3,2) (4,2) (4,3) (4,5) (5,5)
  facet 1358: (0,0) (0,1) (1,1) (3,1) (3,2) (4,2) (4,3) (4,5) (5,5)
  facet 1359: (0,0) (1,0) (1,1) (3,1) (3,2) (4,2) (4,3) (4,5) (5,5)
  facet 1360: (0,0) (1,0) (3,0) (3,1) (3,2) (4,2) (4,3) (4,5) (5,5)
  facet 1361: (0,0) (0,1) (1,1) (3,1) (4,1) (4,2) (4,3) (4,5) (5,5)
  facet 1362: (0,0) (1,0) (1,1) (3,1) (4,1) (4,2) (4,3) (4,5) (5,5)
  facet 1363: (0,0) (1,0) (3,0) (3,1) (4,1) (4,2) (4,3) (4,5) (5,5)
  facet 1364: (0,0) (1,0) (3,0) (4,0) (4,1) (4,2) (4,3) (4,5) (5,5)
  facet 1365: (0,0) (0,1) (0,2) (0,3) (1,3) (3,3) (4,3) (5,3) (5,5)
  facet 1366: (0,0) (0,1) (0,2) (1,2) (1,3) (3,3) (4,3) (5,3) (5,5)
  facet 1367: (0,0) (0,1) (1,1) (1,2) (1,3) (3,3) (4,3) (5,3) (5,5)
  facet 1368: (0,0) (1,0) (1,1) (1,2) (1,3) (3,3) (4,3) (5,3) (5,5)
  facet 1369: (0,0) (0,1) (0,2) (1,2) (3,2) (3,3) (4,3) (5,3) (5,5)
  facet 1370: (0,0) (0,1) (1,1) (1,2) (3,2) (3,3) (4,3) (5,3) (5,5)
  facet 1371: (0,0) (1,0) (1,1) (1,2) (3,2) (3,3) (4,3) (5,3) (5,5)
  facet 1372: (0,0) (0,1) (1,1) (3,1) (3,2) (3,3) (4,3) (5,3) (5,5)
  facet 1373: (0,0) (1,0) (1,1) (3,1) (3,2) (3,3) (4,3) (5,3) (5,5)
  facet 1374: (0,0) (1,0) (3,0) (3,1) (3,2) (3,3) (4,3) (5,3) (5,5)
  facet 1375: (0,0) (0,1) (0,2) (1,2) (3,2) (4,2) (4,3) (5,3) (5,5)
  facet 1376: (0,0) (0,1) (1,1) (1,2) (3,2) (4,2) (4,3) (5,3) (5,5)
  facet 1377: (0,0) (1,0) (1,1) (1,2) (3,2) (4,2) (4,3) (5,3) (5,5)
  facet 1378: (0,0) (0,1) (1,1) (3,1) (3,2) (4,2) (4,3) (5,3) (5,5)
  facet 1379: (0,0) (1,0) (1,1) (3,1) (3,2) (4,2) (4,3) (5,3) (5,5)
  facet 1380: (0,0) (1,0) (3,0) (3,1) (3,2) (4,2) (4,3) (5,3) (5,5)
  facet 1381: (0,0) (0,1) (1,1) (3,1) (4,1) (4,2) (4,3) (5,3) (5,5)
  facet 1382: (0,0) (1,0) (1,1) (3,1) (4,1) (4,2) (4,3) (5,3) (5,5)
  facet 1383: (0,0) (1,0) (3,0) (3,1) (4,1) (4,2) (4,3) (5,3) (5,5)
  facet 1384: (0,0) (1,0) (3,0) (4,0) (4,1) (4,2) (4,3) (5,3) (5,5)
  facet 1385: (0,0) (0,1) (0,2) (1,2) (3,2) (4,2) (5,2) (5,3) (5,5)
  facet 1386: (0,0) (0,1) (1,1) (1,2) (3,2) (4,2) (5,2) (5,3) (5,5)
  facet 1387: (0,0) (1,0) (1,1) (1,2) (3,2) (4,2) (5,2) (5,3) (5,5)
  facet 1388: (0,0) (0,1) (1,1) (3,1) (3,2) (4,2) (5,2) (5,3) (5,5)
  facet 1389: (0,0) (1,0) (1,1) (3,1) (3,2) (4,2) (5,2) (5,3) (5,5)
  facet 1390: (0,0) (1,0) (3,0) (3,1) (3,2) (4,2) (5,2) (5,3) (5,5)
  facet 1391: (0,0) (0,1) (1,1) (3,1) (4,1) (4,2) (5,2) (5,3) (5,5)
  facet 1392: (0,0) (1,0) (1,1) (3,1) (4,1) (4,2) (5,2) (5,3) (5,5)
  facet 1393: (0,0) (1,0) (3,0) (3,1) (4,1) (4,2) (5,2) (5,3) (5,5)
  facet 1394: (0,0) (1,0) (3,0) (4,0) (4,1) (4,2) (5,2) (5,3) (5,5)
  facet 1395: (0,0) (0,1) (1,1) (3,1) (4,1) (5,1) (5,2) (5,3) (5,5)
  facet 1396: (0,0) (1,0) (1,1) (3,1) (4,1) (5,1) (5,2) (5,3) (5,5)
  facet 1397: (0,0) (1,0) (3,0) (3,1) (4,1) (5,1) (5,2) (5,3) (5,5)
  facet 1398: (0,0) (1,0) (3,0) (4,0) (4,1) (5,1) (5,2) (5,3) (5,5)
  facet 1399: (0,0) (1,0) (3,0) (4,0) (5,0) (5,1) (5,2) (5,3) (5,5)
  facet 1400: (0,0) (0,1) (0,2) (0,4) (0,5) (1,5) (3,5) (4,5) (5,5)
  facet 1401: (0,0) (0,1) (0,2) (0,4) (1,4) (1,5) (3,5) (4,5) (5,5)
  facet 1402: (0,0) (0,1) (0,2) (1,2) (1,4) (1,5) (3,5) (4,5) (5,5)
  facet 1403: (0,0) (0,1) (1,1) (1,2) (1,4) (1,5) (3,5) (4,5) (5,5)
  facet 1404: (0,0) (1,0) (1,1) (1,2) (1,4) (1,5) (3,5) (4,5) (5,5)
  facet 1405: (0,0) (0,1) (0,2) (0,4) (1,4) (3,4) (3,5) (4,5) (5,5)
  facet 1406: (0,0) (0,1) (0,2) (1,2) (1,4) (3,4) (3,5) (4,5) (5,5)
  facet 1407: (0,0) (0,1) (1,1) (1,2) (1,4) (3,4) (3,5) (4,5) (5,5)
  facet 1408: (0,0) (1,0) (1,1) (1,2) (1,4) (3,4) (3,5) (4,5) (5,5)
  facet 1409: (0,0) (0,1) (0,2) (1,2) (3,2) (3,4) (3,5) (4,5) (5,5)
  facet 1410: (0,0) (0,1) (1,1) (1,2) (3,2) (3,4) (3,5) (4,5) (5,5)
  facet 1411: (0,0) (1,0) (1,1) (1,2) (3,2) (3,4) (3,5) (4,5) (5,5)
  facet 1412: (0,0) (0,1) (1,1) (3,1) (3,2) (3,4) (3,5) (4,5) (5,5)
  facet 1413: (0,0) (1,0) (1,1) (3,1) (3,2) (3,4) (3,5) (4,5) (5,5)
  facet 1414: (0,0) (1,0) (3,0) (3,1) (3,2) (3,4) (3,5) (4,5) (5,5)
  facet 1415: (0,0) (0,1) (0,2) (0,4) (1,4) (3,4) (4,4) (4,5) (5,5)
  facet 1416: (0,0) (0,1) (0,2) (1,2) (1,4) (3,4) (4,4) (4,5) (5,5)
  facet 1417: (0,0) (0,1) (1,1) (1,2) (1,4) (3,4) (4,4) (4,5) (5,5)
  facet 1418: (0,0) (1,0) (1,1) (1,2) (1,4) (3,4) (4,4) (4,5) (5,5)
  facet 1419: (0,0) (0,1) (0,2) (1,2) (3,2) (3,4) (4,4) (4,5) (5,5)
  facet 1420: (0,0) (0,1) (1,1) (1,2) (3,2) (3,4) (4,4) (4,5) (5,5)
  facet 1421: (0,0) (1,0) (1,1) (1,2) (3,2) (3,4) (4,4) (4,5) (5,5)
  facet 1422: (0,0) (0,1) (1,1) (3,1) (3,2) (3,4) (4,4) (4,5) (5,5)
  facet 1423: (0,0) (1,0) (1,1) (3,1) (3,2) (3,4) (4,4) (4,5) (5,5)
  facet 1424: (0,0) (1,0) (3,0) (3,1) (3,2) (3,4) (4,4) (4,5) (5,5)
  facet 1425: (0,0) (0,1) (0,2) (1,2) (3,2) (4,2) (4,4) (4,5) (5,5)
  facet 1426: (0,0) (0,1) (1,1) (1,2) (3,2) (4,2) (4,4) (4,5) (5,5)
  facet 1427: (0,0) (1,0) (1,1) (1,2) (3,2) (4,2) (4,4) (4,5) (5,5)
  facet 1428: (0,0) (0,1) (1,1) (3,1) (3,2) (4,2) (4,4) (4,5) (5,5)
  facet 1429: (0,0) (1,0) (1,1) (3,1) (3,2) (4,2) (4,4) (4,5) (5,5)
  facet 1430: (0,0) (1,0) (3,0) (3,1) (3,2) (4,2) (4,4) (4,5) (5,5)
  facet 1431: (0,0) (0,1) (1,1) (3,1) (4,1) (4,2) (4,4) (4,5) (5,5)
  facet 1432: (0,0) (1,0) (1,1) (3,1) (4,1) (4,2) (4,4) (4,5) (5,5)
  facet 1433: (0,0) (1,0) (3,0) (3,1) (4,1) (4,2) (4,4) (4,5) (5,5)
  facet 1434: (0,0) (1,0) (3,0) (4,0) (4,1) (4,2) (4,4) (4,5) (5,5)
  facet 1435: (0,0) (0,1) (0,2) (0,4) (1,4) (3,4) (4,4) (5,4) (5,5)
  facet 1436: (0,0) (0,1) (0,2) (1,2) (1,4) (3,4) (4,4) (5,4) (5,5)
  facet 1437: (0,0) (0,1) (1,1) (1,2) (1,4) (3,4) (4,4) (5,4) (5,5)
  facet 1438: (0,0) (1,0) (1,1) (1,2) (1,4) (3,4) (4,4) (5,4) (5,5)
  facet 1439: (0,0) (0,1) (0,2) (1,2) (3,2) (3,4) (4,4) (5,4) (5,5)
  facet 1440: (0,0) (0,1) (1,1) (1,2) (3,2) (3,4) (4,4) (5,4) (5,5)
  facet 1441: (0,0) (1,0) (1,1) (1,2) (3,2) (3,4) (4,4) (5,4) (5,5)
  facet 1442: (0,0) (0,1) (1,1) (3,1) (3,2) (3,4) (4,4) (5,4) (5,5)
  facet 1443: (0,0) (1,0) (1,1) (3,1) (3,2) (3,4) (4,4) (5,4) (5,5)
  facet 1444: (0,0) (1,0) (3,0) (3,1) (3,2) (3,4) (4,4) (5,4) (5,5)
  facet 1445: (0,0) (0,1) (0,2) (1,2) (3,2) (4,2) (4,4) (5,4) (5,5)
  facet 1446: (0,0) (0,1) (1,1) (1,2) (3,2) (4,2) (4,4) (5,4) (5,5)
  facet 1447: (0,0) (1,0) (1,1) (1,2) (3,2) (4,2) (4,4) (5,4) (5,5)
  facet 1448: (0,0) (0,1) (1,1) (3,1) (3,2) (4,2) (4,4) (5,4) (5,5)
  facet 1449: (0,0) (1,0) (1,1) (3,1) (3,2) (4,2) (4,4) (5,4) (5,5)
  facet 1450: (0,0) (1,0) (3,0) (3,1) (3,2) (4,2) (4,4) (5,4) (5,5)
  facet 1451: (0,0) (0,1) (1,1) (3,1) (4,1) (4,2) (4,4) (5,4) (5,5)
  facet 1452: (0,0) (1,0) (1,1) (3,1) (4,1) (4,2) (4,4) (5,4) (5,5)
  facet 1453: (0,0) (1,0) (3,0) (3,1) (4,1) (4,2) (4,4) (5,4) (5,5)
  facet 1454: (0,0) (1,0) (3,0) (4,0) (4,1) (4,2) (4,4) (5,4) (5,5)
  facet 1455: (0,0) (0,1) (0,2) (1,2) (3,2) (4,2) (5,2) (5,4) (5,5)
  facet 1456: (0,0) (0,1) (1,1) (1,2) (3,2) (4,2) (5,2) (5,4) (5,5)
  facet 1457: (0,0) (1,0) (1,1) (1,2) (3,2) (4,2) (5,2) (5,4) (5,5)
  facet 1458: (0,0) (0,1) (1,1) (3,1) (3,2) (4,2) (5,2) (5,4) (5,5)
  facet 1459: (0,0) (1,0) (1,1) (3,1) (3,2) (4,2) (5,2) (5,4) (5,5)
  facet 1460: (0,0) (1,0) (3,0) (3,1) (3,2) (4,2) (5,2) (5,4) (5,5)
  facet 1461: (0,0) (0,1) (1,1) (3,1) (4,1) (4,2) (5,2) (5,4) (5,5)
  facet 1462: (0,0) (1,0) (1,1) (3,1) (4,1) (4,2) (5,2) (5,4) (5,5)
  facet 1463: (0,0) (1,0) (3,0) (3,1) (4,1) (4,2) (5,2) (5,4) (5,5)
  facet 1464: (0,0) (1,0) (3,0) (4,0) (4,1) (4,2) (5,2) (5,4) (5,5)
  facet 1465: (0,0) (0,1) (1,1) (3,1) (4,1) (5,1) (5,2) (5,4) (5,5)
  facet 1466: (0,0) (1,0) (1,1) (3,1) (4,1) (5,1) (5,2) (5,4) (5,5)
  facet 1467: (0,0) (1,0) (3,0) (3,1) (4,1) (5,1) (5,2) (5,4) (5,5)
  facet 1468: (0,0) (1,0) (3,0) (4,0) (4,1) (5,1) (5,2) (5,4) (5,5)
  facet 1469: (0,0) (1,0) (3,0) (4,0) (5,0) (5,1) (5,2) (5,4) (5,5)
  facet 1470: (0,0) (0,1) (0,3) (0,4) (0,5) (1,5) (3,5) (4,5) (5,5)
  facet 1471: (0,0) (0,1) (0,3) (0,4) (1,4) (1,5) (3,5) (4,5) (5,5)
  facet 1472: (0,0) (0,1) (0,3) (1,3) (1,4) (1,5) (3,5) (4,5) (5,5)
  facet 1473: (0,0) (0,1) (1,1) (1,3) (1,4) (1,5) (3,5) (4,5) (5,5)
  facet 1474: (0,0) (1,0) (1,1) (1,3) (1,4) (1,5) (3,5) (4,5) (5,5)
  facet 1475: (0,0) (0,1) (0,3) (0,4) (1,4) (3,4) (3,5) (4,5) (5,5)
  facet 1476: (0,0) (0,1) (0,3) (1,3) (1,4) (3,4) (3,5) (4,5) (5,5)
  facet 1477: (0,0) (0,1) (1,1) (1,3) (1,4) (3,4) (3,5) (4,5) (5,5)
  facet 1478: (0,0) (1,0) (1,1) (1,3) (1,4) (3,4) (3,5) (4,5) (5,5)
  facet 1479: (0,0) (0,1) (0,3) (1,3) (3,3) (3,4) (3,5) (4,5) (5,5)
  facet 1480: (0,0) (0,1) (1,1) (1,3) (3,3) (3,4) (3,5) (4,5) (5,5)
  facet 1481: (0,0) (1,0) (1,1) (1,3) (3,3) (3,4) (3,5) (4,5) (5,5)
  facet 1482: (0,0) (0,1) (1,1) (3,1) (3,3) (3,4) (3,5) (4,5) (5,5)
  facet 1483: (0,0) (1,0) (1,1) (3,1) (3,3) (3,4) (3,5) (4,5) (5,5)
  facet 1484: (0,0) (1,0) (3,0) (3,1) (3,3) (3,4) (3,5) (4,5) (5,5)
  facet 1485: (0,0) (0,1) (0,3) (0,4) (1,4) (3,4) (4,4) (4,5) (5,5)
  facet 1486: (0,0) (0,1) (0,3) (1,3) (1,4) (3,4) (4,4) (4,5) (5,5)
  facet 1487: (0,0) (0,1) (1,1) (1,3) (1,4) (3,4) (4,4) (4,5) (5,5)
  facet 1488: (0,0) (1,0) (1,1) (1,3) (1,4) (3,4) (4,4) (4,5) (5,5)
  facet 1489: (0,0) (0,1) (0,3) (1,3) (3,3) (3,4) (4,4) (4,5) (5,5)
  facet 1490: (0,0) (0,1) (1,1) (1,3) (3,3) (3,4) (4,4) (4,5) (5,5)
  facet 1491: (0,0) (1,0) (1,1) (1,3) (3,3) (3,4) (4,4) (4,5) (5,5)
  facet 1492: (0,0) (0,1) (1,1) (3,1) (3,3) (3,4) (4,4) (4,5) (5,5)
  facet 1493: (0,0) (1,0) (1,1) (3,1) (3,3) (3,4) (4,4) (4,5) (5,5)
  facet 1494: (0,0) (1,0) (3,0) (3,1) (3,3) (3,4) (4,4) (4,5) (5,5)
  facet 1495: (0,0) (0,1) (0,3) (1,3) (3,3) (4,3) (4,4) (4,5) (5,5)
  facet 1496: (0,0) (0,1) (1,1) (1,3) (3,3) (4,3) (4,4) (4,5) (5,5)
  facet 1497: (0,0) (1,0) (1,1) (1,3) (3,3) (4,3) (4,4) (4,5) (5,5)
  facet 1498: (0,0) (0,1) (1,1) (3,1) (3,3) (4,3) (4,4) (4,5) (5,5)
  facet 1499: (0,0) (1,0) (1,1) (3,1) (3,3) (4,3) (4,4) (4,5) (5,5)
  facet 1500: (0,0) (1,0) (3,0) (3,1) (3,3) (4,3) (4,4) (4,5) (5,5)
  facet 1501: (0,0) (0,1) (1,1) (3,1) (4,1) (4,3) (4,4) (4,5) (5,5)
  facet 1502: (0,0) (1,0) (1,1) (3,1) (4,1) (4,3) (4,4) (4,5) (5,5)
  facet 1503: (0,0) (1,0) (3,0) (3,1) (4,1) (4,3) (4,4) (4,5) (5,5)
  facet 1504: (0,0) (1,0) (3,0) (4,0) (4,1) (4,3) (4,4) (4,5) (5,5)
  facet 1505: (0,0) (0,1) (0,3) (0,4) (1,4) (3,4) (4,4) (5,4) (5,5)
  facet 1506: (0,0) (0,1) (0,3) (1,3) (1,4) (3,4) (4,4) (5,4) (5,5)
  facet 1507: (0,0) (0,1) (1,1) (1,3) (1,4) (3,4) (4,4) (5,4) (5,5)
  facet 1508: (0,0) (1,0) (1,1) (1,3) (1,4) (3,4) (4,4) (5,4) (5,5)
  facet 1509: (0,0) (0,1) (0,3) (1,3) (3,3) (3,4) (4,4) (5,4) (5,5)
  facet 1510: (0,0) (0,1) (1,1) (1,3) (3,3) (3,4) (4,4) (5,4) (5,5)
  facet 1511: (0,0) (1,0) (1,1) (1,3) (3,3) (3,4) (4,4) (5,4) (5,5)
  facet 1512: (0,0) (0,1) (1,1) (3,1) (3,3) (3,4) (4,4) (5,4) (5,5)
  facet 1513: (0,0) (1,0) (1,1) (3,1) (3,3) (3,4) (4,4) (5,4) (5,5)
  facet 1514: (0,0) (1,0) (3,0) (3,1) (3,3) (3,4) (4,4) (5,4) (5,5)
  facet 1515: (0,0) (0,1) (0,3) (1,3) (3,3) (4,3) (4,4) (5,4) (5,5)
  facet 1516: (0,0) (0,1) (1,1) (1,3) (3,3) (4,3) (4,4) (5,4) (5,5)
  facet 1517: (0,0) (1,0) (1,1) (1,3) (3,3) (4,3) (4,4) (5,4) (5,5)
  facet 1518: (0,0) (0,1) (1,1) (3,1) (3,3) (4,3) (4,4) (5,4) (5,5)
  facet 1519: (0,0) (1,0) (1,1) (3,1) (3,3) (4,3) (4,4) (5,4) (5,5)
  facet 1520: (0,0) (1,0) (3,0) (3,1) (3,3) (4,3) (4,4) (5,4) (5,5)
  facet 1521: (0,0) (0,1) (1,1) (3,1) (4,1) (4,3) (4,4) (5,4) (5,5)
  facet 1522: (0,0) (1,0) (1,1) (3,1) (4,1) (4,3) (4,4) (5,4) (5,5)
  facet 1523: (0,0) (1,0) (3,0) (3,1) (4,1) (4,3) (4,4) (5,4) (5,5)
  facet 1524: (0,0) (1,0) (3,0) (4,0) (4,1) (4,3) (4,4) (5,4) (5,5)
  facet 1525: (0,0) (0,1) (0,3) (1,3) (3,3) (4,3) (5,3) (5,4) (5,5)
  facet 1526: (0,0) (0,1) (1,1) (1,3) (3,3) (4,3) (5,3) (5,4) (5,5)
  facet 1527: (0,0) (1,0) (1,1) (1,3) (3,3) (4,3) (5,3) (5,4) (5,5)
  facet 1528: (0,0) (0,1) (1,1) (3,1) (3,3) (4,3) (5,3) (5,4) (5,5)
  facet 1529: (0,0) (1,0) (1,1) (3,1) (3,3) (4,3) (5,3) (5,4) (5,5)
  facet 1530: (0,0) (1,0) (3,0) (3,1) (3,3) (4,3) (5,3) (5,4) (5,5)
  facet 1531: (0,0) (0,1) (1,1) (3,1) (4,1) (4,3) (5,3) (5,4) (5,5)
  facet 1532: (0,0) (1,0) (1,1) (3,1) (4,1) (4,3) (5,3) (5,4) (5,5)
  facet 1533: (0,0) (1,0) (3,0) (3,1) (4,1) (4,3) (5,3) (5,4) (5,5)
  facet 1534: (0,0) (1,0) (3,0) (4,0) (4,1) (4,3) (5,3) (5,4) (5,5)
  facet 1535: (0,0) (0,1) (1,1) (3,1) (4,1) (5,1) (5,3) (5,4) (5,5)
  facet 1536: (0,0) (1,0) (1,1) (3,1) (4,1) (5,1) (5,3) (5,4) (5,5)
  facet 1537: (0,0) (1,0) (3,0) (3,1) (4,1) (5,1) (5,3) (5,4) (5,5)
  facet 1538: (0,0) (1,0) (3,0) (4,0) (4,1) (5,1) (5,3) (5,4) (5,5)
  facet 1539: (0,0) (1,0) (3,0) (4,0) (5,0) (5,1) (5,3) (5,4) (5,5)
  facet 1540: (0,0) (0,2) (0,3) (0,4) (0,5) (1,5) (3,5) (4,5) (5,5)
  facet 1541: (0,0) (0,2) (0,3) (0,4) (1,4) (1,5) (3,5) (4,5) (5,5)
  facet 1542: (0,0) (0,2) (0,3) (1,3) (1,4) (1,5) (3,5) (4,5) (5,5)
  facet 1543: (0,0) (0,2) (1,2) (1,3) (1,4) (1,5) (3,5) (4,5) (5,5)
  facet 1544: (0,0) (1,0) (1,2) (1,3) (1,4) (1,5) (3,5) (4,5) (5,5)
  facet 1545: (0,0) (0,2) (0,3) (0,4) (1,4) (3,4) (3,5) (4,5) (5,5)
  facet 1546: (0,0) (0,2) (0,3) (1,3) (1,4) (3,4) (3,5) (4,5) (5,5)
  facet 1547: (0,0) (0,2) (1,2) (1,3) (1,4) (3,4) (3,5) (4,5) (5,5)
  facet 1548: (0,0) (1,0) (1,2) (1,3) (1,4) (3,4) (3,5) (4,5) (5,5)
  facet 1549: (0,0) (0,2) (0,3) (1,3) (3,3) (3,4) (3,5) (4,5) (5,5)
  facet 1550: (0,0) (0,2) (1,2) (1,3) (3,3) (3,4) (3,5) (4,5) (5,5)
  facet 1551: (0,0) (1,0) (1,2) (1,3) (3,3) (3,4) (3,5) (4,5) (5,5)
  facet 1552: (0,0) (0,2) (1,2) (3,2) (3,3) (3,4) (3,5) (4,5) (5,5)
  facet 1553: (0,0) (1,0) (1,2) (3,2) (3,3) (3,4) (3,5) (4,5) (5,5)
  facet 1554: (0,0) (1,0) (3,0) (3,2) (3,3) (3,4) (3,5) (4,5) (5,5)
  facet 1555: (0,0) (0,2) (0,3) (0,4) (1,4) (3,4) (4,4) (4,5) (5,5)
  facet 1556: (0,0) (0,2) (0,3) (1,3) (1,4) (3,4) (4,4) (4,5) (5,5)
  facet 1557: (0,0) (0,2) (1,2) (1,3) (1,4) (3,4) (4,4) (4,5) (5,5)
  facet 1558: (0,0) (1,0) (1,2) (1,3) (1,4) (3,4) (4,4) (4,5) (5,5)
  facet 1559: (0,0) (0,2) (0,3) (1,3) (3,3) (3,4) (4,4) (4,5) (5,5)
  facet 1560: (0,0) (0,2) (1,2) (1,3) (3,3) (3,4) (4,4) (4,5) (5,5)
  facet 1561: (0,0) (1,0) (1,2) (1,3) (3,3) (3,4) (4,4) (4,5) (5,5)
  facet 1562: (0,0) (0,2) (1,2) (3,2) (3,3) (3,4) (4,4) (4,5) (5,5)
  facet 1563: (0,0) (1,0) (1,2) (3,2) (3,3) (3,4) (4,4) (4,5) (5,5)
  facet 1564: (0,0) (1,0) (3,0) (3,2) (3,3) (3,4) (4,4) (4,5) (5,5)
  facet 1565: (0,0) (0,2) (0,3) (1,3) (3,3) (4,3) (4,4) (4,5) (5,5)
  facet 1566: (0,0) (0,2) (1,2) (1,3) (3,3) (4,3) (4,4) (4,5) (5,5)
  facet 1567: (0,0) (1,0) (1,2) (1,3) (3,3) (4,3) (4,4) (4,5) (5,5)
  facet 1568: (0,0) (0,2) (1,2) (3,2) (3,3) (4,3) (4,4) (4,5) (5,5)
  facet 1569: (0,0) (1,0) (1,2) (3,2) (3,3) (4,3) (4,4) (4,5) (5,5)
  facet 1570: (0,0) (1,0) (3,0) (3,2) (3,3) (4,3) (4,4) (4,5) (5,5)
  facet 1571: (0,0) (0,2) (1,2) (3,2) (4,2) (4,3) (4,4) (4,5) (5,5)
  facet 1572: (0,0) (1,0) (1,2) (3,2) (4,2) (4,3) (4,4) (4,5) (5,5)
  facet 1573: (0,0) (1,0) (3,0) (3,2) (4,2) (4,3) (4,4) (4,5) (5,5)
  facet 1574: (0,0) (1,0) (3,0) (4,0) (4,2) (4,3) (4,4) (4,5) (5,5)
  facet 1575: (0,0) (0,2) (0,3) (0,4) (1,4) (3,4) (4,4) (5,4) (5,5)
  facet 1576: (0,0) (0,2) (0,3) (1,3) (1,4) (3,4) (4,4) (5,4) (5,5)
  facet 1577: (0,0) (0,2) (1,2) (1,3) (1,4) (3,4) (4,4) (5,4) (5,5)
  facet 1578: (0,0) (1,0) (1,2) (1,3) (1,4) (3,4) (4,4) (5,4) (5,5)
  facet 1579: (0,0) (0,2) (0,3) (1,3) (3,3) (3,4) (4,4) (5,4) (5,5)
  facet 1580: (0,0) (0,2) (1,2) (1,3) (3,3) (3,4) (4,4) (5,4) (5,5)
  facet 1581: (0,0) (1,0) (1,2) (1,3) (3,3) (3,4) (4,4) (5,4) (5,5)
  facet 1582: (0,0) (0,2) (1,2) (3,2) (3,3) (3,4) (4,4) (5,4) (5,5)
  facet 1583: (0,0) (1,0) (1,2) (3,2) (3,3) (3,4) (4,4) (5,4) (5,5)
  facet 1584: (0,0) (1,0) (3,0) (3,2) (3,3) (3,4) (4,4) (5,4) (5,5)
  facet 1585: (0,0) (0,2) (0,3) (1,3) (3,3) (4,3) (4,4) (5,4) (5,5)
  facet 1586: (0,0) (0,2) (1,2) (1,3) (3,3) (4,3) (4,4) (5,4) (5,5)
  facet 1587: (0,0) (1,0) (1,2) (1,3) (3,3) (4,3) (4,4) (5,4) (5,5)
  facet 1588: (0,0) (0,2) (1,2) (3,2) (3,3) (4,3) (4,4) (5,4) (5,5)
  facet 1589: (0,0) (1,0) (1,2) (3,2) (3,3) (4,3) (4,4) (5,4) (5,5)
  facet 1590: (0,0) (1,0) (3,0) (3,2) (3,3) (4,3) (4,4) (5,4) (5,5)
  facet 1591: (0,0) (0,2) (1,2) (3,2) (4,2) (4,3) (4,4) (5,4) (5,5)
  facet 1592: (0,0) (1,0) (1,2) (3,2) (4,2) (4,3) (4,4) (5,4) (5,5)
  facet 1593: (0,0) (1,0) (3,0) (3,2) (4,2) (4,3) (4,4) (5,4) (5,5)
  facet 1594: (0,0) (1,0) (3,0) (4,0) (4,2) (4,3) (4,4) (5,4) (5,5)
  facet 1595: (0,0) (0,2) (0,3) (1,3) (3,3) (4,3) (5,3) (5,4) (5,5)
  facet 1596: (0,0) (0,2) (1,2) (1,3) (3,3) (4,3) (5,3) (5,4) (5,5)
  facet 1597: (0,0) (1,0) (1,2) (1,3) (3,3) (4,3) (5,3) (5,4) (5,5)
  facet 1598: (0,0) (0,2) (1,2) (3,2) (3,3) (4,3) (5,3) (5,4) (5,5)
  facet 1599: (0,0) (1,0) (1,2) (3,2) (3,3) (4,3) (5,3) (5,4) (5,5)
  facet 1600: (0,0) (1,0) (3,0) (3,2) (3,3) (4,3) (5,3) (5,4) (5,5)
  facet 1601: (0,0) (0,2) (1,2) (3,2) (4,2) (4,3) (5,3) (5,4) (5,5)
  facet 1602: (0,0) (1,0) (1,2) (3,2) (4,2) (4,3) (5,3) (5,4) (5,5)
  facet 1603: (0,0) (1,0) (3,0) (3,2) (4,2) (4,3) (5,3) (5,4) (5,5)
  facet 1604: (0,0) (1,0) (3,0) (4,0) (4,2) (4,3) (5,3) (5,4) (5,5)
  facet 1605: (0,0) (0,2) (1,2) (3,2) (4,2) (5,2) (5,3) (5,4) (5,5)
  facet 1606: (0,0) (1,0) (1,2) (3,2) (4,2) (5,2) (5,3) (5,4) (5,5)
  facet 1607: (0,0) (1,0) (3,0) (3,2) (4,2) (5,2) (5,3) (5,4) (5,5)
  facet 1608: (0,0) (1,0) (3,0) (4,0) (4,2) (5,2) (5,3) (5,4) (5,5)
  facet 1609: (0,0) (1,0) (3,0) (4,0) (5,0) (5,2) (5,3) (5,4) (5,5)
  facet 1680: (0,0) (0,1) (0,2) (0,3) (0,4) (2,4) (3,4) (4,4) (5,4)
  facet 1681: (0,0) (0,1) (0,2) (0,3) (2,3) (2,4) (3,4) (4,4) (5,4)
  facet 1682: (0,0) (0,1) (0,2) (2,2) (2,3) (2,4) (3,4) (4,4) (5,4)
  facet 1683: (0,0) (0,1) (2,1) (2,2) (2,3) (2,4) (3,4) (4,4) (5,4)
  facet 1684: (0,0) (2,0) (2,1) (2,2) (2,3) (2,4) (3,4) (4,4) (5,4)
  facet 1685: (0,0) (0,1) (0,2) (0,3) (2,3) (3,3) (3,4) (4,4) (5,4)
  facet 1686: (0,0) (0,1) (0,2) (2,2) (2,3) (3,3) (3,4) (4,4) (5,4)
  facet 1687: (0,0) (0,1) (2,1) (2,2) (2,3) (3,3) (3,4) (4,4) (5,4)
  facet 1688: (0,0) (2,0) (2,1) (2,2) (2,3) (3,3) (3,4) (4,4) (5,4)
  facet 1689: (0,0) (0,1) (0,2) (2,2) (3,2) (3,3) (3,4) (4,4) (5,4)
  facet 1690: (0,0) (0,1) (2,1) (2,2) (3,2) (3,3) (3,4) (4,4) (5,4)
  facet 1691: (0,0) (2,0) (2,1) (2,2) (3,2) (3,3) (3,4) (4,4) (5,4)
  facet 1692: (0,0) (0,1) (2,1) (3,1) (3,2) (3,3) (3,4) (4,4) (5,4)
  facet 1693: (0,0) (2,0) (2,1) (3,1) (3,2) (3,3) (3,4) (4,4) (5,4)
  facet 1694: (0,0) (2,0) (3,0) (3,1) (3,2) (3,3) (3,4) (4,4) (5,4)
  facet 1695: (0,0) (0,1) (0,2) (0,3) (2,3) (3,3) (4,3) (4,4) (5,4)
  facet 1696: (0,0) (0,1) (0,2) (2,2) (2,3) (3,3) (4,3) (4,4) (5,4)
  facet 1697: (0,0) (0,1) (2,1) (2,2) (2,3) (3,3) (4,3) (4,4) (5,4)
  facet 1698: (0,0) (2,0) (2,1) (2,2) (2,3) (3,3) (4,3) (4,4) (5,4)
  facet 1699: (0,0) (0,1) (0,2) (2,2) (3,2) (3,3) (4,3) (4,4) (5,4)
  facet 1700: (0,0) (0,1) (2,1) (2,2) (3,2) (3,3) (4,3) (4,4) (5,4)
  facet 1701: (0,0) (2,0) (2,1) (2,2) (3,2) (3,3) (4,3) (4,4) (5,4)
  facet 1702: (0,0) (0,1) (2,1) (3,1) (3,2) (3,3) (4,3) (4,4) (5,4)
  facet 1703: (0,0) (2,0) (2,1) (3,1) (3,2) (3,3) (4,3) (4,4) (5,4)
  facet 1704: (0,0) (2,0) (3,0) (3,1) (3,2) (3,3) (4,3) (4,4) (5,4)
  facet 1705: (0,0) (0,1) (0,2) (2,2) (3,2) (4,2) (4,3) (4,4) (5,4)
  facet 1706: (0,0) (0,1) (2,1) (2,2) (3,2) (4,2) (4,3) (4,4) (5,4)
  facet 1707: (0,0) (2,0) (2,1) (2,2) (3,2) (4,2) (4,3) (4,4) (5,4)
  facet 1708: (0,0) (0,1) (2,1) (3,1) (3,2) (4,2) (4,3) (4,4) (5,4)
  facet 1709: (0,0) (2,0) (2,1) (3,1) (3,2) (4,2) (4,3) (4,4) (5,4)
  facet 1710: (0,0) (2,0) (3,0) (3,1) (3,2) (4,2) (4,3) (4,4) (5,4)
  facet 1711: (0,0) (0,1) (2,1) (3,1) (4,1) (4,2) (4,3) (4,4) (5,4)
  facet 1712: (0,0) (2,0) (2,1) (3,1) (4,1) (4,2) (4,3) (4,4) (5,4)
  facet 1713: (0,0) (2,0) (3,0) (3,1) (4,1) (4,2) (4,3) (4,4) (5,4)
  facet 1714: (0,0) (2,0) (3,0) (4,0) (4,1) (4,2) (4,3) (4,4) (5,4)
  facet 1715: (0,0) (0,1) (0,2) (0,3) (2,3) (3,3) (4,3) (5,3) (5,4)
  facet 1716: (0,0) (0,1) (0,2) (2,2) (2,3) (3,3) (4,3) (5,3) (5,4)
  facet 1717: (0,0) (0,1) (2,1) (2,2) (2,3) (3,3) (4,3) (5,3) (5,4)
  facet 1718: (0,0) (2,0) (2,1) (2,2) (2,3) (3,3) (4,3) (5,3) (5,4)
  facet 1719: (0,0) (0,1) (0,2) (2,2) (3,2) (3,3) (4,3) (5,3) (5,4)
  facet 1720: (0,0) (0,1) (2,1) (2,2) (3,2) (3,3) (4,3) (5,3) (5,4)
  facet 1721: (0,0) (2,0) (2,1) (2,2) (3,2) (3,3) (4,3) (5,3) (5,4)
  facet 1722: (0,0) (0,1) (2,1) (3,1) (3,2) (3,3) (4,3) (5,3) (5,4)
  facet 1723: (0,0) (2,0) (2,1) (3,1) (3,2) (3,3) (4,3) (5,3) (5,4)
  facet 1724: (0,0) (2,0) (3,0) (3,1) (3,2) (3,3) (4,3) (5,3) (5,4)
  facet 1725: (0,0) (0,1) (0,2) (2,2) (3,2) (4,2) (4,3) (5,3) (5,4)
  facet 1726: (0,0) (0,1) (2,1) (2,2) (3,2) (4,2) (4,3) (5,3) (5,4)
  facet 1727: (0,0) (2,0) (2,1) (2,2) (3,2) (4,2) (4,3) (5,3) (5,4)
  facet 1728: (0,0) (0,1) (2,1) (3,1) (3,2) (4,2) (4,3) (5,3) (5,4)
  facet 1729: (0,0) (2,0) (2,1) (3,1) (3,2) (4,2) (4,3) (5,3) (5,4)
  facet 1730: (0,0) (2,0) (3,0) (3,1) (3,2) (4,2) (4,3) (5,3) (5,4)
  facet 1731: (0,0) (0,1) (2,1) (3,1) (4,1) (4,2) (4,3) (5,3) (5,4)
  facet 1732: (0,0) (2,0) (2,1) (3,1) (4,1) (4,2) (4,3) (5,3) (5,4)
  facet 1733: (0,0) (2,0) (3,0) (3,1) (4,1) (4,2) (4,3) (5,3) (5,4)
  facet 1734: (0,0) (2,0) (3,0) (4,0) (4,1) (4,2) (4,3) (5,3) (5,4)
  facet 1735: (0,0) (0,1) (0,2) (2,2) (3,2) (4,2) (5,2) (5,3) (5,4)
  facet 1736: (0,0) (0,1) (2,1) (2,2) (3,2) (4,2) (5,2) (5,3) (5,4)
  facet 1737: (0,0) (2,0) (2,1) (2,2) (3,2) (4,2) (5,2) (5,3) (5,4)
  facet 1738: (0,0) (0,1) (2,1) (3,1) (3,2) (4,2) (5,2) (5,3) (5,4)
  facet 1739: (0,0) (2,0) (2,1) (3,1) (3,2) (4,2) (5,2) (5,3) (5,4)
  facet 1740: (0,0) (2,0) (3,0) (3,1) (3,2) (4,2) (5,2) (5,3) (5,4)
  facet 1741: (0,0) (0,1) (2,1) (3,1) (4,1) (4,2) (5,2) (5,3) (5,4)
  facet 1742: (0,0) (2,0) (2,1) (3,1) (4,1) (4,2) (5,2) (5,3) (5,4)
  facet 1743: (0,0) (2,0) (3,0) (3,1) (4,1) (4,2) (5,2) (5,3) (5,4)
  facet 1744: (0,0) (2,0) (3,0) (4,0) (4,1) (4,2) (5,2) (5,3) (5,4)
  facet 1745: (0,0) (0,1) (2,1) (3,1) (4,1) (5,1) (5,2) (5,3) (5,4)
  facet 1746: (0,0) (2,0) (2,1) (3,1) (4,1) (5,1) (5,2) (5,3) (5,4)
  facet 1747: (0,0) (2,0) (3,0) (3,1) (4,1) (5,1) (5,2) (5,3) (5,4)
  facet 1748: (0,0) (2,0) (3,0) (4,0) (4,1) (5,1) (5,2) (5,3) (5,4)
  facet 1749: (0,0) (2,0) (3,0) (4,0) (5,0) (5,1) (5,2) (5,3) (5,4)
  facet 1750: (0,0) (0,1) (0,2) (0,3) (0,5) (2,5) (3,5) (4,5) (5,5)
  facet 1751: (0,0) (0,1) (0,2) (0,3) (2,3) (2,5) (3,5) (4,5) (5,5)
  facet 1752: (0,0) (0,1) (0,2) (2,2) (2,3) (2,5) (3,5) (4,5) (5,5)
  facet 1753: (0,0) (0,1) (2,1) (2,2) (2,3) (2,5) (3,5) (4,5) (5,5)
  facet 1754: (0,0) (2,0) (2,1) (2,2) (2,3) (2,5) (3,5) (4,5) (5,5)
  facet 1755: (0,0) (0,1) (0,2) (0,3) (2,3) (3,3) (3,5) (4,5) (5,5)
  facet 1756: (0,0) (0,1) (0,2) (2,2) (2,3) (3,3) (3,5) (4,5) (5,5)
  facet 1757: (0,0) (0,1) (2,1) (2,2) (2,3) (3,3) (3,5) (4,5) (5,5)
  facet 1758: (0,0) (2,0) (2,1) (2,2) (2,3) (3,3) (3,5) (4,5) (5,5)
  facet 1759: (0,0) (0,1) (0,2) (2,2) (3,2) (3,3) (3,5) (4,5) (5,5)
  facet 1760: (0,0) (0,1) (2,1) (2,2) (3,2) (3,3) (3,5) (4,5) (5,5)
  facet 1761: (0,0) (2,0) (2,1) (2,2) (3,2) (3,3) (3,5) (4,5) (5,5)
  facet 1762: (0,0) (0,1) (2,1) (3,1) (3,2) (3,3) (3,5) (4,5) (5,5)
  facet 1763: (0,0) (2,0) (2,1) (3,1) (3,2) (3,3) (3,5) (4,5) (5,5)
  facet 1764: (0,0) (2,0) (3,0) (3,1) (3,2) (3,3) (3,5) (4,5) (5,5)
  facet 1765: (0,0) (0,1) (0,2) (0,3) (2,3) (3,3) (4,3) (4,5) (5,5)
  facet 1766: (0,0) (0,1) (0,2) (2,2) (2,3) (3,3) (4,3) (4,5) (5,5)
  facet 1767: (0,0) (0,1) (2,1) (2,2) (2,3) (3,3) (4,3) (4,5) (5,5)
  facet 1768: (0,0) (2,0) (2,1) (2,2) (2,3) (3,3) (4,3) (4,5) (5,5)
  facet 1769: (0,0) (0,1) (0,2) (2,2) (3,2) (3,3) (4,3) (4,5) (5,5)
  facet 1770: (0,0) (0,1) (2,1) (2,2) (3,2) (3,3) (4,3) (4,5) (5,5)
  facet 1771: (0,0) (2,0) (2,1) (2,2) (3,2) (3,3) (4,3) (4,5) (5,5)
  facet 1772: (0,0) (0,1) (2,1) (3,1) (3,2) (3,3) (4,3) (4,5) (5,5)
  facet 1773: (0,0) (2,0) (2,1) (3,1) (3,2) (3,3) (4,3) (4,5) (5,5)
  facet 1774: (0,0) (2,0) (3,0) (3,1) (3,2) (3,3) (4,3) (4,5) (5,5)
  facet 1775: (0,0) (0,1) (0,2) (2,2) (3,2) (4,2) (4,3) (4,5) (5,5)
  facet 1776: (0,0) (0,1) (2,1) (2,2) (3,2) (4,2) (4,3) (4,5) (5,5)
  facet 1777: (0,0) (2,0) (2,1) (2,2) (3,2) (4,2) (4,3) (4,5) (5,5)
  facet 1778: (0,0) (0,1) (2,1) (3,1) (3,2) (4,2) (4,3) (4,5) (5,5)
  facet 1779: (0,0) (2,0) (2,1) (3,1) (3,2) (4,2) (4,3) (4,5) (5,5)
  facet 1780: (0,0) (2,0) (3,0) (3,1) (3,2) (4,2) (4,3) (4,5) (5,5)
  facet 1781: (0,0) (0,1) (2,1) (3,1) (4,1) (4,2) (4,3) (4,5) (5,5)
  facet 1782: (0,0) (2,0) (2,1) (3,1) (4,1) (4,2) (4,3) (4,5) (5,5)
  facet 1783: (0,0) (2,0) (3,0) (3,1) (4,1) (4,2) (4,3) (4,5) (5,5)
  facet 1784: (0,0) (2,0) (3,0) (4,0) (4,1) (4,2) (4,3) (4,5) (5,5)
  facet 1785: (0,0) (0,1) (0,2) (0,3) (2,3) (3,3) (4,3) (5,3) (5,5)
  facet 1786: (0,0) (0,1) (0,2) (2,2) (2,3) (3,3) (4,3) (5,3) (5,5)
  facet 1787: (0,0) (0,1) (2,1) (2,2) (2,3) (3,3) (4,3) (5,3) (5,5)
  facet 1788: (0,0) (2,0) (2,1) (2,2) (2,3) (3,3) (4,3) (5,3) (5,5)
  facet 1789: (0,0) (0,1) (0,2) (2,2) (3,2) (3,3) (4,3) (5,3) (5,5)
  facet 1790: (0,0) (0,1) (2,1) (2,2) (3,2) (3,3) (4,3) (5,3) (5,5)
  facet 1791: (0,0) (2,0) (2,1) (2,2) (3,2) (3,3) (4,3) (5,3) (5,5)
  facet 1792: (0,0) (0,1) (2,1) (3,1) (3,2) (3,3) (4,3) (5,3) (5,5)
  facet 1793: (0,0) (2,0) (2,1) (3,1) (3,2) (3,3) (4,3) (5,3) (5,5)
  facet 1794: (0,0) (2,0) (3,0) (3,1) (3,2) (3,3) (4,3) (5,3) (5,5)
  facet 1795: (0,0) (0,1) (0,2) (2,2) (3,2) (4,2) (4,3) (5,3) (5,5)
  facet 1796: (0,0) (0,1) (2,1) (2,2) (3,2) (4,2) (4,3) (5,3) (5,5)
  facet 1797: (0,0) (2,0) (2,1) (2,2) (3,2) (4,2) (4,3) (5,3) (5,5)
  facet 1798: (0,0) (0,1) (2,1) (3,1) (3,2) (4,2) (4,3) (5,3) (5,5)
  facet 1799: (0,0) (2,0) (2,1) (3,1) (3,2) (4,2) (4,3) (5,3) (5,5)
  facet 1800: (0,0) (2,0) (3,0) (3,1) (3,2) (4,2) (4,3) (5,3) (5,5)
  facet 1801: (0,0) (0,1) (2,1) (3,1) (4,1) (4,2) (4,3) (5,3) (5,5)
  facet 1802: (0,0) (2,0) (2,1) (3,1) (4,1) (4,2) (4,3) (5,3) (5,5)
  facet 1803: (0,0) (2,0) (3,0) (3,1) (4,1) (4,2) (4,3) (5,3) (5,5)
  facet 1804: (0,0) (2,0) (3,0) (4,0) (4,1) (4,2) (4,3) (5,3) (5,5)
  facet 1805: (0,0) (0,1) (0,2) (2,2) (3,2) (4,2) (5,2) (5,3) (5,5)
  facet 1806: (0,0) (0,1) (2,1) (2,2) (3,2) (4,2) (5,2) (5,3) (5,5)
  facet 1807: (0,0) (2,0) (2,1) (2,2) (3,2) (4,2) (5,2) (5,3) (5,5)
  facet 1808: (0,0) (0,1) (2,1) (3,1) (3,2) (4,2) (5,2) (5,3) (5,5)
  facet 1809: (0,0) (2,0) (2,1) (3,1) (3,2) (4,2) (5,2) (5,3) (5,5)
  facet 1810: (0,0) (2,0) (3,0) (3,1) (3,2) (4,2) (5,2) (5,3) (5,5)
  facet 1811: (0,0) (0,1) (2,1) (3,1) (4,1) (4,2) (5,2) (5,3) (5,5)
  facet 1812: (0,0) (2,0) (2,1) (3,1) (4,1) (4,2) (5,2) (5,3) (5,5)
  facet 1813: (0,0) (2,0) (3,0) (3,1) (4,1) (4,2) (5,2) (5,3) (5,5)
  facet 1814: (0,0) (2,0) (3,0) (4,0) (4,1) (4,2) (5,2) (5,3) (5,5)
  facet 1815: (0,0) (0,1) (2,1) (3,1) (4,1) (5,1) (5,2) (5,3) (5,5)
  facet 1816: (0,0) (2,0) (2,1) (3,1) (4,1) (5,1) (5,2) (5,3) (5,5)
  facet 1817: (0,0) (2,0) (3,0) (3,1) (4,1) (5,1) (5,2) (5,3) (5,5)
  facet 1818: (0,0) (2,0) (3,0) (4,0) (4,1) (5,1) (5,2) (5,3) (5,5)
  facet 1819: (0,0) (2,0) (3,0) (4,0) (5,0) (5,1) (5,2) (5,3) (5,5)
  facet 1820: (0,0) (0,1) (0,2) (0,4) (0,5) (2,5) (3,5) (4,5) (5,5)
  facet 1821: (0,0) (0,1) (0,2) (0,4) (2,4) (2,5) (3,5) (4,5) (5,5)
  facet 1822: (0,0) (0,1) (0,2) (2,2) (2,4) (2,5) (3,5) (4,5) (5,5)
  facet 1823: (0,0) (0,1) (2,1) (2,2) (2,4) (2,5) (3,5) (4,5) (5,5)
  facet 1824: (0,0) (2,0) (2,1) (2,2) (2,4) (2,5) (3,5) (4,5) (5,5)
  facet 1825: (0,0) (0,1) (0,2) (0,4) (2,4) (3,4) (3,5) (4,5) (5,5)
  facet 1826: (0,0) (0,1) (0,2) (2,2) (2,4) (3,4) (3,5) (4,5) (5,5)
  facet 1827: (0,0) (0,1) (2,1) (2,2) (2,4) (3,4) (3,5) (4,5) (5,5)
  facet 1828: (0,0) (2,0) (2,1) (2,2) (2,4) (3,4) (3,5) (4,5) (5,5)
  facet 1829: (0,0) (0,1) (0,2) (2,2) (3,2) (3,4) (3,5) (4,5) (5,5)
  facet 1830: (0,0) (0,1) (2,1) (2,2) (3,2) (3,4) (3,5) (4,5) (5,5)
  facet 1831: (0,0) (2,0) (2,1) (2,2) (3,2) (3,4) (3,5) (4,5) (5,5)
  facet 1832: (0,0) (0,1) (2,1) (3,1) (3,2) (3,4) (3,5) (4,5) (5,5)
  facet 1833: (0,0) (2,0) (2,1) (3,1) (3,2) (3,4) (3,5) (4,5) (5,5)
  facet 1834: (0,0) (2,0) (3,0) (3,1) (3,2) (3,4) (3,5) (4,5) (5,5)
  facet 1835: (0,0) (0,1) (0,2) (0,4) (2,4) (3,4) (4,4) (4,5) (5,5)
  facet 1836: (0,0) (0,1) (0,2) (2,2) (2,4) (3,4) (4,4) (4,5) (5,5)
  facet 1837: (0,0) (0,1) (2,1) (2,2) (2,4) (3,4) (4,4) (4,5) (5,5)
  facet 1838: (0,0) (2,0) (2,1) (2,2) (2,4) (3,4) (4,4) (4,5) (5,5)
  facet 1839: (0,0) (0,1) (0,2) (2,2) (3,2) (3,4) (4,4) (4,5) (5,5)
  facet 1840: (0,0) (0,1) (2,1) (2,2) (3,2) (3,4) (4,4) (4,5) (5,5)
  facet 1841: (0,0) (2,0) (2,1) (2,2) (3,2) (3,4) (4,4) (4,5) (5,5)
  facet 1842: (0,0) (0,1) (2,1) (3,1) (3,2) (3,4) (4,4) (4,5) (5,5)
  facet 1843: (0,0) (2,0) (2,1) (3,1) (3,2) (3,4) (4,4) (4,5) (5,5)
  facet 1844: (0,0) (2,0) (3,0) (3,1) (3,2) (3,4) (4,4) (4,5) (5,5)
  facet 1845: (0,0) (0,1) (0,2) (2,2) (3,2) (4,2) (4,4) (4,5) (5,5)
  facet 1846: (0,0) (0,1) (2,1) (2,2) (3,2) (4,2) (4,4) (4,5) (5,5)
  facet 1847: (0,0) (2,0) (2,1) (2,2) (3,2) (4,2) (4,4) (4,5) (5,5)
  facet 1848: (0,0) (0,1) (2,1) (3,1) (3,2) (4,2) (4,4) (4,5) (5,5)
  facet 1849: (0,0) (2,0) (2,1) (3,1) (3,2) (4,2) (4,4) (4,5) (5,5)
  facet 1850: (0,0) (2,0) (3,0) (3,1) (3,2) (4,2) (4,4) (4,5) (5,5)
  facet 1851: (0,0) (0,1) (2,1) (3,1) (4,1) (4,2) (4,4) (4,5) (5,5)
  facet 1852: (0,0) (2,0) (2,1) (3,1) (4,1) (4,2) (4,4) (4,5) (5,5)
  facet 1853: (0,0) (2,0) (3,0) (3,1) (4,1) (4,2) (4,4) (4,5) (5,5)
  facet 1854: (0,0) (2,0) (3,0) (4,0) (4,1) (4,2) (4,4) (4,5) (5,5)
  facet 1855: (0,0) (0,1) (0,2) (0,4) (2,4) (3,4) (4,4) (5,4) (5,5)
  facet 1856: (0,0) (0,1) (0,2) (2,2) (2,4) (3,4) (4,4) (5,4) (5,5)
  facet 1857: (0,0) (0,1) (2,1) (2,2) (2,4) (3,4) (4,4) (5,4) (5,5)
  facet 1858: (0,0) (2,0) (2,1) (2,2) (2,4) (3,4) (4,4) (5,4) (5,5)
  facet 1859: (0,0) (0,1) (0,2) (2,2) (3,2) (3,4) (4,4) (5,4) (5,5)
  facet 1860: (0,0) (0,1) (2,1) (2,2) (3,2) (3,4) (4,4) (5,4) (5,5)
  facet 1861: (0,0) (2,0) (2,1) (2,2) (3,2) (3,4) (4,4) (5,4) (5,5)
  facet 1862: (0,0) (0,1) (2,1) (3,1) (3,2) (3,4) (4,4) (5,4) (5,5)
  facet 1863: (0,0) (2,0) (2,1) (3,1) (3,2) (3,4) (4,4) (5,4) (5,5)
  facet 1864: (0,0) (2,0) (3,0) (3,1) (3,2) (3,4) (4,4) (5,4) (5,5)
  facet 1865: (0,0) (0,1) (0,2) (2,2) (3,2) (4,2) (4,4) (5,4) (5,5)
  facet 1866: (0,0) (0,1) (2,1) (2,2) (3,2) (4,2) (4,4) (5,4) (5,5)
  facet 1867: (0,0) (2,0) (2,1) (2,2) (3,2) (4,2) (4,4) (5,4) (5,5)
  facet 1868: (0,0) (0,1) (2,1) (3,1) (3,2) (4,2) (4,4) (5,4) (5,5)
  facet 1869: (0,0) (2,0) (2,1) (3,1) (3,2) (4,2) (4,4) (5,4) (5,5)
  facet 1870: (0,0) (2,0) (3,0) (3,1) (3,2) (4,2) (4,4) (5,4) (5,5)
  facet 1871: (0,0) (0,1) (2,1) (3,1) (4,1) (4,2) (4,4) (5,4) (5,5)
  facet 1872: (0,0) (2,0) (2,1) (3,1) (4,1) (4,2) (4,4) (5,4) (5,5)
  facet 1873: (0,0) (2,0) (3,0) (3,1) (4,1) (4,2) (4,4) (5,4) (5,5)
  facet 1874: (0,0) (2,0) (3,0) (4,0) (4,1) (4,2) (4,4) (5,4) (5,5)
  facet 1875: (0,0) (0,1) (0,2) (2,2) (3,2) (4,2) (5,2) (5,4) (5,5)
  facet 1876: (0,0) (0,1) (2,1) (2,2) (3,2) (4,2) (5,2) (5,4) (5,5)
  facet 1877: (0,0) (2,0) (2,1) (2,2) (3,2) (4,2) (5,2) (5,4) (5,5)
  facet 1878: (0,0) (0,1) (2,1) (3,1) (3,2) (4,2) (5,2) (5,4) (5,5)
  facet 1879: (0,0) (2,0) (2,1) (3,1) (3,2) (4,2) (5,2) (5,4) (5,5)
  facet 1880: (0,0) (2,0) (3,0) (3,1) (3,2) (4,2) (5,2) (5,4) (5,5)
  facet 1881: (0,0) (0,1) (2,1) (3,1) (4,1) (4,2) (5,2) (5,4) (5,5)
  facet 1882: (0,0) (2,0) (2,1) (3,1) (4,1) (4,2) (5,2) (5,4) (5,5)
  facet 1883: (0,0) (2,0) (3,0) (3,1) (4,1) (4,2) (5,2) (5,4) (5,5)
  facet 1884: (0,0) (2,0) (3,0) (4,0) (4,1) (4,2) (5,2) (5,4) (5,5)
  facet 1885: (0,0) (0,1) (2,1) (3,1) (4,1) (5,1) (5,2) (5,4) (5,5)
  facet 1886: (0,0) (2,0) (2,1) (3,1) (4,1) (5,1) (5,2) (5,4) (5,5)
  facet 1887: (0,0) (2,0) (3,0) (3,1) (4,1) (5,1) (5,2) (5,4) (5,5)
  facet 1888: (0,0) (2,0) (3,0) (4,0) (4,1) (5,1) (5,2) (5,4) (5,5)
  facet 1889: (0,0) (2,0) (3,0) (4,0) (5,0) (5,1) (5,2) (5,4) (5,5)
  facet 1890: (0,0) (0,1) (0,3) (0,4) (0,5) (2,5) (3,5) (4,5) (5,5)
  facet 1891: (0,0) (0,1) (0,3) (0,4) (2,4) (2,5) (3,5) (4,5) (5,5)
  facet 1892: (0,0) (0,1) (0,3) (2,3) (2,4) (2,5) (3,5) (4,5) (5,5)
  facet 1893: (0,0) (0,1) (2,1) (2,3) (2,4) (2,5) (3,5) (4,5) (5,5)
  facet 1894: (0,0) (2,0) (2,1) (2,3) (2,4) (2,5) (3,5) (4,5) (5,5)
  facet 1895: (0,0) (0,1) (0,3) (0,4) (2,4) (3,4) (3,5) (4,5) (5,5)
  facet 1896: (0,0) (0,1) (0,3) (2,3) (2,4) (3,4) (3,5) (4,5) (5,5)
  facet 1897: (0,0) (0,1) (2,1) (2,3) (2,4) (3,4) (3,5) (4,5) (5,5)
  facet 1898: (0,0) (2,0) (2,1) (2,3) (2,4) (3,4) (3,5) (4,5) (5,5)
  facet 1899: (0,0) (0,1) (0,3) (2,3) (3,3) (3,4) (3,5) (4,5) (5,5)
  facet 1900: (0,0) (0,1) (2,1) (2,3) (3,3) (3,4) (3,5) (4,5) (5,5)
  facet 1901: (0,0) (2,0) (2,1) (2,3) (3,3) (3,4) (3,5) (4,5) (5,5)
  facet 1902: (0,0) (0,1) (2,1) (3,1) (3,3) (3,4) (3,5) (4,5) (5,5)
  facet 1903: (0,0) (2,0) (2,1) (3,1) (3,3) (3,4) (3,5) (4,5) (5,5)
  facet 1904: (0,0) (2,0) (3,0) (3,1) (3,3) (3,4) (3,5) (4,5) (5,5)
  facet 1905: (0,0) (0,1) (0,3) (0,4) (2,4) (3,4) (4,4) (4,5) (5,5)
  facet 1906: (0,0) (0,1) (0,3) (2,3) (2,4) (3,4) (4,4) (4,5) (5,5)
  facet 1907: (0,0) (0,1) (2,1) (2,3) (2,4) (3,4) (4,4) (4,5) (5,5)
  facet 1908: (0,0) (2,0) (2,1) (2,3) (2,4) (3,4) (4,4) (4,5) (5,5)
  facet 1909: (0,0) (0,1) (0,3) (2,3) (3,3) (3,4) (4,4) (4,5) (5,5)
  facet 1910: (0,0) (0,1) (2,1) (2,3) (3,3) (3,4) (4,4) (4,5) (5,5)
  facet 1911: (0,0) (2,0) (2,1) (2,3) (3,3) (3,4) (4,4) (4,5) (5,5)
  facet 1912: (0,0) (0,1) (2,1) (3,1) (3,3) (3,4) (4,4) (4,5) (5,5)
  facet 1913: (0,0) (2,0) (2,1) (3,1) (3,3) (3,4) (4,4) (4,5) (5,5)
  facet 1914: (0,0) (2,0) (3,0) (3,1) (3,3) (3,4) (4,4) (4,5) (5,5)
  facet 1915: (0,0) (0,1) (0,3) (2,3) (3,3) (4,3) (4,4) (4,5) (5,5)
  facet 1916: (0,0) (0,1) (2,1) (2,3) (3,3) (4,3) (4,4) (4,5) (5,5)
  facet 1917: (0,0) (2,0) (2,1) (2,3) (3,3) (4,3) (4,4) (4,5) (5,5)
  facet 1918: (0,0) (0,1) (2,1) (3,1) (3,3) (4,3) (4,4) (4,5) (5,5)
  facet 1919: (0,0) (2,0) (2,1) (3,1) (3,3) (4,3) (4,4) (4,5) (5,5)
  facet 1920: (0,0) (2,0) (3,0) (3,1) (3,3) (4,3) (4,4) (4,5) (5,5)
  facet 1921: (0,0) (0,1) (2,1) (3,1) (4,1) (4,3) (4,4) (4,5) (5,5)
  facet 1922: (0,0) (2,0) (2,1) (3,1) (4,1) (4,3) (4,4) (4,5) (5,5)
  facet 1923: (0,0) (2,0) (3,0) (3,1) (4,1) (4,3) (4,4) (4,5) (5,5)
  facet 1924: (0,0) (2,0) (3,0) (4,0) (4,1) (4,3) (4,4) (4,5) (5,5)
  facet 1925: (0,0) (0,1) (0,3) (0,4) (2,4) (3,4) (4,4) (5,4) (5,5)
  facet 1926: (0,0) (0,1) (0,3) (2,3) (2,4) (3,4) (4,4) (5,4) (5,5)
  facet 1927: (0,0) (0,1) (2,1) (2,3) (2,4) (3,4) (4,4) (5,4) (5,5)
  facet 1928: (0,0) (2,0) (2,1) (2,3) (2,4) (3,4) (4,4) (5,4) (5,5)
  facet 1929: (0,0) (0,1) (0,3) (2,3) (3,3) (3,4) (4,4) (5,4) (5,5)
  facet 1930: (0,0) (0,1) (2,1) (2,3) (3,3) (3,4) (4,4) (5,4) (5,5)
  facet 1931: (0,0) (2,0) (2,1) (2,3) (3,3) (3,4) (4,4) (5,4) (5,5)
  facet 1932: (0,0) (0,1) (2,1) (3,1) (3,3) (3,4) (4,4) (5,4) (5,5)
  facet 1933: (0,0) (2,0) (2,1) (3,1) (3,3) (3,4) (4,4) (5,4) (5,5)
  facet 1934: (0,0) (2,0) (3,0) (3,1) (3,3) (3,4) (4,4) (5,4) (5,5)
  facet 1935: (0,0) (0,1) (0,3) (2,3) (3,3) (4,3) (4,4) (5,4) (5,5)
  facet 1936: (0,0) (0,1) (2,1) (2,3) (3,3) (4,3) (4,4) (5,4) (5,5)
  facet 1937: (0,0) (2,0) (2,1) (2,3) (3,3) (4,3) (4,4) (5,4) (5,5)
  facet 1938: (0,0) (0,1) (2,1) (3,1) (3,3) (4,3) (4,4) (5,4) (5,5)
  facet 1939: (0,0) (2,0) (2,1) (3,1) (3,3) (4,3) (4,4) (5,4) (5,5)
  facet 1940: (0,0) (2,0) (3,0) (3,1) (3,3) (4,3) (4,4) (5,4) (5,5)
  facet 1941: (0,0) (0,1) (2,1) (3,1) (4,1) (4,3) (4,4) (5,4) (5,5)
  facet 1942: (0,0) (2,0) (2,1) (3,1) (4,1) (4,3) (4,4) (5,4) (5,5)
  facet 1943: (0,0) (2,0) (3,0) (3,1) (4,1) (4,3) (4,4) (5,4) (5,5)
  facet 1944: (0,0) (2,0) (3,0) (4,0) (4,1) (4,3) (4,4) (5,4) (5,5)
  facet 1945: (0,0) (0,1) (0,3) (2,3) (3,3) (4,3) (5,3) (5,4) (5,5)
  facet 1946: (0,0) (0,1) (2,1) (2,3) (3,3) (4,3) (5,3) (5,4) (5,5)
  facet 1947: (0,0) (2,0) (2,1) (2,3) (3,3) (4,3) (5,3) (5,4) (5,5)
  facet 1948: (0,0) (0,1) (2,1) (3,1) (3,3) (4,3) (5,3) (5,4) (5,5)
  facet 1949: (0,0) (2,0) (2,1) (3,1) (3,3) (4,3) (5,3) (5,4) (5,5)
  facet 1950: (0,0) (2,0) (3,0) (3,1) (3,3) (4,3) (5,3) (5,4) (5,5)
  facet 1951: (0,0) (0,1) (2,1) (3,1) (4,1) (4,3) (5,3) (5,4) (5,5)
  facet 1952: (0,0) (2,0) (2,1) (3,1) (4,1) (4,3) (5,3) (5,4) (5,5)
  facet 1953: (0,0) (2,0) (3,0) (3,1) (4,1) (4,3) (5,3) (5,4) (5,5)
  facet 1954: (0,0) (2,0) (3,0) (4,0) (4,1) (4,3) (5,3) (5,4) (5,5)
  facet 1955: (0,0) (0,1) (2,1) (3,1) (4,1) (5,1) (5,3) (5,4) (5,5)
  facet 1956: (0,0) (2,0) (2,1) (3,1) (4,1) (5,1) (5,3) (5,4) (5,5)
  facet 1957: (0,0) (2,0) (3,0) (3,1) (4,1) (5,1) (5,3) (5,4) (5,5)
  facet 1958: (0,0) (2,0) (3,0) (4,0) (4,1) (5,1) (5,3) (5,4) (5,5)
  facet 1959: (0,0) (2,0) (3,0) (4,0) (5,0) (5,1) (5,3) (5,4) (5,5)
  facet 1960: (0,0) (0,2) (0,3) (0,4) (0,5) (2,5) (3,5) (4,5) (5,5)
  facet 1961: (0,0) (0,2) (0,3) (0,4) (2,4) (2,5) (3,5) (4,5) (5,5)
  facet 1962: (0,0) (0,2) (0,3) (2,3) (2,4) (2,5) (3,5) (4,5) (5,5)
  facet 1963: (0,0) (0,2) (2,2) (2,3) (2,4) (2,5) (3,5) (4,5) (5,5)
  facet 1964: (0,0) (2,0) (2,2) (2,3) (2,4) (2,5) (3,5) (4,5) (5,5)
  facet 1965: (0,0) (0,2) (0,3) (0,4) (2,4) (3,4) (3,5) (4,5) (5,5)
  facet 1966: (0,0) (0,2) (0,3) (2,3) (2,4) (3,4) (3,5) (4,5) (5,5)
  facet 1967: (0,0) (0,2) (2,2) (2,3) (2,4) (3,4) (3,5) (4,5) (5,5)
  facet 1968: (0,0) (2,0) (2,2) (2,3) (2,4) (3,4) (3,5) (4,5) (5,5)
  facet 1969: (0,0) (0,2) (0,3) (2,3) (3,3) (3,4) (3,5) (4,5) (5,5)
  facet 1970: (0,0) (0,2) (2,2) (2,3) (3,3) (3,4) (3,5) (4,5) (5,5)
  facet 1971: (0,0) (2,0) (2,2) (2,3) (3,3) (3,4) (3,5) (4,5) (5,5)
  facet 1972: (0,0) (0,2) (2,2) (3,2) (3,3) (3,4) (3,5) (4,5) (5,5)
  facet 1973: (0,0) (2,0) (2,2) (3,2) (3,3) (3,4) (3,5) (4,5) (5,5)
  facet 1974: (0,0) (2,0) (3,0) (3,2) (3,3) (3,4) (3,5) (4,5) (5,5)
  facet 1975: (0,0) (0,2) (0,3) (0,4) (2,4) (3,4) (4,4) (4,5) (5,5)
  facet 1976: (0,0) (0,2) (0,3) (2,3) (2,4) (3,4) (4,4) (4,5) (5,5)
  facet 1977: (0,0) (0,2) (2,2) (2,3) (2,4) (3,4) (4,4) (4,5) (5,5)
  facet 1978: (0,0) (2,0) (2,2) (2,3) (2,4) (3,4) (4,4) (4,5) (5,5)
  facet 1979: (0,0) (0,2) (0,3) (2,3) (3,3) (3,4) (4,4) (4,5) (5,5)
  facet 1980: (0,0) (0,2) (2,2) (2,3) (3,3) (3,4) (4,4) (4,5) (5,5)
  facet 1981: (0,0) (2,0) (2,2) (2,3) (3,3) (3,4) (4,4) (4,5) (5,5)
  facet 1982: (0,0) (0,2) (2,2) (3,2) (3,3) (3,4) (4,4) (4,5) (5,5)
  facet 1983: (0,0) (2,0) (2,2) (3,2) (3,3) (3,4) (4,4) (4,5) (5,5)
  facet 1984: (0,0) (2,0) (3,0) (3,2) (3,3) (3,4) (4,4) (4,5) (5,5)
  facet 1985: (0,0) (0,2) (0,3) (2,3) (3,3) (4,3) (4,4) (4,5) (5,5)
  facet 1986: (0,0) (0,2) (2,2) (2,3) (3,3) (4,3) (4,4) (4,5) (5,5)
  facet 1987: (0,0) (2,0) (2,2) (2,3) (3,3) (4,3) (4,4) (4,5) (5,5)
  facet 1988: (0,0) (0,2) (2,2) (3,2) (3,3) (4,3) (4,4) (4,5) (5,5)
  facet 1989: (0,0) (2,0) (2,2) (3,2) (3,3) (4,3) (4,4) (4,5) (5,5)
  facet 1990: (0,0) (2,0) (3,0) (3,2) (3,3) (4,3) (4,4) (4,5) (5,5)
  facet 1991: (0,0) (0,2) (2,2) (3,2) (4,2) (4,3) (4,4) (4,5) (5,5)
  facet 1992: (0,0) (2,0) (2,2) (3,2) (4,2) (4,3) (4,4) (4,5) (5,5)
  facet 1993: (0,0) (2,0) (3,0) (3,2) (4,2) (4,3) (4,4) (4,5) (5,5)
  facet 1994: (0,0) (2,0) (3,0) (4,0) (4,2) (4,3) (4,4) (4,5) (5,5)
  facet 1995: (0,0) (0,2) (0,3) (0,4) (2,4) (3,4) (4,4) (5,4) (5,5)
  facet 1996: (0,0) (0,2) (0,3) (2,3) (2,4) (3,4) (4,4) (5,4) (5,5)
  facet 1997: (0,0) (0,2) (2,2) (2,3) (2,4) (3,4) (4,4) (5,4) (5,5)
  facet 1998: (0,0) (2,0) (2,2) (2,3) (2,4) (3,4) (4,4) (5,4) (5,5)
  facet 1999: (0,0) (0,2) (0,3) (2,3) (3,3) (3,4) (4,4) (5,4) (5,5)
  facet 2000: (0,0) (0,2) (2,2) (2,3) (3,3) (3,4) (4,4) (5,4) (5,5)
  facet 2001: (0,0) (2,0) (2,2) (2,3) (3,3) (3,4) (4,4) (5,4) (5,5)
  facet 2002: (0,0) (0,2) (2,2) (3,2) (3,3) (3,4) (4,4) (5,4) (5,5)
  facet 2003: (0,0) (2,0) (2,2) (3,2) (3,3) (3,4) (4,4) (5,4) (5,5)
  facet 2004: (0,0) (2,0) (3,0) (3,2) (3,3) (3,4) (4,4) (5,4) (5,5)
  facet 2005: (0,0) (0,2) (0,3) (2,3) (3,3) (4,3) (4,4) (5,4) (5,5)
  facet 2006: (0,0) (0,2) (2,2) (2,3) (3,3) (4,3) (4,4) (5,4) (5,5)
  facet 2007: (0,0) (2,0) (2,2) (2,3) (3,3) (4,3) (4,4) (5,4) (5,5)
  facet 2008: (0,0) (0,2) (2,2) (3,2) (3,3) (4,3) (4,4) (5,4) (5,5)
  facet 2009: (0,0) (2,0) (2,2) (3,2) (3,3) (4,3) (4,4) (5,4) (5,5)
  facet 2010: (0,0) (2,0) (3,0) (3,2) (3,3) (4,3) (4,4) (5,4) (5,5)
  facet 2011: (0,0) (0,2) (2,2) (3,2) (4,2) (4,3) (4,4) (5,4) (5,5)
  facet 2012: (0,0) (2,0) (2,2) (3,2) (4,2) (4,3) (4,4) (5,4) (5,5)
  facet 2013: (0,0) (2,0) (3,0) (3,2) (4,2) (4,3) (4,4) (5,4) (5,5)
  facet 2014: (0,0) (2,0) (3,0) (4,0) (4,2) (4,3) (4,4) (5,4) (5,5)
  facet 2015: (0,0) (0,2) (0,3) (2,3) (3,3) (4,3) (5,3) (5,4) (5,5)
  facet 2016: (0,0) (0,2) (2,2) (2,3) (3,3) (4,3) (5,3) (5,4) (5,5)
  facet 2017: (0,0) (2,0) (2,2) (2,3) (3,3) (4,3) (5,3) (5,4) (5,5)
  facet 2018: (0,0) (0,2) (2,2) (3,2) (3,3) (4,3) (5,3) (5,4) (5,5)
  facet 2019: (0,0) (2,0) (2,2) (3,2) (3,3) (4,3) (5,3) (5,4) (5,5)
  facet 2020: (0,0) (2,0) (3,0) (3,2) (3,3) (4,3) (5,3) (5,4) (5,5)
  facet 2021: (0,0) (0,2) (2,2) (3,2) (4,2) (4,3) (5,3) (5,4) (5,5)
  facet 2022: (0,0) (2,0) (2,2) (3,2) (4,2) (4,3) (5,3) (5,4) (5,5)
  facet 2023: (0,0) (2,0) (3,0) (3,2) (4,2) (4,3) (5,3) (5,4) (5,5)
  facet 2024: (0,0) (2,0) (3,0) (4,0) (4,2) (4,3) (5,3) (5,4) (5,5)
  facet 2025: (0,0) (0,2) (2,2) (3,2) (4,2) (5,2) (5,3) (5,4) (5,5)
  facet 2026: (0,0) (2,0) (2,2) (3,2) (4,2) (5,2) (5,3) (5,4) (5,5)
  facet 2027: (0,0) (2,0) (3,0) (3,2) (4,2) (5,2) (5,3) (5,4) (5,5)
  facet 2028: (0,0) (2,0) (3,0) (4,0) (4,2) (5,2) (5,3) (5,4) (5,5)
  facet 2029: (0,0) (2,0) (3,0) (4,0) (5,0) (5,2) (5,3) (5,4) (5,5)
--- domain 1  (630 facets) ---
  facet 350: (0,1) (0,2) (0,3) (0,4) (0,5) (1,5) (2,5) (3,5) (4,5)
  facet 351: (0,1) (0,2) (0,3) (0,4) (1,4) (1,5) (2,5) (3,5) (4,5)
  facet 352: (0,1) (0,2) (0,3) (1,3) (1,4) (1,5) (2,5) (3,5) (4,5)
  facet 353: (0,1) (0,2) (1,2) (1,3) (1,4) (1,5) (2,5) (3,5) (4,5)
  facet 354: (0,1) (1,1) (1,2) (1,3) (1,4) (1,5) (2,5) (3,5) (4,5)
  facet 355: (0,1) (0,2) (0,3) (0,4) (1,4) (2,4) (2,5) (3,5) (4,5)
  facet 356: (0,1) (0,2) (0,3) (1,3) (1,4) (2,4) (2,5) (3,5) (4,5)
  facet 357: (0,1) (0,2) (1,2) (1,3) (1,4) (2,4) (2,5) (3,5) (4,5)
  facet 358: (0,1) (1,1) (1,2) (1,3) (1,4) (2,4) (2,5) (3,5) (4,5)
  facet 359: (0,1) (0,2) (0,3) (1,3) (2,3) (2,4) (2,5) (3,5) (4,5)
  facet 360: (0,1) (0,2) (1,2) (1,3) (2,3) (2,4) (2,5) (3,5) (4,5)
  facet 361: (0,1) (1,1) (1,2) (1,3) (2,3) (2,4) (2,5) (3,5) (4,5)
  facet 362: (0,1) (0,2) (1,2) (2,2) (2,3) (2,4) (2,5) (3,5) (4,5)
  facet 363: (0,1) (1,1) (1,2) (2,2) (2,3) (2,4) (2,5) (3,5) (4,5)
  facet 364: (0,1) (1,1) (2,1) (2,2) (2,3) (2,4) (2,5) (3,5) (4,5)
  facet 365: (0,1) (0,2) (0,3) (0,4) (1,4) (2,4) (3,4) (3,5) (4,5)
  facet 366: (0,1) (0,2) (0,3) (1,3) (1,4) (2,4) (3,4) (3,5) (4,5)
  facet 367: (0,1) (0,2) (1,2) (1,3) (1,4) (2,4) (3,4) (3,5) (4,5)
  facet 368: (0,1) (1,1) (1,2) (1,3) (1,4) (2,4) (3,4) (3,5) (4,5)
  facet 369: (0,1) (0,2) (0,3) (1,3) (2,3) (2,4) (3,4) (3,5) (4,5)
  facet 370: (0,1) (0,2) (1,2) (1,3) (2,3) (2,4) (3,4) (3,5) (4,5)
  facet 371: (0,1) (1,1) (1,2) (1,3) (2,3) (2,4) (3,4) (3,5) (4,5)
  facet 372: (0,1) (0,2) (1,2) (2,2) (2,3) (2,4) (3,4) (3,5) (4,5)
  facet 373: (0,1) (1,1) (1,2) (2,2) (2,3) (2,4) (3,4) (3,5) (4,5)
  facet 374: (0,1) (1,1) (2,1) (2,2) (2,3) (2,4) (3,4) (3,5) (4,5)
  facet 375: (0,1) (0,2) (0,3) (1,3) (2,3) (3,3) (3,4) (3,5) (4,5)
  facet 376: (0,1) (0,2) (1,2) (1,3) (2,3) (3,3) (3,4) (3,5) (4,5)
  facet 377: (0,1) (1,1) (1,2) (1,3) (2,3) (3,3) (3,4) (3,5) (4,5)
  facet 378: (0,1) (0,2) (1,2) (2,2) (2,3) (3,3) (3,4) (3,5) (4,5)
  facet 379: (0,1) (1,1) (1,2) (2,2) (2,3) (3,3) (3,4) (3,5) (4,5)
  facet 380: (0,1) (1,1) (2,1) (2,2) (2,3) (3,3) (3,4) (3,5) (4,5)
  facet 381: (0,1) (0,2) (1,2) (2,2) (3,2) (3,3) (3,4) (3,5) (4,5)
  facet 382: (0,1) (1,1) (1,2) (2,2) (3,2) (3,3) (3,4) (3,5) (4,5)
  facet 383: (0,1) (1,1) (2,1) (2,2) (3,2) (3,3) (3,4) (3,5) (4,5)
  facet 384: (0,1) (1,1) (2,1) (3,1) (3,2) (3,3) (3,4) (3,5) (4,5)
  facet 385: (0,1) (0,2) (0,3) (0,4) (1,4) (2,4) (3,4) (4,4) (4,5)
  facet 386: (0,1) (0,2) (0,3) (1,3) (1,4) (2,4) (3,4) (4,4) (4,5)
  facet 387: (0,1) (0,2) (1,2) (1,3) (1,4) (2,4) (3,4) (4,4) (4,5)
  facet 388: (0,1) (1,1) (1,2) (1,3) (1,4) (2,4) (3,4) (4,4) (4,5)
  facet 389: (0,1) (0,2) (0,3) (1,3) (2,3) (2,4) (3,4) (4,4) (4,5)
  facet 390: (0,1) (0,2) (1,2) (1,3) (2,3) (2,4) (3,4) (4,4) (4,5)
  facet 391: (0,1) (1,1) (1,2) (1,3) (2,3) (2,4) (3,4) (4,4) (4,5)
  facet 392: (0,1) (0,2) (1,2) (2,2) (2,3) (2,4) (3,4) (4,4) (4,5)
  facet 393: (0,1) (1,1) (1,2) (2,2) (2,3) (2,4) (3,4) (4,4) (4,5)
  facet 394: (0,1) (1,1) (2,1) (2,2) (2,3) (2,4) (3,4) (4,4) (4,5)
  facet 395: (0,1) (0,2) (0,3) (1,3) (2,3) (3,3) (3,4) (4,4) (4,5)
  facet 396: (0,1) (0,2) (1,2) (1,3) (2,3) (3,3) (3,4) (4,4) (4,5)
  facet 397: (0,1) (1,1) (1,2) (1,3) (2,3) (3,3) (3,4) (4,4) (4,5)
  facet 398: (0,1) (0,2) (1,2) (2,2) (2,3) (3,3) (3,4) (4,4) (4,5)
  facet 399: (0,1) (1,1) (1,2) (2,2) (2,3) (3,3) (3,4) (4,4) (4,5)
  facet 400: (0,1) (1,1) (2,1) (2,2) (2,3) (3,3) (3,4) (4,4) (4,5)
  facet 401: (0,1) (0,2) (1,2) (2,2) (3,2) (3,3) (3,4) (4,4) (4,5)
  facet 402: (0,1) (1,1) (1,2) (2,2) (3,2) (3,3) (3,4) (4,4) (4,5)
  facet 403: (0,1) (1,1) (2,1) (2,2) (3,2) (3,3) (3,4) (4,4) (4,5)
  facet 404: (0,1) (1,1) (2,1) (3,1) (3,2) (3,3) (3,4) (4,4) (4,5)
  facet 405: (0,1) (0,2) (0,3) (1,3) (2,3) (3,3) (4,3) (4,4) (4,5)
  facet 406: (0,1) (0,2) (1,2) (1,3) (2,3) (3,3) (4,3) (4,4) (4,5)
  facet 407: (0,1) (1,1) (1,2) (1,3) (2,3) (3,3) (4,3) (4,4) (4,5)
  facet 408: (0,1) (0,2) (1,2) (2,2) (2,3) (3,3) (4,3) (4,4) (4,5)
  facet 409: (0,1) (1,1) (1,2) (2,2) (2,3) (3,3) (4,3) (4,4) (4,5)
  facet 410: (0,1) (1,1) (2,1) (2,2) (2,3) (3,3) (4,3) (4,4) (4,5)
  facet 411: (0,1) (0,2) (1,2) (2,2) (3,2) (3,3) (4,3) (4,4) (4,5)
  facet 412: (0,1) (1,1) (1,2) (2,2) (3,2) (3,3) (4,3) (4,4) (4,5)
  facet 413: (0,1) (1,1) (2,1) (2,2) (3,2) (3,3) (4,3) (4,4) (4,5)
  facet 414: (0,1) (1,1) (2,1) (3,1) (3,2) (3,3) (4,3) (4,4) (4,5)
  facet 415: (0,1) (0,2) (1,2) (2,2) (3,2) (4,2) (4,3) (4,4) (4,5)
  facet 416: (0,1) (1,1) (1,2) (2,2) (3,2) (4,2) (4,3) (4,4) (4,5)
  facet 417: (0,1) (1,1) (2,1) (2,2) (3,2) (4,2) (4,3) (4,4) (4,5)
  facet 418: (0,1) (1,1) (2,1) (3,1) (3,2) (4,2) (4,3) (4,4) (4,5)
  facet 419: (0,1) (1,1) (2,1) (3,1) (4,1) (4,2) (4,3) (4,4) (4,5)
  facet 770: (0,1) (0,2) (0,3) (0,4) (0,5) (1,5) (2,5) (3,5) (5,5)
  facet 771: (0,1) (0,2) (0,3) (0,4) (1,4) (1,5) (2,5) (3,5) (5,5)
  facet 772: (0,1) (0,2) (0,3) (1,3) (1,4) (1,5) (2,5) (3,5) (5,5)
  facet 773: (0,1) (0,2) (1,2) (1,3) (1,4) (1,5) (2,5) (3,5) (5,5)
  facet 774: (0,1) (1,1) (1,2) (1,3) (1,4) (1,5) (2,5) (3,5) (5,5)
  facet 775: (0,1) (0,2) (0,3) (0,4) (1,4) (2,4) (2,5) (3,5) (5,5)
  facet 776: (0,1) (0,2) (0,3) (1,3) (1,4) (2,4) (2,5) (3,5) (5,5)
  facet 777: (0,1) (0,2) (1,2) (1,3) (1,4) (2,4) (2,5) (3,5) (5,5)
  facet 778: (0,1) (1,1) (1,2) (1,3) (1,4) (2,4) (2,5) (3,5) (5,5)
  facet 779: (0,1) (0,2) (0,3) (1,3) (2,3) (2,4) (2,5) (3,5) (5,5)
  facet 780: (0,1) (0,2) (1,2) (1,3) (2,3) (2,4) (2,5) (3,5) (5,5)
  facet 781: (0,1) (1,1) (1,2) (1,3) (2,3) (2,4) (2,5) (3,5) (5,5)
  facet 782: (0,1) (0,2) (1,2) (2,2) (2,3) (2,4) (2,5) (3,5) (5,5)
  facet 783: (0,1) (1,1) (1,2) (2,2) (2,3) (2,4) (2,5) (3,5) (5,5)
  facet 784: (0,1) (1,1) (2,1) (2,2) (2,3) (2,4) (2,5) (3,5) (5,5)
  facet 785: (0,1) (0,2) (0,3) (0,4) (1,4) (2,4) (3,4) (3,5) (5,5)
  facet 786: (0,1) (0,2) (0,3) (1,3) (1,4) (2,4) (3,4) (3,5) (5,5)
  facet 787: (0,1) (0,2) (1,2) (1,3) (1,4) (2,4) (3,4) (3,5) (5,5)
  facet 788: (0,1) (1,1) (1,2) (1,3) (1,4) (2,4) (3,4) (3,5) (5,5)
  facet 789: (0,1) (0,2) (0,3) (1,3) (2,3) (2,4) (3,4) (3,5) (5,5)
  facet 790: (0,1) (0,2) (1,2) (1,3) (2,3) (2,4) (3,4) (3,5) (5,5)
  facet 791: (0,1) (1,1) (1,2) (1,3) (2,3) (2,4) (3,4) (3,5) (5,5)
  facet 792: (0,1) (0,2) (1,2) (2,2) (2,3) (2,4) (3,4) (3,5) (5,5)
  facet 793: (0,1) (1,1) (1,2) (2,2) (2,3) (2,4) (3,4) (3,5) (5,5)
  facet 794: (0,1) (1,1) (2,1) (2,2) (2,3) (2,4) (3,4) (3,5) (5,5)
  facet 795: (0,1) (0,2) (0,3) (1,3) (2,3) (3,3) (3,4) (3,5) (5,5)
  facet 796: (0,1) (0,2) (1,2) (1,3) (2,3) (3,3) (3,4) (3,5) (5,5)
  facet 797: (0,1) (1,1) (1,2) (1,3) (2,3) (3,3) (3,4) (3,5) (5,5)
  facet 798: (0,1) (0,2) (1,2) (2,2) (2,3) (3,3) (3,4) (3,5) (5,5)
  facet 799: (0,1) (1,1) (1,2) (2,2) (2,3) (3,3) (3,4) (3,5) (5,5)
  facet 800: (0,1) (1,1) (2,1) (2,2) (2,3) (3,3) (3,4) (3,5) (5,5)
  facet 801: (0,1) (0,2) (1,2) (2,2) (3,2) (3,3) (3,4) (3,5) (5,5)
  facet 802: (0,1) (1,1) (1,2) (2,2) (3,2) (3,3) (3,4) (3,5) (5,5)
  facet 803: (0,1) (1,1) (2,1) (2,2) (3,2) (3,3) (3,4) (3,5) (5,5)
  facet 804: (0,1) (1,1) (2,1) (3,1) (3,2) (3,3) (3,4) (3,5) (5,5)
  facet 805: (0,1) (0,2) (0,3) (0,4) (1,4) (2,4) (3,4) (5,4) (5,5)
  facet 806: (0,1) (0,2) (0,3) (1,3) (1,4) (2,4) (3,4) (5,4) (5,5)
  facet 807: (0,1) (0,2) (1,2) (1,3) (1,4) (2,4) (3,4) (5,4) (5,5)
  facet 808: (0,1) (1,1) (1,2) (1,3) (1,4) (2,4) (3,4) (5,4) (5,5)
  facet 809: (0,1) (0,2) (0,3) (1,3) (2,3) (2,4) (3,4) (5,4) (5,5)
  facet 810: (0,1) (0,2) (1,2) (1,3) (2,3) (2,4) (3,4) (5,4) (5,5)
  facet 811: (0,1) (1,1) (1,2) (1,3) (2,3) (2,4) (3,4) (5,4) (5,5)
  facet 812: (0,1) (0,2) (1,2) (2,2) (2,3) (2,4) (3,4) (5,4) (5,5)
  facet 813: (0,1) (1,1) (1,2) (2,2) (2,3) (2,4) (3,4) (5,4) (5,5)
  facet 814: (0,1) (1,1) (2,1) (2,2) (2,3) (2,4) (3,4) (5,4) (5,5)
  facet 815: (0,1) (0,2) (0,3) (1,3) (2,3) (3,3) (3,4) (5,4) (5,5)
  facet 816: (0,1) (0,2) (1,2) (1,3) (2,3) (3,3) (3,4) (5,4) (5,5)
  facet 817: (0,1) (1,1) (1,2) (1,3) (2,3) (3,3) (3,4) (5,4) (5,5)
  facet 818: (0,1) (0,2) (1,2) (2,2) (2,3) (3,3) (3,4) (5,4) (5,5)
  facet 819: (0,1) (1,1) (1,2) (2,2) (2,3) (3,3) (3,4) (5,4) (5,5)
  facet 820: (0,1) (1,1) (2,1) (2,2) (2,3) (3,3) (3,4) (5,4) (5,5)
  facet 821: (0,1) (0,2) (1,2) (2,2) (3,2) (3,3) (3,4) (5,4) (5,5)
  facet 822: (0,1) (1,1) (1,2) (2,2) (3,2) (3,3) (3,4) (5,4) (5,5)
  facet 823: (0,1) (1,1) (2,1) (2,2) (3,2) (3,3) (3,4) (5,4) (5,5)
  facet 824: (0,1) (1,1) (2,1) (3,1) (3,2) (3,3) (3,4) (5,4) (5,5)
  facet 825: (0,1) (0,2) (0,3) (1,3) (2,3) (3,3) (5,3) (5,4) (5,5)
  facet 826: (0,1) (0,2) (1,2) (1,3) (2,3) (3,3) (5,3) (5,4) (5,5)
  facet 827: (0,1) (1,1) (1,2) (1,3) (2,3) (3,3) (5,3) (5,4) (5,5)
  facet 828: (0,1) (0,2) (1,2) (2,2) (2,3) (3,3) (5,3) (5,4) (5,5)
  facet 829: (0,1) (1,1) (1,2) (2,2) (2,3) (3,3) (5,3) (5,4) (5,5)
  facet 830: (0,1) (1,1) (2,1) (2,2) (2,3) (3,3) (5,3) (5,4) (5,5)
  facet 831: (0,1) (0,2) (1,2) (2,2) (3,2) (3,3) (5,3) (5,4) (5,5)
  facet 832: (0,1) (1,1) (1,2) (2,2) (3,2) (3,3) (5,3) (5,4) (5,5)
  facet 833: (0,1) (1,1) (2,1) (2,2) (3,2) (3,3) (5,3) (5,4) (5,5)
  facet 834: (0,1) (1,1) (2,1) (3,1) (3,2) (3,3) (5,3) (5,4) (5,5)
  facet 835: (0,1) (0,2) (1,2) (2,2) (3,2) (5,2) (5,3) (5,4) (5,5)
  facet 836: (0,1) (1,1) (1,2) (2,2) (3,2) (5,2) (5,3) (5,4) (5,5)
  facet 837: (0,1) (1,1) (2,1) (2,2) (3,2) (5,2) (5,3) (5,4) (5,5)
  facet 838: (0,1) (1,1) (2,1) (3,1) (3,2) (5,2) (5,3) (5,4) (5,5)
  facet 839: (0,1) (1,1) (2,1) (3,1) (5,1) (5,2) (5,3) (5,4) (5,5)
  facet 1190: (0,1) (0,2) (0,3) (0,4) (0,5) (1,5) (2,5) (4,5) (5,5)
  facet 1191: (0,1) (0,2) (0,3) (0,4) (1,4) (1,5) (2,5) (4,5) (5,5)
  facet 1192: (0,1) (0,2) (0,3) (1,3) (1,4) (1,5) (2,5) (4,5) (5,5)
  facet 1193: (0,1) (0,2) (1,2) (1,3) (1,4) (1,5) (2,5) (4,5) (5,5)
  facet 1194: (0,1) (1,1) (1,2) (1,3) (1,4) (1,5) (2,5) (4,5) (5,5)
  facet 1195: (0,1) (0,2) (0,3) (0,4) (1,4) (2,4) (2,5) (4,5) (5,5)
  facet 1196: (0,1) (0,2) (0,3) (1,3) (1,4) (2,4) (2,5) (4,5) (5,5)
  facet 1197: (0,1) (0,2) (1,2) (1,3) (1,4) (2,4) (2,5) (4,5) (5,5)
  facet 1198: (0,1) (1,1) (1,2) (1,3) (1,4) (2,4) (2,5) (4,5) (5,5)
  facet 1199: (0,1) (0,2) (0,3) (1,3) (2,3) (2,4) (2,5) (4,5) (5,5)
  facet 1200: (0,1) (0,2) (1,2) (1,3) (2,3) (2,4) (2,5) (4,5) (5,5)
  facet 1201: (0,1) (1,1) (1,2) (1,3) (2,3) (2,4) (2,5) (4,5) (5,5)
  facet 1202: (0,1) (0,2) (1,2) (2,2) (2,3) (2,4) (2,5) (4,5) (5,5)
  facet 1203: (0,1) (1,1) (1,2) (2,2) (2,3) (2,4) (2,5) (4,5) (5,5)
  facet 1204: (0,1) (1,1) (2,1) (2,2) (2,3) (2,4) (2,5) (4,5) (5,5)
  facet 1205: (0,1) (0,2) (0,3) (0,4) (1,4) (2,4) (4,4) (4,5) (5,5)
  facet 1206: (0,1) (0,2) (0,3) (1,3) (1,4) (2,4) (4,4) (4,5) (5,5)
  facet 1207: (0,1) (0,2) (1,2) (1,3) (1,4) (2,4) (4,4) (4,5) (5,5)
  facet 1208: (0,1) (1,1) (1,2) (1,3) (1,4) (2,4) (4,4) (4,5) (5,5)
  facet 1209: (0,1) (0,2) (0,3) (1,3) (2,3) (2,4) (4,4) (4,5) (5,5)
  facet 1210: (0,1) (0,2) (1,2) (1,3) (2,3) (2,4) (4,4) (4,5) (5,5)
  facet 1211: (0,1) (1,1) (1,2) (1,3) (2,3) (2,4) (4,4) (4,5) (5,5)
  facet 1212: (0,1) (0,2) (1,2) (2,2) (2,3) (2,4) (4,4) (4,5) (5,5)
  facet 1213: (0,1) (1,1) (1,2) (2,2) (2,3) (2,4) (4,4) (4,5) (5,5)
  facet 1214: (0,1) (1,1) (2,1) (2,2) (2,3) (2,4) (4,4) (4,5) (5,5)
  facet 1215: (0,1) (0,2) (0,3) (1,3) (2,3) (4,3) (4,4) (4,5) (5,5)
  facet 1216: (0,1) (0,2) (1,2) (1,3) (2,3) (4,3) (4,4) (4,5) (5,5)
  facet 1217: (0,1) (1,1) (1,2) (1,3) (2,3) (4,3) (4,4) (4,5) (5,5)
  facet 1218: (0,1) (0,2) (1,2) (2,2) (2,3) (4,3) (4,4) (4,5) (5,5)
  facet 1219: (0,1) (1,1) (1,2) (2,2) (2,3) (4,3) (4,4) (4,5) (5,5)
  facet 1220: (0,1) (1,1) (2,1) (2,2) (2,3) (4,3) (4,4) (4,5) (5,5)
  facet 1221: (0,1) (0,2) (1,2) (2,2) (4,2) (4,3) (4,4) (4,5) (5,5)
  facet 1222: (0,1) (1,1) (1,2) (2,2) (4,2) (4,3) (4,4) (4,5) (5,5)
  facet 1223: (0,1) (1,1) (2,1) (2,2) (4,2) (4,3) (4,4) (4,5) (5,5)
  facet 1224: (0,1) (1,1) (2,1) (4,1) (4,2) (4,3) (4,4) (4,5) (5,5)
  facet 1225: (0,1) (0,2) (0,3) (0,4) (1,4) (2,4) (4,4) (5,4) (5,5)
  facet 1226: (0,1) (0,2) (0,3) (1,3) (1,4) (2,4) (4,4) (5,4) (5,5)
  facet 1227: (0,1) (0,2) (1,2) (1,3) (1,4) (2,4) (4,4) (5,4) (5,5)
  facet 1228: (0,1) (1,1) (1,2) (1,3) (1,4) (2,4) (4,4) (5,4) (5,5)
  facet 1229: (0,1) (0,2) (0,3) (1,3) (2,3) (2,4) (4,4) (5,4) (5,5)
  facet 1230: (0,1) (0,2) (1,2) (1,3) (2,3) (2,4) (4,4) (5,4) (5,5)
  facet 1231: (0,1) (1,1) (1,2) (1,3) (2,3) (2,4) (4,4) (5,4) (5,5)
  facet 1232: (0,1) (0,2) (1,2) (2,2) (2,3) (2,4) (4,4) (5,4) (5,5)
  facet 1233: (0,1) (1,1) (1,2) (2,2) (2,3) (2,4) (4,4) (5,4) (5,5)
  facet 1234: (0,1) (1,1) (2,1) (2,2) (2,3) (2,4) (4,4) (5,4) (5,5)
  facet 1235: (0,1) (0,2) (0,3) (1,3) (2,3) (4,3) (4,4) (5,4) (5,5)
  facet 1236: (0,1) (0,2) (1,2) (1,3) (2,3) (4,3) (4,4) (5,4) (5,5)
  facet 1237: (0,1) (1,1) (1,2) (1,3) (2,3) (4,3) (4,4) (5,4) (5,5)
  facet 1238: (0,1) (0,2) (1,2) (2,2) (2,3) (4,3) (4,4) (5,4) (5,5)
  facet 1239: (0,1) (1,1) (1,2) (2,2) (2,3) (4,3) (4,4) (5,4) (5,5)
  facet 1240: (0,1) (1,1) (2,1) (2,2) (2,3) (4,3) (4,4) (5,4) (5,5)
  facet 1241: (0,1) (0,2) (1,2) (2,2) (4,2) (4,3) (4,4) (5,4) (5,5)
  facet 1242: (0,1) (1,1) (1,2) (2,2) (4,2) (4,3) (4,4) (5,4) (5,5)
  facet 1243: (0,1) (1,1) (2,1) (2,2) (4,2) (4,3) (4,4) (5,4) (5,5)
  facet 1244: (0,1) (1,1) (2,1) (4,1) (4,2) (4,3) (4,4) (5,4) (5,5)
  facet 1245: (0,1) (0,2) (0,3) (1,3) (2,3) (4,3) (5,3) (5,4) (5,5)
  facet 1246: (0,1) (0,2) (1,2) (1,3) (2,3) (4,3) (5,3) (5,4) (5,5)
  facet 1247: (0,1) (1,1) (1,2) (1,3) (2,3) (4,3) (5,3) (5,4) (5,5)
  facet 1248: (0,1) (0,2) (1,2) (2,2) (2,3) (4,3) (5,3) (5,4) (5,5)
  facet 1249: (0,1) (1,1) (1,2) (2,2) (2,3) (4,3) (5,3) (5,4) (5,5)
  facet 1250: (0,1) (1,1) (2,1) (2,2) (2,3) (4,3) (5,3) (5,4) (5,5)
  facet 1251: (0,1) (0,2) (1,2) (2,2) (4,2) (4,3) (5,3) (5,4) (5,5)
  facet 1252: (0,1) (1,1) (1,2) (2,2) (4,2) (4,3) (5,3) (5,4) (5,5)
  facet 1253: (0,1) (1,1) (2,1) (2,2) (4,2) (4,3) (5,3) (5,4) (5,5)
  facet 1254: (0,1) (1,1) (2,1) (4,1) (4,2) (4,3) (5,3) (5,4) (5,5)
  facet 1255: (0,1) (0,2) (1,2) (2,2) (4,2) (5,2) (5,3) (5,4) (5,5)
  facet 1256: (0,1) (1,1) (1,2) (2,2) (4,2) (5,2) (5,3) (5,4) (5,5)
  facet 1257: (0,1) (1,1) (2,1) (2,2) (4,2) (5,2) (5,3) (5,4) (5,5)
  facet 1258: (0,1) (1,1) (2,1) (4,1) (4,2) (5,2) (5,3) (5,4) (5,5)
  facet 1259: (0,1) (1,1) (2,1) (4,1) (5,1) (5,2) (5,3) (5,4) (5,5)
  facet 1610: (0,1) (0,2) (0,3) (0,4) (0,5) (1,5) (3,5) (4,5) (5,5)
  facet 1611: (0,1) (0,2) (0,3) (0,4) (1,4) (1,5) (3,5) (4,5) (5,5)
  facet 1612: (0,1) (0,2) (0,3) (1,3) (1,4) (1,5) (3,5) (4,5) (5,5)
  facet 1613: (0,1) (0,2) (1,2) (1,3) (1,4) (1,5) (3,5) (4,5) (5,5)
  facet 1614: (0,1) (1,1) (1,2) (1,3) (1,4) (1,5) (3,5) (4,5) (5,5)
  facet 1615: (0,1) (0,2) (0,3) (0,4) (1,4) (3,4) (3,5) (4,5) (5,5)
  facet 1616: (0,1) (0,2) (0,3) (1,3) (1,4) (3,4) (3,5) (4,5) (5,5)
  facet 1617: (0,1) (0,2) (1,2) (1,3) (1,4) (3,4) (3,5) (4,5) (5,5)
  facet 1618: (0,1) (1,1) (1,2) (1,3) (1,4) (3,4) (3,5) (4,5) (5,5)
  facet 1619: (0,1) (0,2) (0,3) (1,3) (3,3) (3,4) (3,5) (4,5) (5,5)
  facet 1620: (0,1) (0,2) (1,2) (1,3) (3,3) (3,4) (3,5) (4,5) (5,5)
  facet 1621: (0,1) (1,1) (1,2) (1,3) (3,3) (3,4) (3,5) (4,5) (5,5)
  facet 1622: (0,1) (0,2) (1,2) (3,2) (3,3) (3,4) (3,5) (4,5) (5,5)
  facet 1623: (0,1) (1,1) (1,2) (3,2) (3,3) (3,4) (3,5) (4,5) (5,5)
  facet 1624: (0,1) (1,1) (3,1) (3,2) (3,3) (3,4) (3,5) (4,5) (5,5)
  facet 1625: (0,1) (0,2) (0,3) (0,4) (1,4) (3,4) (4,4) (4,5) (5,5)
  facet 1626: (0,1) (0,2) (0,3) (1,3) (1,4) (3,4) (4,4) (4,5) (5,5)
  facet 1627: (0,1) (0,2) (1,2) (1,3) (1,4) (3,4) (4,4) (4,5) (5,5)
  facet 1628: (0,1) (1,1) (1,2) (1,3) (1,4) (3,4) (4,4) (4,5) (5,5)
  facet 1629: (0,1) (0,2) (0,3) (1,3) (3,3) (3,4) (4,4) (4,5) (5,5)
  facet 1630: (0,1) (0,2) (1,2) (1,3) (3,3) (3,4) (4,4) (4,5) (5,5)
  facet 1631: (0,1) (1,1) (1,2) (1,3) (3,3) (3,4) (4,4) (4,5) (5,5)
  facet 1632: (0,1) (0,2) (1,2) (3,2) (3,3) (3,4) (4,4) (4,5) (5,5)
  facet 1633: (0,1) (1,1) (1,2) (3,2) (3,3) (3,4) (4,4) (4,5) (5,5)
  facet 1634: (0,1) (1,1) (3,1) (3,2) (3,3) (3,4) (4,4) (4,5) (5,5)
  facet 1635: (0,1) (0,2) (0,3) (1,3) (3,3) (4,3) (4,4) (4,5) (5,5)
  facet 1636: (0,1) (0,2) (1,2) (1,3) (3,3) (4,3) (4,4) (4,5) (5,5)
  facet 1637: (0,1) (1,1) (1,2) (1,3) (3,3) (4,3) (4,4) (4,5) (5,5)
  facet 1638: (0,1) (0,2) (1,2) (3,2) (3,3) (4,3) (4,4) (4,5) (5,5)
  facet 1639: (0,1) (1,1) (1,2) (3,2) (3,3) (4,3) (4,4) (4,5) (5,5)
  facet 1640: (0,1) (1,1) (3,1) (3,2) (3,3) (4,3) (4,4) (4,5) (5,5)
  facet 1641: (0,1) (0,2) (1,2) (3,2) (4,2) (4,3) (4,4) (4,5) (5,5)
  facet 1642: (0,1) (1,1) (1,2) (3,2) (4,2) (4,3) (4,4) (4,5) (5,5)
  facet 1643: (0,1) (1,1) (3,1) (3,2) (4,2) (4,3) (4,4) (4,5) (5,5)
  facet 1644: (0,1) (1,1) (3,1) (4,1) (4,2) (4,3) (4,4) (4,5) (5,5)
  facet 1645: (0,1) (0,2) (0,3) (0,4) (1,4) (3,4) (4,4) (5,4) (5,5)
  facet 1646: (0,1) (0,2) (0,3) (1,3) (1,4) (3,4) (4,4) (5,4) (5,5)
  facet 1647: (0,1) (0,2) (1,2) (1,3) (1,4) (3,4) (4,4) (5,4) (5,5)
  facet 1648: (0,1) (1,1) (1,2) (1,3) (1,4) (3,4) (4,4) (5,4) (5,5)
  facet 1649: (0,1) (0,2) (0,3) (1,3) (3,3) (3,4) (4,4) (5,4) (5,5)
  facet 1650: (0,1) (0,2) (1,2) (1,3) (3,3) (3,4) (4,4) (5,4) (5,5)
  facet 1651: (0,1) (1,1) (1,2) (1,3) (3,3) (3,4) (4,4) (5,4) (5,5)
  facet 1652: (0,1) (0,2) (1,2) (3,2) (3,3) (3,4) (4,4) (5,4) (5,5)
  facet 1653: (0,1) (1,1) (1,2) (3,2) (3,3) (3,4) (4,4) (5,4) (5,5)
  facet 1654: (0,1) (1,1) (3,1) (3,2) (3,3) (3,4) (4,4) (5,4) (5,5)
  facet 1655: (0,1) (0,2) (0,3) (1,3) (3,3) (4,3) (4,4) (5,4) (5,5)
  facet 1656: (0,1) (0,2) (1,2) (1,3) (3,3) (4,3) (4,4) (5,4) (5,5)
  facet 1657: (0,1) (1,1) (1,2) (1,3) (3,3) (4,3) (4,4) (5,4) (5,5)
  facet 1658: (0,1) (0,2) (1,2) (3,2) (3,3) (4,3) (4,4) (5,4) (5,5)
  facet 1659: (0,1) (1,1) (1,2) (3,2) (3,3) (4,3) (4,4) (5,4) (5,5)
  facet 1660: (0,1) (1,1) (3,1) (3,2) (3,3) (4,3) (4,4) (5,4) (5,5)
  facet 1661: (0,1) (0,2) (1,2) (3,2) (4,2) (4,3) (4,4) (5,4) (5,5)
  facet 1662: (0,1) (1,1) (1,2) (3,2) (4,2) (4,3) (4,4) (5,4) (5,5)
  facet 1663: (0,1) (1,1) (3,1) (3,2) (4,2) (4,3) (4,4) (5,4) (5,5)
  facet 1664: (0,1) (1,1) (3,1) (4,1) (4,2) (4,3) (4,4) (5,4) (5,5)
  facet 1665: (0,1) (0,2) (0,3) (1,3) (3,3) (4,3) (5,3) (5,4) (5,5)
  facet 1666: (0,1) (0,2) (1,2) (1,3) (3,3) (4,3) (5,3) (5,4) (5,5)
  facet 1667: (0,1) (1,1) (1,2) (1,3) (3,3) (4,3) (5,3) (5,4) (5,5)
  facet 1668: (0,1) (0,2) (1,2) (3,2) (3,3) (4,3) (5,3) (5,4) (5,5)
  facet 1669: (0,1) (1,1) (1,2) (3,2) (3,3) (4,3) (5,3) (5,4) (5,5)
  facet 1670: (0,1) (1,1) (3,1) (3,2) (3,3) (4,3) (5,3) (5,4) (5,5)
  facet 1671: (0,1) (0,2) (1,2) (3,2) (4,2) (4,3) (5,3) (5,4) (5,5)
  facet 1672: (0,1) (1,1) (1,2) (3,2) (4,2) (4,3) (5,3) (5,4) (5,5)
  facet 1673: (0,1) (1,1) (3,1) (3,2) (4,2) (4,3) (5,3) (5,4) (5,5)
  facet 1674: (0,1) (1,1) (3,1) (4,1) (4,2) (4,3) (5,3) (5,4) (5,5)
  facet 1675: (0,1) (0,2) (1,2) (3,2) (4,2) (5,2) (5,3) (5,4) (5,5)
  facet 1676: (0,1) (1,1) (1,2) (3,2) (4,2) (5,2) (5,3) (5,4) (5,5)
  facet 1677: (0,1) (1,1) (3,1) (3,2) (4,2) (5,2) (5,3) (5,4) (5,5)
  facet 1678: (0,1) (1,1) (3,1) (4,1) (4,2) (5,2) (5,3) (5,4) (5,5)
  facet 1679: (0,1) (1,1) (3,1) (4,1) (5,1) (5,2) (5,3) (5,4) (5,5)
  facet 2100: (1,0) (1,1) (1,2) (1,3) (1,4) (2,4) (3,4) (4,4) (5,4)
  facet 2101: (1,0) (1,1) (1,2) (1,3) (2,3) (2,4) (3,4) (4,4) (5,4)
  facet 2102: (1,0) (1,1) (1,2) (2,2) (2,3) (2,4) (3,4) (4,4) (5,4)
  facet 2103: (1,0) (1,1) (2,1) (2,2) (2,3) (2,4) (3,4) (4,4) (5,4)
  facet 2104: (1,0) (2,0) (2,1) (2,2) (2,3) (2,4) (3,4) (4,4) (5,4)
  facet 2105: (1,0) (1,1) (1,2) (1,3) (2,3) (3,3) (3,4) (4,4) (5,4)
  facet 2106: (1,0) (1,1) (1,2) (2,2) (2,3) (3,3) (3,4) (4,4) (5,4)
  facet 2107: (1,0) (1,1) (2,1) (2,2) (2,3) (3,3) (3,4) (4,4) (5,4)
  facet 2108: (1,0) (2,0) (2,1) (2,2) (2,3) (3,3) (3,4) (4,4) (5,4)
  facet 2109: (1,0) (1,1) (1,2) (2,2) (3,2) (3,3) (3,4) (4,4) (5,4)
  facet 2110: (1,0) (1,1) (2,1) (2,2) (3,2) (3,3) (3,4) (4,4) (5,4)
  facet 2111: (1,0) (2,0) (2,1) (2,2) (3,2) (3,3) (3,4) (4,4) (5,4)
  facet 2112: (1,0) (1,1) (2,1) (3,1) (3,2) (3,3) (3,4) (4,4) (5,4)
  facet 2113: (1,0) (2,0) (2,1) (3,1) (3,2) (3,3) (3,4) (4,4) (5,4)
  facet 2114: (1,0) (2,0) (3,0) (3,1) (3,2) (3,3) (3,4) (4,4) (5,4)
  facet 2115: (1,0) (1,1) (1,2) (1,3) (2,3) (3,3) (4,3) (4,4) (5,4)
  facet 2116: (1,0) (1,1) (1,2) (2,2) (2,3) (3,3) (4,3) (4,4) (5,4)
  facet 2117: (1,0) (1,1) (2,1) (2,2) (2,3) (3,3) (4,3) (4,4) (5,4)
  facet 2118: (1,0) (2,0) (2,1) (2,2) (2,3) (3,3) (4,3) (4,4) (5,4)
  facet 2119: (1,0) (1,1) (1,2) (2,2) (3,2) (3,3) (4,3) (4,4) (5,4)
  facet 2120: (1,0) (1,1) (2,1) (2,2) (3,2) (3,3) (4,3) (4,4) (5,4)
  facet 2121: (1,0) (2,0) (2,1) (2,2) (3,2) (3,3) (4,3) (4,4) (5,4)
  facet 2122: (1,0) (1,1) (2,1) (3,1) (3,2) (3,3) (4,3) (4,4) (5,4)
  facet 2123: (1,0) (2,0) (2,1) (3,1) (3,2) (3,3) (4,3) (4,4) (5,4)
  facet 2124: (1,0) (2,0) (3,0) (3,1) (3,2) (3,3) (4,3) (4,4) (5,4)
  facet 2125: (1,0) (1,1) (1,2) (2,2) (3,2) (4,2) (4,3) (4,4) (5,4)
  facet 2126: (1,0) (1,1) (2,1) (2,2) (3,2) (4,2) (4,3) (4,4) (5,4)
  facet 2127: (1,0) (2,0) (2,1) (2,2) (3,2) (4,2) (4,3) (4,4) (5,4)
  facet 2128: (1,0) (1,1) (2,1) (3,1) (3,2) (4,2) (4,3) (4,4) (5,4)
  facet 2129: (1,0) (2,0) (2,1) (3,1) (3,2) (4,2) (4,3) (4,4) (5,4)
  facet 2130: (1,0) (2,0) (3,0) (3,1) (3,2) (4,2) (4,3) (4,4) (5,4)
  facet 2131: (1,0) (1,1) (2,1) (3,1) (4,1) (4,2) (4,3) (4,4) (5,4)
  facet 2132: (1,0) (2,0) (2,1) (3,1) (4,1) (4,2) (4,3) (4,4) (5,4)
  facet 2133: (1,0) (2,0) (3,0) (3,1) (4,1) (4,2) (4,3) (4,4) (5,4)
  facet 2134: (1,0) (2,0) (3,0) (4,0) (4,1) (4,2) (4,3) (4,4) (5,4)
  facet 2135: (1,0) (1,1) (1,2) (1,3) (2,3) (3,3) (4,3) (5,3) (5,4)
  facet 2136: (1,0) (1,1) (1,2) (2,2) (2,3) (3,3) (4,3) (5,3) (5,4)
  facet 2137: (1,0) (1,1) (2,1) (2,2) (2,3) (3,3) (4,3) (5,3) (5,4)
  facet 2138: (1,0) (2,0) (2,1) (2,2) (2,3) (3,3) (4,3) (5,3) (5,4)
  facet 2139: (1,0) (1,1) (1,2) (2,2) (3,2) (3,3) (4,3) (5,3) (5,4)
  facet 2140: (1,0) (1,1) (2,1) (2,2) (3,2) (3,3) (4,3) (5,3) (5,4)
  facet 2141: (1,0) (2,0) (2,1) (2,2) (3,2) (3,3) (4,3) (5,3) (5,4)
  facet 2142: (1,0) (1,1) (2,1) (3,1) (3,2) (3,3) (4,3) (5,3) (5,4)
  facet 2143: (1,0) (2,0) (2,1) (3,1) (3,2) (3,3) (4,3) (5,3) (5,4)
  facet 2144: (1,0) (2,0) (3,0) (3,1) (3,2) (3,3) (4,3) (5,3) (5,4)
  facet 2145: (1,0) (1,1) (1,2) (2,2) (3,2) (4,2) (4,3) (5,3) (5,4)
  facet 2146: (1,0) (1,1) (2,1) (2,2) (3,2) (4,2) (4,3) (5,3) (5,4)
  facet 2147: (1,0) (2,0) (2,1) (2,2) (3,2) (4,2) (4,3) (5,3) (5,4)
  facet 2148: (1,0) (1,1) (2,1) (3,1) (3,2) (4,2) (4,3) (5,3) (5,4)
  facet 2149: (1,0) (2,0) (2,1) (3,1) (3,2) (4,2) (4,3) (5,3) (5,4)
  facet 2150: (1,0) (2,0) (3,0) (3,1) (3,2) (4,2) (4,3) (5,3) (5,4)
  facet 2151: (1,0) (1,1) (2,1) (3,1) (4,1) (4,2) (4,3) (5,3) (5,4)
  facet 2152: (1,0) (2,0) (2,1) (3,1) (4,1) (4,2) (4,3) (5,3) (5,4)
  facet 2153: (1,0) (2,0) (3,0) (3,1) (4,1) (4,2) (4,3) (5,3) (5,4)
  facet 2154: (1,0) (2,0) (3,0) (4,0) (4,1) (4,2) (4,3) (5,3) (5,4)
  facet 2155: (1,0) (1,1) (1,2) (2,2) (3,2) (4,2) (5,2) (5,3) (5,4)
  facet 2156: (1,0) (1,1) (2,1) (2,2) (3,2) (4,2) (5,2) (5,3) (5,4)
  facet 2157: (1,0) (2,0) (2,1) (2,2) (3,2) (4,2) (5,2) (5,3) (5,4)
  facet 2158: (1,0) (1,1) (2,1) (3,1) (3,2) (4,2) (5,2) (5,3) (5,4)
  facet 2159: (1,0) (2,0) (2,1) (3,1) (3,2) (4,2) (5,2) (5,3) (5,4)
  facet 2160: (1,0) (2,0) (3,0) (3,1) (3,2) (4,2) (5,2) (5,3) (5,4)
  facet 2161: (1,0) (1,1) (2,1) (3,1) (4,1) (4,2) (5,2) (5,3) (5,4)
  facet 2162: (1,0) (2,0) (2,1) (3,1) (4,1) (4,2) (5,2) (5,3) (5,4)
  facet 2163: (1,0) (2,0) (3,0) (3,1) (4,1) (4,2) (5,2) (5,3) (5,4)
  facet 2164: (1,0) (2,0) (3,0) (4,0) (4,1) (4,2) (5,2) (5,3) (5,4)
  facet 2165: (1,0) (1,1) (2,1) (3,1) (4,1) (5,1) (5,2) (5,3) (5,4)
  facet 2166: (1,0) (2,0) (2,1) (3,1) (4,1) (5,1) (5,2) (5,3) (5,4)
  facet 2167: (1,0) (2,0) (3,0) (3,1) (4,1) (5,1) (5,2) (5,3) (5,4)
  facet 2168: (1,0) (2,0) (3,0) (4,0) (4,1) (5,1) (5,2) (5,3) (5,4)
  facet 2169: (1,0) (2,0) (3,0) (4,0) (5,0) (5,1) (5,2) (5,3) (5,4)
  facet 2170: (1,0) (1,1) (1,2) (1,3) (1,5) (2,5) (3,5) (4,5) (5,5)
  facet 2171: (1,0) (1,1) (1,2) (1,3) (2,3) (2,5) (3,5) (4,5) (5,5)
  facet 2172: (1,0) (1,1) (1,2) (2,2) (2,3) (2,5) (3,5) (4,5) (5,5)
  facet 2173: (1,0) (1,1) (2,1) (2,2) (2,3) (2,5) (3,5) (4,5) (5,5)
  facet 2174: (1,0) (2,0) (2,1) (2,2) (2,3) (2,5) (3,5) (4,5) (5,5)
  facet 2175: (1,0) (1,1) (1,2) (1,3) (2,3) (3,3) (3,5) (4,5) (5,5)
  facet 2176: (1,0) (1,1) (1,2) (2,2) (2,3) (3,3) (3,5) (4,5) (5,5)
  facet 2177: (1,0) (1,1) (2,1) (2,2) (2,3) (3,3) (3,5) (4,5) (5,5)
  facet 2178: (1,0) (2,0) (2,1) (2,2) (2,3) (3,3) (3,5) (4,5) (5,5)
  facet 2179: (1,0) (1,1) (1,2) (2,2) (3,2) (3,3) (3,5) (4,5) (5,5)
  facet 2180: (1,0) (1,1) (2,1) (2,2) (3,2) (3,3) (3,5) (4,5) (5,5)
  facet 2181: (1,0) (2,0) (2,1) (2,2) (3,2) (3,3) (3,5) (4,5) (5,5)
  facet 2182: (1,0) (1,1) (2,1) (3,1) (3,2) (3,3) (3,5) (4,5) (5,5)
  facet 2183: (1,0) (2,0) (2,1) (3,1) (3,2) (3,3) (3,5) (4,5) (5,5)
  facet 2184: (1,0) (2,0) (3,0) (3,1) (3,2) (3,3) (3,5) (4,5) (5,5)
  facet 2185: (1,0) (1,1) (1,2) (1,3) (2,3) (3,3) (4,3) (4,5) (5,5)
  facet 2186: (1,0) (1,1) (1,2) (2,2) (2,3) (3,3) (4,3) (4,5) (5,5)
  facet 2187: (1,0) (1,1) (2,1) (2,2) (2,3) (3,3) (4,3) (4,5) (5,5)
  facet 2188: (1,0) (2,0) (2,1) (2,2) (2,3) (3,3) (4,3) (4,5) (5,5)
  facet 2189: (1,0) (1,1) (1,2) (2,2) (3,2) (3,3) (4,3) (4,5) (5,5)
  facet 2190: (1,0) (1,1) (2,1) (2,2) (3,2) (3,3) (4,3) (4,5) (5,5)
  facet 2191: (1,0) (2,0) (2,1) (2,2) (3,2) (3,3) (4,3) (4,5) (5,5)
  facet 2192: (1,0) (1,1) (2,1) (3,1) (3,2) (3,3) (4,3) (4,5) (5,5)
  facet 2193: (1,0) (2,0) (2,1) (3,1) (3,2) (3,3) (4,3) (4,5) (5,5)
  facet 2194: (1,0) (2,0) (3,0) (3,1) (3,2) (3,3) (4,3) (4,5) (5,5)
  facet 2195: (1,0) (1,1) (1,2) (2,2) (3,2) (4,2) (4,3) (4,5) (5,5)
  facet 2196: (1,0) (1,1) (2,1) (2,2) (3,2) (4,2) (4,3) (4,5) (5,5)
  facet 2197: (1,0) (2,0) (2,1) (2,2) (3,2) (4,2) (4,3) (4,5) (5,5)
  facet 2198: (1,0) (1,1) (2,1) (3,1) (3,2) (4,2) (4,3) (4,5) (5,5)
  facet 2199: (1,0) (2,0) (2,1) (3,1) (3,2) (4,2) (4,3) (4,5) (5,5)
  facet 2200: (1,0) (2,0) (3,0) (3,1) (3,2) (4,2) (4,3) (4,5) (5,5)
  facet 2201: (1,0) (1,1) (2,1) (3,1) (4,1) (4,2) (4,3) (4,5) (5,5)
  facet 2202: (1,0) (2,0) (2,1) (3,1) (4,1) (4,2) (4,3) (4,5) (5,5)
  facet 2203: (1,0) (2,0) (3,0) (3,1) (4,1) (4,2) (4,3) (4,5) (5,5)
  facet 2204: (1,0) (2,0) (3,0) (4,0) (4,1) (4,2) (4,3) (4,5) (5,5)
  facet 2205: (1,0) (1,1) (1,2) (1,3) (2,3) (3,3) (4,3) (5,3) (5,5)
  facet 2206: (1,0) (1,1) (1,2) (2,2) (2,3) (3,3) (4,3) (5,3) (5,5)
  facet 2207: (1,0) (1,1) (2,1) (2,2) (2,3) (3,3) (4,3) (5,3) (5,5)
  facet 2208: (1,0) (2,0) (2,1) (2,2) (2,3) (3,3) (4,3) (5,3) (5,5)
  facet 2209: (1,0) (1,1) (1,2) (2,2) (3,2) (3,3) (4,3) (5,3) (5,5)
  facet 2210: (1,0) (1,1) (2,1) (2,2) (3,2) (3,3) (4,3) (5,3) (5,5)
  facet 2211: (1,0) (2,0) (2,1) (2,2) (3,2) (3,3) (4,3) (5,3) (5,5)
  facet 2212: (1,0) (1,1) (2,1) (3,1) (3,2) (3,3) (4,3) (5,3) (5,5)
  facet 2213: (1,0) (2,0) (2,1) (3,1) (3,2) (3,3) (4,3) (5,3) (5,5)
  facet 2214: (1,0) (2,0) (3,0) (3,1) (3,2) (3,3) (4,3) (5,3) (5,5)
  facet 2215: (1,0) (1,1) (1,2) (2,2) (3,2) (4,2) (4,3) (5,3) (5,5)
  facet 2216: (1,0) (1,1) (2,1) (2,2) (3,2) (4,2) (4,3) (5,3) (5,5)
  facet 2217: (1,0) (2,0) (2,1) (2,2) (3,2) (4,2) (4,3) (5,3) (5,5)
  facet 2218: (1,0) (1,1) (2,1) (3,1) (3,2) (4,2) (4,3) (5,3) (5,5)
  facet 2219: (1,0) (2,0) (2,1) (3,1) (3,2) (4,2) (4,3) (5,3) (5,5)
  facet 2220: (1,0) (2,0) (3,0) (3,1) (3,2) (4,2) (4,3) (5,3) (5,5)
  facet 2221: (1,0) (1,1) (2,1) (3,1) (4,1) (4,2) (4,3) (5,3) (5,5)
  facet 2222: (1,0) (2,0) (2,1) (3,1) (4,1) (4,2) (4,3) (5,3) (5,5)
  facet 2223: (1,0) (2,0) (3,0) (3,1) (4,1) (4,2) (4,3) (5,3) (5,5)
  facet 2224: (1,0) (2,0) (3,0) (4,0) (4,1) (4,2) (4,3) (5,3) (5,5)
  facet 2225: (1,0) (1,1) (1,2) (2,2) (3,2) (4,2) (5,2) (5,3) (5,5)
  facet 2226: (1,0) (1,1) (2,1) (2,2) (3,2) (4,2) (5,2) (5,3) (5,5)
  facet 2227: (1,0) (2,0) (2,1) (2,2) (3,2) (4,2) (5,2) (5,3) (5,5)
  facet 2228: (1,0) (1,1) (2,1) (3,1) (3,2) (4,2) (5,2) (5,3) (5,5)
  facet 2229: (1,0) (2,0) (2,1) (3,1) (3,2) (4,2) (5,2) (5,3) (5,5)
  facet 2230: (1,0) (2,0) (3,0) (3,1) (3,2) (4,2) (5,2) (5,3) (5,5)
  facet 2231: (1,0) (1,1) (2,1) (3,1) (4,1) (4,2) (5,2) (5,3) (5,5)
  facet 2232: (1,0) (2,0) (2,1) (3,1) (4,1) (4,2) (5,2) (5,3) (5,5)
  facet 2233: (1,0) (2,0) (3,0) (3,1) (4,1) (4,2) (5,2) (5,3) (5,5)
  facet 2234: (1,0) (2,0) (3,0) (4,0) (4,1) (4,2) (5,2) (5,3) (5,5)
  facet 2235: (1,0) (1,1) (2,1) (3,1) (4,1) (5,1) (5,2) (5,3) (5,5)
  facet 2236: (1,0) (2,0) (2,1) (3,1) (4,1) (5,1) (5,2) (5,3) (5,5)
  facet 2237: (1,0) (2,0) (3,0) (3,1) (4,1) (5,1) (5,2) (5,3) (5,5)
  facet 2238: (1,0) (2,0) (3,0) (4,0) (4,1) (5,1) (5,2) (5,3) (5,5)
  facet 2239: (1,0) (2,0) (3,0) (4,0) (5,0) (5,1) (5,2) (5,3) (5,5)
  facet 2240: (1,0) (1,1) (1,2) (1,4) (1,5) (2,5) (3,5) (4,5) (5,5)
  facet 2241: (1,0) (1,1) (1,2) (1,4) (2,4) (2,5) (3,5) (4,5) (5,5)
  facet 2242: (1,0) (1,1) (1,2) (2,2) (2,4) (2,5) (3,5) (4,5) (5,5)
  facet 2243: (1,0) (1,1) (2,1) (2,2) (2,4) (2,5) (3,5) (4,5) (5,5)
  facet 2244: (1,0) (2,0) (2,1) (2,2) (2,4) (2,5) (3,5) (4,5) (5,5)
  facet 2245: (1,0) (1,1) (1,2) (1,4) (2,4) (3,4) (3,5) (4,5) (5,5)
  facet 2246: (1,0) (1,1) (1,2) (2,2) (2,4) (3,4) (3,5) (4,5) (5,5)
  facet 2247: (1,0) (1,1) (2,1) (2,2) (2,4) (3,4) (3,5) (4,5) (5,5)
  facet 2248: (1,0) (2,0) (2,1) (2,2) (2,4) (3,4) (3,5) (4,5) (5,5)
  facet 2249: (1,0) (1,1) (1,2) (2,2) (3,2) (3,4) (3,5) (4,5) (5,5)
  facet 2250: (1,0) (1,1) (2,1) (2,2) (3,2) (3,4) (3,5) (4,5) (5,5)
  facet 2251: (1,0) (2,0) (2,1) (2,2) (3,2) (3,4) (3,5) (4,5) (5,5)
  facet 2252: (1,0) (1,1) (2,1) (3,1) (3,2) (3,4) (3,5) (4,5) (5,5)
  facet 2253: (1,0) (2,0) (2,1) (3,1) (3,2) (3,4) (3,5) (4,5) (5,5)
  facet 2254: (1,0) (2,0) (3,0) (3,1) (3,2) (3,4) (3,5) (4,5) (5,5)
  facet 2255: (1,0) (1,1) (1,2) (1,4) (2,4) (3,4) (4,4) (4,5) (5,5)
  facet 2256: (1,0) (1,1) (1,2) (2,2) (2,4) (3,4) (4,4) (4,5) (5,5)
  facet 2257: (1,0) (1,1) (2,1) (2,2) (2,4) (3,4) (4,4) (4,5) (5,5)
  facet 2258: (1,0) (2,0) (2,1) (2,2) (2,4) (3,4) (4,4) (4,5) (5,5)
  facet 2259: (1,0) (1,1) (1,2) (2,2) (3,2) (3,4) (4,4) (4,5) (5,5)
  facet 2260: (1,0) (1,1) (2,1) (2,2) (3,2) (3,4) (4,4) (4,5) (5,5)
  facet 2261: (1,0) (2,0) (2,1) (2,2) (3,2) (3,4) (4,4) (4,5) (5,5)
  facet 2262: (1,0) (1,1) (2,1) (3,1) (3,2) (3,4) (4,4) (4,5) (5,5)
  facet 2263: (1,0) (2,0) (2,1) (3,1) (3,2) (3,4) (4,4) (4,5) (5,5)
  facet 2264: (1,0) (2,0) (3,0) (3,1) (3,2) (3,4) (4,4) (4,5) (5,5)
  facet 2265: (1,0) (1,1) (1,2) (2,2) (3,2) (4,2) (4,4) (4,5) (5,5)
  facet 2266: (1,0) (1,1) (2,1) (2,2) (3,2) (4,2) (4,4) (4,5) (5,5)
  facet 2267: (1,0) (2,0) (2,1) (2,2) (3,2) (4,2) (4,4) (4,5) (5,5)
  facet 2268: (1,0) (1,1) (2,1) (3,1) (3,2) (4,2) (4,4) (4,5) (5,5)
  facet 2269: (1,0) (2,0) (2,1) (3,1) (3,2) (4,2) (4,4) (4,5) (5,5)
  facet 2270: (1,0) (2,0) (3,0) (3,1) (3,2) (4,2) (4,4) (4,5) (5,5)
  facet 2271: (1,0) (1,1) (2,1) (3,1) (4,1) (4,2) (4,4) (4,5) (5,5)
  facet 2272: (1,0) (2,0) (2,1) (3,1) (4,1) (4,2) (4,4) (4,5) (5,5)
  facet 2273: (1,0) (2,0) (3,0) (3,1) (4,1) (4,2) (4,4) (4,5) (5,5)
  facet 2274: (1,0) (2,0) (3,0) (4,0) (4,1) (4,2) (4,4) (4,5) (5,5)
  facet 2275: (1,0) (1,1) (1,2) (1,4) (2,4) (3,4) (4,4) (5,4) (5,5)
  facet 2276: (1,0) (1,1) (1,2) (2,2) (2,4) (3,4) (4,4) (5,4) (5,5)
  facet 2277: (1,0) (1,1) (2,1) (2,2) (2,4) (3,4) (4,4) (5,4) (5,5)
  facet 2278: (1,0) (2,0) (2,1) (2,2) (2,4) (3,4) (4,4) (5,4) (5,5)
  facet 2279: (1,0) (1,1) (1,2) (2,2) (3,2) (3,4) (4,4) (5,4) (5,5)
  facet 2280: (1,0) (1,1) (2,1) (2,2) (3,2) (3,4) (4,4) (5,4) (5,5)
  facet 2281: (1,0) (2,0) (2,1) (2,2) (3,2) (3,4) (4,4) (5,4) (5,5)
  facet 2282: (1,0) (1,1) (2,1) (3,1) (3,2) (3,4) (4,4) (5,4) (5,5)
  facet 2283: (1,0) (2,0) (2,1) (3,1) (3,2) (3,4) (4,4) (5,4) (5,5)
  facet 2284: (1,0) (2,0) (3,0) (3,1) (3,2) (3,4) (4,4) (5,4) (5,5)
  facet 2285: (1,0) (1,1) (1,2) (2,2) (3,2) (4,2) (4,4) (5,4) (5,5)
  facet 2286: (1,0) (1,1) (2,1) (2,2) (3,2) (4,2) (4,4) (5,4) (5,5)
  facet 2287: (1,0) (2,0) (2,1) (2,2) (3,2) (4,2) (4,4) (5,4) (5,5)
  facet 2288: (1,0) (1,1) (2,1) (3,1) (3,2) (4,2) (4,4) (5,4) (5,5)
  facet 2289: (1,0) (2,0) (2,1) (3,1) (3,2) (4,2) (4,4) (5,4) (5,5)
  facet 2290: (1,0) (2,0) (3,0) (3,1) (3,2) (4,2) (4,4) (5,4) (5,5)
  facet 2291: (1,0) (1,1) (2,1) (3,1) (4,1) (4,2) (4,4) (5,4) (5,5)
  facet 2292: (1,0) (2,0) (2,1) (3,1) (4,1) (4,2) (4,4) (5,4) (5,5)
  facet 2293: (1,0) (2,0) (3,0) (3,1) (4,1) (4,2) (4,4) (5,4) (5,5)
  facet 2294: (1,0) (2,0) (3,0) (4,0) (4,1) (4,2) (4,4) (5,4) (5,5)
  facet 2295: (1,0) (1,1) (1,2) (2,2) (3,2) (4,2) (5,2) (5,4) (5,5)
  facet 2296: (1,0) (1,1) (2,1) (2,2) (3,2) (4,2) (5,2) (5,4) (5,5)
  facet 2297: (1,0) (2,0) (2,1) (2,2) (3,2) (4,2) (5,2) (5,4) (5,5)
  facet 2298: (1,0) (1,1) (2,1) (3,1) (3,2) (4,2) (5,2) (5,4) (5,5)
  facet 2299: (1,0) (2,0) (2,1) (3,1) (3,2) (4,2) (5,2) (5,4) (5,5)
  facet 2300: (1,0) (2,0) (3,0) (3,1) (3,2) (4,2) (5,2) (5,4) (5,5)
  facet 2301: (1,0) (1,1) (2,1) (3,1) (4,1) (4,2) (5,2) (5,4) (5,5)
  facet 2302: (1,0) (2,0) (2,1) (3,1) (4,1) (4,2) (5,2) (5,4) (5,5)
  facet 2303: (1,0) (2,0) (3,0) (3,1) (4,1) (4,2) (5,2) (5,4) (5,5)
  facet 2304: (1,0) (2,0) (3,0) (4,0) (4,1) (4,2) (5,2) (5,4) (5,5)
  facet 2305: (1,0) (1,1) (2,1) (3,1) (4,1) (5,1) (5,2) (5,4) (5,5)
  facet 2306: (1,0) (2,0) (2,1) (3,1) (4,1) (5,1) (5,2) (5,4) (5,5)
  facet 2307: (1,0) (2,0) (3,0) (3,1) (4,1) (5,1) (5,2) (5,4) (5,5)
  facet 2308: (1,0) (2,0) (3,0) (4,0) (4,1) (5,1) (5,2) (5,4) (5,5)
  facet 2309: (1,0) (2,0) (3,0) (4,0) (5,0) (5,1) (5,2) (5,4) (5,5)
  facet 2310: (1,0) (1,1) (1,3) (1,4) (1,5) (2,5) (3,5) (4,5) (5,5)
  facet 2311: (1,0) (1,1) (1,3) (1,4) (2,4) (2,5) (3,5) (4,5) (5,5)
  facet 2312: (1,0) (1,1) (1,3) (2,3) (2,4) (2,5) (3,5) (4,5) (5,5)
  facet 2313: (1,0) (1,1) (2,1) (2,3) (2,4) (2,5) (3,5) (4,5) (5,5)
  facet 2314: (1,0) (2,0) (2,1) (2,3) (2,4) (2,5) (3,5) (4,5) (5,5)
  facet 2315: (1,0) (1,1) (1,3) (1,4) (2,4) (3,4) (3,5) (4,5) (5,5)
  facet 2316: (1,0) (1,1) (1,3) (2,3) (2,4) (3,4) (3,5) (4,5) (5,5)
  facet 2317: (1,0) (1,1) (2,1) (2,3) (2,4) (3,4) (3,5) (4,5) (5,5)
  facet 2318: (1,0) (2,0) (2,1) (2,3) (2,4) (3,4) (3,5) (4,5) (5,5)
  facet 2319: (1,0) (1,1) (1,3) (2,3) (3,3) (3,4) (3,5) (4,5) (5,5)
  facet 2320: (1,0) (1,1) (2,1) (2,3) (3,3) (3,4) (3,5) (4,5) (5,5)
  facet 2321: (1,0) (2,0) (2,1) (2,3) (3,3) (3,4) (3,5) (4,5) (5,5)
  facet 2322: (1,0) (1,1) (2,1) (3,1) (3,3) (3,4) (3,5) (4,5) (5,5)
  facet 2323: (1,0) (2,0) (2,1) (3,1) (3,3) (3,4) (3,5) (4,5) (5,5)
  facet 2324: (1,0) (2,0) (3,0) (3,1) (3,3) (3,4) (3,5) (4,5) (5,5)
  facet 2325: (1,0) (1,1) (1,3) (1,4) (2,4) (3,4) (4,4) (4,5) (5,5)
  facet 2326: (1,0) (1,1) (1,3) (2,3) (2,4) (3,4) (4,4) (4,5) (5,5)
  facet 2327: (1,0) (1,1) (2,1) (2,3) (2,4) (3,4) (4,4) (4,5) (5,5)
  facet 2328: (1,0) (2,0) (2,1) (2,3) (2,4) (3,4) (4,4) (4,5) (5,5)
  facet 2329: (1,0) (1,1) (1,3) (2,3) (3,3) (3,4) (4,4) (4,5) (5,5)
  facet 2330: (1,0) (1,1) (2,1) (2,3) (3,3) (3,4) (4,4) (4,5) (5,5)
  facet 2331: (1,0) (2,0) (2,1) (2,3) (3,3) (3,4) (4,4) (4,5) (5,5)
  facet 2332: (1,0) (1,1) (2,1) (3,1) (3,3) (3,4) (4,4) (4,5) (5,5)
  facet 2333: (1,0) (2,0) (2,1) (3,1) (3,3) (3,4) (4,4) (4,5) (5,5)
  facet 2334: (1,0) (2,0) (3,0) (3,1) (3,3) (3,4) (4,4) (4,5) (5,5)
  facet 2335: (1,0) (1,1) (1,3) (2,3) (3,3) (4,3) (4,4) (4,5) (5,5)
  facet 2336: (1,0) (1,1) (2,1) (2,3) (3,3) (4,3) (4,4) (4,5) (5,5)
  facet 2337: (1,0) (2,0) (2,1) (2,3) (3,3) (4,3) (4,4) (4,5) (5,5)
  facet 2338: (1,0) (1,1) (2,1) (3,1) (3,3) (4,3) (4,4) (4,5) (5,5)
  facet 2339: (1,0) (2,0) (2,1) (3,1) (3,3) (4,3) (4,4) (4,5) (5,5)
  facet 2340: (1,0) (2,0) (3,0) (3,1) (3,3) (4,3) (4,4) (4,5) (5,5)
  facet 2341: (1,0) (1,1) (2,1) (3,1) (4,1) (4,3) (4,4) (4,5) (5,5)
  facet 2342: (1,0) (2,0) (2,1) (3,1) (4,1) (4,3) (4,4) (4,5) (5,5)
  facet 2343: (1,0) (2,0) (3,0) (3,1) (4,1) (4,3) (4,4) (4,5) (5,5)
  facet 2344: (1,0) (2,0) (3,0) (4,0) (4,1) (4,3) (4,4) (4,5) (5,5)
  facet 2345: (1,0) (1,1) (1,3) (1,4) (2,4) (3,4) (4,4) (5,4) (5,5)
  facet 2346: (1,0) (1,1) (1,3) (2,3) (2,4) (3,4) (4,4) (5,4) (5,5)
  facet 2347: (1,0) (1,1) (2,1) (2,3) (2,4) (3,4) (4,4) (5,4) (5,5)
  facet 2348: (1,0) (2,0) (2,1) (2,3) (2,4) (3,4) (4,4) (5,4) (5,5)
  facet 2349: (1,0) (1,1) (1,3) (2,3) (3,3) (3,4) (4,4) (5,4) (5,5)
  facet 2350: (1,0) (1,1) (2,1) (2,3) (3,3) (3,4) (4,4) (5,4) (5,5)
  facet 2351: (1,0) (2,0) (2,1) (2,3) (3,3) (3,4) (4,4) (5,4) (5,5)
  facet 2352: (1,0) (1,1) (2,1) (3,1) (3,3) (3,4) (4,4) (5,4) (5,5)
  facet 2353: (1,0) (2,0) (2,1) (3,1) (3,3) (3,4) (4,4) (5,4) (5,5)
  facet 2354: (1,0) (2,0) (3,0) (3,1) (3,3) (3,4) (4,4) (5,4) (5,5)
  facet 2355: (1,0) (1,1) (1,3) (2,3) (3,3) (4,3) (4,4) (5,4) (5,5)
  facet 2356: (1,0) (1,1) (2,1) (2,3) (3,3) (4,3) (4,4) (5,4) (5,5)
  facet 2357: (1,0) (2,0) (2,1) (2,3) (3,3) (4,3) (4,4) (5,4) (5,5)
  facet 2358: (1,0) (1,1) (2,1) (3,1) (3,3) (4,3) (4,4) (5,4) (5,5)
  facet 2359: (1,0) (2,0) (2,1) (3,1) (3,3) (4,3) (4,4) (5,4) (5,5)
  facet 2360: (1,0) (2,0) (3,0) (3,1) (3,3) (4,3) (4,4) (5,4) (5,5)
  facet 2361: (1,0) (1,1) (2,1) (3,1) (4,1) (4,3) (4,4) (5,4) (5,5)
  facet 2362: (1,0) (2,0) (2,1) (3,1) (4,1) (4,3) (4,4) (5,4) (5,5)
  facet 2363: (1,0) (2,0) (3,0) (3,1) (4,1) (4,3) (4,4) (5,4) (5,5)
  facet 2364: (1,0) (2,0) (3,0) (4,0) (4,1) (4,3) (4,4) (5,4) (5,5)
  facet 2365: (1,0) (1,1) (1,3) (2,3) (3,3) (4,3) (5,3) (5,4) (5,5)
  facet 2366: (1,0) (1,1) (2,1) (2,3) (3,3) (4,3) (5,3) (5,4) (5,5)
  facet 2367: (1,0) (2,0) (2,1) (2,3) (3,3) (4,3) (5,3) (5,4) (5,5)
  facet 2368: (1,0) (1,1) (2,1) (3,1) (3,3) (4,3) (5,3) (5,4) (5,5)
  facet 2369: (1,0) (2,0) (2,1) (3,1) (3,3) (4,3) (5,3) (5,4) (5,5)
  facet 2370: (1,0) (2,0) (3,0) (3,1) (3,3) (4,3) (5,3) (5,4) (5,5)
  facet 2371: (1,0) (1,1) (2,1) (3,1) (4,1) (4,3) (5,3) (5,4) (5,5)
  facet 2372: (1,0) (2,0) (2,1) (3,1) (4,1) (4,3) (5,3) (5,4) (5,5)
  facet 2373: (1,0) (2,0) (3,0) (3,1) (4,1) (4,3) (5,3) (5,4) (5,5)
  facet 2374: (1,0) (2,0) (3,0) (4,0) (4,1) (4,3) (5,3) (5,4) (5,5)
  facet 2375: (1,0) (1,1) (2,1) (3,1) (4,1) (5,1) (5,3) (5,4) (5,5)
  facet 2376: (1,0) (2,0) (2,1) (3,1) (4,1) (5,1) (5,3) (5,4) (5,5)
  facet 2377: (1,0) (2,0) (3,0) (3,1) (4,1) (5,1) (5,3) (5,4) (5,5)
  facet 2378: (1,0) (2,0) (3,0) (4,0) (4,1) (5,1) (5,3) (5,4) (5,5)
  facet 2379: (1,0) (2,0) (3,0) (4,0) (5,0) (5,1) (5,3) (5,4) (5,5)
  facet 2450: (1,1) (1,2) (1,3) (1,4) (1,5) (2,5) (3,5) (4,5) (5,5)
  facet 2451: (1,1) (1,2) (1,3) (1,4) (2,4) (2,5) (3,5) (4,5) (5,5)
  facet 2452: (1,1) (1,2) (1,3) (2,3) (2,4) (2,5) (3,5) (4,5) (5,5)
  facet 2453: (1,1) (1,2) (2,2) (2,3) (2,4) (2,5) (3,5) (4,5) (5,5)
  facet 2454: (1,1) (2,1) (2,2) (2,3) (2,4) (2,5) (3,5) (4,5) (5,5)
  facet 2455: (1,1) (1,2) (1,3) (1,4) (2,4) (3,4) (3,5) (4,5) (5,5)
  facet 2456: (1,1) (1,2) (1,3) (2,3) (2,4) (3,4) (3,5) (4,5) (5,5)
  facet 2457: (1,1) (1,2) (2,2) (2,3) (2,4) (3,4) (3,5) (4,5) (5,5)
  facet 2458: (1,1) (2,1) (2,2) (2,3) (2,4) (3,4) (3,5) (4,5) (5,5)
  facet 2459: (1,1) (1,2) (1,3) (2,3) (3,3) (3,4) (3,5) (4,5) (5,5)
  facet 2460: (1,1) (1,2) (2,2) (2,3) (3,3) (3,4) (3,5) (4,5) (5,5)
  facet 2461: (1,1) (2,1) (2,2) (2,3) (3,3) (3,4) (3,5) (4,5) (5,5)
  facet 2462: (1,1) (1,2) (2,2) (3,2) (3,3) (3,4) (3,5) (4,5) (5,5)
  facet 2463: (1,1) (2,1) (2,2) (3,2) (3,3) (3,4) (3,5) (4,5) (5,5)
  facet 2464: (1,1) (2,1) (3,1) (3,2) (3,3) (3,4) (3,5) (4,5) (5,5)
  facet 2465: (1,1) (1,2) (1,3) (1,4) (2,4) (3,4) (4,4) (4,5) (5,5)
  facet 2466: (1,1) (1,2) (1,3) (2,3) (2,4) (3,4) (4,4) (4,5) (5,5)
  facet 2467: (1,1) (1,2) (2,2) (2,3) (2,4) (3,4) (4,4) (4,5) (5,5)
  facet 2468: (1,1) (2,1) (2,2) (2,3) (2,4) (3,4) (4,4) (4,5) (5,5)
  facet 2469: (1,1) (1,2) (1,3) (2,3) (3,3) (3,4) (4,4) (4,5) (5,5)
  facet 2470: (1,1) (1,2) (2,2) (2,3) (3,3) (3,4) (4,4) (4,5) (5,5)
  facet 2471: (1,1) (2,1) (2,2) (2,3) (3,3) (3,4) (4,4) (4,5) (5,5)
  facet 2472: (1,1) (1,2) (2,2) (3,2) (3,3) (3,4) (4,4) (4,5) (5,5)
  facet 2473: (1,1) (2,1) (2,2) (3,2) (3,3) (3,4) (4,4) (4,5) (5,5)
  facet 2474: (1,1) (2,1) (3,1) (3,2) (3,3) (3,4) (4,4) (4,5) (5,5)
  facet 2475: (1,1) (1,2) (1,3) (2,3) (3,3) (4,3) (4,4) (4,5) (5,5)
  facet 2476: (1,1) (1,2) (2,2) (2,3) (3,3) (4,3) (4,4) (4,5) (5,5)
  facet 2477: (1,1) (2,1) (2,2) (2,3) (3,3) (4,3) (4,4) (4,5) (5,5)
  facet 2478: (1,1) (1,2) (2,2) (3,2) (3,3) (4,3) (4,4) (4,5) (5,5)
  facet 2479: (1,1) (2,1) (2,2) (3,2) (3,3) (4,3) (4,4) (4,5) (5,5)
  facet 2480: (1,1) (2,1) (3,1) (3,2) (3,3) (4,3) (4,4) (4,5) (5,5)
  facet 2481: (1,1) (1,2) (2,2) (3,2) (4,2) (4,3) (4,4) (4,5) (5,5)
  facet 2482: (1,1) (2,1) (2,2) (3,2) (4,2) (4,3) (4,4) (4,5) (5,5)
  facet 2483: (1,1) (2,1) (3,1) (3,2) (4,2) (4,3) (4,4) (4,5) (5,5)
  facet 2484: (1,1) (2,1) (3,1) (4,1) (4,2) (4,3) (4,4) (4,5) (5,5)
  facet 2485: (1,1) (1,2) (1,3) (1,4) (2,4) (3,4) (4,4) (5,4) (5,5)
  facet 2486: (1,1) (1,2) (1,3) (2,3) (2,4) (3,4) (4,4) (5,4) (5,5)
  facet 2487: (1,1) (1,2) (2,2) (2,3) (2,4) (3,4) (4,4) (5,4) (5,5)
  facet 2488: (1,1) (2,1) (2,2) (2,3) (2,4) (3,4) (4,4) (5,4) (5,5)
  facet 2489: (1,1) (1,2) (1,3) (2,3) (3,3) (3,4) (4,4) (5,4) (5,5)
  facet 2490: (1,1) (1,2) (2,2) (2,3) (3,3) (3,4) (4,4) (5,4) (5,5)
  facet 2491: (1,1) (2,1) (2,2) (2,3) (3,3) (3,4) (4,4) (5,4) (5,5)
  facet 2492: (1,1) (1,2) (2,2) (3,2) (3,3) (3,4) (4,4) (5,4) (5,5)
  facet 2493: (1,1) (2,1) (2,2) (3,2) (3,3) (3,4) (4,4) (5,4) (5,5)
  facet 2494: (1,1) (2,1) (3,1) (3,2) (3,3) (3,4) (4,4) (5,4) (5,5)
  facet 2495: (1,1) (1,2) (1,3) (2,3) (3,3) (4,3) (4,4) (5,4) (5,5)
  facet 2496: (1,1) (1,2) (2,2) (2,3) (3,3) (4,3) (4,4) (5,4) (5,5)
  facet 2497: (1,1) (2,1) (2,2) (2,3) (3,3) (4,3) (4,4) (5,4) (5,5)
  facet 2498: (1,1) (1,2) (2,2) (3,2) (3,3) (4,3) (4,4) (5,4) (5,5)
  facet 2499: (1,1) (2,1) (2,2) (3,2) (3,3) (4,3) (4,4) (5,4) (5,5)
  facet 2500: (1,1) (2,1) (3,1) (3,2) (3,3) (4,3) (4,4) (5,4) (5,5)
  facet 2501: (1,1) (1,2) (2,2) (3,2) (4,2) (4,3) (4,4) (5,4) (5,5)
  facet 2502: (1,1) (2,1) (2,2) (3,2) (4,2) (4,3) (4,4) (5,4) (5,5)
  facet 2503: (1,1) (2,1) (3,1) (3,2) (4,2) (4,3) (4,4) (5,4) (5,5)
  facet 2504: (1,1) (2,1) (3,1) (4,1) (4,2) (4,3) (4,4) (5,4) (5,5)
  facet 2505: (1,1) (1,2) (1,3) (2,3) (3,3) (4,3) (5,3) (5,4) (5,5)
  facet 2506: (1,1) (1,2) (2,2) (2,3) (3,3) (4,3) (5,3) (5,4) (5,5)
  facet 2507: (1,1) (2,1) (2,2) (2,3) (3,3) (4,3) (5,3) (5,4) (5,5)
  facet 2508: (1,1) (1,2) (2,2) (3,2) (3,3) (4,3) (5,3) (5,4) (5,5)
  facet 2509: (1,1) (2,1) (2,2) (3,2) (3,3) (4,3) (5,3) (5,4) (5,5)
  facet 2510: (1,1) (2,1) (3,1) (3,2) (3,3) (4,3) (5,3) (5,4) (5,5)
  facet 2511: (1,1) (1,2) (2,2) (3,2) (4,2) (4,3) (5,3) (5,4) (5,5)
  facet 2512: (1,1) (2,1) (2,2) (3,2) (4,2) (4,3) (5,3) (5,4) (5,5)
  facet 2513: (1,1) (2,1) (3,1) (3,2) (4,2) (4,3) (5,3) (5,4) (5,5)
  facet 2514: (1,1) (2,1) (3,1) (4,1) (4,2) (4,3) (5,3) (5,4) (5,5)
  facet 2515: (1,1) (1,2) (2,2) (3,2) (4,2) (5,2) (5,3) (5,4) (5,5)
  facet 2516: (1,1) (2,1) (2,2) (3,2) (4,2) (5,2) (5,3) (5,4) (5,5)
  facet 2517: (1,1) (2,1) (3,1) (3,2) (4,2) (5,2) (5,3) (5,4) (5,5)
  facet 2518: (1,1) (2,1) (3,1) (4,1) (4,2) (5,2) (5,3) (5,4) (5,5)
  facet 2519: (1,1) (2,1) (3,1) (4,1) (5,1) (5,2) (5,3) (5,4) (5,5)
--- domain 2  (140 facets) ---
  facet 2030: (0,1) (0,2) (0,3) (0,4) (0,5) (2,5) (3,5) (4,5) (5,5)
  facet 2031: (0,1) (0,2) (0,3) (0,4) (2,4) (2,5) (3,5) (4,5) (5,5)
  facet 2032: (0,1) (0,2) (0,3) (2,3) (2,4) (2,5) (3,5) (4,5) (5,5)
  facet 2033: (0,1) (0,2) (2,2) (2,3) (2,4) (2,5) (3,5) (4,5) (5,5)
  facet 2034: (0,1) (2,1) (2,2) (2,3) (2,4) (2,5) (3,5) (4,5) (5,5)
  facet 2035: (0,1) (0,2) (0,3) (0,4) (2,4) (3,4) (3,5) (4,5) (5,5)
  facet 2036: (0,1) (0,2) (0,3) (2,3) (2,4) (3,4) (3,5) (4,5) (5,5)
  facet 2037: (0,1) (0,2) (2,2) (2,3) (2,4) (3,4) (3,5) (4,5) (5,5)
  facet 2038: (0,1) (2,1) (2,2) (2,3) (2,4) (3,4) (3,5) (4,5) (5,5)
  facet 2039: (0,1) (0,2) (0,3) (2,3) (3,3) (3,4) (3,5) (4,5) (5,5)
  facet 2040: (0,1) (0,2) (2,2) (2,3) (3,3) (3,4) (3,5) (4,5) (5,5)
  facet 2041: (0,1) (2,1) (2,2) (2,3) (3,3) (3,4) (3,5) (4,5) (5,5)
  facet 2042: (0,1) (0,2) (2,2) (3,2) (3,3) (3,4) (3,5) (4,5) (5,5)
  facet 2043: (0,1) (2,1) (2,2) (3,2) (3,3) (3,4) (3,5) (4,5) (5,5)
  facet 2044: (0,1) (2,1) (3,1) (3,2) (3,3) (3,4) (3,5) (4,5) (5,5)
  facet 2045: (0,1) (0,2) (0,3) (0,4) (2,4) (3,4) (4,4) (4,5) (5,5)
  facet 2046: (0,1) (0,2) (0,3) (2,3) (2,4) (3,4) (4,4) (4,5) (5,5)
  facet 2047: (0,1) (0,2) (2,2) (2,3) (2,4) (3,4) (4,4) (4,5) (5,5)
  facet 2048: (0,1) (2,1) (2,2) (2,3) (2,4) (3,4) (4,4) (4,5) (5,5)
  facet 2049: (0,1) (0,2) (0,3) (2,3) (3,3) (3,4) (4,4) (4,5) (5,5)
  facet 2050: (0,1) (0,2) (2,2) (2,3) (3,3) (3,4) (4,4) (4,5) (5,5)
  facet 2051: (0,1) (2,1) (2,2) (2,3) (3,3) (3,4) (4,4) (4,5) (5,5)
  facet 2052: (0,1) (0,2) (2,2) (3,2) (3,3) (3,4) (4,4) (4,5) (5,5)
  facet 2053: (0,1) (2,1) (2,2) (3,2) (3,3) (3,4) (4,4) (4,5) (5,5)
  facet 2054: (0,1) (2,1) (3,1) (3,2) (3,3) (3,4) (4,4) (4,5) (5,5)
  facet 2055: (0,1) (0,2) (0,3) (2,3) (3,3) (4,3) (4,4) (4,5) (5,5)
  facet 2056: (0,1) (0,2) (2,2) (2,3) (3,3) (4,3) (4,4) (4,5) (5,5)
  facet 2057: (0,1) (2,1) (2,2) (2,3) (3,3) (4,3) (4,4) (4,5) (5,5)
  facet 2058: (0,1) (0,2) (2,2) (3,2) (3,3) (4,3) (4,4) (4,5) (5,5)
  facet 2059: (0,1) (2,1) (2,2) (3,2) (3,3) (4,3) (4,4) (4,5) (5,5)
  facet 2060: (0,1) (2,1) (3,1) (3,2) (3,3) (4,3) (4,4) (4,5) (5,5)
  facet 2061: (0,1) (0,2) (2,2) (3,2) (4,2) (4,3) (4,4) (4,5) (5,5)
  facet 2062: (0,1) (2,1) (2,2) (3,2) (4,2) (4,3) (4,4) (4,5) (5,5)
  facet 2063: (0,1) (2,1) (3,1) (3,2) (4,2) (4,3) (4,4) (4,5) (5,5)
  facet 2064: (0,1) (2,1) (3,1) (4,1) (4,2) (4,3) (4,4) (4,5) (5,5)
  facet 2065: (0,1) (0,2) (0,3) (0,4) (2,4) (3,4) (4,4) (5,4) (5,5)
  facet 2066: (0,1) (0,2) (0,3) (2,3) (2,4) (3,4) (4,4) (5,4) (5,5)
  facet 2067: (0,1) (0,2) (2,2) (2,3) (2,4) (3,4) (4,4) (5,4) (5,5)
  facet 2068: (0,1) (2,1) (2,2) (2,3) (2,4) (3,4) (4,4) (5,4) (5,5)
  facet 2069: (0,1) (0,2) (0,3) (2,3) (3,3) (3,4) (4,4) (5,4) (5,5)
  facet 2070: (0,1) (0,2) (2,2) (2,3) (3,3) (3,4) (4,4) (5,4) (5,5)
  facet 2071: (0,1) (2,1) (2,2) (2,3) (3,3) (3,4) (4,4) (5,4) (5,5)
  facet 2072: (0,1) (0,2) (2,2) (3,2) (3,3) (3,4) (4,4) (5,4) (5,5)
  facet 2073: (0,1) (2,1) (2,2) (3,2) (3,3) (3,4) (4,4) (5,4) (5,5)
  facet 2074: (0,1) (2,1) (3,1) (3,2) (3,3) (3,4) (4,4) (5,4) (5,5)
  facet 2075: (0,1) (0,2) (0,3) (2,3) (3,3) (4,3) (4,4) (5,4) (5,5)
  facet 2076: (0,1) (0,2) (2,2) (2,3) (3,3) (4,3) (4,4) (5,4) (5,5)
  facet 2077: (0,1) (2,1) (2,2) (2,3) (3,3) (4,3) (4,4) (5,4) (5,5)
  facet 2078: (0,1) (0,2) (2,2) (3,2) (3,3) (4,3) (4,4) (5,4) (5,5)
  facet 2079: (0,1) (2,1) (2,2) (3,2) (3,3) (4,3) (4,4) (5,4) (5,5)
  facet 2080: (0,1) (2,1) (3,1) (3,2) (3,3) (4,3) (4,4) (5,4) (5,5)
  facet 2081: (0,1) (0,2) (2,2) (3,2) (4,2) (4,3) (4,4) (5,4) (5,5)
  facet 2082: (0,1) (2,1) (2,2) (3,2) (4,2) (4,3) (4,4) (5,4) (5,5)
  facet 2083: (0,1) (2,1) (3,1) (3,2) (4,2) (4,3) (4,4) (5,4) (5,5)
  facet 2084: (0,1) (2,1) (3,1) (4,1) (4,2) (4,3) (4,4) (5,4) (5,5)
  facet 2085: (0,1) (0,2) (0,3) (2,3) (3,3) (4,3) (5,3) (5,4) (5,5)
  facet 2086: (0,1) (0,2) (2,2) (2,3) (3,3) (4,3) (5,3) (5,4) (5,5)
  facet 2087: (0,1) (2,1) (2,2) (2,3) (3,3) (4,3) (5,3) (5,4) (5,5)
  facet 2088: (0,1) (0,2) (2,2) (3,2) (3,3) (4,3) (5,3) (5,4) (5,5)
  facet 2089: (0,1) (2,1) (2,2) (3,2) (3,3) (4,3) (5,3) (5,4) (5,5)
  facet 2090: (0,1) (2,1) (3,1) (3,2) (3,3) (4,3) (5,3) (5,4) (5,5)
  facet 2091: (0,1) (0,2) (2,2) (3,2) (4,2) (4,3) (5,3) (5,4) (5,5)
  facet 2092: (0,1) (2,1) (2,2) (3,2) (4,2) (4,3) (5,3) (5,4) (5,5)
  facet 2093: (0,1) (2,1) (3,1) (3,2) (4,2) (4,3) (5,3) (5,4) (5,5)
  facet 2094: (0,1) (2,1) (3,1) (4,1) (4,2) (4,3) (5,3) (5,4) (5,5)
  facet 2095: (0,1) (0,2) (2,2) (3,2) (4,2) (5,2) (5,3) (5,4) (5,5)
  facet 2096: (0,1) (2,1) (2,2) (3,2) (4,2) (5,2) (5,3) (5,4) (5,5)
  facet 2097: (0,1) (2,1) (3,1) (3,2) (4,2) (5,2) (5,3) (5,4) (5,5)
  facet 2098: (0,1) (2,1) (3,1) (4,1) (4,2) (5,2) (5,3) (5,4) (5,5)
  facet 2099: (0,1) (2,1) (3,1) (4,1) (5,1) (5,2) (5,3) (5,4) (5,5)
  facet 2380: (1,0) (1,2) (1,3) (1,4) (1,5) (2,5) (3,5) (4,5) (5,5)
  facet 2381: (1,0) (1,2) (1,3) (1,4) (2,4) (2,5) (3,5) (4,5) (5,5)
  facet 2382: (1,0) (1,2) (1,3) (2,3) (2,4) (2,5) (3,5) (4,5) (5,5)
  facet 2383: (1,0) (1,2) (2,2) (2,3) (2,4) (2,5) (3,5) (4,5) (5,5)
  facet 2384: (1,0) (2,0) (2,2) (2,3) (2,4) (2,5) (3,5) (4,5) (5,5)
  facet 2385: (1,0) (1,2) (1,3) (1,4) (2,4) (3,4) (3,5) (4,5) (5,5)
  facet 2386: (1,0) (1,2) (1,3) (2,3) (2,4) (3,4) (3,5) (4,5) (5,5)
  facet 2387: (1,0) (1,2) (2,2) (2,3) (2,4) (3,4) (3,5) (4,5) (5,5)
  facet 2388: (1,0) (2,0) (2,2) (2,3) (2,4) (3,4) (3,5) (4,5) (5,5)
  facet 2389: (1,0) (1,2) (1,3) (2,3) (3,3) (3,4) (3,5) (4,5) (5,5)
  facet 2390: (1,0) (1,2) (2,2) (2,3) (3,3) (3,4) (3,5) (4,5) (5,5)
  facet 2391: (1,0) (2,0) (2,2) (2,3) (3,3) (3,4) (3,5) (4,5) (5,5)
  facet 2392: (1,0) (1,2) (2,2) (3,2) (3,3) (3,4) (3,5) (4,5) (5,5)
  facet 2393: (1,0) (2,0) (2,2) (3,2) (3,3) (3,4) (3,5) (4,5) (5,5)
  facet 2394: (1,0) (2,0) (3,0) (3,2) (3,3) (3,4) (3,5) (4,5) (5,5)
  facet 2395: (1,0) (1,2) (1,3) (1,4) (2,4) (3,4) (4,4) (4,5) (5,5)
  facet 2396: (1,0) (1,2) (1,3) (2,3) (2,4) (3,4) (4,4) (4,5) (5,5)
  facet 2397: (1,0) (1,2) (2,2) (2,3) (2,4) (3,4) (4,4) (4,5) (5,5)
  facet 2398: (1,0) (2,0) (2,2) (2,3) (2,4) (3,4) (4,4) (4,5) (5,5)
  facet 2399: (1,0) (1,2) (1,3) (2,3) (3,3) (3,4) (4,4) (4,5) (5,5)
  facet 2400: (1,0) (1,2) (2,2) (2,3) (3,3) (3,4) (4,4) (4,5) (5,5)
  facet 2401: (1,0) (2,0) (2,2) (2,3) (3,3) (3,4) (4,4) (4,5) (5,5)
  facet 2402: (1,0) (1,2) (2,2) (3,2) (3,3) (3,4) (4,4) (4,5) (5,5)
  facet 2403: (1,0) (2,0) (2,2) (3,2) (3,3) (3,4) (4,4) (4,5) (5,5)
  facet 2404: (1,0) (2,0) (3,0) (3,2) (3,3) (3,4) (4,4) (4,5) (5,5)
  facet 2405: (1,0) (1,2) (1,3) (2,3) (3,3) (4,3) (4,4) (4,5) (5,5)
  facet 2406: (1,0) (1,2) (2,2) (2,3) (3,3) (4,3) (4,4) (4,5) (5,5)
  facet 2407: (1,0) (2,0) (2,2) (2,3) (3,3) (4,3) (4,4) (4,5) (5,5)
  facet 2408: (1,0) (1,2) (2,2) (3,2) (3,3) (4,3) (4,4) (4,5) (5,5)
  facet 2409: (1,0) (2,0) (2,2) (3,2) (3,3) (4,3) (4,4) (4,5) (5,5)
  facet 2410: (1,0) (2,0) (3,0) (3,2) (3,3) (4,3) (4,4) (4,5) (5,5)
  facet 2411: (1,0) (1,2) (2,2) (3,2) (4,2) (4,3) (4,4) (4,5) (5,5)
  facet 2412: (1,0) (2,0) (2,2) (3,2) (4,2) (4,3) (4,4) (4,5) (5,5)
  facet 2413: (1,0) (2,0) (3,0) (3,2) (4,2) (4,3) (4,4) (4,5) (5,5)
  facet 2414: (1,0) (2,0) (3,0) (4,0) (4,2) (4,3) (4,4) (4,5) (5,5)
  facet 2415: (1,0) (1,2) (1,3) (1,4) (2,4) (3,4) (4,4) (5,4) (5,5)
  facet 2416: (1,0) (1,2) (1,3) (2,3) (2,4) (3,4) (4,4) (5,4) (5,5)
  facet 2417: (1,0) (1,2) (2,2) (2,3) (2,4) (3,4) (4,4) (5,4) (5,5)
  facet 2418: (1,0) (2,0) (2,2) (2,3) (2,4) (3,4) (4,4) (5,4) (5,5)
  facet 2419: (1,0) (1,2) (1,3) (2,3) (3,3) (3,4) (4,4) (5,4) (5,5)
  facet 2420: (1,0) (1,2) (2,2) (2,3) (3,3) (3,4) (4,4) (5,4) (5,5)
  facet 2421: (1,0) (2,0) (2,2) (2,3) (3,3) (3,4) (4,4) (5,4) (5,5)
  facet 2422: (1,0) (1,2) (2,2) (3,2) (3,3) (3,4) (4,4) (5,4) (5,5)
  facet 2423: (1,0) (2,0) (2,2) (3,2) (3,3) (3,4) (4,4) (5,4) (5,5)
  facet 2424: (1,0) (2,0) (3,0) (3,2) (3,3) (3,4) (4,4) (5,4) (5,5)
  facet 2425: (1,0) (1,2) (1,3) (2,3) (3,3) (4,3) (4,4) (5,4) (5,5)
  facet 2426: (1,0) (1,2) (2,2) (2,3) (3,3) (4,3) (4,4) (5,4) (5,5)
  facet 2427: (1,0) (2,0) (2,2) (2,3) (3,3) (4,3) (4,4) (5,4) (5,5)
  facet 2428: (1,0) (1,2) (2,2) (3,2) (3,3) (4,3) (4,4) (5,4) (5,5)
  facet 2429: (1,0) (2,0) (2,2) (3,2) (3,3) (4,3) (4,4) (5,4) (5,5)
  facet 2430: (1,0) (2,0) (3,0) (3,2) (3,3) (4,3) (4,4) (5,4) (5,5)
  facet 2431: (1,0) (1,2) (2,2) (3,2) (4,2) (4,3) (4,4) (5,4) (5,5)
  facet 2432: (1,0) (2,0) (2,2) (3,2) (4,2) (4,3) (4,4) (5,4) (5,5)
  facet 2433: (1,0) (2,0) (3,0) (3,2) (4,2) (4,3) (4,4) (5,4) (5,5)
  facet 2434: (1,0) (2,0) (3,0) (4,0) (4,2) (4,3) (4,4) (5,4) (5,5)
  facet 2435: (1,0) (1,2) (1,3) (2,3) (3,3) (4,3) (5,3) (5,4) (5,5)
  facet 2436: (1,0) (1,2) (2,2) (2,3) (3,3) (4,3) (5,3) (5,4) (5,5)
  facet 2437: (1,0) (2,0) (2,2) (2,3) (3,3) (4,3) (5,3) (5,4) (5,5)
  facet 2438: (1,0) (1,2) (2,2) (3,2) (3,3) (4,3) (5,3) (5,4) (5,5)
  facet 2439: (1,0) (2,0) (2,2) (3,2) (3,3) (4,3) (5,3) (5,4) (5,5)
  facet 2440: (1,0) (2,0) (3,0) (3,2) (3,3) (4,3) (5,3) (5,4) (5,5)
  facet 2441: (1,0) (1,2) (2,2) (3,2) (4,2) (4,3) (5,3) (5,4) (5,5)
  facet 2442: (1,0) (2,0) (2,2) (3,2) (4,2) (4,3) (5,3) (5,4) (5,5)
  facet 2443: (1,0) (2,0) (3,0) (3,2) (4,2) (4,3) (5,3) (5,4) (5,5)
  facet 2444: (1,0) (2,0) (3,0) (4,0) (4,2) (4,3) (5,3) (5,4) (5,5)
  facet 2445: (1,0) (1,2) (2,2) (3,2) (4,2) (5,2) (5,3) (5,4) (5,5)
  facet 2446: (1,0) (2,0) (2,2) (3,2) (4,2) (5,2) (5,3) (5,4) (5,5)
  facet 2447: (1,0) (2,0) (3,0) (3,2) (4,2) (5,2) (5,3) (5,4) (5,5)
  facet 2448: (1,0) (2,0) (3,0) (4,0) (4,2) (5,2) (5,3) (5,4) (5,5)
  facet 2449: (1,0) (2,0) (3,0) (4,0) (5,0) (5,2) (5,3) (5,4) (5,5)
