KxK: 12348 maximal facets; cover with 3 domains (SC_strict <= 2)

--- domain 0  (9072 facets) ---
  facet   0: (0,0) (0,1) (0,2) (0,3) (0,4) (0,5) (1,5) (2,5) (3,5) (4,5) (5,5)
  facet   1: (0,0) (0,1) (0,2) (0,3) (0,4) (1,4) (1,5) (2,5) (3,5) (4,5) (5,5)
  facet   2: (0,0) (0,1) (0,2) (0,3) (1,3) (1,4) (1,5) (2,5) (3,5) (4,5) (5,5)
  facet   3: (0,0) (0,1) (0,2) (1,2) (1,3) (1,4) (1,5) (2,5) (3,5) (4,5) (5,5)
  facet   4: (0,0) (0,1) (1,1) (1,2) (1,3) (1,4) (1,5) (2,5) (3,5) (4,5) (5,5)
  facet   5: (0,0) (1,0) (1,1) (1,2) (1,3) (1,4) (1,5) (2,5) (3,5) (4,5) (5,5)
  facet   6: (0,0) (0,1) (0,2) (0,3) (0,4) (1,4) (2,4) (2,5) (3,5) (4,5) (5,5)
  facet   7: (0,0) (0,1) (0,2) (0,3) (1,3) (1,4) (2,4) (2,5) (3,5) (4,5) (5,5)
  facet   8: (0,0) (0,1) (0,2) (1,2) (1,3) (1,4) (2,4) (2,5) (3,5) (4,5) (5,5)
  facet   9: (0,0) (0,1) (1,1) (1,2) (1,3) (1,4) (2,4) (2,5) (3,5) (4,5) (5,5)
  facet  10: (0,0) (1,0) (1,1) (1,2) (1,3) (1,4) (2,4) (2,5) (3,5) (4,5) (5,5)
  facet  11: (0,0) (0,1) (0,2) (0,3) (1,3) (2,3) (2,4) (2,5) (3,5) (4,5) (5,5)
  facet  12: (0,0) (0,1) (0,2) (1,2) (1,3) (2,3) (2,4) (2,5) (3,5) (4,5) (5,5)
  facet  13: (0,0) (0,1) (1,1) (1,2) (1,3) (2,3) (2,4) (2,5) (3,5) (4,5) (5,5)
  facet  14: (0,0) (1,0) (1,1) (1,2) (1,3) (2,3) (2,4) (2,5) (3,5) (4,5) (5,5)
  facet  15: (0,0) (0,1) (0,2) (1,2) (2,2) (2,3) (2,4) (2,5) (3,5) (4,5) (5,5)
  facet  16: (0,0) (0,1) (1,1) (1,2) (2,2) (2,3) (2,4) (2,5) (3,5) (4,5) (5,5)
  facet  17: (0,0) (1,0) (1,1) (1,2) (2,2) (2,3) (2,4) (2,5) (3,5) (4,5) (5,5)
  facet  18: (0,0) (0,1) (1,1) (2,1) (2,2) (2,3) (2,4) (2,5) (3,5) (4,5) (5,5)
  facet  19: (0,0) (1,0) (1,1) (2,1) (2,2) (2,3) (2,4) (2,5) (3,5) (4,5) (5,5)
  facet  20: (0,0) (1,0) (2,0) (2,1) (2,2) (2,3) (2,4) (2,5) (3,5) (4,5) (5,5)
  facet  21: (0,0) (0,1) (0,2) (0,3) (0,4) (1,4) (2,4) (3,4) (3,5) (4,5) (5,5)
  facet  22: (0,0) (0,1) (0,2) (0,3) (1,3) (1,4) (2,4) (3,4) (3,5) (4,5) (5,5)
  facet  23: (0,0) (0,1) (0,2) (1,2) (1,3) (1,4) (2,4) (3,4) (3,5) (4,5) (5,5)
  facet  24: (0,0) (0,1) (1,1) (1,2) (1,3) (1,4) (2,4) (3,4) (3,5) (4,5) (5,5)
  facet  25: (0,0) (1,0) (1,1) (1,2) (1,3) (1,4) (2,4) (3,4) (3,5) (4,5) (5,5)
  facet  26: (0,0) (0,1) (0,2) (0,3) (1,3) (2,3) (2,4) (3,4) (3,5) (4,5) (5,5)
  facet  27: (0,0) (0,1) (0,2) (1,2) (1,3) (2,3) (2,4) (3,4) (3,5) (4,5) (5,5)
  facet  28: (0,0) (0,1) (1,1) (1,2) (1,3) (2,3) (2,4) (3,4) (3,5) (4,5) (5,5)
  facet  29: (0,0) (1,0) (1,1) (1,2) (1,3) (2,3) (2,4) (3,4) (3,5) (4,5) (5,5)
  facet  30: (0,0) (0,1) (0,2) (1,2) (2,2) (2,3) (2,4) (3,4) (3,5) (4,5) (5,5)
  facet  31: (0,0) (0,1) (1,1) (1,2) (2,2) (2,3) (2,4) (3,4) (3,5) (4,5) (5,5)
  facet  32: (0,0) (1,0) (1,1) (1,2) (2,2) (2,3) (2,4) (3,4) (3,5) (4,5) (5,5)
  facet  33: (0,0) (0,1) (1,1) (2,1) (2,2) (2,3) (2,4) (3,4) (3,5) (4,5) (5,5)
  facet  34: (0,0) (1,0) (1,1) (2,1) (2,2) (2,3) (2,4) (3,4) (3,5) (4,5) (5,5)
  facet  35: (0,0) (1,0) (2,0) (2,1) (2,2) (2,3) (2,4) (3,4) (3,5) (4,5) (5,5)
  facet  36: (0,0) (0,1) (0,2) (0,3) (1,3) (2,3) (3,3) (3,4) (3,5) (4,5) (5,5)
  facet  37: (0,0) (0,1) (0,2) (1,2) (1,3) (2,3) (3,3) (3,4) (3,5) (4,5) (5,5)
  facet  38: (0,0) (0,1) (1,1) (1,2) (1,3) (2,3) (3,3) (3,4) (3,5) (4,5) (5,5)
  facet  39: (0,0) (1,0) (1,1) (1,2) (1,3) (2,3) (3,3) (3,4) (3,5) (4,5) (5,5)
  facet  40: (0,0) (0,1) (0,2) (1,2) (2,2) (2,3) (3,3) (3,4) (3,5) (4,5) (5,5)
  facet  41: (0,0) (0,1) (1,1) (1,2) (2,2) (2,3) (3,3) (3,4) (3,5) (4,5) (5,5)
  facet  42: (0,0) (1,0) (1,1) (1,2) (2,2) (2,3) (3,3) (3,4) (3,5) (4,5) (5,5)
  facet  43: (0,0) (0,1) (1,1) (2,1) (2,2) (2,3) (3,3) (3,4) (3,5) (4,5) (5,5)
  facet  44: (0,0) (1,0) (1,1) (2,1) (2,2) (2,3) (3,3) (3,4) (3,5) (4,5) (5,5)
  facet  45: (0,0) (1,0) (2,0) (2,1) (2,2) (2,3) (3,3) (3,4) (3,5) (4,5) (5,5)
  facet  46: (0,0) (0,1) (0,2) (1,2) (2,2) (3,2) (3,3) (3,4) (3,5) (4,5) (5,5)
  facet  47: (0,0) (0,1) (1,1) (1,2) (2,2) (3,2) (3,3) (3,4) (3,5) (4,5) (5,5)
  facet  48: (0,0) (1,0) (1,1) (1,2) (2,2) (3,2) (3,3) (3,4) (3,5) (4,5) (5,5)
  facet  49: (0,0) (0,1) (1,1) (2,1) (2,2) (3,2) (3,3) (3,4) (3,5) (4,5) (5,5)
  facet  50: (0,0) (1,0) (1,1) (2,1) (2,2) (3,2) (3,3) (3,4) (3,5) (4,5) (5,5)
  facet  51: (0,0) (1,0) (2,0) (2,1) (2,2) (3,2) (3,3) (3,4) (3,5) (4,5) (5,5)
  facet  52: (0,0) (0,1) (1,1) (2,1) (3,1) (3,2) (3,3) (3,4) (3,5) (4,5) (5,5)
  facet  53: (0,0) (1,0) (1,1) (2,1) (3,1) (3,2) (3,3) (3,4) (3,5) (4,5) (5,5)
  facet  54: (0,0) (1,0) (2,0) (2,1) (3,1) (3,2) (3,3) (3,4) (3,5) (4,5) (5,5)
  facet  55: (0,0) (1,0) (2,0) (3,0) (3,1) (3,2) (3,3) (3,4) (3,5) (4,5) (5,5)
  facet  56: (0,0) (0,1) (0,2) (0,3) (0,4) (1,4) (2,4) (3,4) (4,4) (4,5) (5,5)
  facet  57: (0,0) (0,1) (0,2) (0,3) (1,3) (1,4) (2,4) (3,4) (4,4) (4,5) (5,5)
  facet  58: (0,0) (0,1) (0,2) (1,2) (1,3) (1,4) (2,4) (3,4) (4,4) (4,5) (5,5)
  facet  59: (0,0) (0,1) (1,1) (1,2) (1,3) (1,4) (2,4) (3,4) (4,4) (4,5) (5,5)
  facet  60: (0,0) (1,0) (1,1) (1,2) (1,3) (1,4) (2,4) (3,4) (4,4) (4,5) (5,5)
  facet  61: (0,0) (0,1) (0,2) (0,3) (1,3) (2,3) (2,4) (3,4) (4,4) (4,5) (5,5)
  facet  62: (0,0) (0,1) (0,2) (1,2) (1,3) (2,3) (2,4) (3,4) (4,4) (4,5) (5,5)
  facet  63: (0,0) (0,1) (1,1) (1,2) (1,3) (2,3) (2,4) (3,4) (4,4) (4,5) (5,5)
  facet  64: (0,0) (1,0) (1,1) (1,2) (1,3) (2,3) (2,4) (3,4) (4,4) (4,5) (5,5)
  facet  65: (0,0) (0,1) (0,2) (1,2) (2,2) (2,3) (2,4) (3,4) (4,4) (4,5) (5,5)
  facet  66: (0,0) (0,1) (1,1) (1,2) (2,2) (2,3) (2,4) (3,4) (4,4) (4,5) (5,5)
  facet  67: (0,0) (1,0) (1,1) (1,2) (2,2) (2,3) (2,4) (3,4) (4,4) (4,5) (5,5)
  facet  68: (0,0) (0,1) (1,1) (2,1) (2,2) (2,3) (2,4) (3,4) (4,4) (4,5) (5,5)
  facet  69: (0,0) (1,0) (1,1) (2,1) (2,2) (2,3) (2,4) (3,4) (4,4) (4,5) (5,5)
  facet  70: (0,0) (1,0) (2,0) (2,1) (2,2) (2,3) (2,4) (3,4) (4,4) (4,5) (5,5)
  facet  71: (0,0) (0,1) (0,2) (0,3) (1,3) (2,3) (3,3) (3,4) (4,4) (4,5) (5,5)
  facet  72: (0,0) (0,1) (0,2) (1,2) (1,3) (2,3) (3,3) (3,4) (4,4) (4,5) (5,5)
  facet  73: (0,0) (0,1) (1,1) (1,2) (1,3) (2,3) (3,3) (3,4) (4,4) (4,5) (5,5)
  facet  74: (0,0) (1,0) (1,1) (1,2) (1,3) (2,3) (3,3) (3,4) (4,4) (4,5) (5,5)
  facet  75: (0,0) (0,1) (0,2) (1,2) (2,2) (2,3) (3,3) (3,4) (4,4) (4,5) (5,5)
  facet  76: (0,0) (0,1) (1,1) (1,2) (2,2) (2,3) (3,3) (3,4) (4,4) (4,5) (5,5)
  facet  77: (0,0) (1,0) (1,1) (1,2) (2,2) (2,3) (3,3) (3,4) (4,4) (4,5) (5,5)
  facet  78: (0,0) (0,1) (1,1) (2,1) (2,2) (2,3) (3,3) (3,4) (4,4) (4,5) (5,5)
  facet  79: (0,0) (1,0) (1,1) (2,1) (2,2) (2,3) (3,3) (3,4) (4,4) (4,5) (5,5)
  facet  80: (0,0) (1,0) (2,0) (2,1) (2,2) (2,3) (3,3) (3,4) (4,4) (4,5) (5,5)
  facet  81: (0,0) (0,1) (0,2) (1,2) (2,2) (3,2) (3,3) (3,4) (4,4) (4,5) (5,5)
  facet  82: (0,0) (0,1) (1,1) (1,2) (2,2) (3,2) (3,3) (3,4) (4,4) (4,5) (5,5)
  facet  83: (0,0) (1,0) (1,1) (1,2) (2,2) (3,2) (3,3) (3,4) (4,4) (4,5) (5,5)
  facet  84: (0,0) (0,1) (1,1) (2,1) (2,2) (3,2) (3,3) (3,4) (4,4) (4,5) (5,5)
  facet  85: (0,0) (1,0) (1,1) (2,1) (2,2) (3,2) (3,3) (3,4) (4,4) (4,5) (5,5)
  facet  86: (0,0) (1,0) (2,0) (2,1) (2,2) (3,2) (3,3) (3,4) (4,4) (4,5) (5,5)
  facet  87: (0,0) (0,1) (1,1) (2,1) (3,1) (3,2) (3,3) (3,4) (4,4) (4,5) (5,5)
  facet  88: (0,0) (1,0) (1,1) (2,1) (3,1) (3,2) (3,3) (3,4) (4,4) (4,5) (5,5)
  facet  89: (0,0) (1,0) (2,0) (2,1) (3,1) (3,2) (3,3) (3,4) (4,4) (4,5) (5,5)
  facet  90: (0,0) (1,0) (2,0) (3,0) (3,1) (3,2) (3,3) (3,4) (4,4) (4,5) (5,5)
  facet  91: (0,0) (0,1) (0,2) (0,3) (1,3) (2,3) (3,3) (4,3) (4,4) (4,5) (5,5)
  facet  92: (0,0) (0,1) (0,2) (1,2) (1,3) (2,3) (3,3) (4,3) (4,4) (4,5) (5,5)
  facet  93: (0,0) (0,1) (1,1) (1,2) (1,3) (2,3) (3,3) (4,3) (4,4) (4,5) (5,5)
  facet  94: (0,0) (1,0) (1,1) (1,2) (1,3) (2,3) (3,3) (4,3) (4,4) (4,5) (5,5)
  facet  95: (0,0) (0,1) (0,2) (1,2) (2,2) (2,3) (3,3) (4,3) (4,4) (4,5) (5,5)
  facet  96: (0,0) (0,1) (1,1) (1,2) (2,2) (2,3) (3,3) (4,3) (4,4) (4,5) (5,5)
  facet  97: (0,0) (1,0) (1,1) (1,2) (2,2) (2,3) (3,3) (4,3) (4,4) (4,5) (5,5)
  facet  98: (0,0) (0,1) (1,1) (2,1) (2,2) (2,3) (3,3) (4,3) (4,4) (4,5) (5,5)
  facet  99: (0,0) (1,0) (1,1) (2,1) (2,2) (2,3) (3,3) (4,3) (4,4) (4,5) (5,5)
  facet 100: (0,0) (1,0) (2,0) (2,1) (2,2) (2,3) (3,3) (4,3) (4,4) (4,5) (5,5)
  facet 101: (0,0) (0,1) (0,2) (1,2) (2,2) (3,2) (3,3) (4,3) (4,4) (4,5) (5,5)
  facet 102: (0,0) (0,1) (1,1) (1,2) (2,2) (3,2) (3,3) (4,3) (4,4) (4,5) (5,5)
  facet 103: (0,0) (1,0) (1,1) (1,2) (2,2) (3,2) (3,3) (4,3) (4,4) (4,5) (5,5)
  facet 104: (0,0) (0,1) (1,1) (2,1) (2,2) (3,2) (3,3) (4,3) (4,4) (4,5) (5,5)
  facet 105: (0,0) (1,0) (1,1) (2,1) (2,2) (3,2) (3,3) (4,3) (4,4) (4,5) (5,5)
  facet 106: (0,0) (1,0) (2,0) (2,1) (2,2) (3,2) (3,3) (4,3) (4,4) (4,5) (5,5)
  facet 107: (0,0) (0,1) (1,1) (2,1) (3,1) (3,2) (3,3) (4,3) (4,4) (4,5) (5,5)
  facet 108: (0,0) (1,0) (1,1) (2,1) (3,1) (3,2) (3,3) (4,3) (4,4) (4,5) (5,5)
  facet 109: (0,0) (1,0) (2,0) (2,1) (3,1) (3,2) (3,3) (4,3) (4,4) (4,5) (5,5)
  facet 110: (0,0) (1,0) (2,0) (3,0) (3,1) (3,2) (3,3) (4,3) (4,4) (4,5) (5,5)
  facet 111: (0,0) (0,1) (0,2) (1,2) (2,2) (3,2) (4,2) (4,3) (4,4) (4,5) (5,5)
  facet 112: (0,0) (0,1) (1,1) (1,2) (2,2) (3,2) (4,2) (4,3) (4,4) (4,5) (5,5)
  facet 113: (0,0) (1,0) (1,1) (1,2) (2,2) (3,2) (4,2) (4,3) (4,4) (4,5) (5,5)
  facet 114: (0,0) (0,1) (1,1) (2,1) (2,2) (3,2) (4,2) (4,3) (4,4) (4,5) (5,5)
  facet 115: (0,0) (1,0) (1,1) (2,1) (2,2) (3,2) (4,2) (4,3) (4,4) (4,5) (5,5)
  facet 116: (0,0) (1,0) (2,0) (2,1) (2,2) (3,2) (4,2) (4,3) (4,4) (4,5) (5,5)
  facet 117: (0,0) (0,1) (1,1) (2,1) (3,1) (3,2) (4,2) (4,3) (4,4) (4,5) (5,5)
  facet 118: (0,0) (1,0) (1,1) (2,1) (3,1) (3,2) (4,2) (4,3) (4,4) (4,5) (5,5)
  facet 119: (0,0) (1,0) (2,0) (2,1) (3,1) (3,2) (4,2) (4,3) (4,4) (4,5) (5,5)
  facet 120: (0,0) (1,0) (2,0) (3,0) (3,1) (3,2) (4,2) (4,3) (4,4) (4,5) (5,5)
  facet 121: (0,0) (0,1) (1,1) (2,1) (3,1) (4,1) (4,2) (4,3) (4,4) (4,5) (5,5)
  facet 122: (0,0) (1,0) (1,1) (2,1) (3,1) (4,1) (4,2) (4,3) (4,4) (4,5) (5,5)
  facet 123: (0,0) (1,0) (2,0) (2,1) (3,1) (4,1) (4,2) (4,3) (4,4) (4,5) (5,5)
  facet 124: (0,0) (1,0) (2,0) (3,0) (3,1) (4,1) (4,2) (4,3) (4,4) (4,5) (5,5)
  facet 125: (0,0) (1,0) (2,0) (3,0) (4,0) (4,1) (4,2) (4,3) (4,4) (4,5) (5,5)
  facet 126: (0,0) (0,1) (0,2) (0,3) (0,4) (1,4) (2,4) (3,4) (4,4) (5,4) (5,5)
  facet 127: (0,0) (0,1) (0,2) (0,3) (1,3) (1,4) (2,4) (3,4) (4,4) (5,4) (5,5)
  facet 128: (0,0) (0,1) (0,2) (1,2) (1,3) (1,4) (2,4) (3,4) (4,4) (5,4) (5,5)
  facet 129: (0,0) (0,1) (1,1) (1,2) (1,3) (1,4) (2,4) (3,4) (4,4) (5,4) (5,5)
  facet 130: (0,0) (1,0) (1,1) (1,2) (1,3) (1,4) (2,4) (3,4) (4,4) (5,4) (5,5)
  facet 131: (0,0) (0,1) (0,2) (0,3) (1,3) (2,3) (2,4) (3,4) (4,4) (5,4) (5,5)
  facet 132: (0,0) (0,1) (0,2) (1,2) (1,3) (2,3) (2,4) (3,4) (4,4) (5,4) (5,5)
  facet 133: (0,0) (0,1) (1,1) (1,2) (1,3) (2,3) (2,4) (3,4) (4,4) (5,4) (5,5)
  facet 134: (0,0) (1,0) (1,1) (1,2) (1,3) (2,3) (2,4) (3,4) (4,4) (5,4) (5,5)
  facet 135: (0,0) (0,1) (0,2) (1,2) (2,2) (2,3) (2,4) (3,4) (4,4) (5,4) (5,5)
  facet 136: (0,0) (0,1) (1,1) (1,2) (2,2) (2,3) (2,4) (3,4) (4,4) (5,4) (5,5)
  facet 137: (0,0) (1,0) (1,1) (1,2) (2,2) (2,3) (2,4) (3,4) (4,4) (5,4) (5,5)
  facet 138: (0,0) (0,1) (1,1) (2,1) (2,2) (2,3) (2,4) (3,4) (4,4) (5,4) (5,5)
  facet 139: (0,0) (1,0) (1,1) (2,1) (2,2) (2,3) (2,4) (3,4) (4,4) (5,4) (5,5)
  facet 140: (0,0) (1,0) (2,0) (2,1) (2,2) (2,3) (2,4) (3,4) (4,4) (5,4) (5,5)
  facet 141: (0,0) (0,1) (0,2) (0,3) (1,3) (2,3) (3,3) (3,4) (4,4) (5,4) (5,5)
  facet 142: (0,0) (0,1) (0,2) (1,2) (1,3) (2,3) (3,3) (3,4) (4,4) (5,4) (5,5)
  facet 143: (0,0) (0,1) (1,1) (1,2) (1,3) (2,3) (3,3) (3,4) (4,4) (5,4) (5,5)
  facet 144: (0,0) (1,0) (1,1) (1,2) (1,3) (2,3) (3,3) (3,4) (4,4) (5,4) (5,5)
  facet 145: (0,0) (0,1) (0,2) (1,2) (2,2) (2,3) (3,3) (3,4) (4,4) (5,4) (5,5)
  facet 146: (0,0) (0,1) (1,1) (1,2) (2,2) (2,3) (3,3) (3,4) (4,4) (5,4) (5,5)
  facet 147: (0,0) (1,0) (1,1) (1,2) (2,2) (2,3) (3,3) (3,4) (4,4) (5,4) (5,5)
  facet 148: (0,0) (0,1) (1,1) (2,1) (2,2) (2,3) (3,3) (3,4) (4,4) (5,4) (5,5)
  facet 149: (0,0) (1,0) (1,1) (2,1) (2,2) (2,3) (3,3) (3,4) (4,4) (5,4) (5,5)
  facet 150: (0,0) (1,0) (2,0) (2,1) (2,2) (2,3) (3,3) (3,4) (4,4) (5,4) (5,5)
  facet 151: (0,0) (0,1) (0,2) (1,2) (2,2) (3,2) (3,3) (3,4) (4,4) (5,4) (5,5)
  facet 152: (0,0) (0,1) (1,1) (1,2) (2,2) (3,2) (3,3) (3,4) (4,4) (5,4) (5,5)
  facet 153: (0,0) (1,0) (1,1) (1,2) (2,2) (3,2) (3,3) (3,4) (4,4) (5,4) (5,5)
  facet 154: (0,0) (0,1) (1,1) (2,1) (2,2) (3,2) (3,3) (3,4) (4,4) (5,4) (5,5)
  facet 155: (0,0) (1,0) (1,1) (2,1) (2,2) (3,2) (3,3) (3,4) (4,4) (5,4) (5,5)
  facet 156: (0,0) (1,0) (2,0) (2,1) (2,2) (3,2) (3,3) (3,4) (4,4) (5,4) (5,5)
  facet 157: (0,0) (0,1) (1,1) (2,1) (3,1) (3,2) (3,3) (3,4) (4,4) (5,4) (5,5)
  facet 158: (0,0) (1,0) (1,1) (2,1) (3,1) (3,2) (3,3) (3,4) (4,4) (5,4) (5,5)
  facet 159: (0,0) (1,0) (2,0) (2,1) (3,1) (3,2) (3,3) (3,4) (4,4) (5,4) (5,5)
  facet 160: (0,0) (1,0) (2,0) (3,0) (3,1) (3,2) (3,3) (3,4) (4,4) (5,4) (5,5)
  facet 161: (0,0) (0,1) (0,2) (0,3) (1,3) (2,3) (3,3) (4,3) (4,4) (5,4) (5,5)
  facet 162: (0,0) (0,1) (0,2) (1,2) (1,3) (2,3) (3,3) (4,3) (4,4) (5,4) (5,5)
  facet 163: (0,0) (0,1) (1,1) (1,2) (1,3) (2,3) (3,3) (4,3) (4,4) (5,4) (5,5)
  facet 164: (0,0) (1,0) (1,1) (1,2) (1,3) (2,3) (3,3) (4,3) (4,4) (5,4) (5,5)
  facet 165: (0,0) (0,1) (0,2) (1,2) (2,2) (2,3) (3,3) (4,3) (4,4) (5,4) (5,5)
  facet 166: (0,0) (0,1) (1,1) (1,2) (2,2) (2,3) (3,3) (4,3) (4,4) (5,4) (5,5)
  facet 167: (0,0) (1,0) (1,1) (1,2) (2,2) (2,3) (3,3) (4,3) (4,4) (5,4) (5,5)
  facet 168: (0,0) (0,1) (1,1) (2,1) (2,2) (2,3) (3,3) (4,3) (4,4) (5,4) (5,5)
  facet 169: (0,0) (1,0) (1,1) (2,1) (2,2) (2,3) (3,3) (4,3) (4,4) (5,4) (5,5)
  facet 170: (0,0) (1,0) (2,0) (2,1) (2,2) (2,3) (3,3) (4,3) (4,4) (5,4) (5,5)
  facet 171: (0,0) (0,1) (0,2) (1,2) (2,2) (3,2) (3,3) (4,3) (4,4) (5,4) (5,5)
  facet 172: (0,0) (0,1) (1,1) (1,2) (2,2) (3,2) (3,3) (4,3) (4,4) (5,4) (5,5)
  facet 173: (0,0) (1,0) (1,1) (1,2) (2,2) (3,2) (3,3) (4,3) (4,4) (5,4) (5,5)
  facet 174: (0,0) (0,1) (1,1) (2,1) (2,2) (3,2) (3,3) (4,3) (4,4) (5,4) (5,5)
  facet 175: (0,0) (1,0) (1,1) (2,1) (2,2) (3,2) (3,3) (4,3) (4,4) (5,4) (5,5)
  facet 176: (0,0) (1,0) (2,0) (2,1) (2,2) (3,2) (3,3) (4,3) (4,4) (5,4) (5,5)
  facet 177: (0,0) (0,1) (1,1) (2,1) (3,1) (3,2) (3,3) (4,3) (4,4) (5,4) (5,5)
  facet 178: (0,0) (1,0) (1,1) (2,1) (3,1) (3,2) (3,3) (4,3) (4,4) (5,4) (5,5)
  facet 179: (0,0) (1,0) (2,0) (2,1) (3,1) (3,2) (3,3) (4,3) (4,4) (5,4) (5,5)
  facet 180: (0,0) (1,0) (2,0) (3,0) (3,1) (3,2) (3,3) (4,3) (4,4) (5,4) (5,5)
  facet 181: (0,0) (0,1) (0,2) (1,2) (2,2) (3,2) (4,2) (4,3) (4,4) (5,4) (5,5)
  facet 182: (0,0) (0,1) (1,1) (1,2) (2,2) (3,2) (4,2) (4,3) (4,4) (5,4) (5,5)
  facet 183: (0,0) (1,0) (1,1) (1,2) (2,2) (3,2) (4,2) (4,3) (4,4) (5,4) (5,5)
  facet 184: (0,0) (0,1) (1,1) (2,1) (2,2) (3,2) (4,2) (4,3) (4,4) (5,4) (5,5)
  facet 185: (0,0) (1,0) (1,1) (2,1) (2,2) (3,2) (4,2) (4,3) (4,4) (5,4) (5,5)
  facet 186: (0,0) (1,0) (2,0) (2,1) (2,2) (3,2) (4,2) (4,3) (4,4) (5,4) (5,5)
  facet 187: (0,0) (0,1) (1,1) (2,1) (3,1) (3,2) (4,2) (4,3) (4,4) (5,4) (5,5)
  facet 188: (0,0) (1,0) (1,1) (2,1) (3,1) (3,2) (4,2) (4,3) (4,4) (5,4) (5,5)
  facet 189: (0,0) (1,0) (2,0) (2,1) (3,1) (3,2) (4,2) (4,3) (4,4) (5,4) (5,5)
  facet 190: (0,0) (1,0) (2,0) (3,0) (3,1) (3,2) (4,2) (4,3) (4,4) (5,4) (5,5)
  facet 191: (0,0) (0,1) (1,1) (2,1) (3,1) (4,1) (4,2) (4,3) (4,4) (5,4) (5,5)
  facet 192: (0,0) (1,0) (1,1) (2,1) (3,1) (4,1) (4,2) (4,3) (4,4) (5,4) (5,5)
  facet 193: (0,0) (1,0) (2,0) (2,1) (3,1) (4,1) (4,2) (4,3) (4,4) (5,4) (5,5)
  facet 194: (0,0) (1,0) (2,0) (3,0) (3,1) (4,1) (4,2) (4,3) (4,4) (5,4) (5,5)
  facet 195: (0,0) (1,0) (2,0) (3,0) (4,0) (4,1) (4,2) (4,3) (4,4) (5,4) (5,5)
  facet 196: (0,0) (0,1) (0,2) (0,3) (1,3) (2,3) (3,3) (4,3) (5,3) (5,4) (5,5)
  facet 197: (0,0) (0,1) (0,2) (1,2) (1,3) (2,3) (3,3) (4,3) (5,3) (5,4) (5,5)
  facet 198: (0,0) (0,1) (1,1) (1,2) (1,3) (2,3) (3,3) (4,3) (5,3) (5,4) (5,5)
  facet 199: (0,0) (1,0) (1,1) (1,2) (1,3) (2,3) (3,3) (4,3) (5,3) (5,4) (5,5)
  facet 200: (0,0) (0,1) (0,2) (1,2) (2,2) (2,3) (3,3) (4,3) (5,3) (5,4) (5,5)
  facet 201: (0,0) (0,1) (1,1) (1,2) (2,2) (2,3) (3,3) (4,3) (5,3) (5,4) (5,5)
  facet 202: (0,0) (1,0) (1,1) (1,2) (2,2) (2,3) (3,3) (4,3) (5,3) (5,4) (5,5)
  facet 203: (0,0) (0,1) (1,1) (2,1) (2,2) (2,3) (3,3) (4,3) (5,3) (5,4) (5,5)
  facet 204: (0,0) (1,0) (1,1) (2,1) (2,2) (2,3) (3,3) (4,3) (5,3) (5,4) (5,5)
  facet 205: (0,0) (1,0) (2,0) (2,1) (2,2) (2,3) (3,3) (4,3) (5,3) (5,4) (5,5)
  facet 206: (0,0) (0,1) (0,2) (1,2) (2,2) (3,2) (3,3) (4,3) (5,3) (5,4) (5,5)
  facet 207: (0,0) (0,1) (1,1) (1,2) (2,2) (3,2) (3,3) (4,3) (5,3) (5,4) (5,5)
  facet 208: (0,0) (1,0) (1,1) (1,2) (2,2) (3,2) (3,3) (4,3) (5,3) (5,4) (5,5)
  facet 209: (0,0) (0,1) (1,1) (2,1) (2,2) (3,2) (3,3) (4,3) (5,3) (5,4) (5,5)
  facet 210: (0,0) (1,0) (1,1) (2,1) (2,2) (3,2) (3,3) (4,3) (5,3) (5,4) (5,5)
  facet 211: (0,0) (1,0) (2,0) (2,1) (2,2) (3,2) (3,3) (4,3) (5,3) (5,4) (5,5)
  facet 212: (0,0) (0,1) (1,1) (2,1) (3,1) (3,2) (3,3) (4,3) (5,3) (5,4) (5,5)
  facet 213: (0,0) (1,0) (1,1) (2,1) (3,1) (3,2) (3,3) (4,3) (5,3) (5,4) (5,5)
  facet 214: (0,0) (1,0) (2,0) (2,1) (3,1) (3,2) (3,3) (4,3) (5,3) (5,4) (5,5)
  facet 215: (0,0) (1,0) (2,0) (3,0) (3,1) (3,2) (3,3) (4,3) (5,3) (5,4) (5,5)
  facet 216: (0,0) (0,1) (0,2) (1,2) (2,2) (3,2) (4,2) (4,3) (5,3) (5,4) (5,5)
  facet 217: (0,0) (0,1) (1,1) (1,2) (2,2) (3,2) (4,2) (4,3) (5,3) (5,4) (5,5)
  facet 218: (0,0) (1,0) (1,1) (1,2) (2,2) (3,2) (4,2) (4,3) (5,3) (5,4) (5,5)
  facet 219: (0,0) (0,1) (1,1) (2,1) (2,2) (3,2) (4,2) (4,3) (5,3) (5,4) (5,5)
  facet 220: (0,0) (1,0) (1,1) (2,1) (2,2) (3,2) (4,2) (4,3) (5,3) (5,4) (5,5)
  facet 221: (0,0) (1,0) (2,0) (2,1) (2,2) (3,2) (4,2) (4,3) (5,3) (5,4) (5,5)
  facet 222: (0,0) (0,1) (1,1) (2,1) (3,1) (3,2) (4,2) (4,3) (5,3) (5,4) (5,5)
  facet 223: (0,0) (1,0) (1,1) (2,1) (3,1) (3,2) (4,2) (4,3) (5,3) (5,4) (5,5)
  facet 224: (0,0) (1,0) (2,0) (2,1) (3,1) (3,2) (4,2) (4,3) (5,3) (5,4) (5,5)
  facet 225: (0,0) (1,0) (2,0) (3,0) (3,1) (3,2) (4,2) (4,3) (5,3) (5,4) (5,5)
  facet 226: (0,0) (0,1) (1,1) (2,1) (3,1) (4,1) (4,2) (4,3) (5,3) (5,4) (5,5)
  facet 227: (0,0) (1,0) (1,1) (2,1) (3,1) (4,1) (4,2) (4,3) (5,3) (5,4) (5,5)
  facet 228: (0,0) (1,0) (2,0) (2,1) (3,1) (4,1) (4,2) (4,3) (5,3) (5,4) (5,5)
  facet 229: (0,0) (1,0) (2,0) (3,0) (3,1) (4,1) (4,2) (4,3) (5,3) (5,4) (5,5)
  facet 230: (0,0) (1,0) (2,0) (3,0) (4,0) (4,1) (4,2) (4,3) (5,3) (5,4) (5,5)
  facet 231: (0,0) (0,1) (0,2) (1,2) (2,2) (3,2) (4,2) (5,2) (5,3) (5,4) (5,5)
  facet 232: (0,0) (0,1) (1,1) (1,2) (2,2) (3,2) (4,2) (5,2) (5,3) (5,4) (5,5)
  facet 233: (0,0) (1,0) (1,1) (1,2) (2,2) (3,2) (4,2) (5,2) (5,3) (5,4) (5,5)
  facet 234: (0,0) (0,1) (1,1) (2,1) (2,2) (3,2) (4,2) (5,2) (5,3) (5,4) (5,5)
  facet 235: (0,0) (1,0) (1,1) (2,1) (2,2) (3,2) (4,2) (5,2) (5,3) (5,4) (5,5)
  facet 236: (0,0) (1,0) (2,0) (2,1) (2,2) (3,2) (4,2) (5,2) (5,3) (5,4) (5,5)
  facet 237: (0,0) (0,1) (1,1) (2,1) (3,1) (3,2) (4,2) (5,2) (5,3) (5,4) (5,5)
  facet 238: (0,0) (1,0) (1,1) (2,1) (3,1) (3,2) (4,2) (5,2) (5,3) (5,4) (5,5)
  facet 239: (0,0) (1,0) (2,0) (2,1) (3,1) (3,2) (4,2) (5,2) (5,3) (5,4) (5,5)
  facet 240: (0,0) (1,0) (2,0) (3,0) (3,1) (3,2) (4,2) (5,2) (5,3) (5,4) (5,5)
  facet 241: (0,0) (0,1) (1,1) (2,1) (3,1) (4,1) (4,2) (5,2) (5,3) (5,4) (5,5)
  facet 242: (0,0) (1,0) (1,1) (2,1) (3,1) (4,1) (4,2) (5,2) (5,3) (5,4) (5,5)
  facet 243: (0,0) (1,0) (2,0) (2,1) (3,1) (4,1) (4,2) (5,2) (5,3) (5,4) (5,5)
  facet 244: (0,0) (1,0) (2,0) (3,0) (3,1) (4,1) (4,2) (5,2) (5,3) (5,4) (5,5)
  facet 245: (0,0) (1,0) (2,0) (3,0) (4,0) (4,1) (4,2) (5,2) (5,3) (5,4) (5,5)
  facet 246: (0,0) (0,1) (1,1) (2,1) (3,1) (4,1) (5,1) (5,2) (5,3) (5,4) (5,5)
  facet 247: (0,0) (1,0) (1,1) (2,1) (3,1) (4,1) (5,1) (5,2) (5,3) (5,4) (5,5)
  facet 248: (0,0) (1,0) (2,0) (2,1) (3,1) (4,1) (5,1) (5,2) (5,3) (5,4) (5,5)
  facet 249: (0,0) (1,0) (2,0) (3,0) (3,1) (4,1) (5,1) (5,2) (5,3) (5,4) (5,5)
  facet 250: (0,0) (1,0) (2,0) (3,0) (4,0) (4,1) (5,1) (5,2) (5,3) (5,4) (5,5)
  facet 251: (0,0) (1,0) (2,0) (3,0) (4,0) (5,0) (5,1) (5,2) (5,3) (5,4) (5,5)
  facet 252: (0,0) (0,1) (0,2) (0,3) (0,4) (0,6) (1,6) (2,6) (3,6) (4,6) (5,6)
  facet 253: (0,0) (0,1) (0,2) (0,3) (0,4) (1,4) (1,6) (2,6) (3,6) (4,6) (5,6)
  facet 254: (0,0) (0,1) (0,2) (0,3) (1,3) (1,4) (1,6) (2,6) (3,6) (4,6) (5,6)
  facet 255: (0,0) (0,1) (0,2) (1,2) (1,3) (1,4) (1,6) (2,6) (3,6) (4,6) (5,6)
  facet 256: (0,0) (0,1) (1,1) (1,2) (1,3) (1,4) (1,6) (2,6) (3,6) (4,6) (5,6)
  facet 257: (0,0) (1,0) (1,1) (1,2) (1,3) (1,4) (1,6) (2,6) (3,6) (4,6) (5,6)
  facet 258: (0,0) (0,1) (0,2) (0,3) (0,4) (1,4) (2,4) (2,6) (3,6) (4,6) (5,6)
  facet 259: (0,0) (0,1) (0,2) (0,3) (1,3) (1,4) (2,4) (2,6) (3,6) (4,6) (5,6)
  facet 260: (0,0) (0,1) (0,2) (1,2) (1,3) (1,4) (2,4) (2,6) (3,6) (4,6) (5,6)
  facet 261: (0,0) (0,1) (1,1) (1,2) (1,3) (1,4) (2,4) (2,6) (3,6) (4,6) (5,6)
  facet 262: (0,0) (1,0) (1,1) (1,2) (1,3) (1,4) (2,4) (2,6) (3,6) (4,6) (5,6)
  facet 263: (0,0) (0,1) (0,2) (0,3) (1,3) (2,3) (2,4) (2,6) (3,6) (4,6) (5,6)
  facet 264: (0,0) (0,1) (0,2) (1,2) (1,3) (2,3) (2,4) (2,6) (3,6) (4,6) (5,6)
  facet 265: (0,0) (0,1) (1,1) (1,2) (1,3) (2,3) (2,4) (2,6) (3,6) (4,6) (5,6)
  facet 266: (0,0) (1,0) (1,1) (1,2) (1,3) (2,3) (2,4) (2,6) (3,6) (4,6) (5,6)
  facet 267: (0,0) (0,1) (0,2) (1,2) (2,2) (2,3) (2,4) (2,6) (3,6) (4,6) (5,6)
  facet 268: (0,0) (0,1) (1,1) (1,2) (2,2) (2,3) (2,4) (2,6) (3,6) (4,6) (5,6)
  facet 269: (0,0) (1,0) (1,1) (1,2) (2,2) (2,3) (2,4) (2,6) (3,6) (4,6) (5,6)
  facet 270: (0,0) (0,1) (1,1) (2,1) (2,2) (2,3) (2,4) (2,6) (3,6) (4,6) (5,6)
  facet 271: (0,0) (1,0) (1,1) (2,1) (2,2) (2,3) (2,4) (2,6) (3,6) (4,6) (5,6)
  facet 272: (0,0) (1,0) (2,0) (2,1) (2,2) (2,3) (2,4) (2,6) (3,6) (4,6) (5,6)
  facet 273: (0,0) (0,1) (0,2) (0,3) (0,4) (1,4) (2,4) (3,4) (3,6) (4,6) (5,6)
  facet 274: (0,0) (0,1) (0,2) (0,3) (1,3) (1,4) (2,4) (3,4) (3,6) (4,6) (5,6)
  facet 275: (0,0) (0,1) (0,2) (1,2) (1,3) (1,4) (2,4) (3,4) (3,6) (4,6) (5,6)
  facet 276: (0,0) (0,1) (1,1) (1,2) (1,3) (1,4) (2,4) (3,4) (3,6) (4,6) (5,6)
  facet 277: (0,0) (1,0) (1,1) (1,2) (1,3) (1,4) (2,4) (3,4) (3,6) (4,6) (5,6)
  facet 278: (0,0) (0,1) (0,2) (0,3) (1,3) (2,3) (2,4) (3,4) (3,6) (4,6) (5,6)
  facet 279: (0,0) (0,1) (0,2) (1,2) (1,3) (2,3) (2,4) (3,4) (3,6) (4,6) (5,6)
  facet 280: (0,0) (0,1) (1,1) (1,2) (1,3) (2,3) (2,4) (3,4) (3,6) (4,6) (5,6)
  facet 281: (0,0) (1,0) (1,1) (1,2) (1,3) (2,3) (2,4) (3,4) (3,6) (4,6) (5,6)
  facet 282: (0,0) (0,1) (0,2) (1,2) (2,2) (2,3) (2,4) (3,4) (3,6) (4,6) (5,6)
  facet 283: (0,0) (0,1) (1,1) (1,2) (2,2) (2,3) (2,4) (3,4) (3,6) (4,6) (5,6)
  facet 284: (0,0) (1,0) (1,1) (1,2) (2,2) (2,3) (2,4) (3,4) (3,6) (4,6) (5,6)
  facet 285: (0,0) (0,1) (1,1) (2,1) (2,2) (2,3) (2,4) (3,4) (3,6) (4,6) (5,6)
  facet 286: (0,0) (1,0) (1,1) (2,1) (2,2) (2,3) (2,4) (3,4) (3,6) (4,6) (5,6)
  facet 287: (0,0) (1,0) (2,0) (2,1) (2,2) (2,3) (2,4) (3,4) (3,6) (4,6) (5,6)
  facet 288: (0,0) (0,1) (0,2) (0,3) (1,3) (2,3) (3,3) (3,4) (3,6) (4,6) (5,6)
  facet 289: (0,0) (0,1) (0,2) (1,2) (1,3) (2,3) (3,3) (3,4) (3,6) (4,6) (5,6)
  facet 290: (0,0) (0,1) (1,1) (1,2) (1,3) (2,3) (3,3) (3,4) (3,6) (4,6) (5,6)
  facet 291: (0,0) (1,0) (1,1) (1,2) (1,3) (2,3) (3,3) (3,4) (3,6) (4,6) (5,6)
  facet 292: (0,0) (0,1) (0,2) (1,2) (2,2) (2,3) (3,3) (3,4) (3,6) (4,6) (5,6)
  facet 293: (0,0) (0,1) (1,1) (1,2) (2,2) (2,3) (3,3) (3,4) (3,6) (4,6) (5,6)
  facet 294: (0,0) (1,0) (1,1) (1,2) (2,2) (2,3) (3,3) (3,4) (3,6) (4,6) (5,6)
  facet 295: (0,0) (0,1) (1,1) (2,1) (2,2) (2,3) (3,3) (3,4) (3,6) (4,6) (5,6)
  facet 296: (0,0) (1,0) (1,1) (2,1) (2,2) (2,3) (3,3) (3,4) (3,6) (4,6) (5,6)
  facet 297: (0,0) (1,0) (2,0) (2,1) (2,2) (2,3) (3,3) (3,4) (3,6) (4,6) (5,6)
  facet 298: (0,0) (0,1) (0,2) (1,2) (2,2) (3,2) (3,3) (3,4) (3,6) (4,6) (5,6)
  facet 299: (0,0) (0,1) (1,1) (1,2) (2,2) (3,2) (3,3) (3,4) (3,6) (4,6) (5,6)
  facet 300: (0,0) (1,0) (1,1) (1,2) (2,2) (3,2) (3,3) (3,4) (3,6) (4,6) (5,6)
  facet 301: (0,0) (0,1) (1,1) (2,1) (2,2) (3,2) (3,3) (3,4) (3,6) (4,6) (5,6)
  facet 302: (0,0) (1,0) (1,1) (2,1) (2,2) (3,2) (3,3) (3,4) (3,6) (4,6) (5,6)
  facet 303: (0,0) (1,0) (2,0) (2,1) (2,2) (3,2) (3,3) (3,4) (3,6) (4,6) (5,6)
  facet 304: (0,0) (0,1) (1,1) (2,1) (3,1) (3,2) (3,3) (3,4) (3,6) (4,6) (5,6)
  facet 305: (0,0) (1,0) (1,1) (2,1) (3,1) (3,2) (3,3) (3,4) (3,6) (4,6) (5,6)
  facet 306: (0,0) (1,0) (2,0) (2,1) (3,1) (3,2) (3,3) (3,4) (3,6) (4,6) (5,6)
  facet 307: (0,0) (1,0) (2,0) (3,0) (3,1) (3,2) (3,3) (3,4) (3,6) (4,6) (5,6)
  facet 308: (0,0) (0,1) (0,2) (0,3) (0,4) (1,4) (2,4) (3,4) (4,4) (4,6) (5,6)
  facet 309: (0,0) (0,1) (0,2) (0,3) (1,3) (1,4) (2,4) (3,4) (4,4) (4,6) (5,6)
  facet 310: (0,0) (0,1) (0,2) (1,2) (1,3) (1,4) (2,4) (3,4) (4,4) (4,6) (5,6)
  facet 311: (0,0) (0,1) (1,1) (1,2) (1,3) (1,4) (2,4) (3,4) (4,4) (4,6) (5,6)
  facet 312: (0,0) (1,0) (1,1) (1,2) (1,3) (1,4) (2,4) (3,4) (4,4) (4,6) (5,6)
  facet 313: (0,0) (0,1) (0,2) (0,3) (1,3) (2,3) (2,4) (3,4) (4,4) (4,6) (5,6)
  facet 314: (0,0) (0,1) (0,2) (1,2) (1,3) (2,3) (2,4) (3,4) (4,4) (4,6) (5,6)
  facet 315: (0,0) (0,1) (1,1) (1,2) (1,3) (2,3) (2,4) (3,4) (4,4) (4,6) (5,6)
  facet 316: (0,0) (1,0) (1,1) (1,2) (1,3) (2,3) (2,4) (3,4) (4,4) (4,6) (5,6)
  facet 317: (0,0) (0,1) (0,2) (1,2) (2,2) (2,3) (2,4) (3,4) (4,4) (4,6) (5,6)
  facet 318: (0,0) (0,1) (1,1) (1,2) (2,2) (2,3) (2,4) (3,4) (4,4) (4,6) (5,6)
  facet 319: (0,0) (1,0) (1,1) (1,2) (2,2) (2,3) (2,4) (3,4) (4,4) (4,6) (5,6)
  facet 320: (0,0) (0,1) (1,1) (2,1) (2,2) (2,3) (2,4) (3,4) (4,4) (4,6) (5,6)
  facet 321: (0,0) (1,0) (1,1) (2,1) (2,2) (2,3) (2,4) (3,4) (4,4) (4,6) (5,6)
  facet 322: (0,0) (1,0) (2,0) (2,1) (2,2) (2,3) (2,4) (3,4) (4,4) (4,6) (5,6)
  facet 323: (0,0) (0,1) (0,2) (0,3) (1,3) (2,3) (3,3) (3,4) (4,4) (4,6) (5,6)
  facet 324: (0,0) (0,1) (0,2) (1,2) (1,3) (2,3) (3,3) (3,4) (4,4) (4,6) (5,6)
  facet 325: (0,0) (0,1) (1,1) (1,2) (1,3) (2,3) (3,3) (3,4) (4,4) (4,6) (5,6)
  facet 326: (0,0) (1,0) (1,1) (1,2) (1,3) (2,3) (3,3) (3,4) (4,4) (4,6) (5,6)
  facet 327: (0,0) (0,1) (0,2) (1,2) (2,2) (2,3) (3,3) (3,4) (4,4) (4,6) (5,6)
  facet 328: (0,0) (0,1) (1,1) (1,2) (2,2) (2,3) (3,3) (3,4) (4,4) (4,6) (5,6)
  facet 329: (0,0) (1,0) (1,1) (1,2) (2,2) (2,3) (3,3) (3,4) (4,4) (4,6) (5,6)
  facet 330: (0,0) (0,1) (1,1) (2,1) (2,2) (2,3) (3,3) (3,4) (4,4) (4,6) (5,6)
  facet 331: (0,0) (1,0) (1,1) (2,1) (2,2) (2,3) (3,3) (3,4) (4,4) (4,6) (5,6)
  facet 332: (0,0) (1,0) (2,0) (2,1) (2,2) (2,3) (3,3) (3,4) (4,4) (4,6) (5,6)
  facet 333: (0,0) (0,1) (0,2) (1,2) (2,2) (3,2) (3,3) (3,4) (4,4) (4,6) (5,6)
  facet 334: (0,0) (0,1) (1,1) (1,2) (2,2) (3,2) (3,3) (3,4) (4,4) (4,6) (5,6)
  facet 335: (0,0) (1,0) (1,1) (1,2) (2,2) (3,2) (3,3) (3,4) (4,4) (4,6) (5,6)
  facet 336: (0,0) (0,1) (1,1) (2,1) (2,2) (3,2) (3,3) (3,4) (4,4) (4,6) (5,6)
  facet 337: (0,0) (1,0) (1,1) (2,1) (2,2) (3,2) (3,3) (3,4) (4,4) (4,6) (5,6)
  facet 338: (0,0) (1,0) (2,0) (2,1) (2,2) (3,2) (3,3) (3,4) (4,4) (4,6) (5,6)
  facet 339: (0,0) (0,1) (1,1) (2,1) (3,1) (3,2) (3,3) (3,4) (4,4) (4,6) (5,6)
  facet 340: (0,0) (1,0) (1,1) (2,1) (3,1) (3,2) (3,3) (3,4) (4,4) (4,6) (5,6)
  facet 341: (0,0) (1,0) (2,0) (2,1) (3,1) (3,2) (3,3) (3,4) (4,4) (4,6) (5,6)
  facet 342: (0,0) (1,0) (2,0) (3,0) (3,1) (3,2) (3,3) (3,4) (4,4) (4,6) (5,6)
  facet 343: (0,0) (0,1) (0,2) (0,3) (1,3) (2,3) (3,3) (4,3) (4,4) (4,6) (5,6)
  facet 344: (0,0) (0,1) (0,2) (1,2) (1,3) (2,3) (3,3) (4,3) (4,4) (4,6) (5,6)
  facet 345: (0,0) (0,1) (1,1) (1,2) (1,3) (2,3) (3,3) (4,3) (4,4) (4,6) (5,6)
  facet 346: (0,0) (1,0) (1,1) (1,2) (1,3) (2,3) (3,3) (4,3) (4,4) (4,6) (5,6)
  facet 347: (0,0) (0,1) (0,2) (1,2) (2,2) (2,3) (3,3) (4,3) (4,4) (4,6) (5,6)
  facet 348: (0,0) (0,1) (1,1) (1,2) (2,2) (2,3) (3,3) (4,3) (4,4) (4,6) (5,6)
  facet 349: (0,0) (1,0) (1,1) (1,2) (2,2) (2,3) (3,3) (4,3) (4,4) (4,6) (5,6)
  facet 350: (0,0) (0,1) (1,1) (2,1) (2,2) (2,3) (3,3) (4,3) (4,4) (4,6) (5,6)
  facet 351: (0,0) (1,0) (1,1) (2,1) (2,2) (2,3) (3,3) (4,3) (4,4) (4,6) (5,6)
  facet 352: (0,0) (1,0) (2,0) (2,1) (2,2) (2,3) (3,3) (4,3) (4,4) (4,6) (5,6)
  facet 353: (0,0) (0,1) (0,2) (1,2) (2,2) (3,2) (3,3) (4,3) (4,4) (4,6) (5,6)
  facet 354: (0,0) (0,1) (1,1) (1,2) (2,2) (3,2) (3,3) (4,3) (4,4) (4,6) (5,6)
  facet 355: (0,0) (1,0) (1,1) (1,2) (2,2) (3,2) (3,3) (4,3) (4,4) (4,6) (5,6)
  facet 356: (0,0) (0,1) (1,1) (2,1) (2,2) (3,2) (3,3) (4,3) (4,4) (4,6) (5,6)
  facet 357: (0,0) (1,0) (1,1) (2,1) (2,2) (3,2) (3,3) (4,3) (4,4) (4,6) (5,6)
  facet 358: (0,0) (1,0) (2,0) (2,1) (2,2) (3,2) (3,3) (4,3) (4,4) (4,6) (5,6)
  facet 359: (0,0) (0,1) (1,1) (2,1) (3,1) (3,2) (3,3) (4,3) (4,4) (4,6) (5,6)
  facet 360: (0,0) (1,0) (1,1) (2,1) (3,1) (3,2) (3,3) (4,3) (4,4) (4,6) (5,6)
  facet 361: (0,0) (1,0) (2,0) (2,1) (3,1) (3,2) (3,3) (4,3) (4,4) (4,6) (5,6)
  facet 362: (0,0) (1,0) (2,0) (3,0) (3,1) (3,2) (3,3) (4,3) (4,4) (4,6) (5,6)
  facet 363: (0,0) (0,1) (0,2) (1,2) (2,2) (3,2) (4,2) (4,3) (4,4) (4,6) (5,6)
  facet 364: (0,0) (0,1) (1,1) (1,2) (2,2) (3,2) (4,2) (4,3) (4,4) (4,6) (5,6)
  facet 365: (0,0) (1,0) (1,1) (1,2) (2,2) (3,2) (4,2) (4,3) (4,4) (4,6) (5,6)
  facet 366: (0,0) (0,1) (1,1) (2,1) (2,2) (3,2) (4,2) (4,3) (4,4) (4,6) (5,6)
  facet 367: (0,0) (1,0) (1,1) (2,1) (2,2) (3,2) (4,2) (4,3) (4,4) (4,6) (5,6)
  facet 368: (0,0) (1,0) (2,0) (2,1) (2,2) (3,2) (4,2) (4,3) (4,4) (4,6) (5,6)
  facet 369: (0,0) (0,1) (1,1) (2,1) (3,1) (3,2) (4,2) (4,3) (4,4) (4,6) (5,6)
  facet 370: (0,0) (1,0) (1,1) (2,1) (3,1) (3,2) (4,2) (4,3) (4,4) (4,6) (5,6)
  facet 371: (0,0) (1,0) (2,0) (2,1) (3,1) (3,2) (4,2) (4,3) (4,4) (4,6) (5,6)
  facet 372: (0,0) (1,0) (2,0) (3,0) (3,1) (3,2) (4,2) (4,3) (4,4) (4,6) (5,6)
  facet 373: (0,0) (0,1) (1,1) (2,1) (3,1) (4,1) (4,2) (4,3) (4,4) (4,6) (5,6)
  facet 374: (0,0) (1,0) (1,1) (2,1) (3,1) (4,1) (4,2) (4,3) (4,4) (4,6) (5,6)
  facet 375: (0,0) (1,0) (2,0) (2,1) (3,1) (4,1) (4,2) (4,3) (4,4) (4,6) (5,6)
  facet 376: (0,0) (1,0) (2,0) (3,0) (3,1) (4,1) (4,2) (4,3) (4,4) (4,6) (5,6)
  facet 377: (0,0) (1,0) (2,0) (3,0) (4,0) (4,1) (4,2) (4,3) (4,4) (4,6) (5,6)
  facet 378: (0,0) (0,1) (0,2) (0,3) (0,4) (1,4) (2,4) (3,4) (4,4) (5,4) (5,6)
  facet 379: (0,0) (0,1) (0,2) (0,3) (1,3) (1,4) (2,4) (3,4) (4,4) (5,4) (5,6)
  facet 380: (0,0) (0,1) (0,2) (1,2) (1,3) (1,4) (2,4) (3,4) (4,4) (5,4) (5,6)
  facet 381: (0,0) (0,1) (1,1) (1,2) (1,3) (1,4) (2,4) (3,4) (4,4) (5,4) (5,6)
  facet 382: (0,0) (1,0) (1,1) (1,2) (1,3) (1,4) (2,4) (3,4) (4,4) (5,4) (5,6)
  facet 383: (0,0) (0,1) (0,2) (0,3) (1,3) (2,3) (2,4) (3,4) (4,4) (5,4) (5,6)
  facet 384: (0,0) (0,1) (0,2) (1,2) (1,3) (2,3) (2,4) (3,4) (4,4) (5,4) (5,6)
  facet 385: (0,0) (0,1) (1,1) (1,2) (1,3) (2,3) (2,4) (3,4) (4,4) (5,4) (5,6)
  facet 386: (0,0) (1,0) (1,1) (1,2) (1,3) (2,3) (2,4) (3,4) (4,4) (5,4) (5,6)
  facet 387: (0,0) (0,1) (0,2) (1,2) (2,2) (2,3) (2,4) (3,4) (4,4) (5,4) (5,6)
  facet 388: (0,0) (0,1) (1,1) (1,2) (2,2) (2,3) (2,4) (3,4) (4,4) (5,4) (5,6)
  facet 389: (0,0) (1,0) (1,1) (1,2) (2,2) (2,3) (2,4) (3,4) (4,4) (5,4) (5,6)
  facet 390: (0,0) (0,1) (1,1) (2,1) (2,2) (2,3) (2,4) (3,4) (4,4) (5,4) (5,6)
  facet 391: (0,0) (1,0) (1,1) (2,1) (2,2) (2,3) (2,4) (3,4) (4,4) (5,4) (5,6)
  facet 392: (0,0) (1,0) (2,0) (2,1) (2,2) (2,3) (2,4) (3,4) (4,4) (5,4) (5,6)
  facet 393: (0,0) (0,1) (0,2) (0,3) (1,3) (2,3) (3,3) (3,4) (4,4) (5,4) (5,6)
  facet 394: (0,0) (0,1) (0,2) (1,2) (1,3) (2,3) (3,3) (3,4) (4,4) (5,4) (5,6)
  facet 395: (0,0) (0,1) (1,1) (1,2) (1,3) (2,3) (3,3) (3,4) (4,4) (5,4) (5,6)
  facet 396: (0,0) (1,0) (1,1) (1,2) (1,3) (2,3) (3,3) (3,4) (4,4) (5,4) (5,6)
  facet 397: (0,0) (0,1) (0,2) (1,2) (2,2) (2,3) (3,3) (3,4) (4,4) (5,4) (5,6)
  facet 398: (0,0) (0,1) (1,1) (1,2) (2,2) (2,3) (3,3) (3,4) (4,4) (5,4) (5,6)
  facet 399: (0,0) (1,0) (1,1) (1,2) (2,2) (2,3) (3,3) (3,4) (4,4) (5,4) (5,6)
  facet 400: (0,0) (0,1) (1,1) (2,1) (2,2) (2,3) (3,3) (3,4) (4,4) (5,4) (5,6)
  facet 401: (0,0) (1,0) (1,1) (2,1) (2,2) (2,3) (3,3) (3,4) (4,4) (5,4) (5,6)
  facet 402: (0,0) (1,0) (2,0) (2,1) (2,2) (2,3) (3,3) (3,4) (4,4) (5,4) (5,6)
  facet 403: (0,0) (0,1) (0,2) (1,2) (2,2) (3,2) (3,3) (3,4) (4,4) (5,4) (5,6)
  facet 404: (0,0) (0,1) (1,1) (1,2) (2,2) (3,2) (3,3) (3,4) (4,4) (5,4) (5,6)
  facet 405: (0,0) (1,0) (1,1) (1,2) (2,2) (3,2) (3,3) (3,4) (4,4) (5,4) (5,6)
  facet 406: (0,0) (0,1) (1,1) (2,1) (2,2) (3,2) (3,3) (3,4) (4,4) (5,4) (5,6)
  facet 407: (0,0) (1,0) (1,1) (2,1) (2,2) (3,2) (3,3) (3,4) (4,4) (5,4) (5,6)
  facet 408: (0,0) (1,0) (2,0) (2,1) (2,2) (3,2) (3,3) (3,4) (4,4) (5,4) (5,6)
  facet 409: (0,0) (0,1) (1,1) (2,1) (3,1) (3,2) (3,3) (3,4) (4,4) (5,4) (5,6)
  facet 410: (0,0) (1,0) (1,1) (2,1) (3,1) (3,2) (3,3) (3,4) (4,4) (5,4) (5,6)
  facet 411: (0,0) (1,0) (2,0) (2,1) (3,1) (3,2) (3,3) (3,4) (4,4) (5,4) (5,6)
  facet 412: (0,0) (1,0) (2,0) (3,0) (3,1) (3,2) (3,3) (3,4) (4,4) (5,4) (5,6)
  facet 413: (0,0) (0,1) (0,2) (0,3) (1,3) (2,3) (3,3) (4,3) (4,4) (5,4) (5,6)
  facet 414: (0,0) (0,1) (0,2) (1,2) (1,3) (2,3) (3,3) (4,3) (4,4) (5,4) (5,6)
  facet 415: (0,0) (0,1) (1,1) (1,2) (1,3) (2,3) (3,3) (4,3) (4,4) (5,4) (5,6)
  facet 416: (0,0) (1,0) (1,1) (1,2) (1,3) (2,3) (3,3) (4,3) (4,4) (5,4) (5,6)
  facet 417: (0,0) (0,1) (0,2) (1,2) (2,2) (2,3) (3,3) (4,3) (4,4) (5,4) (5,6)
  facet 418: (0,0) (0,1) (1,1) (1,2) (2,2) (2,3) (3,3) (4,3) (4,4) (5,4) (5,6)
  facet 419: (0,0) (1,0) (1,1) (1,2) (2,2) (2,3) (3,3) (4,3) (4,4) (5,4) (5,6)
  facet 420: (0,0) (0,1) (1,1) (2,1) (2,2) (2,3) (3,3) (4,3) (4,4) (5,4) (5,6)
  facet 421: (0,0) (1,0) (1,1) (2,1) (2,2) (2,3) (3,3) (4,3) (4,4) (5,4) (5,6)
  facet 422: (0,0) (1,0) (2,0) (2,1) (2,2) (2,3) (3,3) (4,3) (4,4) (5,4) (5,6)
  facet 423: (0,0) (0,1) (0,2) (1,2) (2,2) (3,2) (3,3) (4,3) (4,4) (5,4) (5,6)
  facet 424: (0,0) (0,1) (1,1) (1,2) (2,2) (3,2) (3,3) (4,3) (4,4) (5,4) (5,6)
  facet 425: (0,0) (1,0) (1,1) (1,2) (2,2) (3,2) (3,3) (4,3) (4,4) (5,4) (5,6)
  facet 426: (0,0) (0,1) (1,1) (2,1) (2,2) (3,2) (3,3) (4,3) (4,4) (5,4) (5,6)
  facet 427: (0,0) (1,0) (1,1) (2,1) (2,2) (3,2) (3,3) (4,3) (4,4) (5,4) (5,6)
  facet 428: (0,0) (1,0) (2,0) (2,1) (2,2) (3,2) (3,3) (4,3) (4,4) (5,4) (5,6)
  facet 429: (0,0) (0,1) (1,1) (2,1) (3,1) (3,2) (3,3) (4,3) (4,4) (5,4) (5,6)
  facet 430: (0,0) (1,0) (1,1) (2,1) (3,1) (3,2) (3,3) (4,3) (4,4) (5,4) (5,6)
  facet 431: (0,0) (1,0) (2,0) (2,1) (3,1) (3,2) (3,3) (4,3) (4,4) (5,4) (5,6)
  facet 432: (0,0) (1,0) (2,0) (3,0) (3,1) (3,2) (3,3) (4,3) (4,4) (5,4) (5,6)
  facet 433: (0,0) (0,1) (0,2) (1,2) (2,2) (3,2) (4,2) (4,3) (4,4) (5,4) (5,6)
  facet 434: (0,0) (0,1) (1,1) (1,2) (2,2) (3,2) (4,2) (4,3) (4,4) (5,4) (5,6)
  facet 435: (0,0) (1,0) (1,1) (1,2) (2,2) (3,2) (4,2) (4,3) (4,4) (5,4) (5,6)
  facet 436: (0,0) (0,1) (1,1) (2,1) (2,2) (3,2) (4,2) (4,3) (4,4) (5,4) (5,6)
  facet 437: (0,0) (1,0) (1,1) (2,1) (2,2) (3,2) (4,2) (4,3) (4,4) (5,4) (5,6)
  facet 438: (0,0) (1,0) (2,0) (2,1) (2,2) (3,2) (4,2) (4,3) (4,4) (5,4) (5,6)
  facet 439: (0,0) (0,1) (1,1) (2,1) (3,1) (3,2) (4,2) (4,3) (4,4) (5,4) (5,6)
  facet 440: (0,0) (1,0) (1,1) (2,1) (3,1) (3,2) (4,2) (4,3) (4,4) (5,4) (5,6)
  facet 441: (0,0) (1,0) (2,0) (2,1) (3,1) (3,2) (4,2) (4,3) (4,4) (5,4) (5,6)
  facet 442: (0,0) (1,0) (2,0) (3,0) (3,1) (3,2) (4,2) (4,3) (4,4) (5,4) (5,6)
  facet 443: (0,0) (0,1) (1,1) (2,1) (3,1) (4,1) (4,2) (4,3) (4,4) (5,4) (5,6)
  facet 444: (0,0) (1,0) (1,1) (2,1) (3,1) (4,1) (4,2) (4,3) (4,4) (5,4) (5,6)
  facet 445: (0,0) (1,0) (2,0) (2,1) (3,1) (4,1) (4,2) (4,3) (4,4) (5,4) (5,6)
  facet 446: (0,0) (1,0) (2,0) (3,0) (3,1) (4,1) (4,2) (4,3) (4,4) (5,4) (5,6)
  facet 447: (0,0) (1,0) (2,0) (3,0) (4,0) (4,1) (4,2) (4,3) (4,4) (5,4) (5,6)
  facet 448: (0,0) (0,1) (0,2) (0,3) (1,3) (2,3) (3,3) (4,3) (5,3) (5,4) (5,6)
  facet 449: (0,0) (0,1) (0,2) (1,2) (1,3) (2,3) (3,3) (4,3) (5,3) (5,4) (5,6)
  facet 450: (0,0) (0,1) (1,1) (1,2) (1,3) (2,3) (3,3) (4,3) (5,3) (5,4) (5,6)
  facet 451: (0,0) (1,0) (1,1) (1,2) (1,3) (2,3) (3,3) (4,3) (5,3) (5,4) (5,6)
  facet 452: (0,0) (0,1) (0,2) (1,2) (2,2) (2,3) (3,3) (4,3) (5,3) (5,4) (5,6)
  facet 453: (0,0) (0,1) (1,1) (1,2) (2,2) (2,3) (3,3) (4,3) (5,3) (5,4) (5,6)
  facet 454: (0,0) (1,0) (1,1) (1,2) (2,2) (2,3) (3,3) (4,3) (5,3) (5,4) (5,6)
  facet 455: (0,0) (0,1) (1,1) (2,1) (2,2) (2,3) (3,3) (4,3) (5,3) (5,4) (5,6)
  facet 456: (0,0) (1,0) (1,1) (2,1) (2,2) (2,3) (3,3) (4,3) (5,3) (5,4) (5,6)
  facet 457: (0,0) (1,0) (2,0) (2,1) (2,2) (2,3) (3,3) (4,3) (5,3) (5,4) (5,6)
  facet 458: (0,0) (0,1) (0,2) (1,2) (2,2) (3,2) (3,3) (4,3) (5,3) (5,4) (5,6)
  facet 459: (0,0) (0,1) (1,1) (1,2) (2,2) (3,2) (3,3) (4,3) (5,3) (5,4) (5,6)
  facet 460: (0,0) (1,0) (1,1) (1,2) (2,2) (3,2) (3,3) (4,3) (5,3) (5,4) (5,6)
  facet 461: (0,0) (0,1) (1,1) (2,1) (2,2) (3,2) (3,3) (4,3) (5,3) (5,4) (5,6)
  facet 462: (0,0) (1,0) (1,1) (2,1) (2,2) (3,2) (3,3) (4,3) (5,3) (5,4) (5,6)
  facet 463: (0,0) (1,0) (2,0) (2,1) (2,2) (3,2) (3,3) (4,3) (5,3) (5,4) (5,6)
  facet 464: (0,0) (0,1) (1,1) (2,1) (3,1) (3,2) (3,3) (4,3) (5,3) (5,4) (5,6)
  facet 465: (0,0) (1,0) (1,1) (2,1) (3,1) (3,2) (3,3) (4,3) (5,3) (5,4) (5,6)
  facet 466: (0,0) (1,0) (2,0) (2,1) (3,1) (3,2) (3,3) (4,3) (5,3) (5,4) (5,6)
  facet 467: (0,0) (1,0) (2,0) (3,0) (3,1) (3,2) (3,3) (4,3) (5,3) (5,4) (5,6)
  facet 468: (0,0) (0,1) (0,2) (1,2) (2,2) (3,2) (4,2) (4,3) (5,3) (5,4) (5,6)
  facet 469: (0,0) (0,1) (1,1) (1,2) (2,2) (3,2) (4,2) (4,3) (5,3) (5,4) (5,6)
  facet 470: (0,0) (1,0) (1,1) (1,2) (2,2) (3,2) (4,2) (4,3) (5,3) (5,4) (5,6)
  facet 471: (0,0) (0,1) (1,1) (2,1) (2,2) (3,2) (4,2) (4,3) (5,3) (5,4) (5,6)
  facet 472: (0,0) (1,0) (1,1) (2,1) (2,2) (3,2) (4,2) (4,3) (5,3) (5,4) (5,6)
  facet 473: (0,0) (1,0) (2,0) (2,1) (2,2) (3,2) (4,2) (4,3) (5,3) (5,4) (5,6)
  facet 474: (0,0) (0,1) (1,1) (2,1) (3,1) (3,2) (4,2) (4,3) (5,3) (5,4) (5,6)
  facet 475: (0,0) (1,0) (1,1) (2,1) (3,1) (3,2) (4,2) (4,3) (5,3) (5,4) (5,6)
  facet 476: (0,0) (1,0) (2,0) (2,1) (3,1) (3,2) (4,2) (4,3) (5,3) (5,4) (5,6)
  facet 477: (0,0) (1,0) (2,0) (3,0) (3,1) (3,2) (4,2) (4,3) (5,3) (5,4) (5,6)
  facet 478: (0,0) (0,1) (1,1) (2,1) (3,1) (4,1) (4,2) (4,3) (5,3) (5,4) (5,6)
  facet 479: (0,0) (1,0) (1,1) (2,1) (3,1) (4,1) (4,2) (4,3) (5,3) (5,4) (5,6)
  facet 480: (0,0) (1,0) (2,0) (2,1) (3,1) (4,1) (4,2) (4,3) (5,3) (5,4) (5,6)
  facet 481: (0,0) (1,0) (2,0) (3,0) (3,1) (4,1) (4,2) (4,3) (5,3) (5,4) (5,6)
  facet 482: (0,0) (1,0) (2,0) (3,0) (4,0) (4,1) (4,2) (4,3) (5,3) (5,4) (5,6)
  facet 483: (0,0) (0,1) (0,2) (1,2) (2,2) (3,2) (4,2) (5,2) (5,3) (5,4) (5,6)
  facet 484: (0,0) (0,1) (1,1) (1,2) (2,2) (3,2) (4,2) (5,2) (5,3) (5,4) (5,6)
  facet 485: (0,0) (1,0) (1,1) (1,2) (2,2) (3,2) (4,2) (5,2) (5,3) (5,4) (5,6)
  facet 486: (0,0) (0,1) (1,1) (2,1) (2,2) (3,2) (4,2) (5,2) (5,3) (5,4) (5,6)
  facet 487: (0,0) (1,0) (1,1) (2,1) (2,2) (3,2) (4,2) (5,2) (5,3) (5,4) (5,6)
  facet 488: (0,0) (1,0) (2,0) (2,1) (2,2) (3,2) (4,2) (5,2) (5,3) (5,4) (5,6)
  facet 489: (0,0) (0,1) (1,1) (2,1) (3,1) (3,2) (4,2) (5,2) (5,3) (5,4) (5,6)
  facet 490: (0,0) (1,0) (1,1) (2,1) (3,1) (3,2) (4,2) (5,2) (5,3) (5,4) (5,6)
  facet 491: (0,0) (1,0) (2,0) (2,1) (3,1) (3,2) (4,2) (5,2) (5,3) (5,4) (5,6)
  facet 492: (0,0) (1,0) (2,0) (3,0) (3,1) (3,2) (4,2) (5,2) (5,3) (5,4) (5,6)
  facet 493: (0,0) (0,1) (1,1) (2,1) (3,1) (4,1) (4,2) (5,2) (5,3) (5,4) (5,6)
  facet 494: (0,0) (1,0) (1,1) (2,1) (3,1) (4,1) (4,2) (5,2) (5,3) (5,4) (5,6)
  facet 495: (0,0) (1,0) (2,0) (2,1) (3,1) (4,1) (4,2) (5,2) (5,3) (5,4) (5,6)
  facet 496: (0,0) (1,0) (2,0) (3,0) (3,1) (4,1) (4,2) (5,2) (5,3) (5,4) (5,6)
  facet 497: (0,0) (1,0) (2,0) (3,0) (4,0) (4,1) (4,2) (5,2) (5,3) (5,4) (5,6)
  facet 498: (0,0) (0,1) (1,1) (2,1) (3,1) (4,1) (5,1) (5,2) (5,3) (5,4) (5,6)
  facet 499: (0,0) (1,0) (1,1) (2,1) (3,1) (4,1) (5,1) (5,2) (5,3) (5,4) (5,6)
  facet 500: (0,0) (1,0) (2,0) (2,1) (3,1) (4,1) (5,1) (5,2) (5,3) (5,4) (5,6)
  facet 501: (0,0) (1,0) (2,0) (3,0) (3,1) (4,1) (5,1) (5,2) (5,3) (5,4) (5,6)
  facet 502: (0,0) (1,0) (2,0) (3,0) (4,0) (4,1) (5,1) (5,2) (5,3) (5,4) (5,6)
  facet 503: (0,0) (1,0) (2,0) (3,0) (4,0) (5,0) (5,1) (5,2) (5,3) (5,4) (5,6)
  facet 504: (0,0) (0,1) (0,2) (0,3) (0,5) (0,6) (1,6) (2,6) (3,6) (4,6) (5,6)
  facet 505: (0,0) (0,1) (0,2) (0,3) (0,5) (1,5) (1,6) (2,6) (3,6) (4,6) (5,6)
  facet 506: (0,0) (0,1) (0,2) (0,3) (1,3) (1,5) (1,6) (2,6) (3,6) (4,6) (5,6)
  facet 507: (0,0) (0,1) (0,2) (1,2) (1,3) (1,5) (1,6) (2,6) (3,6) (4,6) (5,6)
  facet 508: (0,0) (0,1) (1,1) (1,2) (1,3) (1,5) (1,6) (2,6) (3,6) (4,6) (5,6)
  facet 509: (0,0) (1,0) (1,1) (1,2) (1,3) (1,5) (1,6) (2,6) (3,6) (4,6) (5,6)
  facet 510: (0,0) (0,1) (0,2) (0,3) (0,5) (1,5) (2,5) (2,6) (3,6) (4,6) (5,6)
  facet 511: (0,0) (0,1) (0,2) (0,3) (1,3) (1,5) (2,5) (2,6) (3,6) (4,6) (5,6)
  facet 512: (0,0) (0,1) (0,2) (1,2) (1,3) (1,5) (2,5) (2,6) (3,6) (4,6) (5,6)
  facet 513: (0,0) (0,1) (1,1) (1,2) (1,3) (1,5) (2,5) (2,6) (3,6) (4,6) (5,6)
  facet 514: (0,0) (1,0) (1,1) (1,2) (1,3) (1,5) (2,5) (2,6) (3,6) (4,6) (5,6)
  facet 515: (0,0) (0,1) (0,2) (0,3) (1,3) (2,3) (2,5) (2,6) (3,6) (4,6) (5,6)
  facet 516: (0,0) (0,1) (0,2) (1,2) (1,3) (2,3) (2,5) (2,6) (3,6) (4,6) (5,6)
  facet 517: (0,0) (0,1) (1,1) (1,2) (1,3) (2,3) (2,5) (2,6) (3,6) (4,6) (5,6)
  facet 518: (0,0) (1,0) (1,1) (1,2) (1,3) (2,3) (2,5) (2,6) (3,6) (4,6) (5,6)
  facet 519: (0,0) (0,1) (0,2) (1,2) (2,2) (2,3) (2,5) (2,6) (3,6) (4,6) (5,6)
  facet 520: (0,0) (0,1) (1,1) (1,2) (2,2) (2,3) (2,5) (2,6) (3,6) (4,6) (5,6)
  facet 521: (0,0) (1,0) (1,1) (1,2) (2,2) (2,3) (2,5) (2,6) (3,6) (4,6) (5,6)
  facet 522: (0,0) (0,1) (1,1) (2,1) (2,2) (2,3) (2,5) (2,6) (3,6) (4,6) (5,6)
  facet 523: (0,0) (1,0) (1,1) (2,1) (2,2) (2,3) (2,5) (2,6) (3,6) (4,6) (5,6)
  facet 524: (0,0) (1,0) (2,0) (2,1) (2,2) (2,3) (2,5) (2,6) (3,6) (4,6) (5,6)
  facet 525: (0,0) (0,1) (0,2) (0,3) (0,5) (1,5) (2,5) (3,5) (3,6) (4,6) (5,6)
  facet 526: (0,0) (0,1) (0,2) (0,3) (1,3) (1,5) (2,5) (3,5) (3,6) (4,6) (5,6)
  facet 527: (0,0) (0,1) (0,2) (1,2) (1,3) (1,5) (2,5) (3,5) (3,6) (4,6) (5,6)
  facet 528: (0,0) (0,1) (1,1) (1,2) (1,3) (1,5) (2,5) (3,5) (3,6) (4,6) (5,6)
  facet 529: (0,0) (1,0) (1,1) (1,2) (1,3) (1,5) (2,5) (3,5) (3,6) (4,6) (5,6)
  facet 530: (0,0) (0,1) (0,2) (0,3) (1,3) (2,3) (2,5) (3,5) (3,6) (4,6) (5,6)
  facet 531: (0,0) (0,1) (0,2) (1,2) (1,3) (2,3) (2,5) (3,5) (3,6) (4,6) (5,6)
  facet 532: (0,0) (0,1) (1,1) (1,2) (1,3) (2,3) (2,5) (3,5) (3,6) (4,6) (5,6)
  facet 533: (0,0) (1,0) (1,1) (1,2) (1,3) (2,3) (2,5) (3,5) (3,6) (4,6) (5,6)
  facet 534: (0,0) (0,1) (0,2) (1,2) (2,2) (2,3) (2,5) (3,5) (3,6) (4,6) (5,6)
  facet 535: (0,0) (0,1) (1,1) (1,2) (2,2) (2,3) (2,5) (3,5) (3,6) (4,6) (5,6)
  facet 536: (0,0) (1,0) (1,1) (1,2) (2,2) (2,3) (2,5) (3,5) (3,6) (4,6) (5,6)
  facet 537: (0,0) (0,1) (1,1) (2,1) (2,2) (2,3) (2,5) (3,5) (3,6) (4,6) (5,6)
  facet 538: (0,0) (1,0) (1,1) (2,1) (2,2) (2,3) (2,5) (3,5) (3,6) (4,6) (5,6)
  facet 539: (0,0) (1,0) (2,0) (2,1) (2,2) (2,3) (2,5) (3,5) (3,6) (4,6) (5,6)
  facet 540: (0,0) (0,1) (0,2) (0,3) (1,3) (2,3) (3,3) (3,5) (3,6) (4,6) (5,6)
  facet 541: (0,0) (0,1) (0,2) (1,2) (1,3) (2,3) (3,3) (3,5) (3,6) (4,6) (5,6)
  facet 542: (0,0) (0,1) (1,1) (1,2) (1,3) (2,3) (3,3) (3,5) (3,6) (4,6) (5,6)
  facet 543: (0,0) (1,0) (1,1) (1,2) (1,3) (2,3) (3,3) (3,5) (3,6) (4,6) (5,6)
  facet 544: (0,0) (0,1) (0,2) (1,2) (2,2) (2,3) (3,3) (3,5) (3,6) (4,6) (5,6)
  facet 545: (0,0) (0,1) (1,1) (1,2) (2,2) (2,3) (3,3) (3,5) (3,6) (4,6) (5,6)
  facet 546: (0,0) (1,0) (1,1) (1,2) (2,2) (2,3) (3,3) (3,5) (3,6) (4,6) (5,6)
  facet 547: (0,0) (0,1) (1,1) (2,1) (2,2) (2,3) (3,3) (3,5) (3,6) (4,6) (5,6)
  facet 548: (0,0) (1,0) (1,1) (2,1) (2,2) (2,3) (3,3) (3,5) (3,6) (4,6) (5,6)
  facet 549: (0,0) (1,0) (2,0) (2,1) (2,2) (2,3) (3,3) (3,5) (3,6) (4,6) (5,6)
  facet 550: (0,0) (0,1) (0,2) (1,2) (2,2) (3,2) (3,3) (3,5) (3,6) (4,6) (5,6)
  facet 551: (0,0) (0,1) (1,1) (1,2) (2,2) (3,2) (3,3) (3,5) (3,6) (4,6) (5,6)
  facet 552: (0,0) (1,0) (1,1) (1,2) (2,2) (3,2) (3,3) (3,5) (3,6) (4,6) (5,6)
  facet 553: (0,0) (0,1) (1,1) (2,1) (2,2) (3,2) (3,3) (3,5) (3,6) (4,6) (5,6)
  facet 554: (0,0) (1,0) (1,1) (2,1) (2,2) (3,2) (3,3) (3,5) (3,6) (4,6) (5,6)
  facet 555: (0,0) (1,0) (2,0) (2,1) (2,2) (3,2) (3,3) (3,5) (3,6) (4,6) (5,6)
  facet 556: (0,0) (0,1) (1,1) (2,1) (3,1) (3,2) (3,3) (3,5) (3,6) (4,6) (5,6)
  facet 557: (0,0) (1,0) (1,1) (2,1) (3,1) (3,2) (3,3) (3,5) (3,6) (4,6) (5,6)
  facet 558: (0,0) (1,0) (2,0) (2,1) (3,1) (3,2) (3,3) (3,5) (3,6) (4,6) (5,6)
  facet 559: (0,0) (1,0) (2,0) (3,0) (3,1) (3,2) (3,3) (3,5) (3,6) (4,6) (5,6)
  facet 560: (0,0) (0,1) (0,2) (0,3) (0,5) (1,5) (2,5) (3,5) (4,5) (4,6) (5,6)
  facet 561: (0,0) (0,1) (0,2) (0,3) (1,3) (1,5) (2,5) (3,5) (4,5) (4,6) (5,6)
  facet 562: (0,0) (0,1) (0,2) (1,2) (1,3) (1,5) (2,5) (3,5) (4,5) (4,6) (5,6)
  facet 563: (0,0) (0,1) (1,1) (1,2) (1,3) (1,5) (2,5) (3,5) (4,5) (4,6) (5,6)
  facet 564: (0,0) (1,0) (1,1) (1,2) (1,3) (1,5) (2,5) (3,5) (4,5) (4,6) (5,6)
  facet 565: (0,0) (0,1) (0,2) (0,3) (1,3) (2,3) (2,5) (3,5) (4,5) (4,6) (5,6)
  facet 566: (0,0) (0,1) (0,2) (1,2) (1,3) (2,3) (2,5) (3,5) (4,5) (4,6) (5,6)
  facet 567: (0,0) (0,1) (1,1) (1,2) (1,3) (2,3) (2,5) (3,5) (4,5) (4,6) (5,6)
  facet 568: (0,0) (1,0) (1,1) (1,2) (1,3) (2,3) (2,5) (3,5) (4,5) (4,6) (5,6)
  facet 569: (0,0) (0,1) (0,2) (1,2) (2,2) (2,3) (2,5) (3,5) (4,5) (4,6) (5,6)
  facet 570: (0,0) (0,1) (1,1) (1,2) (2,2) (2,3) (2,5) (3,5) (4,5) (4,6) (5,6)
  facet 571: (0,0) (1,0) (1,1) (1,2) (2,2) (2,3) (2,5) (3,5) (4,5) (4,6) (5,6)
  facet 572: (0,0) (0,1) (1,1) (2,1) (2,2) (2,3) (2,5) (3,5) (4,5) (4,6) (5,6)
  facet 573: (0,0) (1,0) (1,1) (2,1) (2,2) (2,3) (2,5) (3,5) (4,5) (4,6) (5,6)
  facet 574: (0,0) (1,0) (2,0) (2,1) (2,2) (2,3) (2,5) (3,5) (4,5) (4,6) (5,6)
  facet 575: (0,0) (0,1) (0,2) (0,3) (1,3) (2,3) (3,3) (3,5) (4,5) (4,6) (5,6)
  facet 576: (0,0) (0,1) (0,2) (1,2) (1,3) (2,3) (3,3) (3,5) (4,5) (4,6) (5,6)
  facet 577: (0,0) (0,1) (1,1) (1,2) (1,3) (2,3) (3,3) (3,5) (4,5) (4,6) (5,6)
  facet 578: (0,0) (1,0) (1,1) (1,2) (1,3) (2,3) (3,3) (3,5) (4,5) (4,6) (5,6)
  facet 579: (0,0) (0,1) (0,2) (1,2) (2,2) (2,3) (3,3) (3,5) (4,5) (4,6) (5,6)
  facet 580: (0,0) (0,1) (1,1) (1,2) (2,2) (2,3) (3,3) (3,5) (4,5) (4,6) (5,6)
  facet 581: (0,0) (1,0) (1,1) (1,2) (2,2) (2,3) (3,3) (3,5) (4,5) (4,6) (5,6)
  facet 582: (0,0) (0,1) (1,1) (2,1) (2,2) (2,3) (3,3) (3,5) (4,5) (4,6) (5,6)
  facet 583: (0,0) (1,0) (1,1) (2,1) (2,2) (2,3) (3,3) (3,5) (4,5) (4,6) (5,6)
  facet 584: (0,0) (1,0) (2,0) (2,1) (2,2) (2,3) (3,3) (3,5) (4,5) (4,6) (5,6)
  facet 585: (0,0) (0,1) (0,2) (1,2) (2,2) (3,2) (3,3) (3,5) (4,5) (4,6) (5,6)
  facet 586: (0,0) (0,1) (1,1) (1,2) (2,2) (3,2) (3,3) (3,5) (4,5) (4,6) (5,6)
  facet 587: (0,0) (1,0) (1,1) (1,2) (2,2) (3,2) (3,3) (3,5) (4,5) (4,6) (5,6)
  facet 588: (0,0) (0,1) (1,1) (2,1) (2,2) (3,2) (3,3) (3,5) (4,5) (4,6) (5,6)
  facet 589: (0,0) (1,0) (1,1) (2,1) (2,2) (3,2) (3,3) (3,5) (4,5) (4,6) (5,6)
  facet 590: (0,0) (1,0) (2,0) (2,1) (2,2) (3,2) (3,3) (3,5) (4,5) (4,6) (5,6)
  facet 591: (0,0) (0,1) (1,1) (2,1) (3,1) (3,2) (3,3) (3,5) (4,5) (4,6) (5,6)
  facet 592: (0,0) (1,0) (1,1) (2,1) (3,1) (3,2) (3,3) (3,5) (4,5) (4,6) (5,6)
  facet 593: (0,0) (1,0) (2,0) (2,1) (3,1) (3,2) (3,3) (3,5) (4,5) (4,6) (5,6)
  facet 594: (0,0) (1,0) (2,0) (3,0) (3,1) (3,2) (3,3) (3,5) (4,5) (4,6) (5,6)
  facet 595: (0,0) (0,1) (0,2) (0,3) (1,3) (2,3) (3,3) (4,3) (4,5) (4,6) (5,6)
  facet 596: (0,0) (0,1) (0,2) (1,2) (1,3) (2,3) (3,3) (4,3) (4,5) (4,6) (5,6)
  facet 597: (0,0) (0,1) (1,1) (1,2) (1,3) (2,3) (3,3) (4,3) (4,5) (4,6) (5,6)
  facet 598: (0,0) (1,0) (1,1) (1,2) (1,3) (2,3) (3,3) (4,3) (4,5) (4,6) (5,6)
  facet 599: (0,0) (0,1) (0,2) (1,2) (2,2) (2,3) (3,3) (4,3) (4,5) (4,6) (5,6)
  facet 600: (0,0) (0,1) (1,1) (1,2) (2,2) (2,3) (3,3) (4,3) (4,5) (4,6) (5,6)
  facet 601: (0,0) (1,0) (1,1) (1,2) (2,2) (2,3) (3,3) (4,3) (4,5) (4,6) (5,6)
  facet 602: (0,0) (0,1) (1,1) (2,1) (2,2) (2,3) (3,3) (4,3) (4,5) (4,6) (5,6)
  facet 603: (0,0) (1,0) (1,1) (2,1) (2,2) (2,3) (3,3) (4,3) (4,5) (4,6) (5,6)
  facet 604: (0,0) (1,0) (2,0) (2,1) (2,2) (2,3) (3,3) (4,3) (4,5) (4,6) (5,6)
  facet 605: (0,0) (0,1) (0,2) (1,2) (2,2) (3,2) (3,3) (4,3) (4,5) (4,6) (5,6)
  facet 606: (0,0) (0,1) (1,1) (1,2) (2,2) (3,2) (3,3) (4,3) (4,5) (4,6) (5,6)
  facet 607: (0,0) (1,0) (1,1) (1,2) (2,2) (3,2) (3,3) (4,3) (4,5) (4,6) (5,6)
  facet 608: (0,0) (0,1) (1,1) (2,1) (2,2) (3,2) (3,3) (4,3) (4,5) (4,6) (5,6)
  facet 609: (0,0) (1,0) (1,1) (2,1) (2,2) (3,2) (3,3) (4,3) (4,5) (4,6) (5,6)
  facet 610: (0,0) (1,0) (2,0) (2,1) (2,2) (3,2) (3,3) (4,3) (4,5) (4,6) (5,6)
  facet 611: (0,0) (0,1) (1,1) (2,1) (3,1) (3,2) (3,3) (4,3) (4,5) (4,6) (5,6)
  facet 612: (0,0) (1,0) (1,1) (2,1) (3,1) (3,2) (3,3) (4,3) (4,5) (4,6) (5,6)
  facet 613: (0,0) (1,0) (2,0) (2,1) (3,1) (3,2) (3,3) (4,3) (4,5) (4,6) (5,6)
  facet 614: (0,0) (1,0) (2,0) (3,0) (3,1) (3,2) (3,3) (4,3) (4,5) (4,6) (5,6)
  facet 615: (0,0) (0,1) (0,2) (1,2) (2,2) (3,2) (4,2) (4,3) (4,5) (4,6) (5,6)
  facet 616: (0,0) (0,1) (1,1) (1,2) (2,2) (3,2) (4,2) (4,3) (4,5) (4,6) (5,6)
  facet 617: (0,0) (1,0) (1,1) (1,2) (2,2) (3,2) (4,2) (4,3) (4,5) (4,6) (5,6)
  facet 618: (0,0) (0,1) (1,1) (2,1) (2,2) (3,2) (4,2) (4,3) (4,5) (4,6) (5,6)
  facet 619: (0,0) (1,0) (1,1) (2,1) (2,2) (3,2) (4,2) (4,3) (4,5) (4,6) (5,6)
  facet 620: (0,0) (1,0) (2,0) (2,1) (2,2) (3,2) (4,2) (4,3) (4,5) (4,6) (5,6)
  facet 621: (0,0) (0,1) (1,1) (2,1) (3,1) (3,2) (4,2) (4,3) (4,5) (4,6) (5,6)
  facet 622: (0,0) (1,0) (1,1) (2,1) (3,1) (3,2) (4,2) (4,3) (4,5) (4,6) (5,6)
  facet 623: (0,0) (1,0) (2,0) (2,1) (3,1) (3,2) (4,2) (4,3) (4,5) (4,6) (5,6)
  facet 624: (0,0) (1,0) (2,0) (3,0) (3,1) (3,2) (4,2) (4,3) (4,5) (4,6) (5,6)
  facet 625: (0,0) (0,1) (1,1) (2,1) (3,1) (4,1) (4,2) (4,3) (4,5) (4,6) (5,6)
  facet 626: (0,0) (1,0) (1,1) (2,1) (3,1) (4,1) (4,2) (4,3) (4,5) (4,6) (5,6)
  facet 627: (0,0) (1,0) (2,0) (2,1) (3,1) (4,1) (4,2) (4,3) (4,5) (4,6) (5,6)
  facet 628: (0,0) (1,0) (2,0) (3,0) (3,1) (4,1) (4,2) (4,3) (4,5) (4,6) (5,6)
  facet 629: (0,0) (1,0) (2,0) (3,0) (4,0) (4,1) (4,2) (4,3) (4,5) (4,6) (5,6)
  facet 630: (0,0) (0,1) (0,2) (0,3) (0,5) (1,5) (2,5) (3,5) (4,5) (5,5) (5,6)
  facet 631: (0,0) (0,1) (0,2) (0,3) (1,3) (1,5) (2,5) (3,5) (4,5) (5,5) (5,6)
  facet 632: (0,0) (0,1) (0,2) (1,2) (1,3) (1,5) (2,5) (3,5) (4,5) (5,5) (5,6)
  facet 633: (0,0) (0,1) (1,1) (1,2) (1,3) (1,5) (2,5) (3,5) (4,5) (5,5) (5,6)
  facet 634: (0,0) (1,0) (1,1) (1,2) (1,3) (1,5) (2,5) (3,5) (4,5) (5,5) (5,6)
  facet 635: (0,0) (0,1) (0,2) (0,3) (1,3) (2,3) (2,5) (3,5) (4,5) (5,5) (5,6)
  facet 636: (0,0) (0,1) (0,2) (1,2) (1,3) (2,3) (2,5) (3,5) (4,5) (5,5) (5,6)
  facet 637: (0,0) (0,1) (1,1) (1,2) (1,3) (2,3) (2,5) (3,5) (4,5) (5,5) (5,6)
  facet 638: (0,0) (1,0) (1,1) (1,2) (1,3) (2,3) (2,5) (3,5) (4,5) (5,5) (5,6)
  facet 639: (0,0) (0,1) (0,2) (1,2) (2,2) (2,3) (2,5) (3,5) (4,5) (5,5) (5,6)
  facet 640: (0,0) (0,1) (1,1) (1,2) (2,2) (2,3) (2,5) (3,5) (4,5) (5,5) (5,6)
  facet 641: (0,0) (1,0) (1,1) (1,2) (2,2) (2,3) (2,5) (3,5) (4,5) (5,5) (5,6)
  facet 642: (0,0) (0,1) (1,1) (2,1) (2,2) (2,3) (2,5) (3,5) (4,5) (5,5) (5,6)
  facet 643: (0,0) (1,0) (1,1) (2,1) (2,2) (2,3) (2,5) (3,5) (4,5) (5,5) (5,6)
  facet 644: (0,0) (1,0) (2,0) (2,1) (2,2) (2,3) (2,5) (3,5) (4,5) (5,5) (5,6)
  facet 645: (0,0) (0,1) (0,2) (0,3) (1,3) (2,3) (3,3) (3,5) (4,5) (5,5) (5,6)
  facet 646: (0,0) (0,1) (0,2) (1,2) (1,3) (2,3) (3,3) (3,5) (4,5) (5,5) (5,6)
  facet 647: (0,0) (0,1) (1,1) (1,2) (1,3) (2,3) (3,3) (3,5) (4,5) (5,5) (5,6)
  facet 648: (0,0) (1,0) (1,1) (1,2) (1,3) (2,3) (3,3) (3,5) (4,5) (5,5) (5,6)
  facet 649: (0,0) (0,1) (0,2) (1,2) (2,2) (2,3) (3,3) (3,5) (4,5) (5,5) (5,6)
  facet 650: (0,0) (0,1) (1,1) (1,2) (2,2) (2,3) (3,3) (3,5) (4,5) (5,5) (5,6)
  facet 651: (0,0) (1,0) (1,1) (1,2) (2,2) (2,3) (3,3) (3,5) (4,5) (5,5) (5,6)
  facet 652: (0,0) (0,1) (1,1) (2,1) (2,2) (2,3) (3,3) (3,5) (4,5) (5,5) (5,6)
  facet 653: (0,0) (1,0) (1,1) (2,1) (2,2) (2,3) (3,3) (3,5) (4,5) (5,5) (5,6)
  facet 654: (0,0) (1,0) (2,0) (2,1) (2,2) (2,3) (3,3) (3,5) (4,5) (5,5) (5,6)
  facet 655: (0,0) (0,1) (0,2) (1,2) (2,2) (3,2) (3,3) (3,5) (4,5) (5,5) (5,6)
  facet 656: (0,0) (0,1) (1,1) (1,2) (2,2) (3,2) (3,3) (3,5) (4,5) (5,5) (5,6)
  facet 657: (0,0) (1,0) (1,1) (1,2) (2,2) (3,2) (3,3) (3,5) (4,5) (5,5) (5,6)
  facet 658: (0,0) (0,1) (1,1) (2,1) (2,2) (3,2) (3,3) (3,5) (4,5) (5,5) (5,6)
  facet 659: (0,0) (1,0) (1,1) (2,1) (2,2) (3,2) (3,3) (3,5) (4,5) (5,5) (5,6)
  facet 660: (0,0) (1,0) (2,0) (2,1) (2,2) (3,2) (3,3) (3,5) (4,5) (5,5) (5,6)
  facet 661: (0,0) (0,1) (1,1) (2,1) (3,1) (3,2) (3,3) (3,5) (4,5) (5,5) (5,6)
  facet 662: (0,0) (1,0) (1,1) (2,1) (3,1) (3,2) (3,3) (3,5) (4,5) (5,5) (5,6)
  facet 663: (0,0) (1,0) (2,0) (2,1) (3,1) (3,2) (3,3) (3,5) (4,5) (5,5) (5,6)
  facet 664: (0,0) (1,0) (2,0) (3,0) (3,1) (3,2) (3,3) (3,5) (4,5) (5,5) (5,6)
  facet 665: (0,0) (0,1) (0,2) (0,3) (1,3) (2,3) (3,3) (4,3) (4,5) (5,5) (5,6)
  facet 666: (0,0) (0,1) (0,2) (1,2) (1,3) (2,3) (3,3) (4,3) (4,5) (5,5) (5,6)
  facet 667: (0,0) (0,1) (1,1) (1,2) (1,3) (2,3) (3,3) (4,3) (4,5) (5,5) (5,6)
  facet 668: (0,0) (1,0) (1,1) (1,2) (1,3) (2,3) (3,3) (4,3) (4,5) (5,5) (5,6)
  facet 669: (0,0) (0,1) (0,2) (1,2) (2,2) (2,3) (3,3) (4,3) (4,5) (5,5) (5,6)
  facet 670: (0,0) (0,1) (1,1) (1,2) (2,2) (2,3) (3,3) (4,3) (4,5) (5,5) (5,6)
  facet 671: (0,0) (1,0) (1,1) (1,2) (2,2) (2,3) (3,3) (4,3) (4,5) (5,5) (5,6)
  facet 672: (0,0) (0,1) (1,1) (2,1) (2,2) (2,3) (3,3) (4,3) (4,5) (5,5) (5,6)
  facet 673: (0,0) (1,0) (1,1) (2,1) (2,2) (2,3) (3,3) (4,3) (4,5) (5,5) (5,6)
  facet 674: (0,0) (1,0) (2,0) (2,1) (2,2) (2,3) (3,3) (4,3) (4,5) (5,5) (5,6)
  facet 675: (0,0) (0,1) (0,2) (1,2) (2,2) (3,2) (3,3) (4,3) (4,5) (5,5) (5,6)
  facet 676: (0,0) (0,1) (1,1) (1,2) (2,2) (3,2) (3,3) (4,3) (4,5) (5,5) (5,6)
  facet 677: (0,0) (1,0) (1,1) (1,2) (2,2) (3,2) (3,3) (4,3) (4,5) (5,5) (5,6)
  facet 678: (0,0) (0,1) (1,1) (2,1) (2,2) (3,2) (3,3) (4,3) (4,5) (5,5) (5,6)
  facet 679: (0,0) (1,0) (1,1) (2,1) (2,2) (3,2) (3,3) (4,3) (4,5) (5,5) (5,6)
  facet 680: (0,0) (1,0) (2,0) (2,1) (2,2) (3,2) (3,3) (4,3) (4,5) (5,5) (5,6)
  facet 681: (0,0) (0,1) (1,1) (2,1) (3,1) (3,2) (3,3) (4,3) (4,5) (5,5) (5,6)
  facet 682: (0,0) (1,0) (1,1) (2,1) (3,1) (3,2) (3,3) (4,3) (4,5) (5,5) (5,6)
  facet 683: (0,0) (1,0) (2,0) (2,1) (3,1) (3,2) (3,3) (4,3) (4,5) (5,5) (5,6)
  facet 684: (0,0) (1,0) (2,0) (3,0) (3,1) (3,2) (3,3) (4,3) (4,5) (5,5) (5,6)
  facet 685: (0,0) (0,1) (0,2) (1,2) (2,2) (3,2) (4,2) (4,3) (4,5) (5,5) (5,6)
  facet 686: (0,0) (0,1) (1,1) (1,2) (2,2) (3,2) (4,2) (4,3) (4,5) (5,5) (5,6)
  facet 687: (0,0) (1,0) (1,1) (1,2) (2,2) (3,2) (4,2) (4,3) (4,5) (5,5) (5,6)
  facet 688: (0,0) (0,1) (1,1) (2,1) (2,2) (3,2) (4,2) (4,3) (4,5) (5,5) (5,6)
  facet 689: (0,0) (1,0) (1,1) (2,1) (2,2) (3,2) (4,2) (4,3) (4,5) (5,5) (5,6)
  facet 690: (0,0) (1,0) (2,0) (2,1) (2,2) (3,2) (4,2) (4,3) (4,5) (5,5) (5,6)
  facet 691: (0,0) (0,1) (1,1) (2,1) (3,1) (3,2) (4,2) (4,3) (4,5) (5,5) (5,6)
  facet 692: (0,0) (1,0) (1,1) (2,1) (3,1) (3,2) (4,2) (4,3) (4,5) (5,5) (5,6)
  facet 693: (0,0) (1,0) (2,0) (2,1) (3,1) (3,2) (4,2) (4,3) (4,5) (5,5) (5,6)
  facet 694: (0,0) (1,0) (2,0) (3,0) (3,1) (3,2) (4,2) (4,3) (4,5) (5,5) (5,6)
  facet 695: (0,0) (0,1) (1,1) (2,1) (3,1) (4,1) (4,2) (4,3) (4,5) (5,5) (5,6)
  facet 696: (0,0) (1,0) (1,1) (2,1) (3,1) (4,1) (4,2) (4,3) (4,5) (5,5) (5,6)
  facet 697: (0,0) (1,0) (2,0) (2,1) (3,1) (4,1) (4,2) (4,3) (4,5) (5,5) (5,6)
  facet 698: (0,0) (1,0) (2,0) (3,0) (3,1) (4,1) (4,2) (4,3) (4,5) (5,5) (5,6)
  facet 699: (0,0) (1,0) (2,0) (3,0) (4,0) (4,1) (4,2) (4,3) (4,5) (5,5) (5,6)
  facet 700: (0,0) (0,1) (0,2) (0,3) (1,3) (2,3) (3,3) (4,3) (5,3) (5,5) (5,6)
  facet 701: (0,0) (0,1) (0,2) (1,2) (1,3) (2,3) (3,3) (4,3) (5,3) (5,5) (5,6)
  facet 702: (0,0) (0,1) (1,1) (1,2) (1,3) (2,3) (3,3) (4,3) (5,3) (5,5) (5,6)
  facet 703: (0,0) (1,0) (1,1) (1,2) (1,3) (2,3) (3,3) (4,3) (5,3) (5,5) (5,6)
  facet 704: (0,0) (0,1) (0,2) (1,2) (2,2) (2,3) (3,3) (4,3) (5,3) (5,5) (5,6)
  facet 705: (0,0) (0,1) (1,1) (1,2) (2,2) (2,3) (3,3) (4,3) (5,3) (5,5) (5,6)
  facet 706: (0,0) (1,0) (1,1) (1,2) (2,2) (2,3) (3,3) (4,3) (5,3) (5,5) (5,6)
  facet 707: (0,0) (0,1) (1,1) (2,1) (2,2) (2,3) (3,3) (4,3) (5,3) (5,5) (5,6)
  facet 708: (0,0) (1,0) (1,1) (2,1) (2,2) (2,3) (3,3) (4,3) (5,3) (5,5) (5,6)
  facet 709: (0,0) (1,0) (2,0) (2,1) (2,2) (2,3) (3,3) (4,3) (5,3) (5,5) (5,6)
  facet 710: (0,0) (0,1) (0,2) (1,2) (2,2) (3,2) (3,3) (4,3) (5,3) (5,5) (5,6)
  facet 711: (0,0) (0,1) (1,1) (1,2) (2,2) (3,2) (3,3) (4,3) (5,3) (5,5) (5,6)
  facet 712: (0,0) (1,0) (1,1) (1,2) (2,2) (3,2) (3,3) (4,3) (5,3) (5,5) (5,6)
  facet 713: (0,0) (0,1) (1,1) (2,1) (2,2) (3,2) (3,3) (4,3) (5,3) (5,5) (5,6)
  facet 714: (0,0) (1,0) (1,1) (2,1) (2,2) (3,2) (3,3) (4,3) (5,3) (5,5) (5,6)
  facet 715: (0,0) (1,0) (2,0) (2,1) (2,2) (3,2) (3,3) (4,3) (5,3) (5,5) (5,6)
  facet 716: (0,0) (0,1) (1,1) (2,1) (3,1) (3,2) (3,3) (4,3) (5,3) (5,5) (5,6)
  facet 717: (0,0) (1,0) (1,1) (2,1) (3,1) (3,2) (3,3) (4,3) (5,3) (5,5) (5,6)
  facet 718: (0,0) (1,0) (2,0) (2,1) (3,1) (3,2) (3,3) (4,3) (5,3) (5,5) (5,6)
  facet 719: (0,0) (1,0) (2,0) (3,0) (3,1) (3,2) (3,3) (4,3) (5,3) (5,5) (5,6)
  facet 720: (0,0) (0,1) (0,2) (1,2) (2,2) (3,2) (4,2) (4,3) (5,3) (5,5) (5,6)
  facet 721: (0,0) (0,1) (1,1) (1,2) (2,2) (3,2) (4,2) (4,3) (5,3) (5,5) (5,6)
  facet 722: (0,0) (1,0) (1,1) (1,2) (2,2) (3,2) (4,2) (4,3) (5,3) (5,5) (5,6)
  facet 723: (0,0) (0,1) (1,1) (2,1) (2,2) (3,2) (4,2) (4,3) (5,3) (5,5) (5,6)
  facet 724: (0,0) (1,0) (1,1) (2,1) (2,2) (3,2) (4,2) (4,3) (5,3) (5,5) (5,6)
  facet 725: (0,0) (1,0) (2,0) (2,1) (2,2) (3,2) (4,2) (4,3) (5,3) (5,5) (5,6)
  facet 726: (0,0) (0,1) (1,1) (2,1) (3,1) (3,2) (4,2) (4,3) (5,3) (5,5) (5,6)
  facet 727: (0,0) (1,0) (1,1) (2,1) (3,1) (3,2) (4,2) (4,3) (5,3) (5,5) (5,6)
  facet 728: (0,0) (1,0) (2,0) (2,1) (3,1) (3,2) (4,2) (4,3) (5,3) (5,5) (5,6)
  facet 729: (0,0) (1,0) (2,0) (3,0) (3,1) (3,2) (4,2) (4,3) (5,3) (5,5) (5,6)
  facet 730: (0,0) (0,1) (1,1) (2,1) (3,1) (4,1) (4,2) (4,3) (5,3) (5,5) (5,6)
  facet 731: (0,0) (1,0) (1,1) (2,1) (3,1) (4,1) (4,2) (4,3) (5,3) (5,5) (5,6)
  facet 732: (0,0) (1,0) (2,0) (2,1) (3,1) (4,1) (4,2) (4,3) (5,3) (5,5) (5,6)
  facet 733: (0,0) (1,0) (2,0) (3,0) (3,1) (4,1) (4,2) (4,3) (5,3) (5,5) (5,6)
  facet 734: (0,0) (1,0) (2,0) (3,0) (4,0) (4,1) (4,2) (4,3) (5,3) (5,5) (5,6)
  facet 735: (0,0) (0,1) (0,2) (1,2) (2,2) (3,2) (4,2) (5,2) (5,3) (5,5) (5,6)
  facet 736: (0,0) (0,1) (1,1) (1,2) (2,2) (3,2) (4,2) (5,2) (5,3) (5,5) (5,6)
  facet 737: (0,0) (1,0) (1,1) (1,2) (2,2) (3,2) (4,2) (5,2) (5,3) (5,5) (5,6)
  facet 738: (0,0) (0,1) (1,1) (2,1) (2,2) (3,2) (4,2) (5,2) (5,3) (5,5) (5,6)
  facet 739: (0,0) (1,0) (1,1) (2,1) (2,2) (3,2) (4,2) (5,2) (5,3) (5,5) (5,6)
  facet 740: (0,0) (1,0) (2,0) (2,1) (2,2) (3,2) (4,2) (5,2) (5,3) (5,5) (5,6)
  facet 741: (0,0) (0,1) (1,1) (2,1) (3,1) (3,2) (4,2) (5,2) (5,3) (5,5) (5,6)
  facet 742: (0,0) (1,0) (1,1) (2,1) (3,1) (3,2) (4,2) (5,2) (5,3) (5,5) (5,6)
  facet 743: (0,0) (1,0) (2,0) (2,1) (3,1) (3,2) (4,2) (5,2) (5,3) (5,5) (5,6)
  facet 744: (0,0) (1,0) (2,0) (3,0) (3,1) (3,2) (4,2) (5,2) (5,3) (5,5) (5,6)
  facet 745: (0,0) (0,1) (1,1) (2,1) (3,1) (4,1) (4,2) (5,2) (5,3) (5,5) (5,6)
  facet 746: (0,0) (1,0) (1,1) (2,1) (3,1) (4,1) (4,2) (5,2) (5,3) (5,5) (5,6)
  facet 747: (0,0) (1,0) (2,0) (2,1) (3,1) (4,1) (4,2) (5,2) (5,3) (5,5) (5,6)
  facet 748: (0,0) (1,0) (2,0) (3,0) (3,1) (4,1) (4,2) (5,2) (5,3) (5,5) (5,6)
  facet 749: (0,0) (1,0) (2,0) (3,0) (4,0) (4,1) (4,2) (5,2) (5,3) (5,5) (5,6)
  facet 750: (0,0) (0,1) (1,1) (2,1) (3,1) (4,1) (5,1) (5,2) (5,3) (5,5) (5,6)
  facet 751: (0,0) (1,0) (1,1) (2,1) (3,1) (4,1) (5,1) (5,2) (5,3) (5,5) (5,6)
  facet 752: (0,0) (1,0) (2,0) (2,1) (3,1) (4,1) (5,1) (5,2) (5,3) (5,5) (5,6)
  facet 753: (0,0) (1,0) (2,0) (3,0) (3,1) (4,1) (5,1) (5,2) (5,3) (5,5) (5,6)
  facet 754: (0,0) (1,0) (2,0) (3,0) (4,0) (4,1) (5,1) (5,2) (5,3) (5,5) (5,6)
  facet 755: (0,0) (1,0) (2,0) (3,0) (4,0) (5,0) (5,1) (5,2) (5,3) (5,5) (5,6)
  facet 756: (0,0) (0,1) (0,2) (0,4) (0,5) (0,6) (1,6) (2,6) (3,6) (4,6) (5,6)
  facet 757: (0,0) (0,1) (0,2) (0,4) (0,5) (1,5) (1,6) (2,6) (3,6) (4,6) (5,6)
  facet 758: (0,0) (0,1) (0,2) (0,4) (1,4) (1,5) (1,6) (2,6) (3,6) (4,6) (5,6)
  facet 759: (0,0) (0,1) (0,2) (1,2) (1,4) (1,5) (1,6) (2,6) (3,6) (4,6) (5,6)
  facet 760: (0,0) (0,1) (1,1) (1,2) (1,4) (1,5) (1,6) (2,6) (3,6) (4,6) (5,6)
  facet 761: (0,0) (1,0) (1,1) (1,2) (1,4) (1,5) (1,6) (2,6) (3,6) (4,6) (5,6)
  facet 762: (0,0) (0,1) (0,2) (0,4) (0,5) (1,5) (2,5) (2,6) (3,6) (4,6) (5,6)
  facet 763: (0,0) (0,1) (0,2) (0,4) (1,4) (1,5) (2,5) (2,6) (3,6) (4,6) (5,6)
  facet 764: (0,0) (0,1) (0,2) (1,2) (1,4) (1,5) (2,5) (2,6) (3,6) (4,6) (5,6)
  facet 765: (0,0) (0,1) (1,1) (1,2) (1,4) (1,5) (2,5) (2,6) (3,6) (4,6) (5,6)
  facet 766: (0,0) (1,0) (1,1) (1,2) (1,4) (1,5) (2,5) (2,6) (3,6) (4,6) (5,6)
  facet 767: (0,0) (0,1) (0,2) (0,4) (1,4) (2,4) (2,5) (2,6) (3,6) (4,6) (5,6)
  facet 768: (0,0) (0,1) (0,2) (1,2) (1,4) (2,4) (2,5) (2,6) (3,6) (4,6) (5,6)
  facet 769: (0,0) (0,1) (1,1) (1,2) (1,4) (2,4) (2,5) (2,6) (3,6) (4,6) (5,6)
  facet 770: (0,0) (1,0) (1,1) (1,2) (1,4) (2,4) (2,5) (2,6) (3,6) (4,6) (5,6)
  facet 771: (0,0) (0,1) (0,2) (1,2) (2,2) (2,4) (2,5) (2,6) (3,6) (4,6) (5,6)
  facet 772: (0,0) (0,1) (1,1) (1,2) (2,2) (2,4) (2,5) (2,6) (3,6) (4,6) (5,6)
  facet 773: (0,0) (1,0) (1,1) (1,2) (2,2) (2,4) (2,5) (2,6) (3,6) (4,6) (5,6)
  facet 774: (0,0) (0,1) (1,1) (2,1) (2,2) (2,4) (2,5) (2,6) (3,6) (4,6) (5,6)
  facet 775: (0,0) (1,0) (1,1) (2,1) (2,2) (2,4) (2,5) (2,6) (3,6) (4,6) (5,6)
  facet 776: (0,0) (1,0) (2,0) (2,1) (2,2) (2,4) (2,5) (2,6) (3,6) (4,6) (5,6)
  facet 777: (0,0) (0,1) (0,2) (0,4) (0,5) (1,5) (2,5) (3,5) (3,6) (4,6) (5,6)
  facet 778: (0,0) (0,1) (0,2) (0,4) (1,4) (1,5) (2,5) (3,5) (3,6) (4,6) (5,6)
  facet 779: (0,0) (0,1) (0,2) (1,2) (1,4) (1,5) (2,5) (3,5) (3,6) (4,6) (5,6)
  facet 780: (0,0) (0,1) (1,1) (1,2) (1,4) (1,5) (2,5) (3,5) (3,6) (4,6) (5,6)
  facet 781: (0,0) (1,0) (1,1) (1,2) (1,4) (1,5) (2,5) (3,5) (3,6) (4,6) (5,6)
  facet 782: (0,0) (0,1) (0,2) (0,4) (1,4) (2,4) (2,5) (3,5) (3,6) (4,6) (5,6)
  facet 783: (0,0) (0,1) (0,2) (1,2) (1,4) (2,4) (2,5) (3,5) (3,6) (4,6) (5,6)
  facet 784: (0,0) (0,1) (1,1) (1,2) (1,4) (2,4) (2,5) (3,5) (3,6) (4,6) (5,6)
  facet 785: (0,0) (1,0) (1,1) (1,2) (1,4) (2,4) (2,5) (3,5) (3,6) (4,6) (5,6)
  facet 786: (0,0) (0,1) (0,2) (1,2) (2,2) (2,4) (2,5) (3,5) (3,6) (4,6) (5,6)
  facet 787: (0,0) (0,1) (1,1) (1,2) (2,2) (2,4) (2,5) (3,5) (3,6) (4,6) (5,6)
  facet 788: (0,0) (1,0) (1,1) (1,2) (2,2) (2,4) (2,5) (3,5) (3,6) (4,6) (5,6)
  facet 789: (0,0) (0,1) (1,1) (2,1) (2,2) (2,4) (2,5) (3,5) (3,6) (4,6) (5,6)
  facet 790: (0,0) (1,0) (1,1) (2,1) (2,2) (2,4) (2,5) (3,5) (3,6) (4,6) (5,6)
  facet 791: (0,0) (1,0) (2,0) (2,1) (2,2) (2,4) (2,5) (3,5) (3,6) (4,6) (5,6)
  facet 792: (0,0) (0,1) (0,2) (0,4) (1,4) (2,4) (3,4) (3,5) (3,6) (4,6) (5,6)
  facet 793: (0,0) (0,1) (0,2) (1,2) (1,4) (2,4) (3,4) (3,5) (3,6) (4,6) (5,6)
  facet 794: (0,0) (0,1) (1,1) (1,2) (1,4) (2,4) (3,4) (3,5) (3,6) (4,6) (5,6)
  facet 795: (0,0) (1,0) (1,1) (1,2) (1,4) (2,4) (3,4) (3,5) (3,6) (4,6) (5,6)
  facet 796: (0,0) (0,1) (0,2) (1,2) (2,2) (2,4) (3,4) (3,5) (3,6) (4,6) (5,6)
  facet 797: (0,0) (0,1) (1,1) (1,2) (2,2) (2,4) (3,4) (3,5) (3,6) (4,6) (5,6)
  facet 798: (0,0) (1,0) (1,1) (1,2) (2,2) (2,4) (3,4) (3,5) (3,6) (4,6) (5,6)
  facet 799: (0,0) (0,1) (1,1) (2,1) (2,2) (2,4) (3,4) (3,5) (3,6) (4,6) (5,6)
  facet 800: (0,0) (1,0) (1,1) (2,1) (2,2) (2,4) (3,4) (3,5) (3,6) (4,6) (5,6)
  facet 801: (0,0) (1,0) (2,0) (2,1) (2,2) (2,4) (3,4) (3,5) (3,6) (4,6) (5,6)
  facet 802: (0,0) (0,1) (0,2) (1,2) (2,2) (3,2) (3,4) (3,5) (3,6) (4,6) (5,6)
  facet 803: (0,0) (0,1) (1,1) (1,2) (2,2) (3,2) (3,4) (3,5) (3,6) (4,6) (5,6)
  facet 804: (0,0) (1,0) (1,1) (1,2) (2,2) (3,2) (3,4) (3,5) (3,6) (4,6) (5,6)
  facet 805: (0,0) (0,1) (1,1) (2,1) (2,2) (3,2) (3,4) (3,5) (3,6) (4,6) (5,6)
  facet 806: (0,0) (1,0) (1,1) (2,1) (2,2) (3,2) (3,4) (3,5) (3,6) (4,6) (5,6)
  facet 807: (0,0) (1,0) (2,0) (2,1) (2,2) (3,2) (3,4) (3,5) (3,6) (4,6) (5,6)
  facet 808: (0,0) (0,1) (1,1) (2,1) (3,1) (3,2) (3,4) (3,5) (3,6) (4,6) (5,6)
  facet 809: (0,0) (1,0) (1,1) (2,1) (3,1) (3,2) (3,4) (3,5) (3,6) (4,6) (5,6)
  facet 810: (0,0) (1,0) (2,0) (2,1) (3,1) (3,2) (3,4) (3,5) (3,6) (4,6) (5,6)
  facet 811: (0,0) (1,0) (2,0) (3,0) (3,1) (3,2) (3,4) (3,5) (3,6) (4,6) (5,6)
  facet 812: (0,0) (0,1) (0,2) (0,4) (0,5) (1,5) (2,5) (3,5) (4,5) (4,6) (5,6)
  facet 813: (0,0) (0,1) (0,2) (0,4) (1,4) (1,5) (2,5) (3,5) (4,5) (4,6) (5,6)
  facet 814: (0,0) (0,1) (0,2) (1,2) (1,4) (1,5) (2,5) (3,5) (4,5) (4,6) (5,6)
  facet 815: (0,0) (0,1) (1,1) (1,2) (1,4) (1,5) (2,5) (3,5) (4,5) (4,6) (5,6)
  facet 816: (0,0) (1,0) (1,1) (1,2) (1,4) (1,5) (2,5) (3,5) (4,5) (4,6) (5,6)
  facet 817: (0,0) (0,1) (0,2) (0,4) (1,4) (2,4) (2,5) (3,5) (4,5) (4,6) (5,6)
  facet 818: (0,0) (0,1) (0,2) (1,2) (1,4) (2,4) (2,5) (3,5) (4,5) (4,6) (5,6)
  facet 819: (0,0) (0,1) (1,1) (1,2) (1,4) (2,4) (2,5) (3,5) (4,5) (4,6) (5,6)
  facet 820: (0,0) (1,0) (1,1) (1,2) (1,4) (2,4) (2,5) (3,5) (4,5) (4,6) (5,6)
  facet 821: (0,0) (0,1) (0,2) (1,2) (2,2) (2,4) (2,5) (3,5) (4,5) (4,6) (5,6)
  facet 822: (0,0) (0,1) (1,1) (1,2) (2,2) (2,4) (2,5) (3,5) (4,5) (4,6) (5,6)
  facet 823: (0,0) (1,0) (1,1) (1,2) (2,2) (2,4) (2,5) (3,5) (4,5) (4,6) (5,6)
  facet 824: (0,0) (0,1) (1,1) (2,1) (2,2) (2,4) (2,5) (3,5) (4,5) (4,6) (5,6)
  facet 825: (0,0) (1,0) (1,1) (2,1) (2,2) (2,4) (2,5) (3,5) (4,5) (4,6) (5,6)
  facet 826: (0,0) (1,0) (2,0) (2,1) (2,2) (2,4) (2,5) (3,5) (4,5) (4,6) (5,6)
  facet 827: (0,0) (0,1) (0,2) (0,4) (1,4) (2,4) (3,4) (3,5) (4,5) (4,6) (5,6)
  facet 828: (0,0) (0,1) (0,2) (1,2) (1,4) (2,4) (3,4) (3,5) (4,5) (4,6) (5,6)
  facet 829: (0,0) (0,1) (1,1) (1,2) (1,4) (2,4) (3,4) (3,5) (4,5) (4,6) (5,6)
  facet 830: (0,0) (1,0) (1,1) (1,2) (1,4) (2,4) (3,4) (3,5) (4,5) (4,6) (5,6)
  facet 831: (0,0) (0,1) (0,2) (1,2) (2,2) (2,4) (3,4) (3,5) (4,5) (4,6) (5,6)
  facet 832: (0,0) (0,1) (1,1) (1,2) (2,2) (2,4) (3,4) (3,5) (4,5) (4,6) (5,6)
  facet 833: (0,0) (1,0) (1,1) (1,2) (2,2) (2,4) (3,4) (3,5) (4,5) (4,6) (5,6)
  facet 834: (0,0) (0,1) (1,1) (2,1) (2,2) (2,4) (3,4) (3,5) (4,5) (4,6) (5,6)
  facet 835: (0,0) (1,0) (1,1) (2,1) (2,2) (2,4) (3,4) (3,5) (4,5) (4,6) (5,6)
  facet 836: (0,0) (1,0) (2,0) (2,1) (2,2) (2,4) (3,4) (3,5) (4,5) (4,6) (5,6)
  facet 837: (0,0) (0,1) (0,2) (1,2) (2,2) (3,2) (3,4) (3,5) (4,5) (4,6) (5,6)
  facet 838: (0,0) (0,1) (1,1) (1,2) (2,2) (3,2) (3,4) (3,5) (4,5) (4,6) (5,6)
  facet 839: (0,0) (1,0) (1,1) (1,2) (2,2) (3,2) (3,4) (3,5) (4,5) (4,6) (5,6)
  facet 840: (0,0) (0,1) (1,1) (2,1) (2,2) (3,2) (3,4) (3,5) (4,5) (4,6) (5,6)
  facet 841: (0,0) (1,0) (1,1) (2,1) (2,2) (3,2) (3,4) (3,5) (4,5) (4,6) (5,6)
  facet 842: (0,0) (1,0) (2,0) (2,1) (2,2) (3,2) (3,4) (3,5) (4,5) (4,6) (5,6)
  facet 843: (0,0) (0,1) (1,1) (2,1) (3,1) (3,2) (3,4) (3,5) (4,5) (4,6) (5,6)
  facet 844: (0,0) (1,0) (1,1) (2,1) (3,1) (3,2) (3,4) (3,5) (4,5) (4,6) (5,6)
  facet 845: (0,0) (1,0) (2,0) (2,1) (3,1) (3,2) (3,4) (3,5) (4,5) (4,6) (5,6)
  facet 846: (0,0) (1,0) (2,0) (3,0) (3,1) (3,2) (3,4) (3,5) (4,5) (4,6) (5,6)
  facet 847: (0,0) (0,1) (0,2) (0,4) (1,4) (2,4) (3,4) (4,4) (4,5) (4,6) (5,6)
  facet 848: (0,0) (0,1) (0,2) (1,2) (1,4) (2,4) (3,4) (4,4) (4,5) (4,6) (5,6)
  facet 849: (0,0) (0,1) (1,1) (1,2) (1,4) (2,4) (3,4) (4,4) (4,5) (4,6) (5,6)
  facet 850: (0,0) (1,0) (1,1) (1,2) (1,4) (2,4) (3,4) (4,4) (4,5) (4,6) (5,6)
  facet 851: (0,0) (0,1) (0,2) (1,2) (2,2) (2,4) (3,4) (4,4) (4,5) (4,6) (5,6)
  facet 852: (0,0) (0,1) (1,1) (1,2) (2,2) (2,4) (3,4) (4,4) (4,5) (4,6) (5,6)
  facet 853: (0,0) (1,0) (1,1) (1,2) (2,2) (2,4) (3,4) (4,4) (4,5) (4,6) (5,6)
  facet 854: (0,0) (0,1) (1,1) (2,1) (2,2) (2,4) (3,4) (4,4) (4,5) (4,6) (5,6)
  facet 855: (0,0) (1,0) (1,1) (2,1) (2,2) (2,4) (3,4) (4,4) (4,5) (4,6) (5,6)
  facet 856: (0,0) (1,0) (2,0) (2,1) (2,2) (2,4) (3,4) (4,4) (4,5) (4,6) (5,6)
  facet 857: (0,0) (0,1) (0,2) (1,2) (2,2) (3,2) (3,4) (4,4) (4,5) (4,6) (5,6)
  facet 858: (0,0) (0,1) (1,1) (1,2) (2,2) (3,2) (3,4) (4,4) (4,5) (4,6) (5,6)
  facet 859: (0,0) (1,0) (1,1) (1,2) (2,2) (3,2) (3,4) (4,4) (4,5) (4,6) (5,6)
  facet 860: (0,0) (0,1) (1,1) (2,1) (2,2) (3,2) (3,4) (4,4) (4,5) (4,6) (5,6)
  facet 861: (0,0) (1,0) (1,1) (2,1) (2,2) (3,2) (3,4) (4,4) (4,5) (4,6) (5,6)
  facet 862: (0,0) (1,0) (2,0) (2,1) (2,2) (3,2) (3,4) (4,4) (4,5) (4,6) (5,6)
  facet 863: (0,0) (0,1) (1,1) (2,1) (3,1) (3,2) (3,4) (4,4) (4,5) (4,6) (5,6)
  facet 864: (0,0) (1,0) (1,1) (2,1) (3,1) (3,2) (3,4) (4,4) (4,5) (4,6) (5,6)
  facet 865: (0,0) (1,0) (2,0) (2,1) (3,1) (3,2) (3,4) (4,4) (4,5) (4,6) (5,6)
  facet 866: (0,0) (1,0) (2,0) (3,0) (3,1) (3,2) (3,4) (4,4) (4,5) (4,6) (5,6)
  facet 867: (0,0) (0,1) (0,2) (1,2) (2,2) (3,2) (4,2) (4,4) (4,5) (4,6) (5,6)
  facet 868: (0,0) (0,1) (1,1) (1,2) (2,2) (3,2) (4,2) (4,4) (4,5) (4,6) (5,6)
  facet 869: (0,0) (1,0) (1,1) (1,2) (2,2) (3,2) (4,2) (4,4) (4,5) (4,6) (5,6)
  facet 870: (0,0) (0,1) (1,1) (2,1) (2,2) (3,2) (4,2) (4,4) (4,5) (4,6) (5,6)
  facet 871: (0,0) (1,0) (1,1) (2,1) (2,2) (3,2) (4,2) (4,4) (4,5) (4,6) (5,6)
  facet 872: (0,0) (1,0) (2,0) (2,1) (2,2) (3,2) (4,2) (4,4) (4,5) (4,6) (5,6)
  facet 873: (0,0) (0,1) (1,1) (2,1) (3,1) (3,2) (4,2) (4,4) (4,5) (4,6) (5,6)
  facet 874: (0,0) (1,0) (1,1) (2,1) (3,1) (3,2) (4,2) (4,4) (4,5) (4,6) (5,6)
  facet 875: (0,0) (1,0) (2,0) (2,1) (3,1) (3,2) (4,2) (4,4) (4,5) (4,6) (5,6)
  facet 876: (0,0) (1,0) (2,0) (3,0) (3,1) (3,2) (4,2) (4,4) (4,5) (4,6) (5,6)
  facet 877: (0,0) (0,1) (1,1) (2,1) (3,1) (4,1) (4,2) (4,4) (4,5) (4,6) (5,6)
  facet 878: (0,0) (1,0) (1,1) (2,1) (3,1) (4,1) (4,2) (4,4) (4,5) (4,6) (5,6)
  facet 879: (0,0) (1,0) (2,0) (2,1) (3,1) (4,1) (4,2) (4,4) (4,5) (4,6) (5,6)
  facet 880: (0,0) (1,0) (2,0) (3,0) (3,1) (4,1) (4,2) (4,4) (4,5) (4,6) (5,6)
  facet 881: (0,0) (1,0) (2,0) (3,0) (4,0) (4,1) (4,2) (4,4) (4,5) (4,6) (5,6)
  facet 882: (0,0) (0,1) (0,2) (0,4) (0,5) (1,5) (2,5) (3,5) (4,5) (5,5) (5,6)
  facet 883: (0,0) (0,1) (0,2) (0,4) (1,4) (1,5) (2,5) (3,5) (4,5) (5,5) (5,6)
  facet 884: (0,0) (0,1) (0,2) (1,2) (1,4) (1,5) (2,5) (3,5) (4,5) (5,5) (5,6)
  facet 885: (0,0) (0,1) (1,1) (1,2) (1,4) (1,5) (2,5) (3,5) (4,5) (5,5) (5,6)
  facet 886: (0,0) (1,0) (1,1) (1,2) (1,4) (1,5) (2,5) (3,5) (4,5) (5,5) (5,6)
  facet 887: (0,0) (0,1) (0,2) (0,4) (1,4) (2,4) (2,5) (3,5) (4,5) (5,5) (5,6)
  facet 888: (0,0) (0,1) (0,2) (1,2) (1,4) (2,4) (2,5) (3,5) (4,5) (5,5) (5,6)
  facet 889: (0,0) (0,1) (1,1) (1,2) (1,4) (2,4) (2,5) (3,5) (4,5) (5,5) (5,6)
  facet 890: (0,0) (1,0) (1,1) (1,2) (1,4) (2,4) (2,5) (3,5) (4,5) (5,5) (5,6)
  facet 891: (0,0) (0,1) (0,2) (1,2) (2,2) (2,4) (2,5) (3,5) (4,5) (5,5) (5,6)
  facet 892: (0,0) (0,1) (1,1) (1,2) (2,2) (2,4) (2,5) (3,5) (4,5) (5,5) (5,6)
  facet 893: (0,0) (1,0) (1,1) (1,2) (2,2) (2,4) (2,5) (3,5) (4,5) (5,5) (5,6)
  facet 894: (0,0) (0,1) (1,1) (2,1) (2,2) (2,4) (2,5) (3,5) (4,5) (5,5) (5,6)
  facet 895: (0,0) (1,0) (1,1) (2,1) (2,2) (2,4) (2,5) (3,5) (4,5) (5,5) (5,6)
  facet 896: (0,0) (1,0) (2,0) (2,1) (2,2) (2,4) (2,5) (3,5) (4,5) (5,5) (5,6)
  facet 897: (0,0) (0,1) (0,2) (0,4) (1,4) (2,4) (3,4) (3,5) (4,5) (5,5) (5,6)
  facet 898: (0,0) (0,1) (0,2) (1,2) (1,4) (2,4) (3,4) (3,5) (4,5) (5,5) (5,6)
  facet 899: (0,0) (0,1) (1,1) (1,2) (1,4) (2,4) (3,4) (3,5) (4,5) (5,5) (5,6)
  facet 900: (0,0) (1,0) (1,1) (1,2) (1,4) (2,4) (3,4) (3,5) (4,5) (5,5) (5,6)
  facet 901: (0,0) (0,1) (0,2) (1,2) (2,2) (2,4) (3,4) (3,5) (4,5) (5,5) (5,6)
  facet 902: (0,0) (0,1) (1,1) (1,2) (2,2) (2,4) (3,4) (3,5) (4,5) (5,5) (5,6)
  facet 903: (0,0) (1,0) (1,1) (1,2) (2,2) (2,4) (3,4) (3,5) (4,5) (5,5) (5,6)
  facet 904: (0,0) (0,1) (1,1) (2,1) (2,2) (2,4) (3,4) (3,5) (4,5) (5,5) (5,6)
  facet 905: (0,0) (1,0) (1,1) (2,1) (2,2) (2,4) (3,4) (3,5) (4,5) (5,5) (5,6)
  facet 906: (0,0) (1,0) (2,0) (2,1) (2,2) (2,4) (3,4) (3,5) (4,5) (5,5) (5,6)
  facet 907: (0,0) (0,1) (0,2) (1,2) (2,2) (3,2) (3,4) (3,5) (4,5) (5,5) (5,6)
  facet 908: (0,0) (0,1) (1,1) (1,2) (2,2) (3,2) (3,4) (3,5) (4,5) (5,5) (5,6)
  facet 909: (0,0) (1,0) (1,1) (1,2) (2,2) (3,2) (3,4) (3,5) (4,5) (5,5) (5,6)
  facet 910: (0,0) (0,1) (1,1) (2,1) (2,2) (3,2) (3,4) (3,5) (4,5) (5,5) (5,6)
  facet 911: (0,0) (1,0) (1,1) (2,1) (2,2) (3,2) (3,4) (3,5) (4,5) (5,5) (5,6)
  facet 912: (0,0) (1,0) (2,0) (2,1) (2,2) (3,2) (3,4) (3,5) (4,5) (5,5) (5,6)
  facet 913: (0,0) (0,1) (1,1) (2,1) (3,1) (3,2) (3,4) (3,5) (4,5) (5,5) (5,6)
  facet 914: (0,0) (1,0) (1,1) (2,1) (3,1) (3,2) (3,4) (3,5) (4,5) (5,5) (5,6)
  facet 915: (0,0) (1,0) (2,0) (2,1) (3,1) (3,2) (3,4) (3,5) (4,5) (5,5) (5,6)
  facet 916: (0,0) (1,0) (2,0) (3,0) (3,1) (3,2) (3,4) (3,5) (4,5) (5,5) (5,6)
  facet 917: (0,0) (0,1) (0,2) (0,4) (1,4) (2,4) (3,4) (4,4) (4,5) (5,5) (5,6)
  facet 918: (0,0) (0,1) (0,2) (1,2) (1,4) (2,4) (3,4) (4,4) (4,5) (5,5) (5,6)
  facet 919: (0,0) (0,1) (1,1) (1,2) (1,4) (2,4) (3,4) (4,4) (4,5) (5,5) (5,6)
  facet 920: (0,0) (1,0) (1,1) (1,2) (1,4) (2,4) (3,4) (4,4) (4,5) (5,5) (5,6)
  facet 921: (0,0) (0,1) (0,2) (1,2) (2,2) (2,4) (3,4) (4,4) (4,5) (5,5) (5,6)
  facet 922: (0,0) (0,1) (1,1) (1,2) (2,2) (2,4) (3,4) (4,4) (4,5) (5,5) (5,6)
  facet 923: (0,0) (1,0) (1,1) (1,2) (2,2) (2,4) (3,4) (4,4) (4,5) (5,5) (5,6)
  facet 924: (0,0) (0,1) (1,1) (2,1) (2,2) (2,4) (3,4) (4,4) (4,5) (5,5) (5,6)
  facet 925: (0,0) (1,0) (1,1) (2,1) (2,2) (2,4) (3,4) (4,4) (4,5) (5,5) (5,6)
  facet 926: (0,0) (1,0) (2,0) (2,1) (2,2) (2,4) (3,4) (4,4) (4,5) (5,5) (5,6)
  facet 927: (0,0) (0,1) (0,2) (1,2) (2,2) (3,2) (3,4) (4,4) (4,5) (5,5) (5,6)
  facet 928: (0,0) (0,1) (1,1) (1,2) (2,2) (3,2) (3,4) (4,4) (4,5) (5,5) (5,6)
  facet 929: (0,0) (1,0) (1,1) (1,2) (2,2) (3,2) (3,4) (4,4) (4,5) (5,5) (5,6)
  facet 930: (0,0) (0,1) (1,1) (2,1) (2,2) (3,2) (3,4) (4,4) (4,5) (5,5) (5,6)
  facet 931: (0,0) (1,0) (1,1) (2,1) (2,2) (3,2) (3,4) (4,4) (4,5) (5,5) (5,6)
  facet 932: (0,0) (1,0) (2,0) (2,1) (2,2) (3,2) (3,4) (4,4) (4,5) (5,5) (5,6)
  facet 933: (0,0) (0,1) (1,1) (2,1) (3,1) (3,2) (3,4) (4,4) (4,5) (5,5) (5,6)
  facet 934: (0,0) (1,0) (1,1) (2,1) (3,1) (3,2) (3,4) (4,4) (4,5) (5,5) (5,6)
  facet 935: (0,0) (1,0) (2,0) (2,1) (3,1) (3,2) (3,4) (4,4) (4,5) (5,5) (5,6)
  facet 936: (0,0) (1,0) (2,0) (3,0) (3,1) (3,2) (3,4) (4,4) (4,5) (5,5) (5,6)
  facet 937: (0,0) (0,1) (0,2) (1,2) (2,2) (3,2) (4,2) (4,4) (4,5) (5,5) (5,6)
  facet 938: (0,0) (0,1) (1,1) (1,2) (2,2) (3,2) (4,2) (4,4) (4,5) (5,5) (5,6)
  facet 939: (0,0) (1,0) (1,1) (1,2) (2,2) (3,2) (4,2) (4,4) (4,5) (5,5) (5,6)
  facet 940: (0,0) (0,1) (1,1) (2,1) (2,2) (3,2) (4,2) (4,4) (4,5) (5,5) (5,6)
  facet 941: (0,0) (1,0) (1,1) (2,1) (2,2) (3,2) (4,2) (4,4) (4,5) (5,5) (5,6)
  facet 942: (0,0) (1,0) (2,0) (2,1) (2,2) (3,2) (4,2) (4,4) (4,5) (5,5) (5,6)
  facet 943: (0,0) (0,1) (1,1) (2,1) (3,1) (3,2) (4,2) (4,4) (4,5) (5,5) (5,6)
  facet 944: (0,0) (1,0) (1,1) (2,1) (3,1) (3,2) (4,2) (4,4) (4,5) (5,5) (5,6)
  facet 945: (0,0) (1,0) (2,0) (2,1) (3,1) (3,2) (4,2) (4,4) (4,5) (5,5) (5,6)
  facet 946: (0,0) (1,0) (2,0) (3,0) (3,1) (3,2) (4,2) (4,4) (4,5) (5,5) (5,6)
  facet 947: (0,0) (0,1) (1,1) (2,1) (3,1) (4,1) (4,2) (4,4) (4,5) (5,5) (5,6)
  facet 948: (0,0) (1,0) (1,1) (2,1) (3,1) (4,1) (4,2) (4,4) (4,5) (5,5) (5,6)
  facet 949: (0,0) (1,0) (2,0) (2,1) (3,1) (4,1) (4,2) (4,4) (4,5) (5,5) (5,6)
  facet 950: (0,0) (1,0) (2,0) (3,0) (3,1) (4,1) (4,2) (4,4) (4,5) (5,5) (5,6)
  facet 951: (0,0) (1,0) (2,0) (3,0) (4,0) (4,1) (4,2) (4,4) (4,5) (5,5) (5,6)
  facet 952: (0,0) (0,1) (0,2) (0,4) (1,4) (2,4) (3,4) (4,4) (5,4) (5,5) (5,6)
  facet 953: (0,0) (0,1) (0,2) (1,2) (1,4) (2,4) (3,4) (4,4) (5,4) (5,5) (5,6)
  facet 954: (0,0) (0,1) (1,1) (1,2) (1,4) (2,4) (3,4) (4,4) (5,4) (5,5) (5,6)
  facet 955: (0,0) (1,0) (1,1) (1,2) (1,4) (2,4) (3,4) (4,4) (5,4) (5,5) (5,6)
  facet 956: (0,0) (0,1) (0,2) (1,2) (2,2) (2,4) (3,4) (4,4) (5,4) (5,5) (5,6)
  facet 957: (0,0) (0,1) (1,1) (1,2) (2,2) (2,4) (3,4) (4,4) (5,4) (5,5) (5,6)
  facet 958: (0,0) (1,0) (1,1) (1,2) (2,2) (2,4) (3,4) (4,4) (5,4) (5,5) (5,6)
  facet 959: (0,0) (0,1) (1,1) (2,1) (2,2) (2,4) (3,4) (4,4) (5,4) (5,5) (5,6)
  facet 960: (0,0) (1,0) (1,1) (2,1) (2,2) (2,4) (3,4) (4,4) (5,4) (5,5) (5,6)
  facet 961: (0,0) (1,0) (2,0) (2,1) (2,2) (2,4) (3,4) (4,4) (5,4) (5,5) (5,6)
  facet 962: (0,0) (0,1) (0,2) (1,2) (2,2) (3,2) (3,4) (4,4) (5,4) (5,5) (5,6)
  facet 963: (0,0) (0,1) (1,1) (1,2) (2,2) (3,2) (3,4) (4,4) (5,4) (5,5) (5,6)
  facet 964: (0,0) (1,0) (1,1) (1,2) (2,2) (3,2) (3,4) (4,4) (5,4) (5,5) (5,6)
  facet 965: (0,0) (0,1) (1,1) (2,1) (2,2) (3,2) (3,4) (4,4) (5,4) (5,5) (5,6)
  facet 966: (0,0) (1,0) (1,1) (2,1) (2,2) (3,2) (3,4) (4,4) (5,4) (5,5) (5,6)
  facet 967: (0,0) (1,0) (2,0) (2,1) (2,2) (3,2) (3,4) (4,4) (5,4) (5,5) (5,6)
  facet 968: (0,0) (0,1) (1,1) (2,1) (3,1) (3,2) (3,4) (4,4) (5,4) (5,5) (5,6)
  facet 969: (0,0) (1,0) (1,1) (2,1) (3,1) (3,2) (3,4) (4,4) (5,4) (5,5) (5,6)
  facet 970: (0,0) (1,0) (2,0) (2,1) (3,1) (3,2) (3,4) (4,4) (5,4) (5,5) (5,6)
  facet 971: (0,0) (1,0) (2,0) (3,0) (3,1) (3,2) (3,4) (4,4) (5,4) (5,5) (5,6)
  facet 972: (0,0) (0,1) (0,2) (1,2) (2,2) (3,2) (4,2) (4,4) (5,4) (5,5) (5,6)
  facet 973: (0,0) (0,1) (1,1) (1,2) (2,2) (3,2) (4,2) (4,4) (5,4) (5,5) (5,6)
  facet 974: (0,0) (1,0) (1,1) (1,2) (2,2) (3,2) (4,2) (4,4) (5,4) (5,5) (5,6)
  facet 975: (0,0) (0,1) (1,1) (2,1) (2,2) (3,2) (4,2) (4,4) (5,4) (5,5) (5,6)
  facet 976: (0,0) (1,0) (1,1) (2,1) (2,2) (3,2) (4,2) (4,4) (5,4) (5,5) (5,6)
  facet 977: (0,0) (1,0) (2,0) (2,1) (2,2) (3,2) (4,2) (4,4) (5,4) (5,5) (5,6)
  facet 978: (0,0) (0,1) (1,1) (2,1) (3,1) (3,2) (4,2) (4,4) (5,4) (5,5) (5,6)
  facet 979: (0,0) (1,0) (1,1) (2,1) (3,1) (3,2) (4,2) (4,4) (5,4) (5,5) (5,6)
  facet 980: (0,0) (1,0) (2,0) (2,1) (3,1) (3,2) (4,2) (4,4) (5,4) (5,5) (5,6)
  facet 981: (0,0) (1,0) (2,0) (3,0) (3,1) (3,2) (4,2) (4,4) (5,4) (5,5) (5,6)
  facet 982: (0,0) (0,1) (1,1) (2,1) (3,1) (4,1) (4,2) (4,4) (5,4) (5,5) (5,6)
  facet 983: (0,0) (1,0) (1,1) (2,1) (3,1) (4,1) (4,2) (4,4) (5,4) (5,5) (5,6)
  facet 984: (0,0) (1,0) (2,0) (2,1) (3,1) (4,1) (4,2) (4,4) (5,4) (5,5) (5,6)
  facet 985: (0,0) (1,0) (2,0) (3,0) (3,1) (4,1) (4,2) (4,4) (5,4) (5,5) (5,6)
  facet 986: (0,0) (1,0) (2,0) (3,0) (4,0) (4,1) (4,2) (4,4) (5,4) (5,5) (5,6)
  facet 987: (0,0) (0,1) (0,2) (1,2) (2,2) (3,2) (4,2) (5,2) (5,4) (5,5) (5,6)
  facet 988: (0,0) (0,1) (1,1) (1,2) (2,2) (3,2) (4,2) (5,2) (5,4) (5,5) (5,6)
  facet 989: (0,0) (1,0) (1,1) (1,2) (2,2) (3,2) (4,2) (5,2) (5,4) (5,5) (5,6)
  facet 990: (0,0) (0,1) (1,1) (2,1) (2,2) (3,2) (4,2) (5,2) (5,4) (5,5) (5,6)
  facet 991: (0,0) (1,0) (1,1) (2,1) (2,2) (3,2) (4,2) (5,2) (5,4) (5,5) (5,6)
  facet 992: (0,0) (1,0) (2,0) (2,1) (2,2) (3,2) (4,2) (5,2) (5,4) (5,5) (5,6)
  facet 993: (0,0) (0,1) (1,1) (2,1) (3,1) (3,2) (4,2) (5,2) (5,4) (5,5) (5,6)
  facet 994: (0,0) (1,0) (1,1) (2,1) (3,1) (3,2) (4,2) (5,2) (5,4) (5,5) (5,6)
  facet 995: (0,0) (1,0) (2,0) (2,1) (3,1) (3,2) (4,2) (5,2) (5,4) (5,5) (5,6)
  facet 996: (0,0) (1,0) (2,0) (3,0) (3,1) (3,2) (4,2) (5,2) (5,4) (5,5) (5,6)
  facet 997: (0,0) (0,1) (1,1) (2,1) (3,1) (4,1) (4,2) (5,2) (5,4) (5,5) (5,6)
  facet 998: (0,0) (1,0) (1,1) (2,1) (3,1) (4,1) (4,2) (5,2) (5,4) (5,5) (5,6)
  facet 999: (0,0) (1,0) (2,0) (2,1) (3,1) (4,1) (4,2) (5,2) (5,4) (5,5) (5,6)
  facet 1000: (0,0) (1,0) (2,0) (3,0) (3,1) (4,1) (4,2) (5,2) (5,4) (5,5) (5,6)
  facet 1001: (0,0) (1,0) (2,0) (3,0) (4,0) (4,1) (4,2) (5,2) (5,4) (5,5) (5,6)
  facet 1002: (0,0) (0,1) (1,1) (2,1) (3,1) (4,1) (5,1) (5,2) (5,4) (5,5) (5,6)
  facet 1003: (0,0) (1,0) (1,1) (2,1) (3,1) (4,1) (5,1) (5,2) (5,4) (5,5) (5,6)
  facet 1004: (0,0) (1,0) (2,0) (2,1) (3,1) (4,1) (5,1) (5,2) (5,4) (5,5) (5,6)
  facet 1005: (0,0) (1,0) (2,0) (3,0) (3,1) (4,1) (5,1) (5,2) (5,4) (5,5) (5,6)
  facet 1006: (0,0) (1,0) (2,0) (3,0) (4,0) (4,1) (5,1) (5,2) (5,4) (5,5) (5,6)
  facet 1007: (0,0) (1,0) (2,0) (3,0) (4,0) (5,0) (5,1) (5,2) (5,4) (5,5) (5,6)
  facet 1008: (0,0) (0,1) (0,3) (0,4) (0,5) (0,6) (1,6) (2,6) (3,6) (4,6) (5,6)
  facet 1009: (0,0) (0,1) (0,3) (0,4) (0,5) (1,5) (1,6) (2,6) (3,6) (4,6) (5,6)
  facet 1010: (0,0) (0,1) (0,3) (0,4) (1,4) (1,5) (1,6) (2,6) (3,6) (4,6) (5,6)
  facet 1011: (0,0) (0,1) (0,3) (1,3) (1,4) (1,5) (1,6) (2,6) (3,6) (4,6) (5,6)
  facet 1012: (0,0) (0,1) (1,1) (1,3) (1,4) (1,5) (1,6) (2,6) (3,6) (4,6) (5,6)
  facet 1013: (0,0) (1,0) (1,1) (1,3) (1,4) (1,5) (1,6) (2,6) (3,6) (4,6) (5,6)
  facet 1014: (0,0) (0,1) (0,3) (0,4) (0,5) (1,5) (2,5) (2,6) (3,6) (4,6) (5,6)
  facet 1015: (0,0) (0,1) (0,3) (0,4) (1,4) (1,5) (2,5) (2,6) (3,6) (4,6) (5,6)
  facet 1016: (0,0) (0,1) (0,3) (1,3) (1,4) (1,5) (2,5) (2,6) (3,6) (4,6) (5,6)
  facet 1017: (0,0) (0,1) (1,1) (1,3) (1,4) (1,5) (2,5) (2,6) (3,6) (4,6) (5,6)
  facet 1018: (0,0) (1,0) (1,1) (1,3) (1,4) (1,5) (2,5) (2,6) (3,6) (4,6) (5,6)
  facet 1019: (0,0) (0,1) (0,3) (0,4) (1,4) (2,4) (2,5) (2,6) (3,6) (4,6) (5,6)
  facet 1020: (0,0) (0,1) (0,3) (1,3) (1,4) (2,4) (2,5) (2,6) (3,6) (4,6) (5,6)
  facet 1021: (0,0) (0,1) (1,1) (1,3) (1,4) (2,4) (2,5) (2,6) (3,6) (4,6) (5,6)
  facet 1022: (0,0) (1,0) (1,1) (1,3) (1,4) (2,4) (2,5) (2,6) (3,6) (4,6) (5,6)
  facet 1023: (0,0) (0,1) (0,3) (1,3) (2,3) (2,4) (2,5) (2,6) (3,6) (4,6) (5,6)
  facet 1024: (0,0) (0,1) (1,1) (1,3) (2,3) (2,4) (2,5) (2,6) (3,6) (4,6) (5,6)
  facet 1025: (0,0) (1,0) (1,1) (1,3) (2,3) (2,4) (2,5) (2,6) (3,6) (4,6) (5,6)
  facet 1026: (0,0) (0,1) (1,1) (2,1) (2,3) (2,4) (2,5) (2,6) (3,6) (4,6) (5,6)
  facet 1027: (0,0) (1,0) (1,1) (2,1) (2,3) (2,4) (2,5) (2,6) (3,6) (4,6) (5,6)
  facet 1028: (0,0) (1,0) (2,0) (2,1) (2,3) (2,4) (2,5) (2,6) (3,6) (4,6) (5,6)
  facet 1029: (0,0) (0,1) (0,3) (0,4) (0,5) (1,5) (2,5) (3,5) (3,6) (4,6) (5,6)
  facet 1030: (0,0) (0,1) (0,3) (0,4) (1,4) (1,5) (2,5) (3,5) (3,6) (4,6) (5,6)
  facet 1031: (0,0) (0,1) (0,3) (1,3) (1,4) (1,5) (2,5) (3,5) (3,6) (4,6) (5,6)
  facet 1032: (0,0) (0,1) (1,1) (1,3) (1,4) (1,5) (2,5) (3,5) (3,6) (4,6) (5,6)
  facet 1033: (0,0) (1,0) (1,1) (1,3) (1,4) (1,5) (2,5) (3,5) (3,6) (4,6) (5,6)
  facet 1034: (0,0) (0,1) (0,3) (0,4) (1,4) (2,4) (2,5) (3,5) (3,6) (4,6) (5,6)
  facet 1035: (0,0) (0,1) (0,3) (1,3) (1,4) (2,4) (2,5) (3,5) (3,6) (4,6) (5,6)
  facet 1036: (0,0) (0,1) (1,1) (1,3) (1,4) (2,4) (2,5) (3,5) (3,6) (4,6) (5,6)
  facet 1037: (0,0) (1,0) (1,1) (1,3) (1,4) (2,4) (2,5) (3,5) (3,6) (4,6) (5,6)
  facet 1038: (0,0) (0,1) (0,3) (1,3) (2,3) (2,4) (2,5) (3,5) (3,6) (4,6) (5,6)
  facet 1039: (0,0) (0,1) (1,1) (1,3) (2,3) (2,4) (2,5) (3,5) (3,6) (4,6) (5,6)
  facet 1040: (0,0) (1,0) (1,1) (1,3) (2,3) (2,4) (2,5) (3,5) (3,6) (4,6) (5,6)
  facet 1041: (0,0) (0,1) (1,1) (2,1) (2,3) (2,4) (2,5) (3,5) (3,6) (4,6) (5,6)
  facet 1042: (0,0) (1,0) (1,1) (2,1) (2,3) (2,4) (2,5) (3,5) (3,6) (4,6) (5,6)
  facet 1043: (0,0) (1,0) (2,0) (2,1) (2,3) (2,4) (2,5) (3,5) (3,6) (4,6) (5,6)
  facet 1044: (0,0) (0,1) (0,3) (0,4) (1,4) (2,4) (3,4) (3,5) (3,6) (4,6) (5,6)
  facet 1045: (0,0) (0,1) (0,3) (1,3) (1,4) (2,4) (3,4) (3,5) (3,6) (4,6) (5,6)
  facet 1046: (0,0) (0,1) (1,1) (1,3) (1,4) (2,4) (3,4) (3,5) (3,6) (4,6) (5,6)
  facet 1047: (0,0) (1,0) (1,1) (1,3) (1,4) (2,4) (3,4) (3,5) (3,6) (4,6) (5,6)
  facet 1048: (0,0) (0,1) (0,3) (1,3) (2,3) (2,4) (3,4) (3,5) (3,6) (4,6) (5,6)
  facet 1049: (0,0) (0,1) (1,1) (1,3) (2,3) (2,4) (3,4) (3,5) (3,6) (4,6) (5,6)
  facet 1050: (0,0) (1,0) (1,1) (1,3) (2,3) (2,4) (3,4) (3,5) (3,6) (4,6) (5,6)
  facet 1051: (0,0) (0,1) (1,1) (2,1) (2,3) (2,4) (3,4) (3,5) (3,6) (4,6) (5,6)
  facet 1052: (0,0) (1,0) (1,1) (2,1) (2,3) (2,4) (3,4) (3,5) (3,6) (4,6) (5,6)
  facet 1053: (0,0) (1,0) (2,0) (2,1) (2,3) (2,4) (3,4) (3,5) (3,6) (4,6) (5,6)
  facet 1054: (0,0) (0,1) (0,3) (1,3) (2,3) (3,3) (3,4) (3,5) (3,6) (4,6) (5,6)
  facet 1055: (0,0) (0,1) (1,1) (1,3) (2,3) (3,3) (3,4) (3,5) (3,6) (4,6) (5,6)
  facet 1056: (0,0) (1,0) (1,1) (1,3) (2,3) (3,3) (3,4) (3,5) (3,6) (4,6) (5,6)
  facet 1057: (0,0) (0,1) (1,1) (2,1) (2,3) (3,3) (3,4) (3,5) (3,6) (4,6) (5,6)
  facet 1058: (0,0) (1,0) (1,1) (2,1) (2,3) (3,3) (3,4) (3,5) (3,6) (4,6) (5,6)
  facet 1059: (0,0) (1,0) (2,0) (2,1) (2,3) (3,3) (3,4) (3,5) (3,6) (4,6) (5,6)
  facet 1060: (0,0) (0,1) (1,1) (2,1) (3,1) (3,3) (3,4) (3,5) (3,6) (4,6) (5,6)
  facet 1061: (0,0) (1,0) (1,1) (2,1) (3,1) (3,3) (3,4) (3,5) (3,6) (4,6) (5,6)
  facet 1062: (0,0) (1,0) (2,0) (2,1) (3,1) (3,3) (3,4) (3,5) (3,6) (4,6) (5,6)
  facet 1063: (0,0) (1,0) (2,0) (3,0) (3,1) (3,3) (3,4) (3,5) (3,6) (4,6) (5,6)
  facet 1064: (0,0) (0,1) (0,3) (0,4) (0,5) (1,5) (2,5) (3,5) (4,5) (4,6) (5,6)
  facet 1065: (0,0) (0,1) (0,3) (0,4) (1,4) (1,5) (2,5) (3,5) (4,5) (4,6) (5,6)
  facet 1066: (0,0) (0,1) (0,3) (1,3) (1,4) (1,5) (2,5) (3,5) (4,5) (4,6) (5,6)
  facet 1067: (0,0) (0,1) (1,1) (1,3) (1,4) (1,5) (2,5) (3,5) (4,5) (4,6) (5,6)
  facet 1068: (0,0) (1,0) (1,1) (1,3) (1,4) (1,5) (2,5) (3,5) (4,5) (4,6) (5,6)
  facet 1069: (0,0) (0,1) (0,3) (0,4) (1,4) (2,4) (2,5) (3,5) (4,5) (4,6) (5,6)
  facet 1070: (0,0) (0,1) (0,3) (1,3) (1,4) (2,4) (2,5) (3,5) (4,5) (4,6) (5,6)
  facet 1071: (0,0) (0,1) (1,1) (1,3) (1,4) (2,4) (2,5) (3,5) (4,5) (4,6) (5,6)
  facet 1072: (0,0) (1,0) (1,1) (1,3) (1,4) (2,4) (2,5) (3,5) (4,5) (4,6) (5,6)
  facet 1073: (0,0) (0,1) (0,3) (1,3) (2,3) (2,4) (2,5) (3,5) (4,5) (4,6) (5,6)
  facet 1074: (0,0) (0,1) (1,1) (1,3) (2,3) (2,4) (2,5) (3,5) (4,5) (4,6) (5,6)
  facet 1075: (0,0) (1,0) (1,1) (1,3) (2,3) (2,4) (2,5) (3,5) (4,5) (4,6) (5,6)
  facet 1076: (0,0) (0,1) (1,1) (2,1) (2,3) (2,4) (2,5) (3,5) (4,5) (4,6) (5,6)
  facet 1077: (0,0) (1,0) (1,1) (2,1) (2,3) (2,4) (2,5) (3,5) (4,5) (4,6) (5,6)
  facet 1078: (0,0) (1,0) (2,0) (2,1) (2,3) (2,4) (2,5) (3,5) (4,5) (4,6) (5,6)
  facet 1079: (0,0) (0,1) (0,3) (0,4) (1,4) (2,4) (3,4) (3,5) (4,5) (4,6) (5,6)
  facet 1080: (0,0) (0,1) (0,3) (1,3) (1,4) (2,4) (3,4) (3,5) (4,5) (4,6) (5,6)
  facet 1081: (0,0) (0,1) (1,1) (1,3) (1,4) (2,4) (3,4) (3,5) (4,5) (4,6) (5,6)
  facet 1082: (0,0) (1,0) (1,1) (1,3) (1,4) (2,4) (3,4) (3,5) (4,5) (4,6) (5,6)
  facet 1083: (0,0) (0,1) (0,3) (1,3) (2,3) (2,4) (3,4) (3,5) (4,5) (4,6) (5,6)
  facet 1084: (0,0) (0,1) (1,1) (1,3) (2,3) (2,4) (3,4) (3,5) (4,5) (4,6) (5,6)
  facet 1085: (0,0) (1,0) (1,1) (1,3) (2,3) (2,4) (3,4) (3,5) (4,5) (4,6) (5,6)
  facet 1086: (0,0) (0,1) (1,1) (2,1) (2,3) (2,4) (3,4) (3,5) (4,5) (4,6) (5,6)
  facet 1087: (0,0) (1,0) (1,1) (2,1) (2,3) (2,4) (3,4) (3,5) (4,5) (4,6) (5,6)
  facet 1088: (0,0) (1,0) (2,0) (2,1) (2,3) (2,4) (3,4) (3,5) (4,5) (4,6) (5,6)
  facet 1089: (0,0) (0,1) (0,3) (1,3) (2,3) (3,3) (3,4) (3,5) (4,5) (4,6) (5,6)
  facet 1090: (0,0) (0,1) (1,1) (1,3) (2,3) (3,3) (3,4) (3,5) (4,5) (4,6) (5,6)
  facet 1091: (0,0) (1,0) (1,1) (1,3) (2,3) (3,3) (3,4) (3,5) (4,5) (4,6) (5,6)
  facet 1092: (0,0) (0,1) (1,1) (2,1) (2,3) (3,3) (3,4) (3,5) (4,5) (4,6) (5,6)
  facet 1093: (0,0) (1,0) (1,1) (2,1) (2,3) (3,3) (3,4) (3,5) (4,5) (4,6) (5,6)
  facet 1094: (0,0) (1,0) (2,0) (2,1) (2,3) (3,3) (3,4) (3,5) (4,5) (4,6) (5,6)
  facet 1095: (0,0) (0,1) (1,1) (2,1) (3,1) (3,3) (3,4) (3,5) (4,5) (4,6) (5,6)
  facet 1096: (0,0) (1,0) (1,1) (2,1) (3,1) (3,3) (3,4) (3,5) (4,5) (4,6) (5,6)
  facet 1097: (0,0) (1,0) (2,0) (2,1) (3,1) (3,3) (3,4) (3,5) (4,5) (4,6) (5,6)
  facet 1098: (0,0) (1,0) (2,0) (3,0) (3,1) (3,3) (3,4) (3,5) (4,5) (4,6) (5,6)
  facet 1099: (0,0) (0,1) (0,3) (0,4) (1,4) (2,4) (3,4) (4,4) (4,5) (4,6) (5,6)
  facet 1100: (0,0) (0,1) (0,3) (1,3) (1,4) (2,4) (3,4) (4,4) (4,5) (4,6) (5,6)
  facet 1101: (0,0) (0,1) (1,1) (1,3) (1,4) (2,4) (3,4) (4,4) (4,5) (4,6) (5,6)
  facet 1102: (0,0) (1,0) (1,1) (1,3) (1,4) (2,4) (3,4) (4,4) (4,5) (4,6) (5,6)
  facet 1103: (0,0) (0,1) (0,3) (1,3) (2,3) (2,4) (3,4) (4,4) (4,5) (4,6) (5,6)
  facet 1104: (0,0) (0,1) (1,1) (1,3) (2,3) (2,4) (3,4) (4,4) (4,5) (4,6) (5,6)
  facet 1105: (0,0) (1,0) (1,1) (1,3) (2,3) (2,4) (3,4) (4,4) (4,5) (4,6) (5,6)
  facet 1106: (0,0) (0,1) (1,1) (2,1) (2,3) (2,4) (3,4) (4,4) (4,5) (4,6) (5,6)
  facet 1107: (0,0) (1,0) (1,1) (2,1) (2,3) (2,4) (3,4) (4,4) (4,5) (4,6) (5,6)
  facet 1108: (0,0) (1,0) (2,0) (2,1) (2,3) (2,4) (3,4) (4,4) (4,5) (4,6) (5,6)
  facet 1109: (0,0) (0,1) (0,3) (1,3) (2,3) (3,3) (3,4) (4,4) (4,5) (4,6) (5,6)
  facet 1110: (0,0) (0,1) (1,1) (1,3) (2,3) (3,3) (3,4) (4,4) (4,5) (4,6) (5,6)
  facet 1111: (0,0) (1,0) (1,1) (1,3) (2,3) (3,3) (3,4) (4,4) (4,5) (4,6) (5,6)
  facet 1112: (0,0) (0,1) (1,1) (2,1) (2,3) (3,3) (3,4) (4,4) (4,5) (4,6) (5,6)
  facet 1113: (0,0) (1,0) (1,1) (2,1) (2,3) (3,3) (3,4) (4,4) (4,5) (4,6) (5,6)
  facet 1114: (0,0) (1,0) (2,0) (2,1) (2,3) (3,3) (3,4) (4,4) (4,5) (4,6) (5,6)
  facet 1115: (0,0) (0,1) (1,1) (2,1) (3,1) (3,3) (3,4) (4,4) (4,5) (4,6) (5,6)
  facet 1116: (0,0) (1,0) (1,1) (2,1) (3,1) (3,3) (3,4) (4,4) (4,5) (4,6) (5,6)
  facet 1117: (0,0) (1,0) (2,0) (2,1) (3,1) (3,3) (3,4) (4,4) (4,5) (4,6) (5,6)
  facet 1118: (0,0) (1,0) (2,0) (3,0) (3,1) (3,3) (3,4) (4,4) (4,5) (4,6) (5,6)
  facet 1119: (0,0) (0,1) (0,3) (1,3) (2,3) (3,3) (4,3) (4,4) (4,5) (4,6) (5,6)
  facet 1120: (0,0) (0,1) (1,1) (1,3) (2,3) (3,3) (4,3) (4,4) (4,5) (4,6) (5,6)
  facet 1121: (0,0) (1,0) (1,1) (1,3) (2,3) (3,3) (4,3) (4,4) (4,5) (4,6) (5,6)
  facet 1122: (0,0) (0,1) (1,1) (2,1) (2,3) (3,3) (4,3) (4,4) (4,5) (4,6) (5,6)
  facet 1123: (0,0) (1,0) (1,1) (2,1) (2,3) (3,3) (4,3) (4,4) (4,5) (4,6) (5,6)
  facet 1124: (0,0) (1,0) (2,0) (2,1) (2,3) (3,3) (4,3) (4,4) (4,5) (4,6) (5,6)
  facet 1125: (0,0) (0,1) (1,1) (2,1) (3,1) (3,3) (4,3) (4,4) (4,5) (4,6) (5,6)
  facet 1126: (0,0) (1,0) (1,1) (2,1) (3,1) (3,3) (4,3) (4,4) (4,5) (4,6) (5,6)
  facet 1127: (0,0) (1,0) (2,0) (2,1) (3,1) (3,3) (4,3) (4,4) (4,5) (4,6) (5,6)
  facet 1128: (0,0) (1,0) (2,0) (3,0) (3,1) (3,3) (4,3) (4,4) (4,5) (4,6) (5,6)
  facet 1129: (0,0) (0,1) (1,1) (2,1) (3,1) (4,1) (4,3) (4,4) (4,5) (4,6) (5,6)
  facet 1130: (0,0) (1,0) (1,1) (2,1) (3,1) (4,1) (4,3) (4,4) (4,5) (4,6) (5,6)
  facet 1131: (0,0) (1,0) (2,0) (2,1) (3,1) (4,1) (4,3) (4,4) (4,5) (4,6) (5,6)
  facet 1132: (0,0) (1,0) (2,0) (3,0) (3,1) (4,1) (4,3) (4,4) (4,5) (4,6) (5,6)
  facet 1133: (0,0) (1,0) (2,0) (3,0) (4,0) (4,1) (4,3) (4,4) (4,5) (4,6) (5,6)
  facet 1134: (0,0) (0,1) (0,3) (0,4) (0,5) (1,5) (2,5) (3,5) (4,5) (5,5) (5,6)
  facet 1135: (0,0) (0,1) (0,3) (0,4) (1,4) (1,5) (2,5) (3,5) (4,5) (5,5) (5,6)
  facet 1136: (0,0) (0,1) (0,3) (1,3) (1,4) (1,5) (2,5) (3,5) (4,5) (5,5) (5,6)
  facet 1137: (0,0) (0,1) (1,1) (1,3) (1,4) (1,5) (2,5) (3,5) (4,5) (5,5) (5,6)
  facet 1138: (0,0) (1,0) (1,1) (1,3) (1,4) (1,5) (2,5) (3,5) (4,5) (5,5) (5,6)
  facet 1139: (0,0) (0,1) (0,3) (0,4) (1,4) (2,4) (2,5) (3,5) (4,5) (5,5) (5,6)
  facet 1140: (0,0) (0,1) (0,3) (1,3) (1,4) (2,4) (2,5) (3,5) (4,5) (5,5) (5,6)
  facet 1141: (0,0) (0,1) (1,1) (1,3) (1,4) (2,4) (2,5) (3,5) (4,5) (5,5) (5,6)
  facet 1142: (0,0) (1,0) (1,1) (1,3) (1,4) (2,4) (2,5) (3,5) (4,5) (5,5) (5,6)
  facet 1143: (0,0) (0,1) (0,3) (1,3) (2,3) (2,4) (2,5) (3,5) (4,5) (5,5) (5,6)
  facet 1144: (0,0) (0,1) (1,1) (1,3) (2,3) (2,4) (2,5) (3,5) (4,5) (5,5) (5,6)
  facet 1145: (0,0) (1,0) (1,1) (1,3) (2,3) (2,4) (2,5) (3,5) (4,5) (5,5) (5,6)
  facet 1146: (0,0) (0,1) (1,1) (2,1) (2,3) (2,4) (2,5) (3,5) (4,5) (5,5) (5,6)
  facet 1147: (0,0) (1,0) (1,1) (2,1) (2,3) (2,4) (2,5) (3,5) (4,5) (5,5) (5,6)
  facet 1148: (0,0) (1,0) (2,0) (2,1) (2,3) (2,4) (2,5) (3,5) (4,5) (5,5) (5,6)
  facet 1149: (0,0) (0,1) (0,3) (0,4) (1,4) (2,4) (3,4) (3,5) (4,5) (5,5) (5,6)
  facet 1150: (0,0) (0,1) (0,3) (1,3) (1,4) (2,4) (3,4) (3,5) (4,5) (5,5) (5,6)
  facet 1151: (0,0) (0,1) (1,1) (1,3) (1,4) (2,4) (3,4) (3,5) (4,5) (5,5) (5,6)
  facet 1152: (0,0) (1,0) (1,1) (1,3) (1,4) (2,4) (3,4) (3,5) (4,5) (5,5) (5,6)
  facet 1153: (0,0) (0,1) (0,3) (1,3) (2,3) (2,4) (3,4) (3,5) (4,5) (5,5) (5,6)
  facet 1154: (0,0) (0,1) (1,1) (1,3) (2,3) (2,4) (3,4) (3,5) (4,5) (5,5) (5,6)
  facet 1155: (0,0) (1,0) (1,1) (1,3) (2,3) (2,4) (3,4) (3,5) (4,5) (5,5) (5,6)
  facet 1156: (0,0) (0,1) (1,1) (2,1) (2,3) (2,4) (3,4) (3,5) (4,5) (5,5) (5,6)
  facet 1157: (0,0) (1,0) (1,1) (2,1) (2,3) (2,4) (3,4) (3,5) (4,5) (5,5) (5,6)
  facet 1158: (0,0) (1,0) (2,0) (2,1) (2,3) (2,4) (3,4) (3,5) (4,5) (5,5) (5,6)
  facet 1159: (0,0) (0,1) (0,3) (1,3) (2,3) (3,3) (3,4) (3,5) (4,5) (5,5) (5,6)
  facet 1160: (0,0) (0,1) (1,1) (1,3) (2,3) (3,3) (3,4) (3,5) (4,5) (5,5) (5,6)
  facet 1161: (0,0) (1,0) (1,1) (1,3) (2,3) (3,3) (3,4) (3,5) (4,5) (5,5) (5,6)
  facet 1162: (0,0) (0,1) (1,1) (2,1) (2,3) (3,3) (3,4) (3,5) (4,5) (5,5) (5,6)
  facet 1163: (0,0) (1,0) (1,1) (2,1) (2,3) (3,3) (3,4) (3,5) (4,5) (5,5) (5,6)
  facet 1164: (0,0) (1,0) (2,0) (2,1) (2,3) (3,3) (3,4) (3,5) (4,5) (5,5) (5,6)
  facet 1165: (0,0) (0,1) (1,1) (2,1) (3,1) (3,3) (3,4) (3,5) (4,5) (5,5) (5,6)
  facet 1166: (0,0) (1,0) (1,1) (2,1) (3,1) (3,3) (3,4) (3,5) (4,5) (5,5) (5,6)
  facet 1167: (0,0) (1,0) (2,0) (2,1) (3,1) (3,3) (3,4) (3,5) (4,5) (5,5) (5,6)
  facet 1168: (0,0) (1,0) (2,0) (3,0) (3,1) (3,3) (3,4) (3,5) (4,5) (5,5) (5,6)
  facet 1169: (0,0) (0,1) (0,3) (0,4) (1,4) (2,4) (3,4) (4,4) (4,5) (5,5) (5,6)
  facet 1170: (0,0) (0,1) (0,3) (1,3) (1,4) (2,4) (3,4) (4,4) (4,5) (5,5) (5,6)
  facet 1171: (0,0) (0,1) (1,1) (1,3) (1,4) (2,4) (3,4) (4,4) (4,5) (5,5) (5,6)
  facet 1172: (0,0) (1,0) (1,1) (1,3) (1,4) (2,4) (3,4) (4,4) (4,5) (5,5) (5,6)
  facet 1173: (0,0) (0,1) (0,3) (1,3) (2,3) (2,4) (3,4) (4,4) (4,5) (5,5) (5,6)
  facet 1174: (0,0) (0,1) (1,1) (1,3) (2,3) (2,4) (3,4) (4,4) (4,5) (5,5) (5,6)
  facet 1175: (0,0) (1,0) (1,1) (1,3) (2,3) (2,4) (3,4) (4,4) (4,5) (5,5) (5,6)
  facet 1176: (0,0) (0,1) (1,1) (2,1) (2,3) (2,4) (3,4) (4,4) (4,5) (5,5) (5,6)
  facet 1177: (0,0) (1,0) (1,1) (2,1) (2,3) (2,4) (3,4) (4,4) (4,5) (5,5) (5,6)
  facet 1178: (0,0) (1,0) (2,0) (2,1) (2,3) (2,4) (3,4) (4,4) (4,5) (5,5) (5,6)
  facet 1179: (0,0) (0,1) (0,3) (1,3) (2,3) (3,3) (3,4) (4,4) (4,5) (5,5) (5,6)
  facet 1180: (0,0) (0,1) (1,1) (1,3) (2,3) (3,3) (3,4) (4,4) (4,5) (5,5) (5,6)
  facet 1181: (0,0) (1,0) (1,1) (1,3) (2,3) (3,3) (3,4) (4,4) (4,5) (5,5) (5,6)
  facet 1182: (0,0) (0,1) (1,1) (2,1) (2,3) (3,3) (3,4) (4,4) (4,5) (5,5) (5,6)
  facet 1183: (0,0) (1,0) (1,1) (2,1) (2,3) (3,3) (3,4) (4,4) (4,5) (5,5) (5,6)
  facet 1184: (0,0) (1,0) (2,0) (2,1) (2,3) (3,3) (3,4) (4,4) (4,5) (5,5) (5,6)
  facet 1185: (0,0) (0,1) (1,1) (2,1) (3,1) (3,3) (3,4) (4,4) (4,5) (5,5) (5,6)
  facet 1186: (0,0) (1,0) (1,1) (2,1) (3,1) (3,3) (3,4) (4,4) (4,5) (5,5) (5,6)
  facet 1187: (0,0) (1,0) (2,0) (2,1) (3,1) (3,3) (3,4) (4,4) (4,5) (5,5) (5,6)
  facet 1188: (0,0) (1,0) (2,0) (3,0) (3,1) (3,3) (3,4) (4,4) (4,5) (5,5) (5,6)
  facet 1189: (0,0) (0,1) (0,3) (1,3) (2,3) (3,3) (4,3) (4,4) (4,5) (5,5) (5,6)
  facet 1190: (0,0) (0,1) (1,1) (1,3) (2,3) (3,3) (4,3) (4,4) (4,5) (5,5) (5,6)
  facet 1191: (0,0) (1,0) (1,1) (1,3) (2,3) (3,3) (4,3) (4,4) (4,5) (5,5) (5,6)
  facet 1192: (0,0) (0,1) (1,1) (2,1) (2,3) (3,3) (4,3) (4,4) (4,5) (5,5) (5,6)
  facet 1193: (0,0) (1,0) (1,1) (2,1) (2,3) (3,3) (4,3) (4,4) (4,5) (5,5) (5,6)
  facet 1194: (0,0) (1,0) (2,0) (2,1) (2,3) (3,3) (4,3) (4,4) (4,5) (5,5) (5,6)
  facet 1195: (0,0) (0,1) (1,1) (2,1) (3,1) (3,3) (4,3) (4,4) (4,5) (5,5) (5,6)
  facet 1196: (0,0) (1,0) (1,1) (2,1) (3,1) (3,3) (4,3) (4,4) (4,5) (5,5) (5,6)
  facet 1197: (0,0) (1,0) (2,0) (2,1) (3,1) (3,3) (4,3) (4,4) (4,5) (5,5) (5,6)
  facet 1198: (0,0) (1,0) (2,0) (3,0) (3,1) (3,3) (4,3) (4,4) (4,5) (5,5) (5,6)
  facet 1199: (0,0) (0,1) (1,1) (2,1) (3,1) (4,1) (4,3) (4,4) (4,5) (5,5) (5,6)
  facet 1200: (0,0) (1,0) (1,1) (2,1) (3,1) (4,1) (4,3) (4,4) (4,5) (5,5) (5,6)
  facet 1201: (0,0) (1,0) (2,0) (2,1) (3,1) (4,1) (4,3) (4,4) (4,5) (5,5) (5,6)
  facet 1202: (0,0) (1,0) (2,0) (3,0) (3,1) (4,1) (4,3) (4,4) (4,5) (5,5) (5,6)
  facet 1203: (0,0) (1,0) (2,0) (3,0) (4,0) (4,1) (4,3) (4,4) (4,5) (5,5) (5,6)
  facet 1204: (0,0) (0,1) (0,3) (0,4) (1,4) (2,4) (3,4) (4,4) (5,4) (5,5) (5,6)
  facet 1205: (0,0) (0,1) (0,3) (1,3) (1,4) (2,4) (3,4) (4,4) (5,4) (5,5) (5,6)
  facet 1206: (0,0) (0,1) (1,1) (1,3) (1,4) (2,4) (3,4) (4,4) (5,4) (5,5) (5,6)
  facet 1207: (0,0) (1,0) (1,1) (1,3) (1,4) (2,4) (3,4) (4,4) (5,4) (5,5) (5,6)
  facet 1208: (0,0) (0,1) (0,3) (1,3) (2,3) (2,4) (3,4) (4,4) (5,4) (5,5) (5,6)
  facet 1209: (0,0) (0,1) (1,1) (1,3) (2,3) (2,4) (3,4) (4,4) (5,4) (5,5) (5,6)
  facet 1210: (0,0) (1,0) (1,1) (1,3) (2,3) (2,4) (3,4) (4,4) (5,4) (5,5) (5,6)
  facet 1211: (0,0) (0,1) (1,1) (2,1) (2,3) (2,4) (3,4) (4,4) (5,4) (5,5) (5,6)
  facet 1212: (0,0) (1,0) (1,1) (2,1) (2,3) (2,4) (3,4) (4,4) (5,4) (5,5) (5,6)
  facet 1213: (0,0) (1,0) (2,0) (2,1) (2,3) (2,4) (3,4) (4,4) (5,4) (5,5) (5,6)
  facet 1214: (0,0) (0,1) (0,3) (1,3) (2,3) (3,3) (3,4) (4,4) (5,4) (5,5) (5,6)
  facet 1215: (0,0) (0,1) (1,1) (1,3) (2,3) (3,3) (3,4) (4,4) (5,4) (5,5) (5,6)
  facet 1216: (0,0) (1,0) (1,1) (1,3) (2,3) (3,3) (3,4) (4,4) (5,4) (5,5) (5,6)
  facet 1217: (0,0) (0,1) (1,1) (2,1) (2,3) (3,3) (3,4) (4,4) (5,4) (5,5) (5,6)
  facet 1218: (0,0) (1,0) (1,1) (2,1) (2,3) (3,3) (3,4) (4,4) (5,4) (5,5) (5,6)
  facet 1219: (0,0) (1,0) (2,0) (2,1) (2,3) (3,3) (3,4) (4,4) (5,4) (5,5) (5,6)
  facet 1220: (0,0) (0,1) (1,1) (2,1) (3,1) (3,3) (3,4) (4,4) (5,4) (5,5) (5,6)
  facet 1221: (0,0) (1,0) (1,1) (2,1) (3,1) (3,3) (3,4) (4,4) (5,4) (5,5) (5,6)
  facet 1222: (0,0) (1,0) (2,0) (2,1) (3,1) (3,3) (3,4) (4,4) (5,4) (5,5) (5,6)
  facet 1223: (0,0) (1,0) (2,0) (3,0) (3,1) (3,3) (3,4) (4,4) (5,4) (5,5) (5,6)
  facet 1224: (0,0) (0,1) (0,3) (1,3) (2,3) (3,3) (4,3) (4,4) (5,4) (5,5) (5,6)
  facet 1225: (0,0) (0,1) (1,1) (1,3) (2,3) (3,3) (4,3) (4,4) (5,4) (5,5) (5,6)
  facet 1226: (0,0) (1,0) (1,1) (1,3) (2,3) (3,3) (4,3) (4,4) (5,4) (5,5) (5,6)
  facet 1227: (0,0) (0,1) (1,1) (2,1) (2,3) (3,3) (4,3) (4,4) (5,4) (5,5) (5,6)
  facet 1228: (0,0) (1,0) (1,1) (2,1) (2,3) (3,3) (4,3) (4,4) (5,4) (5,5) (5,6)
  facet 1229: (0,0) (1,0) (2,0) (2,1) (2,3) (3,3) (4,3) (4,4) (5,4) (5,5) (5,6)
  facet 1230: (0,0) (0,1) (1,1) (2,1) (3,1) (3,3) (4,3) (4,4) (5,4) (5,5) (5,6)
  facet 1231: (0,0) (1,0) (1,1) (2,1) (3,1) (3,3) (4,3) (4,4) (5,4) (5,5) (5,6)
  facet 1232: (0,0) (1,0) (2,0) (2,1) (3,1) (3,3) (4,3) (4,4) (5,4) (5,5) (5,6)
  facet 1233: (0,0) (1,0) (2,0) (3,0) (3,1) (3,3) (4,3) (4,4) (5,4) (5,5) (5,6)
  facet 1234: (0,0) (0,1) (1,1) (2,1) (3,1) (4,1) (4,3) (4,4) (5,4) (5,5) (5,6)
  facet 1235: (0,0) (1,0) (1,1) (2,1) (3,1) (4,1) (4,3) (4,4) (5,4) (5,5) (5,6)
  facet 1236: (0,0) (1,0) (2,0) (2,1) (3,1) (4,1) (4,3) (4,4) (5,4) (5,5) (5,6)
  facet 1237: (0,0) (1,0) (2,0) (3,0) (3,1) (4,1) (4,3) (4,4) (5,4) (5,5) (5,6)
  facet 1238: (0,0) (1,0) (2,0) (3,0) (4,0) (4,1) (4,3) (4,4) (5,4) (5,5) (5,6)
  facet 1239: (0,0) (0,1) (0,3) (1,3) (2,3) (3,3) (4,3) (5,3) (5,4) (5,5) (5,6)
  facet 1240: (0,0) (0,1) (1,1) (1,3) (2,3) (3,3) (4,3) (5,3) (5,4) (5,5) (5,6)
  facet 1241: (0,0) (1,0) (1,1) (1,3) (2,3) (3,3) (4,3) (5,3) (5,4) (5,5) (5,6)
  facet 1242: (0,0) (0,1) (1,1) (2,1) (2,3) (3,3) (4,3) (5,3) (5,4) (5,5) (5,6)
  facet 1243: (0,0) (1,0) (1,1) (2,1) (2,3) (3,3) (4,3) (5,3) (5,4) (5,5) (5,6)
  facet 1244: (0,0) (1,0) (2,0) (2,1) (2,3) (3,3) (4,3) (5,3) (5,4) (5,5) (5,6)
  facet 1245: (0,0) (0,1) (1,1) (2,1) (3,1) (3,3) (4,3) (5,3) (5,4) (5,5) (5,6)
  facet 1246: (0,0) (1,0) (1,1) (2,1) (3,1) (3,3) (4,3) (5,3) (5,4) (5,5) (5,6)
  facet 1247: (0,0) (1,0) (2,0) (2,1) (3,1) (3,3) (4,3) (5,3) (5,4) (5,5) (5,6)
  facet 1248: (0,0) (1,0) (2,0) (3,0) (3,1) (3,3) (4,3) (5,3) (5,4) (5,5) (5,6)
  facet 1249: (0,0) (0,1) (1,1) (2,1) (3,1) (4,1) (4,3) (5,3) (5,4) (5,5) (5,6)
  facet 1250: (0,0) (1,0) (1,1) (2,1) (3,1) (4,1) (4,3) (5,3) (5,4) (5,5) (5,6)
  facet 1251: (0,0) (1,0) (2,0) (2,1) (3,1) (4,1) (4,3) (5,3) (5,4) (5,5) (5,6)
  facet 1252: (0,0) (1,0) (2,0) (3,0) (3,1) (4,1) (4,3) (5,3) (5,4) (5,5) (5,6)
  facet 1253: (0,0) (1,0) (2,0) (3,0) (4,0) (4,1) (4,3) (5,3) (5,4) (5,5) (5,6)
  facet 1254: (0,0) (0,1) (1,1) (2,1) (3,1) (4,1) (5,1) (5,3) (5,4) (5,5) (5,6)
  facet 1255: (0,0) (1,0) (1,1) (2,1) (3,1) (4,1) (5,1) (5,3) (5,4) (5,5) (5,6)
  facet 1256: (0,0) (1,0) (2,0) (2,1) (3,1) (4,1) (5,1) (5,3) (5,4) (5,5) (5,6)
  facet 1257: (0,0) (1,0) (2,0) (3,0) (3,1) (4,1) (5,1) (5,3) (5,4) (5,5) (5,6)
  facet 1258: (0,0) (1,0) (2,0) (3,0) (4,0) (4,1) (5,1) (5,3) (5,4) (5,5) (5,6)
  facet 1259: (0,0) (1,0) (2,0) (3,0) (4,0) (5,0) (5,1) (5,3) (5,4) (5,5) (5,6)
  facet 1260: (0,0) (0,2) (0,3) (0,4) (0,5) (0,6) (1,6) (2,6) (3,6) (4,6) (5,6)
  facet 1261: (0,0) (0,2) (0,3) (0,4) (0,5) (1,5) (1,6) (2,6) (3,6) (4,6) (5,6)
  facet 1262: (0,0) (0,2) (0,3) (0,4) (1,4) (1,5) (1,6) (2,6) (3,6) (4,6) (5,6)
  facet 1263: (0,0) (0,2) (0,3) (1,3) (1,4) (1,5) (1,6) (2,6) (3,6) (4,6) (5,6)
  facet 1264: (0,0) (0,2) (1,2) (1,3) (1,4) (1,5) (1,6) (2,6) (3,6) (4,6) (5,6)
  facet 1265: (0,0) (1,0) (1,2) (1,3) (1,4) (1,5) (1,6) (2,6) (3,6) (4,6) (5,6)
  facet 1266: (0,0) (0,2) (0,3) (0,4) (0,5) (1,5) (2,5) (2,6) (3,6) (4,6) (5,6)
  facet 1267: (0,0) (0,2) (0,3) (0,4) (1,4) (1,5) (2,5) (2,6) (3,6) (4,6) (5,6)
  facet 1268: (0,0) (0,2) (0,3) (1,3) (1,4) (1,5) (2,5) (2,6) (3,6) (4,6) (5,6)
  facet 1269: (0,0) (0,2) (1,2) (1,3) (1,4) (1,5) (2,5) (2,6) (3,6) (4,6) (5,6)
  facet 1270: (0,0) (1,0) (1,2) (1,3) (1,4) (1,5) (2,5) (2,6) (3,6) (4,6) (5,6)
  facet 1271: (0,0) (0,2) (0,3) (0,4) (1,4) (2,4) (2,5) (2,6) (3,6) (4,6) (5,6)
  facet 1272: (0,0) (0,2) (0,3) (1,3) (1,4) (2,4) (2,5) (2,6) (3,6) (4,6) (5,6)
  facet 1273: (0,0) (0,2) (1,2) (1,3) (1,4) (2,4) (2,5) (2,6) (3,6) (4,6) (5,6)
  facet 1274: (0,0) (1,0) (1,2) (1,3) (1,4) (2,4) (2,5) (2,6) (3,6) (4,6) (5,6)
  facet 1275: (0,0) (0,2) (0,3) (1,3) (2,3) (2,4) (2,5) (2,6) (3,6) (4,6) (5,6)
  facet 1276: (0,0) (0,2) (1,2) (1,3) (2,3) (2,4) (2,5) (2,6) (3,6) (4,6) (5,6)
  facet 1277: (0,0) (1,0) (1,2) (1,3) (2,3) (2,4) (2,5) (2,6) (3,6) (4,6) (5,6)
  facet 1278: (0,0) (0,2) (1,2) (2,2) (2,3) (2,4) (2,5) (2,6) (3,6) (4,6) (5,6)
  facet 1279: (0,0) (1,0) (1,2) (2,2) (2,3) (2,4) (2,5) (2,6) (3,6) (4,6) (5,6)
  facet 1280: (0,0) (1,0) (2,0) (2,2) (2,3) (2,4) (2,5) (2,6) (3,6) (4,6) (5,6)
  facet 1281: (0,0) (0,2) (0,3) (0,4) (0,5) (1,5) (2,5) (3,5) (3,6) (4,6) (5,6)
  facet 1282: (0,0) (0,2) (0,3) (0,4) (1,4) (1,5) (2,5) (3,5) (3,6) (4,6) (5,6)
  facet 1283: (0,0) (0,2) (0,3) (1,3) (1,4) (1,5) (2,5) (3,5) (3,6) (4,6) (5,6)
  facet 1284: (0,0) (0,2) (1,2) (1,3) (1,4) (1,5) (2,5) (3,5) (3,6) (4,6) (5,6)
  facet 1285: (0,0) (1,0) (1,2) (1,3) (1,4) (1,5) (2,5) (3,5) (3,6) (4,6) (5,6)
  facet 1286: (0,0) (0,2) (0,3) (0,4) (1,4) (2,4) (2,5) (3,5) (3,6) (4,6) (5,6)
  facet 1287: (0,0) (0,2) (0,3) (1,3) (1,4) (2,4) (2,5) (3,5) (3,6) (4,6) (5,6)
  facet 1288: (0,0) (0,2) (1,2) (1,3) (1,4) (2,4) (2,5) (3,5) (3,6) (4,6) (5,6)
  facet 1289: (0,0) (1,0) (1,2) (1,3) (1,4) (2,4) (2,5) (3,5) (3,6) (4,6) (5,6)
  facet 1290: (0,0) (0,2) (0,3) (1,3) (2,3) (2,4) (2,5) (3,5) (3,6) (4,6) (5,6)
  facet 1291: (0,0) (0,2) (1,2) (1,3) (2,3) (2,4) (2,5) (3,5) (3,6) (4,6) (5,6)
  facet 1292: (0,0) (1,0) (1,2) (1,3) (2,3) (2,4) (2,5) (3,5) (3,6) (4,6) (5,6)
  facet 1293: (0,0) (0,2) (1,2) (2,2) (2,3) (2,4) (2,5) (3,5) (3,6) (4,6) (5,6)
  facet 1294: (0,0) (1,0) (1,2) (2,2) (2,3) (2,4) (2,5) (3,5) (3,6) (4,6) (5,6)
  facet 1295: (0,0) (1,0) (2,0) (2,2) (2,3) (2,4) (2,5) (3,5) (3,6) (4,6) (5,6)
  facet 1296: (0,0) (0,2) (0,3) (0,4) (1,4) (2,4) (3,4) (3,5) (3,6) (4,6) (5,6)
  facet 1297: (0,0) (0,2) (0,3) (1,3) (1,4) (2,4) (3,4) (3,5) (3,6) (4,6) (5,6)
  facet 1298: (0,0) (0,2) (1,2) (1,3) (1,4) (2,4) (3,4) (3,5) (3,6) (4,6) (5,6)
  facet 1299: (0,0) (1,0) (1,2) (1,3) (1,4) (2,4) (3,4) (3,5) (3,6) (4,6) (5,6)
  facet 1300: (0,0) (0,2) (0,3) (1,3) (2,3) (2,4) (3,4) (3,5) (3,6) (4,6) (5,6)
  facet 1301: (0,0) (0,2) (1,2) (1,3) (2,3) (2,4) (3,4) (3,5) (3,6) (4,6) (5,6)
  facet 1302: (0,0) (1,0) (1,2) (1,3) (2,3) (2,4) (3,4) (3,5) (3,6) (4,6) (5,6)
  facet 1303: (0,0) (0,2) (1,2) (2,2) (2,3) (2,4) (3,4) (3,5) (3,6) (4,6) (5,6)
  facet 1304: (0,0) (1,0) (1,2) (2,2) (2,3) (2,4) (3,4) (3,5) (3,6) (4,6) (5,6)
  facet 1305: (0,0) (1,0) (2,0) (2,2) (2,3) (2,4) (3,4) (3,5) (3,6) (4,6) (5,6)
  facet 1306: (0,0) (0,2) (0,3) (1,3) (2,3) (3,3) (3,4) (3,5) (3,6) (4,6) (5,6)
  facet 1307: (0,0) (0,2) (1,2) (1,3) (2,3) (3,3) (3,4) (3,5) (3,6) (4,6) (5,6)
  facet 1308: (0,0) (1,0) (1,2) (1,3) (2,3) (3,3) (3,4) (3,5) (3,6) (4,6) (5,6)
  facet 1309: (0,0) (0,2) (1,2) (2,2) (2,3) (3,3) (3,4) (3,5) (3,6) (4,6) (5,6)
  facet 1310: (0,0) (1,0) (1,2) (2,2) (2,3) (3,3) (3,4) (3,5) (3,6) (4,6) (5,6)
  facet 1311: (0,0) (1,0) (2,0) (2,2) (2,3) (3,3) (3,4) (3,5) (3,6) (4,6) (5,6)
  facet 1312: (0,0) (0,2) (1,2) (2,2) (3,2) (3,3) (3,4) (3,5) (3,6) (4,6) (5,6)
  facet 1313: (0,0) (1,0) (1,2) (2,2) (3,2) (3,3) (3,4) (3,5) (3,6) (4,6) (5,6)
  facet 1314: (0,0) (1,0) (2,0) (2,2) (3,2) (3,3) (3,4) (3,5) (3,6) (4,6) (5,6)
  facet 1315: (0,0) (1,0) (2,0) (3,0) (3,2) (3,3) (3,4) (3,5) (3,6) (4,6) (5,6)
  facet 1316: (0,0) (0,2) (0,3) (0,4) (0,5) (1,5) (2,5) (3,5) (4,5) (4,6) (5,6)
  facet 1317: (0,0) (0,2) (0,3) (0,4) (1,4) (1,5) (2,5) (3,5) (4,5) (4,6) (5,6)
  facet 1318: (0,0) (0,2) (0,3) (1,3) (1,4) (1,5) (2,5) (3,5) (4,5) (4,6) (5,6)
  facet 1319: (0,0) (0,2) (1,2) (1,3) (1,4) (1,5) (2,5) (3,5) (4,5) (4,6) (5,6)
  facet 1320: (0,0) (1,0) (1,2) (1,3) (1,4) (1,5) (2,5) (3,5) (4,5) (4,6) (5,6)
  facet 1321: (0,0) (0,2) (0,3) (0,4) (1,4) (2,4) (2,5) (3,5) (4,5) (4,6) (5,6)
  facet 1322: (0,0) (0,2) (0,3) (1,3) (1,4) (2,4) (2,5) (3,5) (4,5) (4,6) (5,6)
  facet 1323: (0,0) (0,2) (1,2) (1,3) (1,4) (2,4) (2,5) (3,5) (4,5) (4,6) (5,6)
  facet 1324: (0,0) (1,0) (1,2) (1,3) (1,4) (2,4) (2,5) (3,5) (4,5) (4,6) (5,6)
  facet 1325: (0,0) (0,2) (0,3) (1,3) (2,3) (2,4) (2,5) (3,5) (4,5) (4,6) (5,6)
  facet 1326: (0,0) (0,2) (1,2) (1,3) (2,3) (2,4) (2,5) (3,5) (4,5) (4,6) (5,6)
  facet 1327: (0,0) (1,0) (1,2) (1,3) (2,3) (2,4) (2,5) (3,5) (4,5) (4,6) (5,6)
  facet 1328: (0,0) (0,2) (1,2) (2,2) (2,3) (2,4) (2,5) (3,5) (4,5) (4,6) (5,6)
  facet 1329: (0,0) (1,0) (1,2) (2,2) (2,3) (2,4) (2,5) (3,5) (4,5) (4,6) (5,6)
  facet 1330: (0,0) (1,0) (2,0) (2,2) (2,3) (2,4) (2,5) (3,5) (4,5) (4,6) (5,6)
  facet 1331: (0,0) (0,2) (0,3) (0,4) (1,4) (2,4) (3,4) (3,5) (4,5) (4,6) (5,6)
  facet 1332: (0,0) (0,2) (0,3) (1,3) (1,4) (2,4) (3,4) (3,5) (4,5) (4,6) (5,6)
  facet 1333: (0,0) (0,2) (1,2) (1,3) (1,4) (2,4) (3,4) (3,5) (4,5) (4,6) (5,6)
  facet 1334: (0,0) (1,0) (1,2) (1,3) (1,4) (2,4) (3,4) (3,5) (4,5) (4,6) (5,6)
  facet 1335: (0,0) (0,2) (0,3) (1,3) (2,3) (2,4) (3,4) (3,5) (4,5) (4,6) (5,6)
  facet 1336: (0,0) (0,2) (1,2) (1,3) (2,3) (2,4) (3,4) (3,5) (4,5) (4,6) (5,6)
  facet 1337: (0,0) (1,0) (1,2) (1,3) (2,3) (2,4) (3,4) (3,5) (4,5) (4,6) (5,6)
  facet 1338: (0,0) (0,2) (1,2) (2,2) (2,3) (2,4) (3,4) (3,5) (4,5) (4,6) (5,6)
  facet 1339: (0,0) (1,0) (1,2) (2,2) (2,3) (2,4) (3,4) (3,5) (4,5) (4,6) (5,6)
  facet 1340: (0,0) (1,0) (2,0) (2,2) (2,3) (2,4) (3,4) (3,5) (4,5) (4,6) (5,6)
  facet 1341: (0,0) (0,2) (0,3) (1,3) (2,3) (3,3) (3,4) (3,5) (4,5) (4,6) (5,6)
  facet 1342: (0,0) (0,2) (1,2) (1,3) (2,3) (3,3) (3,4) (3,5) (4,5) (4,6) (5,6)
  facet 1343: (0,0) (1,0) (1,2) (1,3) (2,3) (3,3) (3,4) (3,5) (4,5) (4,6) (5,6)
  facet 1344: (0,0) (0,2) (1,2) (2,2) (2,3) (3,3) (3,4) (3,5) (4,5) (4,6) (5,6)
  facet 1345: (0,0) (1,0) (1,2) (2,2) (2,3) (3,3) (3,4) (3,5) (4,5) (4,6) (5,6)
  facet 1346: (0,0) (1,0) (2,0) (2,2) (2,3) (3,3) (3,4) (3,5) (4,5) (4,6) (5,6)
  facet 1347: (0,0) (0,2) (1,2) (2,2) (3,2) (3,3) (3,4) (3,5) (4,5) (4,6) (5,6)
  facet 1348: (0,0) (1,0) (1,2) (2,2) (3,2) (3,3) (3,4) (3,5) (4,5) (4,6) (5,6)
  facet 1349: (0,0) (1,0) (2,0) (2,2) (3,2) (3,3) (3,4) (3,5) (4,5) (4,6) (5,6)
  facet 1350: (0,0) (1,0) (2,0) (3,0) (3,2) (3,3) (3,4) (3,5) (4,5) (4,6) (5,6)
  facet 1351: (0,0) (0,2) (0,3) (0,4) (1,4) (2,4) (3,4) (4,4) (4,5) (4,6) (5,6)
  facet 1352: (0,0) (0,2) (0,3) (1,3) (1,4) (2,4) (3,4) (4,4) (4,5) (4,6) (5,6)
  facet 1353: (0,0) (0,2) (1,2) (1,3) (1,4) (2,4) (3,4) (4,4) (4,5) (4,6) (5,6)
  facet 1354: (0,0) (1,0) (1,2) (1,3) (1,4) (2,4) (3,4) (4,4) (4,5) (4,6) (5,6)
  facet 1355: (0,0) (0,2) (0,3) (1,3) (2,3) (2,4) (3,4) (4,4) (4,5) (4,6) (5,6)
  facet 1356: (0,0) (0,2) (1,2) (1,3) (2,3) (2,4) (3,4) (4,4) (4,5) (4,6) (5,6)
  facet 1357: (0,0) (1,0) (1,2) (1,3) (2,3) (2,4) (3,4) (4,4) (4,5) (4,6) (5,6)
  facet 1358: (0,0) (0,2) (1,2) (2,2) (2,3) (2,4) (3,4) (4,4) (4,5) (4,6) (5,6)
  facet 1359: (0,0) (1,0) (1,2) (2,2) (2,3) (2,4) (3,4) (4,4) (4,5) (4,6) (5,6)
  facet 1360: (0,0) (1,0) (2,0) (2,2) (2,3) (2,4) (3,4) (4,4) (4,5) (4,6) (5,6)
  facet 1361: (0,0) (0,2) (0,3) (1,3) (2,3) (3,3) (3,4) (4,4) (4,5) (4,6) (5,6)
  facet 1362: (0,0) (0,2) (1,2) (1,3) (2,3) (3,3) (3,4) (4,4) (4,5) (4,6) (5,6)
  facet 1363: (0,0) (1,0) (1,2) (1,3) (2,3) (3,3) (3,4) (4,4) (4,5) (4,6) (5,6)
  facet 1364: (0,0) (0,2) (1,2) (2,2) (2,3) (3,3) (3,4) (4,4) (4,5) (4,6) (5,6)
  facet 1365: (0,0) (1,0) (1,2) (2,2) (2,3) (3,3) (3,4) (4,4) (4,5) (4,6) (5,6)
  facet 1366: (0,0) (1,0) (2,0) (2,2) (2,3) (3,3) (3,4) (4,4) (4,5) (4,6) (5,6)
  facet 1367: (0,0) (0,2) (1,2) (2,2) (3,2) (3,3) (3,4) (4,4) (4,5) (4,6) (5,6)
  facet 1368: (0,0) (1,0) (1,2) (2,2) (3,2) (3,3) (3,4) (4,4) (4,5) (4,6) (5,6)
  facet 1369: (0,0) (1,0) (2,0) (2,2) (3,2) (3,3) (3,4) (4,4) (4,5) (4,6) (5,6)
  facet 1370: (0,0) (1,0) (2,0) (3,0) (3,2) (3,3) (3,4) (4,4) (4,5) (4,6) (5,6)
  facet 1371: (0,0) (0,2) (0,3) (1,3) (2,3) (3,3) (4,3) (4,4) (4,5) (4,6) (5,6)
  facet 1372: (0,0) (0,2) (1,2) (1,3) (2,3) (3,3) (4,3) (4,4) (4,5) (4,6) (5,6)
  facet 1373: (0,0) (1,0) (1,2) (1,3) (2,3) (3,3) (4,3) (4,4) (4,5) (4,6) (5,6)
  facet 1374: (0,0) (0,2) (1,2) (2,2) (2,3) (3,3) (4,3) (4,4) (4,5) (4,6) (5,6)
  facet 1375: (0,0) (1,0) (1,2) (2,2) (2,3) (3,3) (4,3) (4,4) (4,5) (4,6) (5,6)
  facet 1376: (0,0) (1,0) (2,0) (2,2) (2,3) (3,3) (4,3) (4,4) (4,5) (4,6) (5,6)
  facet 1377: (0,0) (0,2) (1,2) (2,2) (3,2) (3,3) (4,3) (4,4) (4,5) (4,6) (5,6)
  facet 1378: (0,0) (1,0) (1,2) (2,2) (3,2) (3,3) (4,3) (4,4) (4,5) (4,6) (5,6)
  facet 1379: (0,0) (1,0) (2,0) (2,2) (3,2) (3,3) (4,3) (4,4) (4,5) (4,6) (5,6)
  facet 1380: (0,0) (1,0) (2,0) (3,0) (3,2) (3,3) (4,3) (4,4) (4,5) (4,6) (5,6)
  facet 1381: (0,0) (0,2) (1,2) (2,2) (3,2) (4,2) (4,3) (4,4) (4,5) (4,6) (5,6)
  facet 1382: (0,0) (1,0) (1,2) (2,2) (3,2) (4,2) (4,3) (4,4) (4,5) (4,6) (5,6)
  facet 1383: (0,0) (1,0) (2,0) (2,2) (3,2) (4,2) (4,3) (4,4) (4,5) (4,6) (5,6)
  facet 1384: (0,0) (1,0) (2,0) (3,0) (3,2) (4,2) (4,3) (4,4) (4,5) (4,6) (5,6)
  facet 1385: (0,0) (1,0) (2,0) (3,0) (4,0) (4,2) (4,3) (4,4) (4,5) (4,6) (5,6)
  facet 1386: (0,0) (0,2) (0,3) (0,4) (0,5) (1,5) (2,5) (3,5) (4,5) (5,5) (5,6)
  facet 1387: (0,0) (0,2) (0,3) (0,4) (1,4) (1,5) (2,5) (3,5) (4,5) (5,5) (5,6)
  facet 1388: (0,0) (0,2) (0,3) (1,3) (1,4) (1,5) (2,5) (3,5) (4,5) (5,5) (5,6)
  facet 1389: (0,0) (0,2) (1,2) (1,3) (1,4) (1,5) (2,5) (3,5) (4,5) (5,5) (5,6)
  facet 1390: (0,0) (1,0) (1,2) (1,3) (1,4) (1,5) (2,5) (3,5) (4,5) (5,5) (5,6)
  facet 1391: (0,0) (0,2) (0,3) (0,4) (1,4) (2,4) (2,5) (3,5) (4,5) (5,5) (5,6)
  facet 1392: (0,0) (0,2) (0,3) (1,3) (1,4) (2,4) (2,5) (3,5) (4,5) (5,5) (5,6)
  facet 1393: (0,0) (0,2) (1,2) (1,3) (1,4) (2,4) (2,5) (3,5) (4,5) (5,5) (5,6)
  facet 1394: (0,0) (1,0) (1,2) (1,3) (1,4) (2,4) (2,5) (3,5) (4,5) (5,5) (5,6)
  facet 1395: (0,0) (0,2) (0,3) (1,3) (2,3) (2,4) (2,5) (3,5) (4,5) (5,5) (5,6)
  facet 1396: (0,0) (0,2) (1,2) (1,3) (2,3) (2,4) (2,5) (3,5) (4,5) (5,5) (5,6)
  facet 1397: (0,0) (1,0) (1,2) (1,3) (2,3) (2,4) (2,5) (3,5) (4,5) (5,5) (5,6)
  facet 1398: (0,0) (0,2) (1,2) (2,2) (2,3) (2,4) (2,5) (3,5) (4,5) (5,5) (5,6)
  facet 1399: (0,0) (1,0) (1,2) (2,2) (2,3) (2,4) (2,5) (3,5) (4,5) (5,5) (5,6)
  facet 1400: (0,0) (1,0) (2,0) (2,2) (2,3) (2,4) (2,5) (3,5) (4,5) (5,5) (5,6)
  facet 1401: (0,0) (0,2) (0,3) (0,4) (1,4) (2,4) (3,4) (3,5) (4,5) (5,5) (5,6)
  facet 1402: (0,0) (0,2) (0,3) (1,3) (1,4) (2,4) (3,4) (3,5) (4,5) (5,5) (5,6)
  facet 1403: (0,0) (0,2) (1,2) (1,3) (1,4) (2,4) (3,4) (3,5) (4,5) (5,5) (5,6)
  facet 1404: (0,0) (1,0) (1,2) (1,3) (1,4) (2,4) (3,4) (3,5) (4,5) (5,5) (5,6)
  facet 1405: (0,0) (0,2) (0,3) (1,3) (2,3) (2,4) (3,4) (3,5) (4,5) (5,5) (5,6)
  facet 1406: (0,0) (0,2) (1,2) (1,3) (2,3) (2,4) (3,4) (3,5) (4,5) (5,5) (5,6)
  facet 1407: (0,0) (1,0) (1,2) (1,3) (2,3) (2,4) (3,4) (3,5) (4,5) (5,5) (5,6)
  facet 1408: (0,0) (0,2) (1,2) (2,2) (2,3) (2,4) (3,4) (3,5) (4,5) (5,5) (5,6)
  facet 1409: (0,0) (1,0) (1,2) (2,2) (2,3) (2,4) (3,4) (3,5) (4,5) (5,5) (5,6)
  facet 1410: (0,0) (1,0) (2,0) (2,2) (2,3) (2,4) (3,4) (3,5) (4,5) (5,5) (5,6)
  facet 1411: (0,0) (0,2) (0,3) (1,3) (2,3) (3,3) (3,4) (3,5) (4,5) (5,5) (5,6)
  facet 1412: (0,0) (0,2) (1,2) (1,3) (2,3) (3,3) (3,4) (3,5) (4,5) (5,5) (5,6)
  facet 1413: (0,0) (1,0) (1,2) (1,3) (2,3) (3,3) (3,4) (3,5) (4,5) (5,5) (5,6)
  facet 1414: (0,0) (0,2) (1,2) (2,2) (2,3) (3,3) (3,4) (3,5) (4,5) (5,5) (5,6)
  facet 1415: (0,0) (1,0) (1,2) (2,2) (2,3) (3,3) (3,4) (3,5) (4,5) (5,5) (5,6)
  facet 1416: (0,0) (1,0) (2,0) (2,2) (2,3) (3,3) (3,4) (3,5) (4,5) (5,5) (5,6)
  facet 1417: (0,0) (0,2) (1,2) (2,2) (3,2) (3,3) (3,4) (3,5) (4,5) (5,5) (5,6)
  facet 1418: (0,0) (1,0) (1,2) (2,2) (3,2) (3,3) (3,4) (3,5) (4,5) (5,5) (5,6)
  facet 1419: (0,0) (1,0) (2,0) (2,2) (3,2) (3,3) (3,4) (3,5) (4,5) (5,5) (5,6)
  facet 1420: (0,0) (1,0) (2,0) (3,0) (3,2) (3,3) (3,4) (3,5) (4,5) (5,5) (5,6)
  facet 1421: (0,0) (0,2) (0,3) (0,4) (1,4) (2,4) (3,4) (4,4) (4,5) (5,5) (5,6)
  facet 1422: (0,0) (0,2) (0,3) (1,3) (1,4) (2,4) (3,4) (4,4) (4,5) (5,5) (5,6)
  facet 1423: (0,0) (0,2) (1,2) (1,3) (1,4) (2,4) (3,4) (4,4) (4,5) (5,5) (5,6)
  facet 1424: (0,0) (1,0) (1,2) (1,3) (1,4) (2,4) (3,4) (4,4) (4,5) (5,5) (5,6)
  facet 1425: (0,0) (0,2) (0,3) (1,3) (2,3) (2,4) (3,4) (4,4) (4,5) (5,5) (5,6)
  facet 1426: (0,0) (0,2) (1,2) (1,3) (2,3) (2,4) (3,4) (4,4) (4,5) (5,5) (5,6)
  facet 1427: (0,0) (1,0) (1,2) (1,3) (2,3) (2,4) (3,4) (4,4) (4,5) (5,5) (5,6)
  facet 1428: (0,0) (0,2) (1,2) (2,2) (2,3) (2,4) (3,4) (4,4) (4,5) (5,5) (5,6)
  facet 1429: (0,0) (1,0) (1,2) (2,2) (2,3) (2,4) (3,4) (4,4) (4,5) (5,5) (5,6)
  facet 1430: (0,0) (1,0) (2,0) (2,2) (2,3) (2,4) (3,4) (4,4) (4,5) (5,5) (5,6)
  facet 1431: (0,0) (0,2) (0,3) (1,3) (2,3) (3,3) (3,4) (4,4) (4,5) (5,5) (5,6)
  facet 1432: (0,0) (0,2) (1,2) (1,3) (2,3) (3,3) (3,4) (4,4) (4,5) (5,5) (5,6)
  facet 1433: (0,0) (1,0) (1,2) (1,3) (2,3) (3,3) (3,4) (4,4) (4,5) (5,5) (5,6)
  facet 1434: (0,0) (0,2) (1,2) (2,2) (2,3) (3,3) (3,4) (4,4) (4,5) (5,5) (5,6)
  facet 1435: (0,0) (1,0) (1,2) (2,2) (2,3) (3,3) (3,4) (4,4) (4,5) (5,5) (5,6)
  facet 1436: (0,0) (1,0) (2,0) (2,2) (2,3) (3,3) (3,4) (4,4) (4,5) (5,5) (5,6)
  facet 1437: (0,0) (0,2) (1,2) (2,2) (3,2) (3,3) (3,4) (4,4) (4,5) (5,5) (5,6)
  facet 1438: (0,0) (1,0) (1,2) (2,2) (3,2) (3,3) (3,4) (4,4) (4,5) (5,5) (5,6)
  facet 1439: (0,0) (1,0) (2,0) (2,2) (3,2) (3,3) (3,4) (4,4) (4,5) (5,5) (5,6)
  facet 1440: (0,0) (1,0) (2,0) (3,0) (3,2) (3,3) (3,4) (4,4) (4,5) (5,5) (5,6)
  facet 1441: (0,0) (0,2) (0,3) (1,3) (2,3) (3,3) (4,3) (4,4) (4,5) (5,5) (5,6)
  facet 1442: (0,0) (0,2) (1,2) (1,3) (2,3) (3,3) (4,3) (4,4) (4,5) (5,5) (5,6)
  facet 1443: (0,0) (1,0) (1,2) (1,3) (2,3) (3,3) (4,3) (4,4) (4,5) (5,5) (5,6)
  facet 1444: (0,0) (0,2) (1,2) (2,2) (2,3) (3,3) (4,3) (4,4) (4,5) (5,5) (5,6)
  facet 1445: (0,0) (1,0) (1,2) (2,2) (2,3) (3,3) (4,3) (4,4) (4,5) (5,5) (5,6)
  facet 1446: (0,0) (1,0) (2,0) (2,2) (2,3) (3,3) (4,3) (4,4) (4,5) (5,5) (5,6)
  facet 1447: (0,0) (0,2) (1,2) (2,2) (3,2) (3,3) (4,3) (4,4) (4,5) (5,5) (5,6)
  facet 1448: (0,0) (1,0) (1,2) (2,2) (3,2) (3,3) (4,3) (4,4) (4,5) (5,5) (5,6)
  facet 1449: (0,0) (1,0) (2,0) (2,2) (3,2) (3,3) (4,3) (4,4) (4,5) (5,5) (5,6)
  facet 1450: (0,0) (1,0) (2,0) (3,0) (3,2) (3,3) (4,3) (4,4) (4,5) (5,5) (5,6)
  facet 1451: (0,0) (0,2) (1,2) (2,2) (3,2) (4,2) (4,3) (4,4) (4,5) (5,5) (5,6)
  facet 1452: (0,0) (1,0) (1,2) (2,2) (3,2) (4,2) (4,3) (4,4) (4,5) (5,5) (5,6)
  facet 1453: (0,0) (1,0) (2,0) (2,2) (3,2) (4,2) (4,3) (4,4) (4,5) (5,5) (5,6)
  facet 1454: (0,0) (1,0) (2,0) (3,0) (3,2) (4,2) (4,3) (4,4) (4,5) (5,5) (5,6)
  facet 1455: (0,0) (1,0) (2,0) (3,0) (4,0) (4,2) (4,3) (4,4) (4,5) (5,5) (5,6)
  facet 1456: (0,0) (0,2) (0,3) (0,4) (1,4) (2,4) (3,4) (4,4) (5,4) (5,5) (5,6)
  facet 1457: (0,0) (0,2) (0,3) (1,3) (1,4) (2,4) (3,4) (4,4) (5,4) (5,5) (5,6)
  facet 1458: (0,0) (0,2) (1,2) (1,3) (1,4) (2,4) (3,4) (4,4) (5,4) (5,5) (5,6)
  facet 1459: (0,0) (1,0) (1,2) (1,3) (1,4) (2,4) (3,4) (4,4) (5,4) (5,5) (5,6)
  facet 1460: (0,0) (0,2) (0,3) (1,3) (2,3) (2,4) (3,4) (4,4) (5,4) (5,5) (5,6)
  facet 1461: (0,0) (0,2) (1,2) (1,3) (2,3) (2,4) (3,4) (4,4) (5,4) (5,5) (5,6)
  facet 1462: (0,0) (1,0) (1,2) (1,3) (2,3) (2,4) (3,4) (4,4) (5,4) (5,5) (5,6)
  facet 1463: (0,0) (0,2) (1,2) (2,2) (2,3) (2,4) (3,4) (4,4) (5,4) (5,5) (5,6)
  facet 1464: (0,0) (1,0) (1,2) (2,2) (2,3) (2,4) (3,4) (4,4) (5,4) (5,5) (5,6)
  facet 1465: (0,0) (1,0) (2,0) (2,2) (2,3) (2,4) (3,4) (4,4) (5,4) (5,5) (5,6)
  facet 1466: (0,0) (0,2) (0,3) (1,3) (2,3) (3,3) (3,4) (4,4) (5,4) (5,5) (5,6)
  facet 1467: (0,0) (0,2) (1,2) (1,3) (2,3) (3,3) (3,4) (4,4) (5,4) (5,5) (5,6)
  facet 1468: (0,0) (1,0) (1,2) (1,3) (2,3) (3,3) (3,4) (4,4) (5,4) (5,5) (5,6)
  facet 1469: (0,0) (0,2) (1,2) (2,2) (2,3) (3,3) (3,4) (4,4) (5,4) (5,5) (5,6)
  facet 1470: (0,0) (1,0) (1,2) (2,2) (2,3) (3,3) (3,4) (4,4) (5,4) (5,5) (5,6)
  facet 1471: (0,0) (1,0) (2,0) (2,2) (2,3) (3,3) (3,4) (4,4) (5,4) (5,5) (5,6)
  facet 1472: (0,0) (0,2) (1,2) (2,2) (3,2) (3,3) (3,4) (4,4) (5,4) (5,5) (5,6)
  facet 1473: (0,0) (1,0) (1,2) (2,2) (3,2) (3,3) (3,4) (4,4) (5,4) (5,5) (5,6)
  facet 1474: (0,0) (1,0) (2,0) (2,2) (3,2) (3,3) (3,4) (4,4) (5,4) (5,5) (5,6)
  facet 1475: (0,0) (1,0) (2,0) (3,0) (3,2) (3,3) (3,4) (4,4) (5,4) (5,5) (5,6)
  facet 1476: (0,0) (0,2) (0,3) (1,3) (2,3) (3,3) (4,3) (4,4) (5,4) (5,5) (5,6)
  facet 1477: (0,0) (0,2) (1,2) (1,3) (2,3) (3,3) (4,3) (4,4) (5,4) (5,5) (5,6)
  facet 1478: (0,0) (1,0) (1,2) (1,3) (2,3) (3,3) (4,3) (4,4) (5,4) (5,5) (5,6)
  facet 1479: (0,0) (0,2) (1,2) (2,2) (2,3) (3,3) (4,3) (4,4) (5,4) (5,5) (5,6)
  facet 1480: (0,0) (1,0) (1,2) (2,2) (2,3) (3,3) (4,3) (4,4) (5,4) (5,5) (5,6)
  facet 1481: (0,0) (1,0) (2,0) (2,2) (2,3) (3,3) (4,3) (4,4) (5,4) (5,5) (5,6)
  facet 1482: (0,0) (0,2) (1,2) (2,2) (3,2) (3,3) (4,3) (4,4) (5,4) (5,5) (5,6)
  facet 1483: (0,0) (1,0) (1,2) (2,2) (3,2) (3,3) (4,3) (4,4) (5,4) (5,5) (5,6)
  facet 1484: (0,0) (1,0) (2,0) (2,2) (3,2) (3,3) (4,3) (4,4) (5,4) (5,5) (5,6)
  facet 1485: (0,0) (1,0) (2,0) (3,0) (3,2) (3,3) (4,3) (4,4) (5,4) (5,5) (5,6)
  facet 1486: (0,0) (0,2) (1,2) (2,2) (3,2) (4,2) (4,3) (4,4) (5,4) (5,5) (5,6)
  facet 1487: (0,0) (1,0) (1,2) (2,2) (3,2) (4,2) (4,3) (4,4) (5,4) (5,5) (5,6)
  facet 1488: (0,0) (1,0) (2,0) (2,2) (3,2) (4,2) (4,3) (4,4) (5,4) (5,5) (5,6)
  facet 1489: (0,0) (1,0) (2,0) (3,0) (3,2) (4,2) (4,3) (4,4) (5,4) (5,5) (5,6)
  facet 1490: (0,0) (1,0) (2,0) (3,0) (4,0) (4,2) (4,3) (4,4) (5,4) (5,5) (5,6)
  facet 1491: (0,0) (0,2) (0,3) (1,3) (2,3) (3,3) (4,3) (5,3) (5,4) (5,5) (5,6)
  facet 1492: (0,0) (0,2) (1,2) (1,3) (2,3) (3,3) (4,3) (5,3) (5,4) (5,5) (5,6)
  facet 1493: (0,0) (1,0) (1,2) (1,3) (2,3) (3,3) (4,3) (5,3) (5,4) (5,5) (5,6)
  facet 1494: (0,0) (0,2) (1,2) (2,2) (2,3) (3,3) (4,3) (5,3) (5,4) (5,5) (5,6)
  facet 1495: (0,0) (1,0) (1,2) (2,2) (2,3) (3,3) (4,3) (5,3) (5,4) (5,5) (5,6)
  facet 1496: (0,0) (1,0) (2,0) (2,2) (2,3) (3,3) (4,3) (5,3) (5,4) (5,5) (5,6)
  facet 1497: (0,0) (0,2) (1,2) (2,2) (3,2) (3,3) (4,3) (5,3) (5,4) (5,5) (5,6)
  facet 1498: (0,0) (1,0) (1,2) (2,2) (3,2) (3,3) (4,3) (5,3) (5,4) (5,5) (5,6)
  facet 1499: (0,0) (1,0) (2,0) (2,2) (3,2) (3,3) (4,3) (5,3) (5,4) (5,5) (5,6)
  facet 1500: (0,0) (1,0) (2,0) (3,0) (3,2) (3,3) (4,3) (5,3) (5,4) (5,5) (5,6)
  facet 1501: (0,0) (0,2) (1,2) (2,2) (3,2) (4,2) (4,3) (5,3) (5,4) (5,5) (5,6)
  facet 1502: (0,0) (1,0) (1,2) (2,2) (3,2) (4,2) (4,3) (5,3) (5,4) (5,5) (5,6)
  facet 1503: (0,0) (1,0) (2,0) (2,2) (3,2) (4,2) (4,3) (5,3) (5,4) (5,5) (5,6)
  facet 1504: (0,0) (1,0) (2,0) (3,0) (3,2) (4,2) (4,3) (5,3) (5,4) (5,5) (5,6)
  facet 1505: (0,0) (1,0) (2,0) (3,0) (4,0) (4,2) (4,3) (5,3) (5,4) (5,5) (5,6)
  facet 1506: (0,0) (0,2) (1,2) (2,2) (3,2) (4,2) (5,2) (5,3) (5,4) (5,5) (5,6)
  facet 1507: (0,0) (1,0) (1,2) (2,2) (3,2) (4,2) (5,2) (5,3) (5,4) (5,5) (5,6)
  facet 1508: (0,0) (1,0) (2,0) (2,2) (3,2) (4,2) (5,2) (5,3) (5,4) (5,5) (5,6)
  facet 1509: (0,0) (1,0) (2,0) (3,0) (3,2) (4,2) (5,2) (5,3) (5,4) (5,5) (5,6)
  facet 1510: (0,0) (1,0) (2,0) (3,0) (4,0) (4,2) (5,2) (5,3) (5,4) (5,5) (5,6)
  facet 1511: (0,0) (1,0) (2,0) (3,0) (4,0) (5,0) (5,2) (5,3) (5,4) (5,5) (5,6)
  facet 1764: (0,0) (0,1) (0,2) (0,3) (0,4) (0,5) (1,5) (2,5) (3,5) (4,5) (6,5)
  facet 1765: (0,0) (0,1) (0,2) (0,3) (0,4) (1,4) (1,5) (2,5) (3,5) (4,5) (6,5)
  facet 1766: (0,0) (0,1) (0,2) (0,3) (1,3) (1,4) (1,5) (2,5) (3,5) (4,5) (6,5)
  facet 1767: (0,0) (0,1) (0,2) (1,2) (1,3) (1,4) (1,5) (2,5) (3,5) (4,5) (6,5)
  facet 1768: (0,0) (0,1) (1,1) (1,2) (1,3) (1,4) (1,5) (2,5) (3,5) (4,5) (6,5)
  facet 1769: (0,0) (1,0) (1,1) (1,2) (1,3) (1,4) (1,5) (2,5) (3,5) (4,5) (6,5)
  facet 1770: (0,0) (0,1) (0,2) (0,3) (0,4) (1,4) (2,4) (2,5) (3,5) (4,5) (6,5)
  facet 1771: (0,0) (0,1) (0,2) (0,3) (1,3) (1,4) (2,4) (2,5) (3,5) (4,5) (6,5)
  facet 1772: (0,0) (0,1) (0,2) (1,2) (1,3) (1,4) (2,4) (2,5) (3,5) (4,5) (6,5)
  facet 1773: (0,0) (0,1) (1,1) (1,2) (1,3) (1,4) (2,4) (2,5) (3,5) (4,5) (6,5)
  facet 1774: (0,0) (1,0) (1,1) (1,2) (1,3) (1,4) (2,4) (2,5) (3,5) (4,5) (6,5)
  facet 1775: (0,0) (0,1) (0,2) (0,3) (1,3) (2,3) (2,4) (2,5) (3,5) (4,5) (6,5)
  facet 1776: (0,0) (0,1) (0,2) (1,2) (1,3) (2,3) (2,4) (2,5) (3,5) (4,5) (6,5)
  facet 1777: (0,0) (0,1) (1,1) (1,2) (1,3) (2,3) (2,4) (2,5) (3,5) (4,5) (6,5)
  facet 1778: (0,0) (1,0) (1,1) (1,2) (1,3) (2,3) (2,4) (2,5) (3,5) (4,5) (6,5)
  facet 1779: (0,0) (0,1) (0,2) (1,2) (2,2) (2,3) (2,4) (2,5) (3,5) (4,5) (6,5)
  facet 1780: (0,0) (0,1) (1,1) (1,2) (2,2) (2,3) (2,4) (2,5) (3,5) (4,5) (6,5)
  facet 1781: (0,0) (1,0) (1,1) (1,2) (2,2) (2,3) (2,4) (2,5) (3,5) (4,5) (6,5)
  facet 1782: (0,0) (0,1) (1,1) (2,1) (2,2) (2,3) (2,4) (2,5) (3,5) (4,5) (6,5)
  facet 1783: (0,0) (1,0) (1,1) (2,1) (2,2) (2,3) (2,4) (2,5) (3,5) (4,5) (6,5)
  facet 1784: (0,0) (1,0) (2,0) (2,1) (2,2) (2,3) (2,4) (2,5) (3,5) (4,5) (6,5)
  facet 1785: (0,0) (0,1) (0,2) (0,3) (0,4) (1,4) (2,4) (3,4) (3,5) (4,5) (6,5)
  facet 1786: (0,0) (0,1) (0,2) (0,3) (1,3) (1,4) (2,4) (3,4) (3,5) (4,5) (6,5)
  facet 1787: (0,0) (0,1) (0,2) (1,2) (1,3) (1,4) (2,4) (3,4) (3,5) (4,5) (6,5)
  facet 1788: (0,0) (0,1) (1,1) (1,2) (1,3) (1,4) (2,4) (3,4) (3,5) (4,5) (6,5)
  facet 1789: (0,0) (1,0) (1,1) (1,2) (1,3) (1,4) (2,4) (3,4) (3,5) (4,5) (6,5)
  facet 1790: (0,0) (0,1) (0,2) (0,3) (1,3) (2,3) (2,4) (3,4) (3,5) (4,5) (6,5)
  facet 1791: (0,0) (0,1) (0,2) (1,2) (1,3) (2,3) (2,4) (3,4) (3,5) (4,5) (6,5)
  facet 1792: (0,0) (0,1) (1,1) (1,2) (1,3) (2,3) (2,4) (3,4) (3,5) (4,5) (6,5)
  facet 1793: (0,0) (1,0) (1,1) (1,2) (1,3) (2,3) (2,4) (3,4) (3,5) (4,5) (6,5)
  facet 1794: (0,0) (0,1) (0,2) (1,2) (2,2) (2,3) (2,4) (3,4) (3,5) (4,5) (6,5)
  facet 1795: (0,0) (0,1) (1,1) (1,2) (2,2) (2,3) (2,4) (3,4) (3,5) (4,5) (6,5)
  facet 1796: (0,0) (1,0) (1,1) (1,2) (2,2) (2,3) (2,4) (3,4) (3,5) (4,5) (6,5)
  facet 1797: (0,0) (0,1) (1,1) (2,1) (2,2) (2,3) (2,4) (3,4) (3,5) (4,5) (6,5)
  facet 1798: (0,0) (1,0) (1,1) (2,1) (2,2) (2,3) (2,4) (3,4) (3,5) (4,5) (6,5)
  facet 1799: (0,0) (1,0) (2,0) (2,1) (2,2) (2,3) (2,4) (3,4) (3,5) (4,5) (6,5)
  facet 1800: (0,0) (0,1) (0,2) (0,3) (1,3) (2,3) (3,3) (3,4) (3,5) (4,5) (6,5)
  facet 1801: (0,0) (0,1) (0,2) (1,2) (1,3) (2,3) (3,3) (3,4) (3,5) (4,5) (6,5)
  facet 1802: (0,0) (0,1) (1,1) (1,2) (1,3) (2,3) (3,3) (3,4) (3,5) (4,5) (6,5)
  facet 1803: (0,0) (1,0) (1,1) (1,2) (1,3) (2,3) (3,3) (3,4) (3,5) (4,5) (6,5)
  facet 1804: (0,0) (0,1) (0,2) (1,2) (2,2) (2,3) (3,3) (3,4) (3,5) (4,5) (6,5)
  facet 1805: (0,0) (0,1) (1,1) (1,2) (2,2) (2,3) (3,3) (3,4) (3,5) (4,5) (6,5)
  facet 1806: (0,0) (1,0) (1,1) (1,2) (2,2) (2,3) (3,3) (3,4) (3,5) (4,5) (6,5)
  facet 1807: (0,0) (0,1) (1,1) (2,1) (2,2) (2,3) (3,3) (3,4) (3,5) (4,5) (6,5)
  facet 1808: (0,0) (1,0) (1,1) (2,1) (2,2) (2,3) (3,3) (3,4) (3,5) (4,5) (6,5)
  facet 1809: (0,0) (1,0) (2,0) (2,1) (2,2) (2,3) (3,3) (3,4) (3,5) (4,5) (6,5)
  facet 1810: (0,0) (0,1) (0,2) (1,2) (2,2) (3,2) (3,3) (3,4) (3,5) (4,5) (6,5)
  facet 1811: (0,0) (0,1) (1,1) (1,2) (2,2) (3,2) (3,3) (3,4) (3,5) (4,5) (6,5)
  facet 1812: (0,0) (1,0) (1,1) (1,2) (2,2) (3,2) (3,3) (3,4) (3,5) (4,5) (6,5)
  facet 1813: (0,0) (0,1) (1,1) (2,1) (2,2) (3,2) (3,3) (3,4) (3,5) (4,5) (6,5)
  facet 1814: (0,0) (1,0) (1,1) (2,1) (2,2) (3,2) (3,3) (3,4) (3,5) (4,5) (6,5)
  facet 1815: (0,0) (1,0) (2,0) (2,1) (2,2) (3,2) (3,3) (3,4) (3,5) (4,5) (6,5)
  facet 1816: (0,0) (0,1) (1,1) (2,1) (3,1) (3,2) (3,3) (3,4) (3,5) (4,5) (6,5)
  facet 1817: (0,0) (1,0) (1,1) (2,1) (3,1) (3,2) (3,3) (3,4) (3,5) (4,5) (6,5)
  facet 1818: (0,0) (1,0) (2,0) (2,1) (3,1) (3,2) (3,3) (3,4) (3,5) (4,5) (6,5)
  facet 1819: (0,0) (1,0) (2,0) (3,0) (3,1) (3,2) (3,3) (3,4) (3,5) (4,5) (6,5)
  facet 1820: (0,0) (0,1) (0,2) (0,3) (0,4) (1,4) (2,4) (3,4) (4,4) (4,5) (6,5)
  facet 1821: (0,0) (0,1) (0,2) (0,3) (1,3) (1,4) (2,4) (3,4) (4,4) (4,5) (6,5)
  facet 1822: (0,0) (0,1) (0,2) (1,2) (1,3) (1,4) (2,4) (3,4) (4,4) (4,5) (6,5)
  facet 1823: (0,0) (0,1) (1,1) (1,2) (1,3) (1,4) (2,4) (3,4) (4,4) (4,5) (6,5)
  facet 1824: (0,0) (1,0) (1,1) (1,2) (1,3) (1,4) (2,4) (3,4) (4,4) (4,5) (6,5)
  facet 1825: (0,0) (0,1) (0,2) (0,3) (1,3) (2,3) (2,4) (3,4) (4,4) (4,5) (6,5)
  facet 1826: (0,0) (0,1) (0,2) (1,2) (1,3) (2,3) (2,4) (3,4) (4,4) (4,5) (6,5)
  facet 1827: (0,0) (0,1) (1,1) (1,2) (1,3) (2,3) (2,4) (3,4) (4,4) (4,5) (6,5)
  facet 1828: (0,0) (1,0) (1,1) (1,2) (1,3) (2,3) (2,4) (3,4) (4,4) (4,5) (6,5)
  facet 1829: (0,0) (0,1) (0,2) (1,2) (2,2) (2,3) (2,4) (3,4) (4,4) (4,5) (6,5)
  facet 1830: (0,0) (0,1) (1,1) (1,2) (2,2) (2,3) (2,4) (3,4) (4,4) (4,5) (6,5)
  facet 1831: (0,0) (1,0) (1,1) (1,2) (2,2) (2,3) (2,4) (3,4) (4,4) (4,5) (6,5)
  facet 1832: (0,0) (0,1) (1,1) (2,1) (2,2) (2,3) (2,4) (3,4) (4,4) (4,5) (6,5)
  facet 1833: (0,0) (1,0) (1,1) (2,1) (2,2) (2,3) (2,4) (3,4) (4,4) (4,5) (6,5)
  facet 1834: (0,0) (1,0) (2,0) (2,1) (2,2) (2,3) (2,4) (3,4) (4,4) (4,5) (6,5)
  facet 1835: (0,0) (0,1) (0,2) (0,3) (1,3) (2,3) (3,3) (3,4) (4,4) (4,5) (6,5)
  facet 1836: (0,0) (0,1) (0,2) (1,2) (1,3) (2,3) (3,3) (3,4) (4,4) (4,5) (6,5)
  facet 1837: (0,0) (0,1) (1,1) (1,2) (1,3) (2,3) (3,3) (3,4) (4,4) (4,5) (6,5)
  facet 1838: (0,0) (1,0) (1,1) (1,2) (1,3) (2,3) (3,3) (3,4) (4,4) (4,5) (6,5)
  facet 1839: (0,0) (0,1) (0,2) (1,2) (2,2) (2,3) (3,3) (3,4) (4,4) (4,5) (6,5)
  facet 1840: (0,0) (0,1) (1,1) (1,2) (2,2) (2,3) (3,3) (3,4) (4,4) (4,5) (6,5)
  facet 1841: (0,0) (1,0) (1,1) (1,2) (2,2) (2,3) (3,3) (3,4) (4,4) (4,5) (6,5)
  facet 1842: (0,0) (0,1) (1,1) (2,1) (2,2) (2,3) (3,3) (3,4) (4,4) (4,5) (6,5)
  facet 1843: (0,0) (1,0) (1,1) (2,1) (2,2) (2,3) (3,3) (3,4) (4,4) (4,5) (6,5)
  facet 1844: (0,0) (1,0) (2,0) (2,1) (2,2) (2,3) (3,3) (3,4) (4,4) (4,5) (6,5)
  facet 1845: (0,0) (0,1) (0,2) (1,2) (2,2) (3,2) (3,3) (3,4) (4,4) (4,5) (6,5)
  facet 1846: (0,0) (0,1) (1,1) (1,2) (2,2) (3,2) (3,3) (3,4) (4,4) (4,5) (6,5)
  facet 1847: (0,0) (1,0) (1,1) (1,2) (2,2) (3,2) (3,3) (3,4) (4,4) (4,5) (6,5)
  facet 1848: (0,0) (0,1) (1,1) (2,1) (2,2) (3,2) (3,3) (3,4) (4,4) (4,5) (6,5)
  facet 1849: (0,0) (1,0) (1,1) (2,1) (2,2) (3,2) (3,3) (3,4) (4,4) (4,5) (6,5)
  facet 1850: (0,0) (1,0) (2,0) (2,1) (2,2) (3,2) (3,3) (3,4) (4,4) (4,5) (6,5)
  facet 1851: (0,0) (0,1) (1,1) (2,1) (3,1) (3,2) (3,3) (3,4) (4,4) (4,5) (6,5)
  facet 1852: (0,0) (1,0) (1,1) (2,1) (3,1) (3,2) (3,3) (3,4) (4,4) (4,5) (6,5)
  facet 1853: (0,0) (1,0) (2,0) (2,1) (3,1) (3,2) (3,3) (3,4) (4,4) (4,5) (6,5)
  facet 1854: (0,0) (1,0) (2,0) (3,0) (3,1) (3,2) (3,3) (3,4) (4,4) (4,5) (6,5)
  facet 1855: (0,0) (0,1) (0,2) (0,3) (1,3) (2,3) (3,3) (4,3) (4,4) (4,5) (6,5)
  facet 1856: (0,0) (0,1) (0,2) (1,2) (1,3) (2,3) (3,3) (4,3) (4,4) (4,5) (6,5)
  facet 1857: (0,0) (0,1) (1,1) (1,2) (1,3) (2,3) (3,3) (4,3) (4,4) (4,5) (6,5)
  facet 1858: (0,0) (1,0) (1,1) (1,2) (1,3) (2,3) (3,3) (4,3) (4,4) (4,5) (6,5)
  facet 1859: (0,0) (0,1) (0,2) (1,2) (2,2) (2,3) (3,3) (4,3) (4,4) (4,5) (6,5)
  facet 1860: (0,0) (0,1) (1,1) (1,2) (2,2) (2,3) (3,3) (4,3) (4,4) (4,5) (6,5)
  facet 1861: (0,0) (1,0) (1,1) (1,2) (2,2) (2,3) (3,3) (4,3) (4,4) (4,5) (6,5)
  facet 1862: (0,0) (0,1) (1,1) (2,1) (2,2) (2,3) (3,3) (4,3) (4,4) (4,5) (6,5)
  facet 1863: (0,0) (1,0) (1,1) (2,1) (2,2) (2,3) (3,3) (4,3) (4,4) (4,5) (6,5)
  facet 1864: (0,0) (1,0) (2,0) (2,1) (2,2) (2,3) (3,3) (4,3) (4,4) (4,5) (6,5)
  facet 1865: (0,0) (0,1) (0,2) (1,2) (2,2) (3,2) (3,3) (4,3) (4,4) (4,5) (6,5)
  facet 1866: (0,0) (0,1) (1,1) (1,2) (2,2) (3,2) (3,3) (4,3) (4,4) (4,5) (6,5)
  facet 1867: (0,0) (1,0) (1,1) (1,2) (2,2) (3,2) (3,3) (4,3) (4,4) (4,5) (6,5)
  facet 1868: (0,0) (0,1) (1,1) (2,1) (2,2) (3,2) (3,3) (4,3) (4,4) (4,5) (6,5)
  facet 1869: (0,0) (1,0) (1,1) (2,1) (2,2) (3,2) (3,3) (4,3) (4,4) (4,5) (6,5)
  facet 1870: (0,0) (1,0) (2,0) (2,1) (2,2) (3,2) (3,3) (4,3) (4,4) (4,5) (6,5)
  facet 1871: (0,0) (0,1) (1,1) (2,1) (3,1) (3,2) (3,3) (4,3) (4,4) (4,5) (6,5)
  facet 1872: (0,0) (1,0) (1,1) (2,1) (3,1) (3,2) (3,3) (4,3) (4,4) (4,5) (6,5)
  facet 1873: (0,0) (1,0) (2,0) (2,1) (3,1) (3,2) (3,3) (4,3) (4,4) (4,5) (6,5)
  facet 1874: (0,0) (1,0) (2,0) (3,0) (3,1) (3,2) (3,3) (4,3) (4,4) (4,5) (6,5)
  facet 1875: (0,0) (0,1) (0,2) (1,2) (2,2) (3,2) (4,2) (4,3) (4,4) (4,5) (6,5)
  facet 1876: (0,0) (0,1) (1,1) (1,2) (2,2) (3,2) (4,2) (4,3) (4,4) (4,5) (6,5)
  facet 1877: (0,0) (1,0) (1,1) (1,2) (2,2) (3,2) (4,2) (4,3) (4,4) (4,5) (6,5)
  facet 1878: (0,0) (0,1) (1,1) (2,1) (2,2) (3,2) (4,2) (4,3) (4,4) (4,5) (6,5)
  facet 1879: (0,0) (1,0) (1,1) (2,1) (2,2) (3,2) (4,2) (4,3) (4,4) (4,5) (6,5)
  facet 1880: (0,0) (1,0) (2,0) (2,1) (2,2) (3,2) (4,2) (4,3) (4,4) (4,5) (6,5)
  facet 1881: (0,0) (0,1) (1,1) (2,1) (3,1) (3,2) (4,2) (4,3) (4,4) (4,5) (6,5)
  facet 1882: (0,0) (1,0) (1,1) (2,1) (3,1) (3,2) (4,2) (4,3) (4,4) (4,5) (6,5)
  facet 1883: (0,0) (1,0) (2,0) (2,1) (3,1) (3,2) (4,2) (4,3) (4,4) (4,5) (6,5)
  facet 1884: (0,0) (1,0) (2,0) (3,0) (3,1) (3,2) (4,2) (4,3) (4,4) (4,5) (6,5)
  facet 1885: (0,0) (0,1) (1,1) (2,1) (3,1) (4,1) (4,2) (4,3) (4,4) (4,5) (6,5)
  facet 1886: (0,0) (1,0) (1,1) (2,1) (3,1) (4,1) (4,2) (4,3) (4,4) (4,5) (6,5)
  facet 1887: (0,0) (1,0) (2,0) (2,1) (3,1) (4,1) (4,2) (4,3) (4,4) (4,5) (6,5)
  facet 1888: (0,0) (1,0) (2,0) (3,0) (3,1) (4,1) (4,2) (4,3) (4,4) (4,5) (6,5)
  facet 1889: (0,0) (1,0) (2,0) (3,0) (4,0) (4,1) (4,2) (4,3) (4,4) (4,5) (6,5)
  facet 1890: (0,0) (0,1) (0,2) (0,3) (0,4) (1,4) (2,4) (3,4) (4,4) (6,4) (6,5)
  facet 1891: (0,0) (0,1) (0,2) (0,3) (1,3) (1,4) (2,4) (3,4) (4,4) (6,4) (6,5)
  facet 1892: (0,0) (0,1) (0,2) (1,2) (1,3) (1,4) (2,4) (3,4) (4,4) (6,4) (6,5)
  facet 1893: (0,0) (0,1) (1,1) (1,2) (1,3) (1,4) (2,4) (3,4) (4,4) (6,4) (6,5)
  facet 1894: (0,0) (1,0) (1,1) (1,2) (1,3) (1,4) (2,4) (3,4) (4,4) (6,4) (6,5)
  facet 1895: (0,0) (0,1) (0,2) (0,3) (1,3) (2,3) (2,4) (3,4) (4,4) (6,4) (6,5)
  facet 1896: (0,0) (0,1) (0,2) (1,2) (1,3) (2,3) (2,4) (3,4) (4,4) (6,4) (6,5)
  facet 1897: (0,0) (0,1) (1,1) (1,2) (1,3) (2,3) (2,4) (3,4) (4,4) (6,4) (6,5)
  facet 1898: (0,0) (1,0) (1,1) (1,2) (1,3) (2,3) (2,4) (3,4) (4,4) (6,4) (6,5)
  facet 1899: (0,0) (0,1) (0,2) (1,2) (2,2) (2,3) (2,4) (3,4) (4,4) (6,4) (6,5)
  facet 1900: (0,0) (0,1) (1,1) (1,2) (2,2) (2,3) (2,4) (3,4) (4,4) (6,4) (6,5)
  facet 1901: (0,0) (1,0) (1,1) (1,2) (2,2) (2,3) (2,4) (3,4) (4,4) (6,4) (6,5)
  facet 1902: (0,0) (0,1) (1,1) (2,1) (2,2) (2,3) (2,4) (3,4) (4,4) (6,4) (6,5)
  facet 1903: (0,0) (1,0) (1,1) (2,1) (2,2) (2,3) (2,4) (3,4) (4,4) (6,4) (6,5)
  facet 1904: (0,0) (1,0) (2,0) (2,1) (2,2) (2,3) (2,4) (3,4) (4,4) (6,4) (6,5)
  facet 1905: (0,0) (0,1) (0,2) (0,3) (1,3) (2,3) (3,3) (3,4) (4,4) (6,4) (6,5)
  facet 1906: (0,0) (0,1) (0,2) (1,2) (1,3) (2,3) (3,3) (3,4) (4,4) (6,4) (6,5)
  facet 1907: (0,0) (0,1) (1,1) (1,2) (1,3) (2,3) (3,3) (3,4) (4,4) (6,4) (6,5)
  facet 1908: (0,0) (1,0) (1,1) (1,2) (1,3) (2,3) (3,3) (3,4) (4,4) (6,4) (6,5)
  facet 1909: (0,0) (0,1) (0,2) (1,2) (2,2) (2,3) (3,3) (3,4) (4,4) (6,4) (6,5)
  facet 1910: (0,0) (0,1) (1,1) (1,2) (2,2) (2,3) (3,3) (3,4) (4,4) (6,4) (6,5)
  facet 1911: (0,0) (1,0) (1,1) (1,2) (2,2) (2,3) (3,3) (3,4) (4,4) (6,4) (6,5)
  facet 1912: (0,0) (0,1) (1,1) (2,1) (2,2) (2,3) (3,3) (3,4) (4,4) (6,4) (6,5)
  facet 1913: (0,0) (1,0) (1,1) (2,1) (2,2) (2,3) (3,3) (3,4) (4,4) (6,4) (6,5)
  facet 1914: (0,0) (1,0) (2,0) (2,1) (2,2) (2,3) (3,3) (3,4) (4,4) (6,4) (6,5)
  facet 1915: (0,0) (0,1) (0,2) (1,2) (2,2) (3,2) (3,3) (3,4) (4,4) (6,4) (6,5)
  facet 1916: (0,0) (0,1) (1,1) (1,2) (2,2) (3,2) (3,3) (3,4) (4,4) (6,4) (6,5)
  facet 1917: (0,0) (1,0) (1,1) (1,2) (2,2) (3,2) (3,3) (3,4) (4,4) (6,4) (6,5)
  facet 1918: (0,0) (0,1) (1,1) (2,1) (2,2) (3,2) (3,3) (3,4) (4,4) (6,4) (6,5)
  facet 1919: (0,0) (1,0) (1,1) (2,1) (2,2) (3,2) (3,3) (3,4) (4,4) (6,4) (6,5)
  facet 1920: (0,0) (1,0) (2,0) (2,1) (2,2) (3,2) (3,3) (3,4) (4,4) (6,4) (6,5)
  facet 1921: (0,0) (0,1) (1,1) (2,1) (3,1) (3,2) (3,3) (3,4) (4,4) (6,4) (6,5)
  facet 1922: (0,0) (1,0) (1,1) (2,1) (3,1) (3,2) (3,3) (3,4) (4,4) (6,4) (6,5)
  facet 1923: (0,0) (1,0) (2,0) (2,1) (3,1) (3,2) (3,3) (3,4) (4,4) (6,4) (6,5)
  facet 1924: (0,0) (1,0) (2,0) (3,0) (3,1) (3,2) (3,3) (3,4) (4,4) (6,4) (6,5)
  facet 1925: (0,0) (0,1) (0,2) (0,3) (1,3) (2,3) (3,3) (4,3) (4,4) (6,4) (6,5)
  facet 1926: (0,0) (0,1) (0,2) (1,2) (1,3) (2,3) (3,3) (4,3) (4,4) (6,4) (6,5)
  facet 1927: (0,0) (0,1) (1,1) (1,2) (1,3) (2,3) (3,3) (4,3) (4,4) (6,4) (6,5)
  facet 1928: (0,0) (1,0) (1,1) (1,2) (1,3) (2,3) (3,3) (4,3) (4,4) (6,4) (6,5)
  facet 1929: (0,0) (0,1) (0,2) (1,2) (2,2) (2,3) (3,3) (4,3) (4,4) (6,4) (6,5)
  facet 1930: (0,0) (0,1) (1,1) (1,2) (2,2) (2,3) (3,3) (4,3) (4,4) (6,4) (6,5)
  facet 1931: (0,0) (1,0) (1,1) (1,2) (2,2) (2,3) (3,3) (4,3) (4,4) (6,4) (6,5)
  facet 1932: (0,0) (0,1) (1,1) (2,1) (2,2) (2,3) (3,3) (4,3) (4,4) (6,4) (6,5)
  facet 1933: (0,0) (1,0) (1,1) (2,1) (2,2) (2,3) (3,3) (4,3) (4,4) (6,4) (6,5)
  facet 1934: (0,0) (1,0) (2,0) (2,1) (2,2) (2,3) (3,3) (4,3) (4,4) (6,4) (6,5)
  facet 1935: (0,0) (0,1) (0,2) (1,2) (2,2) (3,2) (3,3) (4,3) (4,4) (6,4) (6,5)
  facet 1936: (0,0) (0,1) (1,1) (1,2) (2,2) (3,2) (3,3) (4,3) (4,4) (6,4) (6,5)
  facet 1937: (0,0) (1,0) (1,1) (1,2) (2,2) (3,2) (3,3) (4,3) (4,4) (6,4) (6,5)
  facet 1938: (0,0) (0,1) (1,1) (2,1) (2,2) (3,2) (3,3) (4,3) (4,4) (6,4) (6,5)
  facet 1939: (0,0) (1,0) (1,1) (2,1) (2,2) (3,2) (3,3) (4,3) (4,4) (6,4) (6,5)
  facet 1940: (0,0) (1,0) (2,0) (2,1) (2,2) (3,2) (3,3) (4,3) (4,4) (6,4) (6,5)
  facet 1941: (0,0) (0,1) (1,1) (2,1) (3,1) (3,2) (3,3) (4,3) (4,4) (6,4) (6,5)
  facet 1942: (0,0) (1,0) (1,1) (2,1) (3,1) (3,2) (3,3) (4,3) (4,4) (6,4) (6,5)
  facet 1943: (0,0) (1,0) (2,0) (2,1) (3,1) (3,2) (3,3) (4,3) (4,4) (6,4) (6,5)
  facet 1944: (0,0) (1,0) (2,0) (3,0) (3,1) (3,2) (3,3) (4,3) (4,4) (6,4) (6,5)
  facet 1945: (0,0) (0,1) (0,2) (1,2) (2,2) (3,2) (4,2) (4,3) (4,4) (6,4) (6,5)
  facet 1946: (0,0) (0,1) (1,1) (1,2) (2,2) (3,2) (4,2) (4,3) (4,4) (6,4) (6,5)
  facet 1947: (0,0) (1,0) (1,1) (1,2) (2,2) (3,2) (4,2) (4,3) (4,4) (6,4) (6,5)
  facet 1948: (0,0) (0,1) (1,1) (2,1) (2,2) (3,2) (4,2) (4,3) (4,4) (6,4) (6,5)
  facet 1949: (0,0) (1,0) (1,1) (2,1) (2,2) (3,2) (4,2) (4,3) (4,4) (6,4) (6,5)
  facet 1950: (0,0) (1,0) (2,0) (2,1) (2,2) (3,2) (4,2) (4,3) (4,4) (6,4) (6,5)
  facet 1951: (0,0) (0,1) (1,1) (2,1) (3,1) (3,2) (4,2) (4,3) (4,4) (6,4) (6,5)
  facet 1952: (0,0) (1,0) (1,1) (2,1) (3,1) (3,2) (4,2) (4,3) (4,4) (6,4) (6,5)
  facet 1953: (0,0) (1,0) (2,0) (2,1) (3,1) (3,2) (4,2) (4,3) (4,4) (6,4) (6,5)
  facet 1954: (0,0) (1,0) (2,0) (3,0) (3,1) (3,2) (4,2) (4,3) (4,4) (6,4) (6,5)
  facet 1955: (0,0) (0,1) (1,1) (2,1) (3,1) (4,1) (4,2) (4,3) (4,4) (6,4) (6,5)
  facet 1956: (0,0) (1,0) (1,1) (2,1) (3,1) (4,1) (4,2) (4,3) (4,4) (6,4) (6,5)
  facet 1957: (0,0) (1,0) (2,0) (2,1) (3,1) (4,1) (4,2) (4,3) (4,4) (6,4) (6,5)
  facet 1958: (0,0) (1,0) (2,0) (3,0) (3,1) (4,1) (4,2) (4,3) (4,4) (6,4) (6,5)
  facet 1959: (0,0) (1,0) (2,0) (3,0) (4,0) (4,1) (4,2) (4,3) (4,4) (6,4) (6,5)
  facet 1960: (0,0) (0,1) (0,2) (0,3) (1,3) (2,3) (3,3) (4,3) (6,3) (6,4) (6,5)
  facet 1961: (0,0) (0,1) (0,2) (1,2) (1,3) (2,3) (3,3) (4,3) (6,3) (6,4) (6,5)
  facet 1962: (0,0) (0,1) (1,1) (1,2) (1,3) (2,3) (3,3) (4,3) (6,3) (6,4) (6,5)
  facet 1963: (0,0) (1,0) (1,1) (1,2) (1,3) (2,3) (3,3) (4,3) (6,3) (6,4) (6,5)
  facet 1964: (0,0) (0,1) (0,2) (1,2) (2,2) (2,3) (3,3) (4,3) (6,3) (6,4) (6,5)
  facet 1965: (0,0) (0,1) (1,1) (1,2) (2,2) (2,3) (3,3) (4,3) (6,3) (6,4) (6,5)
  facet 1966: (0,0) (1,0) (1,1) (1,2) (2,2) (2,3) (3,3) (4,3) (6,3) (6,4) (6,5)
  facet 1967: (0,0) (0,1) (1,1) (2,1) (2,2) (2,3) (3,3) (4,3) (6,3) (6,4) (6,5)
  facet 1968: (0,0) (1,0) (1,1) (2,1) (2,2) (2,3) (3,3) (4,3) (6,3) (6,4) (6,5)
  facet 1969: (0,0) (1,0) (2,0) (2,1) (2,2) (2,3) (3,3) (4,3) (6,3) (6,4) (6,5)
  facet 1970: (0,0) (0,1) (0,2) (1,2) (2,2) (3,2) (3,3) (4,3) (6,3) (6,4) (6,5)
  facet 1971: (0,0) (0,1) (1,1) (1,2) (2,2) (3,2) (3,3) (4,3) (6,3) (6,4) (6,5)
  facet 1972: (0,0) (1,0) (1,1) (1,2) (2,2) (3,2) (3,3) (4,3) (6,3) (6,4) (6,5)
  facet 1973: (0,0) (0,1) (1,1) (2,1) (2,2) (3,2) (3,3) (4,3) (6,3) (6,4) (6,5)
  facet 1974: (0,0) (1,0) (1,1) (2,1) (2,2) (3,2) (3,3) (4,3) (6,3) (6,4) (6,5)
  facet 1975: (0,0) (1,0) (2,0) (2,1) (2,2) (3,2) (3,3) (4,3) (6,3) (6,4) (6,5)
  facet 1976: (0,0) (0,1) (1,1) (2,1) (3,1) (3,2) (3,3) (4,3) (6,3) (6,4) (6,5)
  facet 1977: (0,0) (1,0) (1,1) (2,1) (3,1) (3,2) (3,3) (4,3) (6,3) (6,4) (6,5)
  facet 1978: (0,0) (1,0) (2,0) (2,1) (3,1) (3,2) (3,3) (4,3) (6,3) (6,4) (6,5)
  facet 1979: (0,0) (1,0) (2,0) (3,0) (3,1) (3,2) (3,3) (4,3) (6,3) (6,4) (6,5)
  facet 1980: (0,0) (0,1) (0,2) (1,2) (2,2) (3,2) (4,2) (4,3) (6,3) (6,4) (6,5)
  facet 1981: (0,0) (0,1) (1,1) (1,2) (2,2) (3,2) (4,2) (4,3) (6,3) (6,4) (6,5)
  facet 1982: (0,0) (1,0) (1,1) (1,2) (2,2) (3,2) (4,2) (4,3) (6,3) (6,4) (6,5)
  facet 1983: (0,0) (0,1) (1,1) (2,1) (2,2) (3,2) (4,2) (4,3) (6,3) (6,4) (6,5)
  facet 1984: (0,0) (1,0) (1,1) (2,1) (2,2) (3,2) (4,2) (4,3) (6,3) (6,4) (6,5)
  facet 1985: (0,0) (1,0) (2,0) (2,1) (2,2) (3,2) (4,2) (4,3) (6,3) (6,4) (6,5)
  facet 1986: (0,0) (0,1) (1,1) (2,1) (3,1) (3,2) (4,2) (4,3) (6,3) (6,4) (6,5)
  facet 1987: (0,0) (1,0) (1,1) (2,1) (3,1) (3,2) (4,2) (4,3) (6,3) (6,4) (6,5)
  facet 1988: (0,0) (1,0) (2,0) (2,1) (3,1) (3,2) (4,2) (4,3) (6,3) (6,4) (6,5)
  facet 1989: (0,0) (1,0) (2,0) (3,0) (3,1) (3,2) (4,2) (4,3) (6,3) (6,4) (6,5)
  facet 1990: (0,0) (0,1) (1,1) (2,1) (3,1) (4,1) (4,2) (4,3) (6,3) (6,4) (6,5)
  facet 1991: (0,0) (1,0) (1,1) (2,1) (3,1) (4,1) (4,2) (4,3) (6,3) (6,4) (6,5)
  facet 1992: (0,0) (1,0) (2,0) (2,1) (3,1) (4,1) (4,2) (4,3) (6,3) (6,4) (6,5)
  facet 1993: (0,0) (1,0) (2,0) (3,0) (3,1) (4,1) (4,2) (4,3) (6,3) (6,4) (6,5)
  facet 1994: (0,0) (1,0) (2,0) (3,0) (4,0) (4,1) (4,2) (4,3) (6,3) (6,4) (6,5)
  facet 1995: (0,0) (0,1) (0,2) (1,2) (2,2) (3,2) (4,2) (6,2) (6,3) (6,4) (6,5)
  facet 1996: (0,0) (0,1) (1,1) (1,2) (2,2) (3,2) (4,2) (6,2) (6,3) (6,4) (6,5)
  facet 1997: (0,0) (1,0) (1,1) (1,2) (2,2) (3,2) (4,2) (6,2) (6,3) (6,4) (6,5)
  facet 1998: (0,0) (0,1) (1,1) (2,1) (2,2) (3,2) (4,2) (6,2) (6,3) (6,4) (6,5)
  facet 1999: (0,0) (1,0) (1,1) (2,1) (2,2) (3,2) (4,2) (6,2) (6,3) (6,4) (6,5)
  facet 2000: (0,0) (1,0) (2,0) (2,1) (2,2) (3,2) (4,2) (6,2) (6,3) (6,4) (6,5)
  facet 2001: (0,0) (0,1) (1,1) (2,1) (3,1) (3,2) (4,2) (6,2) (6,3) (6,4) (6,5)
  facet 2002: (0,0) (1,0) (1,1) (2,1) (3,1) (3,2) (4,2) (6,2) (6,3) (6,4) (6,5)
  facet 2003: (0,0) (1,0) (2,0) (2,1) (3,1) (3,2) (4,2) (6,2) (6,3) (6,4) (6,5)
  facet 2004: (0,0) (1,0) (2,0) (3,0) (3,1) (3,2) (4,2) (6,2) (6,3) (6,4) (6,5)
  facet 2005: (0,0) (0,1) (1,1) (2,1) (3,1) (4,1) (4,2) (6,2) (6,3) (6,4) (6,5)
  facet 2006: (0,0) (1,0) (1,1) (2,1) (3,1) (4,1) (4,2) (6,2) (6,3) (6,4) (6,5)
  facet 2007: (0,0) (1,0) (2,0) (2,1) (3,1) (4,1) (4,2) (6,2) (6,3) (6,4) (6,5)
  facet 2008: (0,0) (1,0) (2,0) (3,0) (3,1) (4,1) (4,2) (6,2) (6,3) (6,4) (6,5)
  facet 2009: (0,0) (1,0) (2,0) (3,0) (4,0) (4,1) (4,2) (6,2) (6,3) (6,4) (6,5)
  facet 2010: (0,0) (0,1) (1,1) (2,1) (3,1) (4,1) (6,1) (6,2) (6,3) (6,4) (6,5)
  facet 2011: (0,0) (1,0) (1,1) (2,1) (3,1) (4,1) (6,1) (6,2) (6,3) (6,4) (6,5)
  facet 2012: (0,0) (1,0) (2,0) (2,1) (3,1) (4,1) (6,1) (6,2) (6,3) (6,4) (6,5)
  facet 2013: (0,0) (1,0) (2,0) (3,0) (3,1) (4,1) (6,1) (6,2) (6,3) (6,4) (6,5)
  facet 2014: (0,0) (1,0) (2,0) (3,0) (4,0) (4,1) (6,1) (6,2) (6,3) (6,4) (6,5)
  facet 2015: (0,0) (1,0) (2,0) (3,0) (4,0) (6,0) (6,1) (6,2) (6,3) (6,4) (6,5)
  facet 2016: (0,0) (0,1) (0,2) (0,3) (0,4) (0,6) (1,6) (2,6) (3,6) (4,6) (6,6)
  facet 2017: (0,0) (0,1) (0,2) (0,3) (0,4) (1,4) (1,6) (2,6) (3,6) (4,6) (6,6)
  facet 2018: (0,0) (0,1) (0,2) (0,3) (1,3) (1,4) (1,6) (2,6) (3,6) (4,6) (6,6)
  facet 2019: (0,0) (0,1) (0,2) (1,2) (1,3) (1,4) (1,6) (2,6) (3,6) (4,6) (6,6)
  facet 2020: (0,0) (0,1) (1,1) (1,2) (1,3) (1,4) (1,6) (2,6) (3,6) (4,6) (6,6)
  facet 2021: (0,0) (1,0) (1,1) (1,2) (1,3) (1,4) (1,6) (2,6) (3,6) (4,6) (6,6)
  facet 2022: (0,0) (0,1) (0,2) (0,3) (0,4) (1,4) (2,4) (2,6) (3,6) (4,6) (6,6)
  facet 2023: (0,0) (0,1) (0,2) (0,3) (1,3) (1,4) (2,4) (2,6) (3,6) (4,6) (6,6)
  facet 2024: (0,0) (0,1) (0,2) (1,2) (1,3) (1,4) (2,4) (2,6) (3,6) (4,6) (6,6)
  facet 2025: (0,0) (0,1) (1,1) (1,2) (1,3) (1,4) (2,4) (2,6) (3,6) (4,6) (6,6)
  facet 2026: (0,0) (1,0) (1,1) (1,2) (1,3) (1,4) (2,4) (2,6) (3,6) (4,6) (6,6)
  facet 2027: (0,0) (0,1) (0,2) (0,3) (1,3) (2,3) (2,4) (2,6) (3,6) (4,6) (6,6)
  facet 2028: (0,0) (0,1) (0,2) (1,2) (1,3) (2,3) (2,4) (2,6) (3,6) (4,6) (6,6)
  facet 2029: (0,0) (0,1) (1,1) (1,2) (1,3) (2,3) (2,4) (2,6) (3,6) (4,6) (6,6)
  facet 2030: (0,0) (1,0) (1,1) (1,2) (1,3) (2,3) (2,4) (2,6) (3,6) (4,6) (6,6)
  facet 2031: (0,0) (0,1) (0,2) (1,2) (2,2) (2,3) (2,4) (2,6) (3,6) (4,6) (6,6)
  facet 2032: (0,0) (0,1) (1,1) (1,2) (2,2) (2,3) (2,4) (2,6) (3,6) (4,6) (6,6)
  facet 2033: (0,0) (1,0) (1,1) (1,2) (2,2) (2,3) (2,4) (2,6) (3,6) (4,6) (6,6)
  facet 2034: (0,0) (0,1) (1,1) (2,1) (2,2) (2,3) (2,4) (2,6) (3,6) (4,6) (6,6)
  facet 2035: (0,0) (1,0) (1,1) (2,1) (2,2) (2,3) (2,4) (2,6) (3,6) (4,6) (6,6)
  facet 2036: (0,0) (1,0) (2,0) (2,1) (2,2) (2,3) (2,4) (2,6) (3,6) (4,6) (6,6)
  facet 2037: (0,0) (0,1) (0,2) (0,3) (0,4) (1,4) (2,4) (3,4) (3,6) (4,6) (6,6)
  facet 2038: (0,0) (0,1) (0,2) (0,3) (1,3) (1,4) (2,4) (3,4) (3,6) (4,6) (6,6)
  facet 2039: (0,0) (0,1) (0,2) (1,2) (1,3) (1,4) (2,4) (3,4) (3,6) (4,6) (6,6)
  facet 2040: (0,0) (0,1) (1,1) (1,2) (1,3) (1,4) (2,4) (3,4) (3,6) (4,6) (6,6)
  facet 2041: (0,0) (1,0) (1,1) (1,2) (1,3) (1,4) (2,4) (3,4) (3,6) (4,6) (6,6)
  facet 2042: (0,0) (0,1) (0,2) (0,3) (1,3) (2,3) (2,4) (3,4) (3,6) (4,6) (6,6)
  facet 2043: (0,0) (0,1) (0,2) (1,2) (1,3) (2,3) (2,4) (3,4) (3,6) (4,6) (6,6)
  facet 2044: (0,0) (0,1) (1,1) (1,2) (1,3) (2,3) (2,4) (3,4) (3,6) (4,6) (6,6)
  facet 2045: (0,0) (1,0) (1,1) (1,2) (1,3) (2,3) (2,4) (3,4) (3,6) (4,6) (6,6)
  facet 2046: (0,0) (0,1) (0,2) (1,2) (2,2) (2,3) (2,4) (3,4) (3,6) (4,6) (6,6)
  facet 2047: (0,0) (0,1) (1,1) (1,2) (2,2) (2,3) (2,4) (3,4) (3,6) (4,6) (6,6)
  facet 2048: (0,0) (1,0) (1,1) (1,2) (2,2) (2,3) (2,4) (3,4) (3,6) (4,6) (6,6)
  facet 2049: (0,0) (0,1) (1,1) (2,1) (2,2) (2,3) (2,4) (3,4) (3,6) (4,6) (6,6)
  facet 2050: (0,0) (1,0) (1,1) (2,1) (2,2) (2,3) (2,4) (3,4) (3,6) (4,6) (6,6)
  facet 2051: (0,0) (1,0) (2,0) (2,1) (2,2) (2,3) (2,4) (3,4) (3,6) (4,6) (6,6)
  facet 2052: (0,0) (0,1) (0,2) (0,3) (1,3) (2,3) (3,3) (3,4) (3,6) (4,6) (6,6)
  facet 2053: (0,0) (0,1) (0,2) (1,2) (1,3) (2,3) (3,3) (3,4) (3,6) (4,6) (6,6)
  facet 2054: (0,0) (0,1) (1,1) (1,2) (1,3) (2,3) (3,3) (3,4) (3,6) (4,6) (6,6)
  facet 2055: (0,0) (1,0) (1,1) (1,2) (1,3) (2,3) (3,3) (3,4) (3,6) (4,6) (6,6)
  facet 2056: (0,0) (0,1) (0,2) (1,2) (2,2) (2,3) (3,3) (3,4) (3,6) (4,6) (6,6)
  facet 2057: (0,0) (0,1) (1,1) (1,2) (2,2) (2,3) (3,3) (3,4) (3,6) (4,6) (6,6)
  facet 2058: (0,0) (1,0) (1,1) (1,2) (2,2) (2,3) (3,3) (3,4) (3,6) (4,6) (6,6)
  facet 2059: (0,0) (0,1) (1,1) (2,1) (2,2) (2,3) (3,3) (3,4) (3,6) (4,6) (6,6)
  facet 2060: (0,0) (1,0) (1,1) (2,1) (2,2) (2,3) (3,3) (3,4) (3,6) (4,6) (6,6)
  facet 2061: (0,0) (1,0) (2,0) (2,1) (2,2) (2,3) (3,3) (3,4) (3,6) (4,6) (6,6)
  facet 2062: (0,0) (0,1) (0,2) (1,2) (2,2) (3,2) (3,3) (3,4) (3,6) (4,6) (6,6)
  facet 2063: (0,0) (0,1) (1,1) (1,2) (2,2) (3,2) (3,3) (3,4) (3,6) (4,6) (6,6)
  facet 2064: (0,0) (1,0) (1,1) (1,2) (2,2) (3,2) (3,3) (3,4) (3,6) (4,6) (6,6)
  facet 2065: (0,0) (0,1) (1,1) (2,1) (2,2) (3,2) (3,3) (3,4) (3,6) (4,6) (6,6)
  facet 2066: (0,0) (1,0) (1,1) (2,1) (2,2) (3,2) (3,3) (3,4) (3,6) (4,6) (6,6)
  facet 2067: (0,0) (1,0) (2,0) (2,1) (2,2) (3,2) (3,3) (3,4) (3,6) (4,6) (6,6)
  facet 2068: (0,0) (0,1) (1,1) (2,1) (3,1) (3,2) (3,3) (3,4) (3,6) (4,6) (6,6)
  facet 2069: (0,0) (1,0) (1,1) (2,1) (3,1) (3,2) (3,3) (3,4) (3,6) (4,6) (6,6)
  facet 2070: (0,0) (1,0) (2,0) (2,1) (3,1) (3,2) (3,3) (3,4) (3,6) (4,6) (6,6)
  facet 2071: (0,0) (1,0) (2,0) (3,0) (3,1) (3,2) (3,3) (3,4) (3,6) (4,6) (6,6)
  facet 2072: (0,0) (0,1) (0,2) (0,3) (0,4) (1,4) (2,4) (3,4) (4,4) (4,6) (6,6)
  facet 2073: (0,0) (0,1) (0,2) (0,3) (1,3) (1,4) (2,4) (3,4) (4,4) (4,6) (6,6)
  facet 2074: (0,0) (0,1) (0,2) (1,2) (1,3) (1,4) (2,4) (3,4) (4,4) (4,6) (6,6)
  facet 2075: (0,0) (0,1) (1,1) (1,2) (1,3) (1,4) (2,4) (3,4) (4,4) (4,6) (6,6)
  facet 2076: (0,0) (1,0) (1,1) (1,2) (1,3) (1,4) (2,4) (3,4) (4,4) (4,6) (6,6)
  facet 2077: (0,0) (0,1) (0,2) (0,3) (1,3) (2,3) (2,4) (3,4) (4,4) (4,6) (6,6)
  facet 2078: (0,0) (0,1) (0,2) (1,2) (1,3) (2,3) (2,4) (3,4) (4,4) (4,6) (6,6)
  facet 2079: (0,0) (0,1) (1,1) (1,2) (1,3) (2,3) (2,4) (3,4) (4,4) (4,6) (6,6)
  facet 2080: (0,0) (1,0) (1,1) (1,2) (1,3) (2,3) (2,4) (3,4) (4,4) (4,6) (6,6)
  facet 2081: (0,0) (0,1) (0,2) (1,2) (2,2) (2,3) (2,4) (3,4) (4,4) (4,6) (6,6)
  facet 2082: (0,0) (0,1) (1,1) (1,2) (2,2) (2,3) (2,4) (3,4) (4,4) (4,6) (6,6)
  facet 2083: (0,0) (1,0) (1,1) (1,2) (2,2) (2,3) (2,4) (3,4) (4,4) (4,6) (6,6)
  facet 2084: (0,0) (0,1) (1,1) (2,1) (2,2) (2,3) (2,4) (3,4) (4,4) (4,6) (6,6)
  facet 2085: (0,0) (1,0) (1,1) (2,1) (2,2) (2,3) (2,4) (3,4) (4,4) (4,6) (6,6)
  facet 2086: (0,0) (1,0) (2,0) (2,1) (2,2) (2,3) (2,4) (3,4) (4,4) (4,6) (6,6)
  facet 2087: (0,0) (0,1) (0,2) (0,3) (1,3) (2,3) (3,3) (3,4) (4,4) (4,6) (6,6)
  facet 2088: (0,0) (0,1) (0,2) (1,2) (1,3) (2,3) (3,3) (3,4) (4,4) (4,6) (6,6)
  facet 2089: (0,0) (0,1) (1,1) (1,2) (1,3) (2,3) (3,3) (3,4) (4,4) (4,6) (6,6)
  facet 2090: (0,0) (1,0) (1,1) (1,2) (1,3) (2,3) (3,3) (3,4) (4,4) (4,6) (6,6)
  facet 2091: (0,0) (0,1) (0,2) (1,2) (2,2) (2,3) (3,3) (3,4) (4,4) (4,6) (6,6)
  facet 2092: (0,0) (0,1) (1,1) (1,2) (2,2) (2,3) (3,3) (3,4) (4,4) (4,6) (6,6)
  facet 2093: (0,0) (1,0) (1,1) (1,2) (2,2) (2,3) (3,3) (3,4) (4,4) (4,6) (6,6)
  facet 2094: (0,0) (0,1) (1,1) (2,1) (2,2) (2,3) (3,3) (3,4) (4,4) (4,6) (6,6)
  facet 2095: (0,0) (1,0) (1,1) (2,1) (2,2) (2,3) (3,3) (3,4) (4,4) (4,6) (6,6)
  facet 2096: (0,0) (1,0) (2,0) (2,1) (2,2) (2,3) (3,3) (3,4) (4,4) (4,6) (6,6)
  facet 2097: (0,0) (0,1) (0,2) (1,2) (2,2) (3,2) (3,3) (3,4) (4,4) (4,6) (6,6)
  facet 2098: (0,0) (0,1) (1,1) (1,2) (2,2) (3,2) (3,3) (3,4) (4,4) (4,6) (6,6)
  facet 2099: (0,0) (1,0) (1,1) (1,2) (2,2) (3,2) (3,3) (3,4) (4,4) (4,6) (6,6)
  facet 2100: (0,0) (0,1) (1,1) (2,1) (2,2) (3,2) (3,3) (3,4) (4,4) (4,6) (6,6)
  facet 2101: (0,0) (1,0) (1,1) (2,1) (2,2) (3,2) (3,3) (3,4) (4,4) (4,6) (6,6)
  facet 2102: (0,0) (1,0) (2,0) (2,1) (2,2) (3,2) (3,3) (3,4) (4,4) (4,6) (6,6)
  facet 2103: (0,0) (0,1) (1,1) (2,1) (3,1) (3,2) (3,3) (3,4) (4,4) (4,6) (6,6)
  facet 2104: (0,0) (1,0) (1,1) (2,1) (3,1) (3,2) (3,3) (3,4) (4,4) (4,6) (6,6)
  facet 2105: (0,0) (1,0) (2,0) (2,1) (3,1) (3,2) (3,3) (3,4) (4,4) (4,6) (6,6)
  facet 2106: (0,0) (1,0) (2,0) (3,0) (3,1) (3,2) (3,3) (3,4) (4,4) (4,6) (6,6)
  facet 2107: (0,0) (0,1) (0,2) (0,3) (1,3) (2,3) (3,3) (4,3) (4,4) (4,6) (6,6)
  facet 2108: (0,0) (0,1) (0,2) (1,2) (1,3) (2,3) (3,3) (4,3) (4,4) (4,6) (6,6)
  facet 2109: (0,0) (0,1) (1,1) (1,2) (1,3) (2,3) (3,3) (4,3) (4,4) (4,6) (6,6)
  facet 2110: (0,0) (1,0) (1,1) (1,2) (1,3) (2,3) (3,3) (4,3) (4,4) (4,6) (6,6)
  facet 2111: (0,0) (0,1) (0,2) (1,2) (2,2) (2,3) (3,3) (4,3) (4,4) (4,6) (6,6)
  facet 2112: (0,0) (0,1) (1,1) (1,2) (2,2) (2,3) (3,3) (4,3) (4,4) (4,6) (6,6)
  facet 2113: (0,0) (1,0) (1,1) (1,2) (2,2) (2,3) (3,3) (4,3) (4,4) (4,6) (6,6)
  facet 2114: (0,0) (0,1) (1,1) (2,1) (2,2) (2,3) (3,3) (4,3) (4,4) (4,6) (6,6)
  facet 2115: (0,0) (1,0) (1,1) (2,1) (2,2) (2,3) (3,3) (4,3) (4,4) (4,6) (6,6)
  facet 2116: (0,0) (1,0) (2,0) (2,1) (2,2) (2,3) (3,3) (4,3) (4,4) (4,6) (6,6)
  facet 2117: (0,0) (0,1) (0,2) (1,2) (2,2) (3,2) (3,3) (4,3) (4,4) (4,6) (6,6)
  facet 2118: (0,0) (0,1) (1,1) (1,2) (2,2) (3,2) (3,3) (4,3) (4,4) (4,6) (6,6)
  facet 2119: (0,0) (1,0) (1,1) (1,2) (2,2) (3,2) (3,3) (4,3) (4,4) (4,6) (6,6)
  facet 2120: (0,0) (0,1) (1,1) (2,1) (2,2) (3,2) (3,3) (4,3) (4,4) (4,6) (6,6)
  facet 2121: (0,0) (1,0) (1,1) (2,1) (2,2) (3,2) (3,3) (4,3) (4,4) (4,6) (6,6)
  facet 2122: (0,0) (1,0) (2,0) (2,1) (2,2) (3,2) (3,3) (4,3) (4,4) (4,6) (6,6)
  facet 2123: (0,0) (0,1) (1,1) (2,1) (3,1) (3,2) (3,3) (4,3) (4,4) (4,6) (6,6)
  facet 2124: (0,0) (1,0) (1,1) (2,1) (3,1) (3,2) (3,3) (4,3) (4,4) (4,6) (6,6)
  facet 2125: (0,0) (1,0) (2,0) (2,1) (3,1) (3,2) (3,3) (4,3) (4,4) (4,6) (6,6)
  facet 2126: (0,0) (1,0) (2,0) (3,0) (3,1) (3,2) (3,3) (4,3) (4,4) (4,6) (6,6)
  facet 2127: (0,0) (0,1) (0,2) (1,2) (2,2) (3,2) (4,2) (4,3) (4,4) (4,6) (6,6)
  facet 2128: (0,0) (0,1) (1,1) (1,2) (2,2) (3,2) (4,2) (4,3) (4,4) (4,6) (6,6)
  facet 2129: (0,0) (1,0) (1,1) (1,2) (2,2) (3,2) (4,2) (4,3) (4,4) (4,6) (6,6)
  facet 2130: (0,0) (0,1) (1,1) (2,1) (2,2) (3,2) (4,2) (4,3) (4,4) (4,6) (6,6)
  facet 2131: (0,0) (1,0) (1,1) (2,1) (2,2) (3,2) (4,2) (4,3) (4,4) (4,6) (6,6)
  facet 2132: (0,0) (1,0) (2,0) (2,1) (2,2) (3,2) (4,2) (4,3) (4,4) (4,6) (6,6)
  facet 2133: (0,0) (0,1) (1,1) (2,1) (3,1) (3,2) (4,2) (4,3) (4,4) (4,6) (6,6)
  facet 2134: (0,0) (1,0) (1,1) (2,1) (3,1) (3,2) (4,2) (4,3) (4,4) (4,6) (6,6)
  facet 2135: (0,0) (1,0) (2,0) (2,1) (3,1) (3,2) (4,2) (4,3) (4,4) (4,6) (6,6)
  facet 2136: (0,0) (1,0) (2,0) (3,0) (3,1) (3,2) (4,2) (4,3) (4,4) (4,6) (6,6)
  facet 2137: (0,0) (0,1) (1,1) (2,1) (3,1) (4,1) (4,2) (4,3) (4,4) (4,6) (6,6)
  facet 2138: (0,0) (1,0) (1,1) (2,1) (3,1) (4,1) (4,2) (4,3) (4,4) (4,6) (6,6)
  facet 2139: (0,0) (1,0) (2,0) (2,1) (3,1) (4,1) (4,2) (4,3) (4,4) (4,6) (6,6)
  facet 2140: (0,0) (1,0) (2,0) (3,0) (3,1) (4,1) (4,2) (4,3) (4,4) (4,6) (6,6)
  facet 2141: (0,0) (1,0) (2,0) (3,0) (4,0) (4,1) (4,2) (4,3) (4,4) (4,6) (6,6)
  facet 2142: (0,0) (0,1) (0,2) (0,3) (0,4) (1,4) (2,4) (3,4) (4,4) (6,4) (6,6)
  facet 2143: (0,0) (0,1) (0,2) (0,3) (1,3) (1,4) (2,4) (3,4) (4,4) (6,4) (6,6)
  facet 2144: (0,0) (0,1) (0,2) (1,2) (1,3) (1,4) (2,4) (3,4) (4,4) (6,4) (6,6)
  facet 2145: (0,0) (0,1) (1,1) (1,2) (1,3) (1,4) (2,4) (3,4) (4,4) (6,4) (6,6)
  facet 2146: (0,0) (1,0) (1,1) (1,2) (1,3) (1,4) (2,4) (3,4) (4,4) (6,4) (6,6)
  facet 2147: (0,0) (0,1) (0,2) (0,3) (1,3) (2,3) (2,4) (3,4) (4,4) (6,4) (6,6)
  facet 2148: (0,0) (0,1) (0,2) (1,2) (1,3) (2,3) (2,4) (3,4) (4,4) (6,4) (6,6)
  facet 2149: (0,0) (0,1) (1,1) (1,2) (1,3) (2,3) (2,4) (3,4) (4,4) (6,4) (6,6)
  facet 2150: (0,0) (1,0) (1,1) (1,2) (1,3) (2,3) (2,4) (3,4) (4,4) (6,4) (6,6)
  facet 2151: (0,0) (0,1) (0,2) (1,2) (2,2) (2,3) (2,4) (3,4) (4,4) (6,4) (6,6)
  facet 2152: (0,0) (0,1) (1,1) (1,2) (2,2) (2,3) (2,4) (3,4) (4,4) (6,4) (6,6)
  facet 2153: (0,0) (1,0) (1,1) (1,2) (2,2) (2,3) (2,4) (3,4) (4,4) (6,4) (6,6)
  facet 2154: (0,0) (0,1) (1,1) (2,1) (2,2) (2,3) (2,4) (3,4) (4,4) (6,4) (6,6)
  facet 2155: (0,0) (1,0) (1,1) (2,1) (2,2) (2,3) (2,4) (3,4) (4,4) (6,4) (6,6)
  facet 2156: (0,0) (1,0) (2,0) (2,1) (2,2) (2,3) (2,4) (3,4) (4,4) (6,4) (6,6)
  facet 2157: (0,0) (0,1) (0,2) (0,3) (1,3) (2,3) (3,3) (3,4) (4,4) (6,4) (6,6)
  facet 2158: (0,0) (0,1) (0,2) (1,2) (1,3) (2,3) (3,3) (3,4) (4,4) (6,4) (6,6)
  facet 2159: (0,0) (0,1) (1,1) (1,2) (1,3) (2,3) (3,3) (3,4) (4,4) (6,4) (6,6)
  facet 2160: (0,0) (1,0) (1,1) (1,2) (1,3) (2,3) (3,3) (3,4) (4,4) (6,4) (6,6)
  facet 2161: (0,0) (0,1) (0,2) (1,2) (2,2) (2,3) (3,3) (3,4) (4,4) (6,4) (6,6)
  facet 2162: (0,0) (0,1) (1,1) (1,2) (2,2) (2,3) (3,3) (3,4) (4,4) (6,4) (6,6)
  facet 2163: (0,0) (1,0) (1,1) (1,2) (2,2) (2,3) (3,3) (3,4) (4,4) (6,4) (6,6)
  facet 2164: (0,0) (0,1) (1,1) (2,1) (2,2) (2,3) (3,3) (3,4) (4,4) (6,4) (6,6)
  facet 2165: (0,0) (1,0) (1,1) (2,1) (2,2) (2,3) (3,3) (3,4) (4,4) (6,4) (6,6)
  facet 2166: (0,0) (1,0) (2,0) (2,1) (2,2) (2,3) (3,3) (3,4) (4,4) (6,4) (6,6)
  facet 2167: (0,0) (0,1) (0,2) (1,2) (2,2) (3,2) (3,3) (3,4) (4,4) (6,4) (6,6)
  facet 2168: (0,0) (0,1) (1,1) (1,2) (2,2) (3,2) (3,3) (3,4) (4,4) (6,4) (6,6)
  facet 2169: (0,0) (1,0) (1,1) (1,2) (2,2) (3,2) (3,3) (3,4) (4,4) (6,4) (6,6)
  facet 2170: (0,0) (0,1) (1,1) (2,1) (2,2) (3,2) (3,3) (3,4) (4,4) (6,4) (6,6)
  facet 2171: (0,0) (1,0) (1,1) (2,1) (2,2) (3,2) (3,3) (3,4) (4,4) (6,4) (6,6)
  facet 2172: (0,0) (1,0) (2,0) (2,1) (2,2) (3,2) (3,3) (3,4) (4,4) (6,4) (6,6)
  facet 2173: (0,0) (0,1) (1,1) (2,1) (3,1) (3,2) (3,3) (3,4) (4,4) (6,4) (6,6)
  facet 2174: (0,0) (1,0) (1,1) (2,1) (3,1) (3,2) (3,3) (3,4) (4,4) (6,4) (6,6)
  facet 2175: (0,0) (1,0) (2,0) (2,1) (3,1) (3,2) (3,3) (3,4) (4,4) (6,4) (6,6)
  facet 2176: (0,0) (1,0) (2,0) (3,0) (3,1) (3,2) (3,3) (3,4) (4,4) (6,4) (6,6)
  facet 2177: (0,0) (0,1) (0,2) (0,3) (1,3) (2,3) (3,3) (4,3) (4,4) (6,4) (6,6)
  facet 2178: (0,0) (0,1) (0,2) (1,2) (1,3) (2,3) (3,3) (4,3) (4,4) (6,4) (6,6)
  facet 2179: (0,0) (0,1) (1,1) (1,2) (1,3) (2,3) (3,3) (4,3) (4,4) (6,4) (6,6)
  facet 2180: (0,0) (1,0) (1,1) (1,2) (1,3) (2,3) (3,3) (4,3) (4,4) (6,4) (6,6)
  facet 2181: (0,0) (0,1) (0,2) (1,2) (2,2) (2,3) (3,3) (4,3) (4,4) (6,4) (6,6)
  facet 2182: (0,0) (0,1) (1,1) (1,2) (2,2) (2,3) (3,3) (4,3) (4,4) (6,4) (6,6)
  facet 2183: (0,0) (1,0) (1,1) (1,2) (2,2) (2,3) (3,3) (4,3) (4,4) (6,4) (6,6)
  facet 2184: (0,0) (0,1) (1,1) (2,1) (2,2) (2,3) (3,3) (4,3) (4,4) (6,4) (6,6)
  facet 2185: (0,0) (1,0) (1,1) (2,1) (2,2) (2,3) (3,3) (4,3) (4,4) (6,4) (6,6)
  facet 2186: (0,0) (1,0) (2,0) (2,1) (2,2) (2,3) (3,3) (4,3) (4,4) (6,4) (6,6)
  facet 2187: (0,0) (0,1) (0,2) (1,2) (2,2) (3,2) (3,3) (4,3) (4,4) (6,4) (6,6)
  facet 2188: (0,0) (0,1) (1,1) (1,2) (2,2) (3,2) (3,3) (4,3) (4,4) (6,4) (6,6)
  facet 2189: (0,0) (1,0) (1,1) (1,2) (2,2) (3,2) (3,3) (4,3) (4,4) (6,4) (6,6)
  facet 2190: (0,0) (0,1) (1,1) (2,1) (2,2) (3,2) (3,3) (4,3) (4,4) (6,4) (6,6)
  facet 2191: (0,0) (1,0) (1,1) (2,1) (2,2) (3,2) (3,3) (4,3) (4,4) (6,4) (6,6)
  facet 2192: (0,0) (1,0) (2,0) (2,1) (2,2) (3,2) (3,3) (4,3) (4,4) (6,4) (6,6)
  facet 2193: (0,0) (0,1) (1,1) (2,1) (3,1) (3,2) (3,3) (4,3) (4,4) (6,4) (6,6)
  facet 2194: (0,0) (1,0) (1,1) (2,1) (3,1) (3,2) (3,3) (4,3) (4,4) (6,4) (6,6)
  facet 2195: (0,0) (1,0) (2,0) (2,1) (3,1) (3,2) (3,3) (4,3) (4,4) (6,4) (6,6)
  facet 2196: (0,0) (1,0) (2,0) (3,0) (3,1) (3,2) (3,3) (4,3) (4,4) (6,4) (6,6)
  facet 2197: (0,0) (0,1) (0,2) (1,2) (2,2) (3,2) (4,2) (4,3) (4,4) (6,4) (6,6)
  facet 2198: (0,0) (0,1) (1,1) (1,2) (2,2) (3,2) (4,2) (4,3) (4,4) (6,4) (6,6)
  facet 2199: (0,0) (1,0) (1,1) (1,2) (2,2) (3,2) (4,2) (4,3) (4,4) (6,4) (6,6)
  facet 2200: (0,0) (0,1) (1,1) (2,1) (2,2) (3,2) (4,2) (4,3) (4,4) (6,4) (6,6)
  facet 2201: (0,0) (1,0) (1,1) (2,1) (2,2) (3,2) (4,2) (4,3) (4,4) (6,4) (6,6)
  facet 2202: (0,0) (1,0) (2,0) (2,1) (2,2) (3,2) (4,2) (4,3) (4,4) (6,4) (6,6)
  facet 2203: (0,0) (0,1) (1,1) (2,1) (3,1) (3,2) (4,2) (4,3) (4,4) (6,4) (6,6)
  facet 2204: (0,0) (1,0) (1,1) (2,1) (3,1) (3,2) (4,2) (4,3) (4,4) (6,4) (6,6)
  facet 2205: (0,0) (1,0) (2,0) (2,1) (3,1) (3,2) (4,2) (4,3) (4,4) (6,4) (6,6)
  facet 2206: (0,0) (1,0) (2,0) (3,0) (3,1) (3,2) (4,2) (4,3) (4,4) (6,4) (6,6)
  facet 2207: (0,0) (0,1) (1,1) (2,1) (3,1) (4,1) (4,2) (4,3) (4,4) (6,4) (6,6)
  facet 2208: (0,0) (1,0) (1,1) (2,1) (3,1) (4,1) (4,2) (4,3) (4,4) (6,4) (6,6)
  facet 2209: (0,0) (1,0) (2,0) (2,1) (3,1) (4,1) (4,2) (4,3) (4,4) (6,4) (6,6)
  facet 2210: (0,0) (1,0) (2,0) (3,0) (3,1) (4,1) (4,2) (4,3) (4,4) (6,4) (6,6)
  facet 2211: (0,0) (1,0) (2,0) (3,0) (4,0) (4,1) (4,2) (4,3) (4,4) (6,4) (6,6)
  facet 2212: (0,0) (0,1) (0,2) (0,3) (1,3) (2,3) (3,3) (4,3) (6,3) (6,4) (6,6)
  facet 2213: (0,0) (0,1) (0,2) (1,2) (1,3) (2,3) (3,3) (4,3) (6,3) (6,4) (6,6)
  facet 2214: (0,0) (0,1) (1,1) (1,2) (1,3) (2,3) (3,3) (4,3) (6,3) (6,4) (6,6)
  facet 2215: (0,0) (1,0) (1,1) (1,2) (1,3) (2,3) (3,3) (4,3) (6,3) (6,4) (6,6)
  facet 2216: (0,0) (0,1) (0,2) (1,2) (2,2) (2,3) (3,3) (4,3) (6,3) (6,4) (6,6)
  facet 2217: (0,0) (0,1) (1,1) (1,2) (2,2) (2,3) (3,3) (4,3) (6,3) (6,4) (6,6)
  facet 2218: (0,0) (1,0) (1,1) (1,2) (2,2) (2,3) (3,3) (4,3) (6,3) (6,4) (6,6)
  facet 2219: (0,0) (0,1) (1,1) (2,1) (2,2) (2,3) (3,3) (4,3) (6,3) (6,4) (6,6)
  facet 2220: (0,0) (1,0) (1,1) (2,1) (2,2) (2,3) (3,3) (4,3) (6,3) (6,4) (6,6)
  facet 2221: (0,0) (1,0) (2,0) (2,1) (2,2) (2,3) (3,3) (4,3) (6,3) (6,4) (6,6)
  facet 2222: (0,0) (0,1) (0,2) (1,2) (2,2) (3,2) (3,3) (4,3) (6,3) (6,4) (6,6)
  facet 2223: (0,0) (0,1) (1,1) (1,2) (2,2) (3,2) (3,3) (4,3) (6,3) (6,4) (6,6)
  facet 2224: (0,0) (1,0) (1,1) (1,2) (2,2) (3,2) (3,3) (4,3) (6,3) (6,4) (6,6)
  facet 2225: (0,0) (0,1) (1,1) (2,1) (2,2) (3,2) (3,3) (4,3) (6,3) (6,4) (6,6)
  facet 2226: (0,0) (1,0) (1,1) (2,1) (2,2) (3,2) (3,3) (4,3) (6,3) (6,4) (6,6)
  facet 2227: (0,0) (1,0) (2,0) (2,1) (2,2) (3,2) (3,3) (4,3) (6,3) (6,4) (6,6)
  facet 2228: (0,0) (0,1) (1,1) (2,1) (3,1) (3,2) (3,3) (4,3) (6,3) (6,4) (6,6)
  facet 2229: (0,0) (1,0) (1,1) (2,1) (3,1) (3,2) (3,3) (4,3) (6,3) (6,4) (6,6)
  facet 2230: (0,0) (1,0) (2,0) (2,1) (3,1) (3,2) (3,3) (4,3) (6,3) (6,4) (6,6)
  facet 2231: (0,0) (1,0) (2,0) (3,0) (3,1) (3,2) (3,3) (4,3) (6,3) (6,4) (6,6)
  facet 2232: (0,0) (0,1) (0,2) (1,2) (2,2) (3,2) (4,2) (4,3) (6,3) (6,4) (6,6)
  facet 2233: (0,0) (0,1) (1,1) (1,2) (2,2) (3,2) (4,2) (4,3) (6,3) (6,4) (6,6)
  facet 2234: (0,0) (1,0) (1,1) (1,2) (2,2) (3,2) (4,2) (4,3) (6,3) (6,4) (6,6)
  facet 2235: (0,0) (0,1) (1,1) (2,1) (2,2) (3,2) (4,2) (4,3) (6,3) (6,4) (6,6)
  facet 2236: (0,0) (1,0) (1,1) (2,1) (2,2) (3,2) (4,2) (4,3) (6,3) (6,4) (6,6)
  facet 2237: (0,0) (1,0) (2,0) (2,1) (2,2) (3,2) (4,2) (4,3) (6,3) (6,4) (6,6)
  facet 2238: (0,0) (0,1) (1,1) (2,1) (3,1) (3,2) (4,2) (4,3) (6,3) (6,4) (6,6)
  facet 2239: (0,0) (1,0) (1,1) (2,1) (3,1) (3,2) (4,2) (4,3) (6,3) (6,4) (6,6)
  facet 2240: (0,0) (1,0) (2,0) (2,1) (3,1) (3,2) (4,2) (4,3) (6,3) (6,4) (6,6)
  facet 2241: (0,0) (1,0) (2,0) (3,0) (3,1) (3,2) (4,2) (4,3) (6,3) (6,4) (6,6)
  facet 2242: (0,0) (0,1) (1,1) (2,1) (3,1) (4,1) (4,2) (4,3) (6,3) (6,4) (6,6)
  facet 2243: (0,0) (1,0) (1,1) (2,1) (3,1) (4,1) (4,2) (4,3) (6,3) (6,4) (6,6)
  facet 2244: (0,0) (1,0) (2,0) (2,1) (3,1) (4,1) (4,2) (4,3) (6,3) (6,4) (6,6)
  facet 2245: (0,0) (1,0) (2,0) (3,0) (3,1) (4,1) (4,2) (4,3) (6,3) (6,4) (6,6)
  facet 2246: (0,0) (1,0) (2,0) (3,0) (4,0) (4,1) (4,2) (4,3) (6,3) (6,4) (6,6)
  facet 2247: (0,0) (0,1) (0,2) (1,2) (2,2) (3,2) (4,2) (6,2) (6,3) (6,4) (6,6)
  facet 2248: (0,0) (0,1) (1,1) (1,2) (2,2) (3,2) (4,2) (6,2) (6,3) (6,4) (6,6)
  facet 2249: (0,0) (1,0) (1,1) (1,2) (2,2) (3,2) (4,2) (6,2) (6,3) (6,4) (6,6)
  facet 2250: (0,0) (0,1) (1,1) (2,1) (2,2) (3,2) (4,2) (6,2) (6,3) (6,4) (6,6)
  facet 2251: (0,0) (1,0) (1,1) (2,1) (2,2) (3,2) (4,2) (6,2) (6,3) (6,4) (6,6)
  facet 2252: (0,0) (1,0) (2,0) (2,1) (2,2) (3,2) (4,2) (6,2) (6,3) (6,4) (6,6)
  facet 2253: (0,0) (0,1) (1,1) (2,1) (3,1) (3,2) (4,2) (6,2) (6,3) (6,4) (6,6)
  facet 2254: (0,0) (1,0) (1,1) (2,1) (3,1) (3,2) (4,2) (6,2) (6,3) (6,4) (6,6)
  facet 2255: (0,0) (1,0) (2,0) (2,1) (3,1) (3,2) (4,2) (6,2) (6,3) (6,4) (6,6)
  facet 2256: (0,0) (1,0) (2,0) (3,0) (3,1) (3,2) (4,2) (6,2) (6,3) (6,4) (6,6)
  facet 2257: (0,0) (0,1) (1,1) (2,1) (3,1) (4,1) (4,2) (6,2) (6,3) (6,4) (6,6)
  facet 2258: (0,0) (1,0) (1,1) (2,1) (3,1) (4,1) (4,2) (6,2) (6,3) (6,4) (6,6)
  facet 2259: (0,0) (1,0) (2,0) (2,1) (3,1) (4,1) (4,2) (6,2) (6,3) (6,4) (6,6)
  facet 2260: (0,0) (1,0) (2,0) (3,0) (3,1) (4,1) (4,2) (6,2) (6,3) (6,4) (6,6)
  facet 2261: (0,0) (1,0) (2,0) (3,0) (4,0) (4,1) (4,2) (6,2) (6,3) (6,4) (6,6)
  facet 2262: (0,0) (0,1) (1,1) (2,1) (3,1) (4,1) (6,1) (6,2) (6,3) (6,4) (6,6)
  facet 2263: (0,0) (1,0) (1,1) (2,1) (3,1) (4,1) (6,1) (6,2) (6,3) (6,4) (6,6)
  facet 2264: (0,0) (1,0) (2,0) (2,1) (3,1) (4,1) (6,1) (6,2) (6,3) (6,4) (6,6)
  facet 2265: (0,0) (1,0) (2,0) (3,0) (3,1) (4,1) (6,1) (6,2) (6,3) (6,4) (6,6)
  facet 2266: (0,0) (1,0) (2,0) (3,0) (4,0) (4,1) (6,1) (6,2) (6,3) (6,4) (6,6)
  facet 2267: (0,0) (1,0) (2,0) (3,0) (4,0) (6,0) (6,1) (6,2) (6,3) (6,4) (6,6)
  facet 2268: (0,0) (0,1) (0,2) (0,3) (0,5) (0,6) (1,6) (2,6) (3,6) (4,6) (6,6)
  facet 2269: (0,0) (0,1) (0,2) (0,3) (0,5) (1,5) (1,6) (2,6) (3,6) (4,6) (6,6)
  facet 2270: (0,0) (0,1) (0,2) (0,3) (1,3) (1,5) (1,6) (2,6) (3,6) (4,6) (6,6)
  facet 2271: (0,0) (0,1) (0,2) (1,2) (1,3) (1,5) (1,6) (2,6) (3,6) (4,6) (6,6)
  facet 2272: (0,0) (0,1) (1,1) (1,2) (1,3) (1,5) (1,6) (2,6) (3,6) (4,6) (6,6)
  facet 2273: (0,0) (1,0) (1,1) (1,2) (1,3) (1,5) (1,6) (2,6) (3,6) (4,6) (6,6)
  facet 2274: (0,0) (0,1) (0,2) (0,3) (0,5) (1,5) (2,5) (2,6) (3,6) (4,6) (6,6)
  facet 2275: (0,0) (0,1) (0,2) (0,3) (1,3) (1,5) (2,5) (2,6) (3,6) (4,6) (6,6)
  facet 2276: (0,0) (0,1) (0,2) (1,2) (1,3) (1,5) (2,5) (2,6) (3,6) (4,6) (6,6)
  facet 2277: (0,0) (0,1) (1,1) (1,2) (1,3) (1,5) (2,5) (2,6) (3,6) (4,6) (6,6)
  facet 2278: (0,0) (1,0) (1,1) (1,2) (1,3) (1,5) (2,5) (2,6) (3,6) (4,6) (6,6)
  facet 2279: (0,0) (0,1) (0,2) (0,3) (1,3) (2,3) (2,5) (2,6) (3,6) (4,6) (6,6)
  facet 2280: (0,0) (0,1) (0,2) (1,2) (1,3) (2,3) (2,5) (2,6) (3,6) (4,6) (6,6)
  facet 2281: (0,0) (0,1) (1,1) (1,2) (1,3) (2,3) (2,5) (2,6) (3,6) (4,6) (6,6)
  facet 2282: (0,0) (1,0) (1,1) (1,2) (1,3) (2,3) (2,5) (2,6) (3,6) (4,6) (6,6)
  facet 2283: (0,0) (0,1) (0,2) (1,2) (2,2) (2,3) (2,5) (2,6) (3,6) (4,6) (6,6)
  facet 2284: (0,0) (0,1) (1,1) (1,2) (2,2) (2,3) (2,5) (2,6) (3,6) (4,6) (6,6)
  facet 2285: (0,0) (1,0) (1,1) (1,2) (2,2) (2,3) (2,5) (2,6) (3,6) (4,6) (6,6)
  facet 2286: (0,0) (0,1) (1,1) (2,1) (2,2) (2,3) (2,5) (2,6) (3,6) (4,6) (6,6)
  facet 2287: (0,0) (1,0) (1,1) (2,1) (2,2) (2,3) (2,5) (2,6) (3,6) (4,6) (6,6)
  facet 2288: (0,0) (1,0) (2,0) (2,1) (2,2) (2,3) (2,5) (2,6) (3,6) (4,6) (6,6)
  facet 2289: (0,0) (0,1) (0,2) (0,3) (0,5) (1,5) (2,5) (3,5) (3,6) (4,6) (6,6)
  facet 2290: (0,0) (0,1) (0,2) (0,3) (1,3) (1,5) (2,5) (3,5) (3,6) (4,6) (6,6)
  facet 2291: (0,0) (0,1) (0,2) (1,2) (1,3) (1,5) (2,5) (3,5) (3,6) (4,6) (6,6)
  facet 2292: (0,0) (0,1) (1,1) (1,2) (1,3) (1,5) (2,5) (3,5) (3,6) (4,6) (6,6)
  facet 2293: (0,0) (1,0) (1,1) (1,2) (1,3) (1,5) (2,5) (3,5) (3,6) (4,6) (6,6)
  facet 2294: (0,0) (0,1) (0,2) (0,3) (1,3) (2,3) (2,5) (3,5) (3,6) (4,6) (6,6)
  facet 2295: (0,0) (0,1) (0,2) (1,2) (1,3) (2,3) (2,5) (3,5) (3,6) (4,6) (6,6)
  facet 2296: (0,0) (0,1) (1,1) (1,2) (1,3) (2,3) (2,5) (3,5) (3,6) (4,6) (6,6)
  facet 2297: (0,0) (1,0) (1,1) (1,2) (1,3) (2,3) (2,5) (3,5) (3,6) (4,6) (6,6)
  facet 2298: (0,0) (0,1) (0,2) (1,2) (2,2) (2,3) (2,5) (3,5) (3,6) (4,6) (6,6)
  facet 2299: (0,0) (0,1) (1,1) (1,2) (2,2) (2,3) (2,5) (3,5) (3,6) (4,6) (6,6)
  facet 2300: (0,0) (1,0) (1,1) (1,2) (2,2) (2,3) (2,5) (3,5) (3,6) (4,6) (6,6)
  facet 2301: (0,0) (0,1) (1,1) (2,1) (2,2) (2,3) (2,5) (3,5) (3,6) (4,6) (6,6)
  facet 2302: (0,0) (1,0) (1,1) (2,1) (2,2) (2,3) (2,5) (3,5) (3,6) (4,6) (6,6)
  facet 2303: (0,0) (1,0) (2,0) (2,1) (2,2) (2,3) (2,5) (3,5) (3,6) (4,6) (6,6)
  facet 2304: (0,0) (0,1) (0,2) (0,3) (1,3) (2,3) (3,3) (3,5) (3,6) (4,6) (6,6)
  facet 2305: (0,0) (0,1) (0,2) (1,2) (1,3) (2,3) (3,3) (3,5) (3,6) (4,6) (6,6)
  facet 2306: (0,0) (0,1) (1,1) (1,2) (1,3) (2,3) (3,3) (3,5) (3,6) (4,6) (6,6)
  facet 2307: (0,0) (1,0) (1,1) (1,2) (1,3) (2,3) (3,3) (3,5) (3,6) (4,6) (6,6)
  facet 2308: (0,0) (0,1) (0,2) (1,2) (2,2) (2,3) (3,3) (3,5) (3,6) (4,6) (6,6)
  facet 2309: (0,0) (0,1) (1,1) (1,2) (2,2) (2,3) (3,3) (3,5) (3,6) (4,6) (6,6)
  facet 2310: (0,0) (1,0) (1,1) (1,2) (2,2) (2,3) (3,3) (3,5) (3,6) (4,6) (6,6)
  facet 2311: (0,0) (0,1) (1,1) (2,1) (2,2) (2,3) (3,3) (3,5) (3,6) (4,6) (6,6)
  facet 2312: (0,0) (1,0) (1,1) (2,1) (2,2) (2,3) (3,3) (3,5) (3,6) (4,6) (6,6)
  facet 2313: (0,0) (1,0) (2,0) (2,1) (2,2) (2,3) (3,3) (3,5) (3,6) (4,6) (6,6)
  facet 2314: (0,0) (0,1) (0,2) (1,2) (2,2) (3,2) (3,3) (3,5) (3,6) (4,6) (6,6)
  facet 2315: (0,0) (0,1) (1,1) (1,2) (2,2) (3,2) (3,3) (3,5) (3,6) (4,6) (6,6)
  facet 2316: (0,0) (1,0) (1,1) (1,2) (2,2) (3,2) (3,3) (3,5) (3,6) (4,6) (6,6)
  facet 2317: (0,0) (0,1) (1,1) (2,1) (2,2) (3,2) (3,3) (3,5) (3,6) (4,6) (6,6)
  facet 2318: (0,0) (1,0) (1,1) (2,1) (2,2) (3,2) (3,3) (3,5) (3,6) (4,6) (6,6)
  facet 2319: (0,0) (1,0) (2,0) (2,1) (2,2) (3,2) (3,3) (3,5) (3,6) (4,6) (6,6)
  facet 2320: (0,0) (0,1) (1,1) (2,1) (3,1) (3,2) (3,3) (3,5) (3,6) (4,6) (6,6)
  facet 2321: (0,0) (1,0) (1,1) (2,1) (3,1) (3,2) (3,3) (3,5) (3,6) (4,6) (6,6)
  facet 2322: (0,0) (1,0) (2,0) (2,1) (3,1) (3,2) (3,3) (3,5) (3,6) (4,6) (6,6)
  facet 2323: (0,0) (1,0) (2,0) (3,0) (3,1) (3,2) (3,3) (3,5) (3,6) (4,6) (6,6)
  facet 2324: (0,0) (0,1) (0,2) (0,3) (0,5) (1,5) (2,5) (3,5) (4,5) (4,6) (6,6)
  facet 2325: (0,0) (0,1) (0,2) (0,3) (1,3) (1,5) (2,5) (3,5) (4,5) (4,6) (6,6)
  facet 2326: (0,0) (0,1) (0,2) (1,2) (1,3) (1,5) (2,5) (3,5) (4,5) (4,6) (6,6)
  facet 2327: (0,0) (0,1) (1,1) (1,2) (1,3) (1,5) (2,5) (3,5) (4,5) (4,6) (6,6)
  facet 2328: (0,0) (1,0) (1,1) (1,2) (1,3) (1,5) (2,5) (3,5) (4,5) (4,6) (6,6)
  facet 2329: (0,0) (0,1) (0,2) (0,3) (1,3) (2,3) (2,5) (3,5) (4,5) (4,6) (6,6)
  facet 2330: (0,0) (0,1) (0,2) (1,2) (1,3) (2,3) (2,5) (3,5) (4,5) (4,6) (6,6)
  facet 2331: (0,0) (0,1) (1,1) (1,2) (1,3) (2,3) (2,5) (3,5) (4,5) (4,6) (6,6)
  facet 2332: (0,0) (1,0) (1,1) (1,2) (1,3) (2,3) (2,5) (3,5) (4,5) (4,6) (6,6)
  facet 2333: (0,0) (0,1) (0,2) (1,2) (2,2) (2,3) (2,5) (3,5) (4,5) (4,6) (6,6)
  facet 2334: (0,0) (0,1) (1,1) (1,2) (2,2) (2,3) (2,5) (3,5) (4,5) (4,6) (6,6)
  facet 2335: (0,0) (1,0) (1,1) (1,2) (2,2) (2,3) (2,5) (3,5) (4,5) (4,6) (6,6)
  facet 2336: (0,0) (0,1) (1,1) (2,1) (2,2) (2,3) (2,5) (3,5) (4,5) (4,6) (6,6)
  facet 2337: (0,0) (1,0) (1,1) (2,1) (2,2) (2,3) (2,5) (3,5) (4,5) (4,6) (6,6)
  facet 2338: (0,0) (1,0) (2,0) (2,1) (2,2) (2,3) (2,5) (3,5) (4,5) (4,6) (6,6)
  facet 2339: (0,0) (0,1) (0,2) (0,3) (1,3) (2,3) (3,3) (3,5) (4,5) (4,6) (6,6)
  facet 2340: (0,0) (0,1) (0,2) (1,2) (1,3) (2,3) (3,3) (3,5) (4,5) (4,6) (6,6)
  facet 2341: (0,0) (0,1) (1,1) (1,2) (1,3) (2,3) (3,3) (3,5) (4,5) (4,6) (6,6)
  facet 2342: (0,0) (1,0) (1,1) (1,2) (1,3) (2,3) (3,3) (3,5) (4,5) (4,6) (6,6)
  facet 2343: (0,0) (0,1) (0,2) (1,2) (2,2) (2,3) (3,3) (3,5) (4,5) (4,6) (6,6)
  facet 2344: (0,0) (0,1) (1,1) (1,2) (2,2) (2,3) (3,3) (3,5) (4,5) (4,6) (6,6)
  facet 2345: (0,0) (1,0) (1,1) (1,2) (2,2) (2,3) (3,3) (3,5) (4,5) (4,6) (6,6)
  facet 2346: (0,0) (0,1) (1,1) (2,1) (2,2) (2,3) (3,3) (3,5) (4,5) (4,6) (6,6)
  facet 2347: (0,0) (1,0) (1,1) (2,1) (2,2) (2,3) (3,3) (3,5) (4,5) (4,6) (6,6)
  facet 2348: (0,0) (1,0) (2,0) (2,1) (2,2) (2,3) (3,3) (3,5) (4,5) (4,6) (6,6)
  facet 2349: (0,0) (0,1) (0,2) (1,2) (2,2) (3,2) (3,3) (3,5) (4,5) (4,6) (6,6)
  facet 2350: (0,0) (0,1) (1,1) (1,2) (2,2) (3,2) (3,3) (3,5) (4,5) (4,6) (6,6)
  facet 2351: (0,0) (1,0) (1,1) (1,2) (2,2) (3,2) (3,3) (3,5) (4,5) (4,6) (6,6)
  facet 2352: (0,0) (0,1) (1,1) (2,1) (2,2) (3,2) (3,3) (3,5) (4,5) (4,6) (6,6)
  facet 2353: (0,0) (1,0) (1,1) (2,1) (2,2) (3,2) (3,3) (3,5) (4,5) (4,6) (6,6)
  facet 2354: (0,0) (1,0) (2,0) (2,1) (2,2) (3,2) (3,3) (3,5) (4,5) (4,6) (6,6)
  facet 2355: (0,0) (0,1) (1,1) (2,1) (3,1) (3,2) (3,3) (3,5) (4,5) (4,6) (6,6)
  facet 2356: (0,0) (1,0) (1,1) (2,1) (3,1) (3,2) (3,3) (3,5) (4,5) (4,6) (6,6)
  facet 2357: (0,0) (1,0) (2,0) (2,1) (3,1) (3,2) (3,3) (3,5) (4,5) (4,6) (6,6)
  facet 2358: (0,0) (1,0) (2,0) (3,0) (3,1) (3,2) (3,3) (3,5) (4,5) (4,6) (6,6)
  facet 2359: (0,0) (0,1) (0,2) (0,3) (1,3) (2,3) (3,3) (4,3) (4,5) (4,6) (6,6)
  facet 2360: (0,0) (0,1) (0,2) (1,2) (1,3) (2,3) (3,3) (4,3) (4,5) (4,6) (6,6)
  facet 2361: (0,0) (0,1) (1,1) (1,2) (1,3) (2,3) (3,3) (4,3) (4,5) (4,6) (6,6)
  facet 2362: (0,0) (1,0) (1,1) (1,2) (1,3) (2,3) (3,3) (4,3) (4,5) (4,6) (6,6)
  facet 2363: (0,0) (0,1) (0,2) (1,2) (2,2) (2,3) (3,3) (4,3) (4,5) (4,6) (6,6)
  facet 2364: (0,0) (0,1) (1,1) (1,2) (2,2) (2,3) (3,3) (4,3) (4,5) (4,6) (6,6)
  facet 2365: (0,0) (1,0) (1,1) (1,2) (2,2) (2,3) (3,3) (4,3) (4,5) (4,6) (6,6)
  facet 2366: (0,0) (0,1) (1,1) (2,1) (2,2) (2,3) (3,3) (4,3) (4,5) (4,6) (6,6)
  facet 2367: (0,0) (1,0) (1,1) (2,1) (2,2) (2,3) (3,3) (4,3) (4,5) (4,6) (6,6)
  facet 2368: (0,0) (1,0) (2,0) (2,1) (2,2) (2,3) (3,3) (4,3) (4,5) (4,6) (6,6)
  facet 2369: (0,0) (0,1) (0,2) (1,2) (2,2) (3,2) (3,3) (4,3) (4,5) (4,6) (6,6)
  facet 2370: (0,0) (0,1) (1,1) (1,2) (2,2) (3,2) (3,3) (4,3) (4,5) (4,6) (6,6)
  facet 2371: (0,0) (1,0) (1,1) (1,2) (2,2) (3,2) (3,3) (4,3) (4,5) (4,6) (6,6)
  facet 2372: (0,0) (0,1) (1,1) (2,1) (2,2) (3,2) (3,3) (4,3) (4,5) (4,6) (6,6)
  facet 2373: (0,0) (1,0) (1,1) (2,1) (2,2) (3,2) (3,3) (4,3) (4,5) (4,6) (6,6)
  facet 2374: (0,0) (1,0) (2,0) (2,1) (2,2) (3,2) (3,3) (4,3) (4,5) (4,6) (6,6)
  facet 2375: (0,0) (0,1) (1,1) (2,1) (3,1) (3,2) (3,3) (4,3) (4,5) (4,6) (6,6)
  facet 2376: (0,0) (1,0) (1,1) (2,1) (3,1) (3,2) (3,3) (4,3) (4,5) (4,6) (6,6)
  facet 2377: (0,0) (1,0) (2,0) (2,1) (3,1) (3,2) (3,3) (4,3) (4,5) (4,6) (6,6)
  facet 2378: (0,0) (1,0) (2,0) (3,0) (3,1) (3,2) (3,3) (4,3) (4,5) (4,6) (6,6)
  facet 2379: (0,0) (0,1) (0,2) (1,2) (2,2) (3,2) (4,2) (4,3) (4,5) (4,6) (6,6)
  facet 2380: (0,0) (0,1) (1,1) (1,2) (2,2) (3,2) (4,2) (4,3) (4,5) (4,6) (6,6)
  facet 2381: (0,0) (1,0) (1,1) (1,2) (2,2) (3,2) (4,2) (4,3) (4,5) (4,6) (6,6)
  facet 2382: (0,0) (0,1) (1,1) (2,1) (2,2) (3,2) (4,2) (4,3) (4,5) (4,6) (6,6)
  facet 2383: (0,0) (1,0) (1,1) (2,1) (2,2) (3,2) (4,2) (4,3) (4,5) (4,6) (6,6)
  facet 2384: (0,0) (1,0) (2,0) (2,1) (2,2) (3,2) (4,2) (4,3) (4,5) (4,6) (6,6)
  facet 2385: (0,0) (0,1) (1,1) (2,1) (3,1) (3,2) (4,2) (4,3) (4,5) (4,6) (6,6)
  facet 2386: (0,0) (1,0) (1,1) (2,1) (3,1) (3,2) (4,2) (4,3) (4,5) (4,6) (6,6)
  facet 2387: (0,0) (1,0) (2,0) (2,1) (3,1) (3,2) (4,2) (4,3) (4,5) (4,6) (6,6)
  facet 2388: (0,0) (1,0) (2,0) (3,0) (3,1) (3,2) (4,2) (4,3) (4,5) (4,6) (6,6)
  facet 2389: (0,0) (0,1) (1,1) (2,1) (3,1) (4,1) (4,2) (4,3) (4,5) (4,6) (6,6)
  facet 2390: (0,0) (1,0) (1,1) (2,1) (3,1) (4,1) (4,2) (4,3) (4,5) (4,6) (6,6)
  facet 2391: (0,0) (1,0) (2,0) (2,1) (3,1) (4,1) (4,2) (4,3) (4,5) (4,6) (6,6)
  facet 2392: (0,0) (1,0) (2,0) (3,0) (3,1) (4,1) (4,2) (4,3) (4,5) (4,6) (6,6)
  facet 2393: (0,0) (1,0) (2,0) (3,0) (4,0) (4,1) (4,2) (4,3) (4,5) (4,6) (6,6)
  facet 2394: (0,0) (0,1) (0,2) (0,3) (0,5) (1,5) (2,5) (3,5) (4,5) (6,5) (6,6)
  facet 2395: (0,0) (0,1) (0,2) (0,3) (1,3) (1,5) (2,5) (3,5) (4,5) (6,5) (6,6)
  facet 2396: (0,0) (0,1) (0,2) (1,2) (1,3) (1,5) (2,5) (3,5) (4,5) (6,5) (6,6)
  facet 2397: (0,0) (0,1) (1,1) (1,2) (1,3) (1,5) (2,5) (3,5) (4,5) (6,5) (6,6)
  facet 2398: (0,0) (1,0) (1,1) (1,2) (1,3) (1,5) (2,5) (3,5) (4,5) (6,5) (6,6)
  facet 2399: (0,0) (0,1) (0,2) (0,3) (1,3) (2,3) (2,5) (3,5) (4,5) (6,5) (6,6)
  facet 2400: (0,0) (0,1) (0,2) (1,2) (1,3) (2,3) (2,5) (3,5) (4,5) (6,5) (6,6)
  facet 2401: (0,0) (0,1) (1,1) (1,2) (1,3) (2,3) (2,5) (3,5) (4,5) (6,5) (6,6)
  facet 2402: (0,0) (1,0) (1,1) (1,2) (1,3) (2,3) (2,5) (3,5) (4,5) (6,5) (6,6)
  facet 2403: (0,0) (0,1) (0,2) (1,2) (2,2) (2,3) (2,5) (3,5) (4,5) (6,5) (6,6)
  facet 2404: (0,0) (0,1) (1,1) (1,2) (2,2) (2,3) (2,5) (3,5) (4,5) (6,5) (6,6)
  facet 2405: (0,0) (1,0) (1,1) (1,2) (2,2) (2,3) (2,5) (3,5) (4,5) (6,5) (6,6)
  facet 2406: (0,0) (0,1) (1,1) (2,1) (2,2) (2,3) (2,5) (3,5) (4,5) (6,5) (6,6)
  facet 2407: (0,0) (1,0) (1,1) (2,1) (2,2) (2,3) (2,5) (3,5) (4,5) (6,5) (6,6)
  facet 2408: (0,0) (1,0) (2,0) (2,1) (2,2) (2,3) (2,5) (3,5) (4,5) (6,5) (6,6)
  facet 2409: (0,0) (0,1) (0,2) (0,3) (1,3) (2,3) (3,3) (3,5) (4,5) (6,5) (6,6)
  facet 2410: (0,0) (0,1) (0,2) (1,2) (1,3) (2,3) (3,3) (3,5) (4,5) (6,5) (6,6)
  facet 2411: (0,0) (0,1) (1,1) (1,2) (1,3) (2,3) (3,3) (3,5) (4,5) (6,5) (6,6)
  facet 2412: (0,0) (1,0) (1,1) (1,2) (1,3) (2,3) (3,3) (3,5) (4,5) (6,5) (6,6)
  facet 2413: (0,0) (0,1) (0,2) (1,2) (2,2) (2,3) (3,3) (3,5) (4,5) (6,5) (6,6)
  facet 2414: (0,0) (0,1) (1,1) (1,2) (2,2) (2,3) (3,3) (3,5) (4,5) (6,5) (6,6)
  facet 2415: (0,0) (1,0) (1,1) (1,2) (2,2) (2,3) (3,3) (3,5) (4,5) (6,5) (6,6)
  facet 2416: (0,0) (0,1) (1,1) (2,1) (2,2) (2,3) (3,3) (3,5) (4,5) (6,5) (6,6)
  facet 2417: (0,0) (1,0) (1,1) (2,1) (2,2) (2,3) (3,3) (3,5) (4,5) (6,5) (6,6)
  facet 2418: (0,0) (1,0) (2,0) (2,1) (2,2) (2,3) (3,3) (3,5) (4,5) (6,5) (6,6)
  facet 2419: (0,0) (0,1) (0,2) (1,2) (2,2) (3,2) (3,3) (3,5) (4,5) (6,5) (6,6)
  facet 2420: (0,0) (0,1) (1,1) (1,2) (2,2) (3,2) (3,3) (3,5) (4,5) (6,5) (6,6)
  facet 2421: (0,0) (1,0) (1,1) (1,2) (2,2) (3,2) (3,3) (3,5) (4,5) (6,5) (6,6)
  facet 2422: (0,0) (0,1) (1,1) (2,1) (2,2) (3,2) (3,3) (3,5) (4,5) (6,5) (6,6)
  facet 2423: (0,0) (1,0) (1,1) (2,1) (2,2) (3,2) (3,3) (3,5) (4,5) (6,5) (6,6)
  facet 2424: (0,0) (1,0) (2,0) (2,1) (2,2) (3,2) (3,3) (3,5) (4,5) (6,5) (6,6)
  facet 2425: (0,0) (0,1) (1,1) (2,1) (3,1) (3,2) (3,3) (3,5) (4,5) (6,5) (6,6)
  facet 2426: (0,0) (1,0) (1,1) (2,1) (3,1) (3,2) (3,3) (3,5) (4,5) (6,5) (6,6)
  facet 2427: (0,0) (1,0) (2,0) (2,1) (3,1) (3,2) (3,3) (3,5) (4,5) (6,5) (6,6)
  facet 2428: (0,0) (1,0) (2,0) (3,0) (3,1) (3,2) (3,3) (3,5) (4,5) (6,5) (6,6)
  facet 2429: (0,0) (0,1) (0,2) (0,3) (1,3) (2,3) (3,3) (4,3) (4,5) (6,5) (6,6)
  facet 2430: (0,0) (0,1) (0,2) (1,2) (1,3) (2,3) (3,3) (4,3) (4,5) (6,5) (6,6)
  facet 2431: (0,0) (0,1) (1,1) (1,2) (1,3) (2,3) (3,3) (4,3) (4,5) (6,5) (6,6)
  facet 2432: (0,0) (1,0) (1,1) (1,2) (1,3) (2,3) (3,3) (4,3) (4,5) (6,5) (6,6)
  facet 2433: (0,0) (0,1) (0,2) (1,2) (2,2) (2,3) (3,3) (4,3) (4,5) (6,5) (6,6)
  facet 2434: (0,0) (0,1) (1,1) (1,2) (2,2) (2,3) (3,3) (4,3) (4,5) (6,5) (6,6)
  facet 2435: (0,0) (1,0) (1,1) (1,2) (2,2) (2,3) (3,3) (4,3) (4,5) (6,5) (6,6)
  facet 2436: (0,0) (0,1) (1,1) (2,1) (2,2) (2,3) (3,3) (4,3) (4,5) (6,5) (6,6)
  facet 2437: (0,0) (1,0) (1,1) (2,1) (2,2) (2,3) (3,3) (4,3) (4,5) (6,5) (6,6)
  facet 2438: (0,0) (1,0) (2,0) (2,1) (2,2) (2,3) (3,3) (4,3) (4,5) (6,5) (6,6)
  facet 2439: (0,0) (0,1) (0,2) (1,2) (2,2) (3,2) (3,3) (4,3) (4,5) (6,5) (6,6)
  facet 2440: (0,0) (0,1) (1,1) (1,2) (2,2) (3,2) (3,3) (4,3) (4,5) (6,5) (6,6)
  facet 2441: (0,0) (1,0) (1,1) (1,2) (2,2) (3,2) (3,3) (4,3) (4,5) (6,5) (6,6)
  facet 2442: (0,0) (0,1) (1,1) (2,1) (2,2) (3,2) (3,3) (4,3) (4,5) (6,5) (6,6)
  facet 2443: (0,0) (1,0) (1,1) (2,1) (2,2) (3,2) (3,3) (4,3) (4,5) (6,5) (6,6)
  facet 2444: (0,0) (1,0) (2,0) (2,1) (2,2) (3,2) (3,3) (4,3) (4,5) (6,5) (6,6)
  facet 2445: (0,0) (0,1) (1,1) (2,1) (3,1) (3,2) (3,3) (4,3) (4,5) (6,5) (6,6)
  facet 2446: (0,0) (1,0) (1,1) (2,1) (3,1) (3,2) (3,3) (4,3) (4,5) (6,5) (6,6)
  facet 2447: (0,0) (1,0) (2,0) (2,1) (3,1) (3,2) (3,3) (4,3) (4,5) (6,5) (6,6)
  facet 2448: (0,0) (1,0) (2,0) (3,0) (3,1) (3,2) (3,3) (4,3) (4,5) (6,5) (6,6)
  facet 2449: (0,0) (0,1) (0,2) (1,2) (2,2) (3,2) (4,2) (4,3) (4,5) (6,5) (6,6)
  facet 2450: (0,0) (0,1) (1,1) (1,2) (2,2) (3,2) (4,2) (4,3) (4,5) (6,5) (6,6)
  facet 2451: (0,0) (1,0) (1,1) (1,2) (2,2) (3,2) (4,2) (4,3) (4,5) (6,5) (6,6)
  facet 2452: (0,0) (0,1) (1,1) (2,1) (2,2) (3,2) (4,2) (4,3) (4,5) (6,5) (6,6)
  facet 2453: (0,0) (1,0) (1,1) (2,1) (2,2) (3,2) (4,2) (4,3) (4,5) (6,5) (6,6)
  facet 2454: (0,0) (1,0) (2,0) (2,1) (2,2) (3,2) (4,2) (4,3) (4,5) (6,5) (6,6)
  facet 2455: (0,0) (0,1) (1,1) (2,1) (3,1) (3,2) (4,2) (4,3) (4,5) (6,5) (6,6)
  facet 2456: (0,0) (1,0) (1,1) (2,1) (3,1) (3,2) (4,2) (4,3) (4,5) (6,5) (6,6)
  facet 2457: (0,0) (1,0) (2,0) (2,1) (3,1) (3,2) (4,2) (4,3) (4,5) (6,5) (6,6)
  facet 2458: (0,0) (1,0) (2,0) (3,0) (3,1) (3,2) (4,2) (4,3) (4,5) (6,5) (6,6)
  facet 2459: (0,0) (0,1) (1,1) (2,1) (3,1) (4,1) (4,2) (4,3) (4,5) (6,5) (6,6)
  facet 2460: (0,0) (1,0) (1,1) (2,1) (3,1) (4,1) (4,2) (4,3) (4,5) (6,5) (6,6)
  facet 2461: (0,0) (1,0) (2,0) (2,1) (3,1) (4,1) (4,2) (4,3) (4,5) (6,5) (6,6)
  facet 2462: (0,0) (1,0) (2,0) (3,0) (3,1) (4,1) (4,2) (4,3) (4,5) (6,5) (6,6)
  facet 2463: (0,0) (1,0) (2,0) (3,0) (4,0) (4,1) (4,2) (4,3) (4,5) (6,5) (6,6)
  facet 2464: (0,0) (0,1) (0,2) (0,3) (1,3) (2,3) (3,3) (4,3) (6,3) (6,5) (6,6)
  facet 2465: (0,0) (0,1) (0,2) (1,2) (1,3) (2,3) (3,3) (4,3) (6,3) (6,5) (6,6)
  facet 2466: (0,0) (0,1) (1,1) (1,2) (1,3) (2,3) (3,3) (4,3) (6,3) (6,5) (6,6)
  facet 2467: (0,0) (1,0) (1,1) (1,2) (1,3) (2,3) (3,3) (4,3) (6,3) (6,5) (6,6)
  facet 2468: (0,0) (0,1) (0,2) (1,2) (2,2) (2,3) (3,3) (4,3) (6,3) (6,5) (6,6)
  facet 2469: (0,0) (0,1) (1,1) (1,2) (2,2) (2,3) (3,3) (4,3) (6,3) (6,5) (6,6)
  facet 2470: (0,0) (1,0) (1,1) (1,2) (2,2) (2,3) (3,3) (4,3) (6,3) (6,5) (6,6)
  facet 2471: (0,0) (0,1) (1,1) (2,1) (2,2) (2,3) (3,3) (4,3) (6,3) (6,5) (6,6)
  facet 2472: (0,0) (1,0) (1,1) (2,1) (2,2) (2,3) (3,3) (4,3) (6,3) (6,5) (6,6)
  facet 2473: (0,0) (1,0) (2,0) (2,1) (2,2) (2,3) (3,3) (4,3) (6,3) (6,5) (6,6)
  facet 2474: (0,0) (0,1) (0,2) (1,2) (2,2) (3,2) (3,3) (4,3) (6,3) (6,5) (6,6)
  facet 2475: (0,0) (0,1) (1,1) (1,2) (2,2) (3,2) (3,3) (4,3) (6,3) (6,5) (6,6)
  facet 2476: (0,0) (1,0) (1,1) (1,2) (2,2) (3,2) (3,3) (4,3) (6,3) (6,5) (6,6)
  facet 2477: (0,0) (0,1) (1,1) (2,1) (2,2) (3,2) (3,3) (4,3) (6,3) (6,5) (6,6)
  facet 2478: (0,0) (1,0) (1,1) (2,1) (2,2) (3,2) (3,3) (4,3) (6,3) (6,5) (6,6)
  facet 2479: (0,0) (1,0) (2,0) (2,1) (2,2) (3,2) (3,3) (4,3) (6,3) (6,5) (6,6)
  facet 2480: (0,0) (0,1) (1,1) (2,1) (3,1) (3,2) (3,3) (4,3) (6,3) (6,5) (6,6)
  facet 2481: (0,0) (1,0) (1,1) (2,1) (3,1) (3,2) (3,3) (4,3) (6,3) (6,5) (6,6)
  facet 2482: (0,0) (1,0) (2,0) (2,1) (3,1) (3,2) (3,3) (4,3) (6,3) (6,5) (6,6)
  facet 2483: (0,0) (1,0) (2,0) (3,0) (3,1) (3,2) (3,3) (4,3) (6,3) (6,5) (6,6)
  facet 2484: (0,0) (0,1) (0,2) (1,2) (2,2) (3,2) (4,2) (4,3) (6,3) (6,5) (6,6)
  facet 2485: (0,0) (0,1) (1,1) (1,2) (2,2) (3,2) (4,2) (4,3) (6,3) (6,5) (6,6)
  facet 2486: (0,0) (1,0) (1,1) (1,2) (2,2) (3,2) (4,2) (4,3) (6,3) (6,5) (6,6)
  facet 2487: (0,0) (0,1) (1,1) (2,1) (2,2) (3,2) (4,2) (4,3) (6,3) (6,5) (6,6)
  facet 2488: (0,0) (1,0) (1,1) (2,1) (2,2) (3,2) (4,2) (4,3) (6,3) (6,5) (6,6)
  facet 2489: (0,0) (1,0) (2,0) (2,1) (2,2) (3,2) (4,2) (4,3) (6,3) (6,5) (6,6)
  facet 2490: (0,0) (0,1) (1,1) (2,1) (3,1) (3,2) (4,2) (4,3) (6,3) (6,5) (6,6)
  facet 2491: (0,0) (1,0) (1,1) (2,1) (3,1) (3,2) (4,2) (4,3) (6,3) (6,5) (6,6)
  facet 2492: (0,0) (1,0) (2,0) (2,1) (3,1) (3,2) (4,2) (4,3) (6,3) (6,5) (6,6)
  facet 2493: (0,0) (1,0) (2,0) (3,0) (3,1) (3,2) (4,2) (4,3) (6,3) (6,5) (6,6)
  facet 2494: (0,0) (0,1) (1,1) (2,1) (3,1) (4,1) (4,2) (4,3) (6,3) (6,5) (6,6)
  facet 2495: (0,0) (1,0) (1,1) (2,1) (3,1) (4,1) (4,2) (4,3) (6,3) (6,5) (6,6)
  facet 2496: (0,0) (1,0) (2,0) (2,1) (3,1) (4,1) (4,2) (4,3) (6,3) (6,5) (6,6)
  facet 2497: (0,0) (1,0) (2,0) (3,0) (3,1) (4,1) (4,2) (4,3) (6,3) (6,5) (6,6)
  facet 2498: (0,0) (1,0) (2,0) (3,0) (4,0) (4,1) (4,2) (4,3) (6,3) (6,5) (6,6)
  facet 2499: (0,0) (0,1) (0,2) (1,2) (2,2) (3,2) (4,2) (6,2) (6,3) (6,5) (6,6)
  facet 2500: (0,0) (0,1) (1,1) (1,2) (2,2) (3,2) (4,2) (6,2) (6,3) (6,5) (6,6)
  facet 2501: (0,0) (1,0) (1,1) (1,2) (2,2) (3,2) (4,2) (6,2) (6,3) (6,5) (6,6)
  facet 2502: (0,0) (0,1) (1,1) (2,1) (2,2) (3,2) (4,2) (6,2) (6,3) (6,5) (6,6)
  facet 2503: (0,0) (1,0) (1,1) (2,1) (2,2) (3,2) (4,2) (6,2) (6,3) (6,5) (6,6)
  facet 2504: (0,0) (1,0) (2,0) (2,1) (2,2) (3,2) (4,2) (6,2) (6,3) (6,5) (6,6)
  facet 2505: (0,0) (0,1) (1,1) (2,1) (3,1) (3,2) (4,2) (6,2) (6,3) (6,5) (6,6)
  facet 2506: (0,0) (1,0) (1,1) (2,1) (3,1) (3,2) (4,2) (6,2) (6,3) (6,5) (6,6)
  facet 2507: (0,0) (1,0) (2,0) (2,1) (3,1) (3,2) (4,2) (6,2) (6,3) (6,5) (6,6)
  facet 2508: (0,0) (1,0) (2,0) (3,0) (3,1) (3,2) (4,2) (6,2) (6,3) (6,5) (6,6)
  facet 2509: (0,0) (0,1) (1,1) (2,1) (3,1) (4,1) (4,2) (6,2) (6,3) (6,5) (6,6)
  facet 2510: (0,0) (1,0) (1,1) (2,1) (3,1) (4,1) (4,2) (6,2) (6,3) (6,5) (6,6)
  facet 2511: (0,0) (1,0) (2,0) (2,1) (3,1) (4,1) (4,2) (6,2) (6,3) (6,5) (6,6)
  facet 2512: (0,0) (1,0) (2,0) (3,0) (3,1) (4,1) (4,2) (6,2) (6,3) (6,5) (6,6)
  facet 2513: (0,0) (1,0) (2,0) (3,0) (4,0) (4,1) (4,2) (6,2) (6,3) (6,5) (6,6)
  facet 2514: (0,0) (0,1) (1,1) (2,1) (3,1) (4,1) (6,1) (6,2) (6,3) (6,5) (6,6)
  facet 2515: (0,0) (1,0) (1,1) (2,1) (3,1) (4,1) (6,1) (6,2) (6,3) (6,5) (6,6)
  facet 2516: (0,0) (1,0) (2,0) (2,1) (3,1) (4,1) (6,1) (6,2) (6,3) (6,5) (6,6)
  facet 2517: (0,0) (1,0) (2,0) (3,0) (3,1) (4,1) (6,1) (6,2) (6,3) (6,5) (6,6)
  facet 2518: (0,0) (1,0) (2,0) (3,0) (4,0) (4,1) (6,1) (6,2) (6,3) (6,5) (6,6)
  facet 2519: (0,0) (1,0) (2,0) (3,0) (4,0) (6,0) (6,1) (6,2) (6,3) (6,5) (6,6)
  facet 2520: (0,0) (0,1) (0,2) (0,4) (0,5) (0,6) (1,6) (2,6) (3,6) (4,6) (6,6)
  facet 2521: (0,0) (0,1) (0,2) (0,4) (0,5) (1,5) (1,6) (2,6) (3,6) (4,6) (6,6)
  facet 2522: (0,0) (0,1) (0,2) (0,4) (1,4) (1,5) (1,6) (2,6) (3,6) (4,6) (6,6)
  facet 2523: (0,0) (0,1) (0,2) (1,2) (1,4) (1,5) (1,6) (2,6) (3,6) (4,6) (6,6)
  facet 2524: (0,0) (0,1) (1,1) (1,2) (1,4) (1,5) (1,6) (2,6) (3,6) (4,6) (6,6)
  facet 2525: (0,0) (1,0) (1,1) (1,2) (1,4) (1,5) (1,6) (2,6) (3,6) (4,6) (6,6)
  facet 2526: (0,0) (0,1) (0,2) (0,4) (0,5) (1,5) (2,5) (2,6) (3,6) (4,6) (6,6)
  facet 2527: (0,0) (0,1) (0,2) (0,4) (1,4) (1,5) (2,5) (2,6) (3,6) (4,6) (6,6)
  facet 2528: (0,0) (0,1) (0,2) (1,2) (1,4) (1,5) (2,5) (2,6) (3,6) (4,6) (6,6)
  facet 2529: (0,0) (0,1) (1,1) (1,2) (1,4) (1,5) (2,5) (2,6) (3,6) (4,6) (6,6)
  facet 2530: (0,0) (1,0) (1,1) (1,2) (1,4) (1,5) (2,5) (2,6) (3,6) (4,6) (6,6)
  facet 2531: (0,0) (0,1) (0,2) (0,4) (1,4) (2,4) (2,5) (2,6) (3,6) (4,6) (6,6)
  facet 2532: (0,0) (0,1) (0,2) (1,2) (1,4) (2,4) (2,5) (2,6) (3,6) (4,6) (6,6)
  facet 2533: (0,0) (0,1) (1,1) (1,2) (1,4) (2,4) (2,5) (2,6) (3,6) (4,6) (6,6)
  facet 2534: (0,0) (1,0) (1,1) (1,2) (1,4) (2,4) (2,5) (2,6) (3,6) (4,6) (6,6)
  facet 2535: (0,0) (0,1) (0,2) (1,2) (2,2) (2,4) (2,5) (2,6) (3,6) (4,6) (6,6)
  facet 2536: (0,0) (0,1) (1,1) (1,2) (2,2) (2,4) (2,5) (2,6) (3,6) (4,6) (6,6)
  facet 2537: (0,0) (1,0) (1,1) (1,2) (2,2) (2,4) (2,5) (2,6) (3,6) (4,6) (6,6)
  facet 2538: (0,0) (0,1) (1,1) (2,1) (2,2) (2,4) (2,5) (2,6) (3,6) (4,6) (6,6)
  facet 2539: (0,0) (1,0) (1,1) (2,1) (2,2) (2,4) (2,5) (2,6) (3,6) (4,6) (6,6)
  facet 2540: (0,0) (1,0) (2,0) (2,1) (2,2) (2,4) (2,5) (2,6) (3,6) (4,6) (6,6)
  facet 2541: (0,0) (0,1) (0,2) (0,4) (0,5) (1,5) (2,5) (3,5) (3,6) (4,6) (6,6)
  facet 2542: (0,0) (0,1) (0,2) (0,4) (1,4) (1,5) (2,5) (3,5) (3,6) (4,6) (6,6)
  facet 2543: (0,0) (0,1) (0,2) (1,2) (1,4) (1,5) (2,5) (3,5) (3,6) (4,6) (6,6)
  facet 2544: (0,0) (0,1) (1,1) (1,2) (1,4) (1,5) (2,5) (3,5) (3,6) (4,6) (6,6)
  facet 2545: (0,0) (1,0) (1,1) (1,2) (1,4) (1,5) (2,5) (3,5) (3,6) (4,6) (6,6)
  facet 2546: (0,0) (0,1) (0,2) (0,4) (1,4) (2,4) (2,5) (3,5) (3,6) (4,6) (6,6)
  facet 2547: (0,0) (0,1) (0,2) (1,2) (1,4) (2,4) (2,5) (3,5) (3,6) (4,6) (6,6)
  facet 2548: (0,0) (0,1) (1,1) (1,2) (1,4) (2,4) (2,5) (3,5) (3,6) (4,6) (6,6)
  facet 2549: (0,0) (1,0) (1,1) (1,2) (1,4) (2,4) (2,5) (3,5) (3,6) (4,6) (6,6)
  facet 2550: (0,0) (0,1) (0,2) (1,2) (2,2) (2,4) (2,5) (3,5) (3,6) (4,6) (6,6)
  facet 2551: (0,0) (0,1) (1,1) (1,2) (2,2) (2,4) (2,5) (3,5) (3,6) (4,6) (6,6)
  facet 2552: (0,0) (1,0) (1,1) (1,2) (2,2) (2,4) (2,5) (3,5) (3,6) (4,6) (6,6)
  facet 2553: (0,0) (0,1) (1,1) (2,1) (2,2) (2,4) (2,5) (3,5) (3,6) (4,6) (6,6)
  facet 2554: (0,0) (1,0) (1,1) (2,1) (2,2) (2,4) (2,5) (3,5) (3,6) (4,6) (6,6)
  facet 2555: (0,0) (1,0) (2,0) (2,1) (2,2) (2,4) (2,5) (3,5) (3,6) (4,6) (6,6)
  facet 2556: (0,0) (0,1) (0,2) (0,4) (1,4) (2,4) (3,4) (3,5) (3,6) (4,6) (6,6)
  facet 2557: (0,0) (0,1) (0,2) (1,2) (1,4) (2,4) (3,4) (3,5) (3,6) (4,6) (6,6)
  facet 2558: (0,0) (0,1) (1,1) (1,2) (1,4) (2,4) (3,4) (3,5) (3,6) (4,6) (6,6)
  facet 2559: (0,0) (1,0) (1,1) (1,2) (1,4) (2,4) (3,4) (3,5) (3,6) (4,6) (6,6)
  facet 2560: (0,0) (0,1) (0,2) (1,2) (2,2) (2,4) (3,4) (3,5) (3,6) (4,6) (6,6)
  facet 2561: (0,0) (0,1) (1,1) (1,2) (2,2) (2,4) (3,4) (3,5) (3,6) (4,6) (6,6)
  facet 2562: (0,0) (1,0) (1,1) (1,2) (2,2) (2,4) (3,4) (3,5) (3,6) (4,6) (6,6)
  facet 2563: (0,0) (0,1) (1,1) (2,1) (2,2) (2,4) (3,4) (3,5) (3,6) (4,6) (6,6)
  facet 2564: (0,0) (1,0) (1,1) (2,1) (2,2) (2,4) (3,4) (3,5) (3,6) (4,6) (6,6)
  facet 2565: (0,0) (1,0) (2,0) (2,1) (2,2) (2,4) (3,4) (3,5) (3,6) (4,6) (6,6)
  facet 2566: (0,0) (0,1) (0,2) (1,2) (2,2) (3,2) (3,4) (3,5) (3,6) (4,6) (6,6)
  facet 2567: (0,0) (0,1) (1,1) (1,2) (2,2) (3,2) (3,4) (3,5) (3,6) (4,6) (6,6)
  facet 2568: (0,0) (1,0) (1,1) (1,2) (2,2) (3,2) (3,4) (3,5) (3,6) (4,6) (6,6)
  facet 2569: (0,0) (0,1) (1,1) (2,1) (2,2) (3,2) (3,4) (3,5) (3,6) (4,6) (6,6)
  facet 2570: (0,0) (1,0) (1,1) (2,1) (2,2) (3,2) (3,4) (3,5) (3,6) (4,6) (6,6)
  facet 2571: (0,0) (1,0) (2,0) (2,1) (2,2) (3,2) (3,4) (3,5) (3,6) (4,6) (6,6)
  facet 2572: (0,0) (0,1) (1,1) (2,1) (3,1) (3,2) (3,4) (3,5) (3,6) (4,6) (6,6)
  facet 2573: (0,0) (1,0) (1,1) (2,1) (3,1) (3,2) (3,4) (3,5) (3,6) (4,6) (6,6)
  facet 2574: (0,0) (1,0) (2,0) (2,1) (3,1) (3,2) (3,4) (3,5) (3,6) (4,6) (6,6)
  facet 2575: (0,0) (1,0) (2,0) (3,0) (3,1) (3,2) (3,4) (3,5) (3,6) (4,6) (6,6)
  facet 2576: (0,0) (0,1) (0,2) (0,4) (0,5) (1,5) (2,5) (3,5) (4,5) (4,6) (6,6)
  facet 2577: (0,0) (0,1) (0,2) (0,4) (1,4) (1,5) (2,5) (3,5) (4,5) (4,6) (6,6)
  facet 2578: (0,0) (0,1) (0,2) (1,2) (1,4) (1,5) (2,5) (3,5) (4,5) (4,6) (6,6)
  facet 2579: (0,0) (0,1) (1,1) (1,2) (1,4) (1,5) (2,5) (3,5) (4,5) (4,6) (6,6)
  facet 2580: (0,0) (1,0) (1,1) (1,2) (1,4) (1,5) (2,5) (3,5) (4,5) (4,6) (6,6)
  facet 2581: (0,0) (0,1) (0,2) (0,4) (1,4) (2,4) (2,5) (3,5) (4,5) (4,6) (6,6)
  facet 2582: (0,0) (0,1) (0,2) (1,2) (1,4) (2,4) (2,5) (3,5) (4,5) (4,6) (6,6)
  facet 2583: (0,0) (0,1) (1,1) (1,2) (1,4) (2,4) (2,5) (3,5) (4,5) (4,6) (6,6)
  facet 2584: (0,0) (1,0) (1,1) (1,2) (1,4) (2,4) (2,5) (3,5) (4,5) (4,6) (6,6)
  facet 2585: (0,0) (0,1) (0,2) (1,2) (2,2) (2,4) (2,5) (3,5) (4,5) (4,6) (6,6)
  facet 2586: (0,0) (0,1) (1,1) (1,2) (2,2) (2,4) (2,5) (3,5) (4,5) (4,6) (6,6)
  facet 2587: (0,0) (1,0) (1,1) (1,2) (2,2) (2,4) (2,5) (3,5) (4,5) (4,6) (6,6)
  facet 2588: (0,0) (0,1) (1,1) (2,1) (2,2) (2,4) (2,5) (3,5) (4,5) (4,6) (6,6)
  facet 2589: (0,0) (1,0) (1,1) (2,1) (2,2) (2,4) (2,5) (3,5) (4,5) (4,6) (6,6)
  facet 2590: (0,0) (1,0) (2,0) (2,1) (2,2) (2,4) (2,5) (3,5) (4,5) (4,6) (6,6)
  facet 2591: (0,0) (0,1) (0,2) (0,4) (1,4) (2,4) (3,4) (3,5) (4,5) (4,6) (6,6)
  facet 2592: (0,0) (0,1) (0,2) (1,2) (1,4) (2,4) (3,4) (3,5) (4,5) (4,6) (6,6)
  facet 2593: (0,0) (0,1) (1,1) (1,2) (1,4) (2,4) (3,4) (3,5) (4,5) (4,6) (6,6)
  facet 2594: (0,0) (1,0) (1,1) (1,2) (1,4) (2,4) (3,4) (3,5) (4,5) (4,6) (6,6)
  facet 2595: (0,0) (0,1) (0,2) (1,2) (2,2) (2,4) (3,4) (3,5) (4,5) (4,6) (6,6)
  facet 2596: (0,0) (0,1) (1,1) (1,2) (2,2) (2,4) (3,4) (3,5) (4,5) (4,6) (6,6)
  facet 2597: (0,0) (1,0) (1,1) (1,2) (2,2) (2,4) (3,4) (3,5) (4,5) (4,6) (6,6)
  facet 2598: (0,0) (0,1) (1,1) (2,1) (2,2) (2,4) (3,4) (3,5) (4,5) (4,6) (6,6)
  facet 2599: (0,0) (1,0) (1,1) (2,1) (2,2) (2,4) (3,4) (3,5) (4,5) (4,6) (6,6)
  facet 2600: (0,0) (1,0) (2,0) (2,1) (2,2) (2,4) (3,4) (3,5) (4,5) (4,6) (6,6)
  facet 2601: (0,0) (0,1) (0,2) (1,2) (2,2) (3,2) (3,4) (3,5) (4,5) (4,6) (6,6)
  facet 2602: (0,0) (0,1) (1,1) (1,2) (2,2) (3,2) (3,4) (3,5) (4,5) (4,6) (6,6)
  facet 2603: (0,0) (1,0) (1,1) (1,2) (2,2) (3,2) (3,4) (3,5) (4,5) (4,6) (6,6)
  facet 2604: (0,0) (0,1) (1,1) (2,1) (2,2) (3,2) (3,4) (3,5) (4,5) (4,6) (6,6)
  facet 2605: (0,0) (1,0) (1,1) (2,1) (2,2) (3,2) (3,4) (3,5) (4,5) (4,6) (6,6)
  facet 2606: (0,0) (1,0) (2,0) (2,1) (2,2) (3,2) (3,4) (3,5) (4,5) (4,6) (6,6)
  facet 2607: (0,0) (0,1) (1,1) (2,1) (3,1) (3,2) (3,4) (3,5) (4,5) (4,6) (6,6)
  facet 2608: (0,0) (1,0) (1,1) (2,1) (3,1) (3,2) (3,4) (3,5) (4,5) (4,6) (6,6)
  facet 2609: (0,0) (1,0) (2,0) (2,1) (3,1) (3,2) (3,4) (3,5) (4,5) (4,6) (6,6)
  facet 2610: (0,0) (1,0) (2,0) (3,0) (3,1) (3,2) (3,4) (3,5) (4,5) (4,6) (6,6)
  facet 2611: (0,0) (0,1) (0,2) (0,4) (1,4) (2,4) (3,4) (4,4) (4,5) (4,6) (6,6)
  facet 2612: (0,0) (0,1) (0,2) (1,2) (1,4) (2,4) (3,4) (4,4) (4,5) (4,6) (6,6)
  facet 2613: (0,0) (0,1) (1,1) (1,2) (1,4) (2,4) (3,4) (4,4) (4,5) (4,6) (6,6)
  facet 2614: (0,0) (1,0) (1,1) (1,2) (1,4) (2,4) (3,4) (4,4) (4,5) (4,6) (6,6)
  facet 2615: (0,0) (0,1) (0,2) (1,2) (2,2) (2,4) (3,4) (4,4) (4,5) (4,6) (6,6)
  facet 2616: (0,0) (0,1) (1,1) (1,2) (2,2) (2,4) (3,4) (4,4) (4,5) (4,6) (6,6)
  facet 2617: (0,0) (1,0) (1,1) (1,2) (2,2) (2,4) (3,4) (4,4) (4,5) (4,6) (6,6)
  facet 2618: (0,0) (0,1) (1,1) (2,1) (2,2) (2,4) (3,4) (4,4) (4,5) (4,6) (6,6)
  facet 2619: (0,0) (1,0) (1,1) (2,1) (2,2) (2,4) (3,4) (4,4) (4,5) (4,6) (6,6)
  facet 2620: (0,0) (1,0) (2,0) (2,1) (2,2) (2,4) (3,4) (4,4) (4,5) (4,6) (6,6)
  facet 2621: (0,0) (0,1) (0,2) (1,2) (2,2) (3,2) (3,4) (4,4) (4,5) (4,6) (6,6)
  facet 2622: (0,0) (0,1) (1,1) (1,2) (2,2) (3,2) (3,4) (4,4) (4,5) (4,6) (6,6)
  facet 2623: (0,0) (1,0) (1,1) (1,2) (2,2) (3,2) (3,4) (4,4) (4,5) (4,6) (6,6)
  facet 2624: (0,0) (0,1) (1,1) (2,1) (2,2) (3,2) (3,4) (4,4) (4,5) (4,6) (6,6)
  facet 2625: (0,0) (1,0) (1,1) (2,1) (2,2) (3,2) (3,4) (4,4) (4,5) (4,6) (6,6)
  facet 2626: (0,0) (1,0) (2,0) (2,1) (2,2) (3,2) (3,4) (4,4) (4,5) (4,6) (6,6)
  facet 2627: (0,0) (0,1) (1,1) (2,1) (3,1) (3,2) (3,4) (4,4) (4,5) (4,6) (6,6)
  facet 2628: (0,0) (1,0) (1,1) (2,1) (3,1) (3,2) (3,4) (4,4) (4,5) (4,6) (6,6)
  facet 2629: (0,0) (1,0) (2,0) (2,1) (3,1) (3,2) (3,4) (4,4) (4,5) (4,6) (6,6)
  facet 2630: (0,0) (1,0) (2,0) (3,0) (3,1) (3,2) (3,4) (4,4) (4,5) (4,6) (6,6)
  facet 2631: (0,0) (0,1) (0,2) (1,2) (2,2) (3,2) (4,2) (4,4) (4,5) (4,6) (6,6)
  facet 2632: (0,0) (0,1) (1,1) (1,2) (2,2) (3,2) (4,2) (4,4) (4,5) (4,6) (6,6)
  facet 2633: (0,0) (1,0) (1,1) (1,2) (2,2) (3,2) (4,2) (4,4) (4,5) (4,6) (6,6)
  facet 2634: (0,0) (0,1) (1,1) (2,1) (2,2) (3,2) (4,2) (4,4) (4,5) (4,6) (6,6)
  facet 2635: (0,0) (1,0) (1,1) (2,1) (2,2) (3,2) (4,2) (4,4) (4,5) (4,6) (6,6)
  facet 2636: (0,0) (1,0) (2,0) (2,1) (2,2) (3,2) (4,2) (4,4) (4,5) (4,6) (6,6)
  facet 2637: (0,0) (0,1) (1,1) (2,1) (3,1) (3,2) (4,2) (4,4) (4,5) (4,6) (6,6)
  facet 2638: (0,0) (1,0) (1,1) (2,1) (3,1) (3,2) (4,2) (4,4) (4,5) (4,6) (6,6)
  facet 2639: (0,0) (1,0) (2,0) (2,1) (3,1) (3,2) (4,2) (4,4) (4,5) (4,6) (6,6)
  facet 2640: (0,0) (1,0) (2,0) (3,0) (3,1) (3,2) (4,2) (4,4) (4,5) (4,6) (6,6)
  facet 2641: (0,0) (0,1) (1,1) (2,1) (3,1) (4,1) (4,2) (4,4) (4,5) (4,6) (6,6)
  facet 2642: (0,0) (1,0) (1,1) (2,1) (3,1) (4,1) (4,2) (4,4) (4,5) (4,6) (6,6)
  facet 2643: (0,0) (1,0) (2,0) (2,1) (3,1) (4,1) (4,2) (4,4) (4,5) (4,6) (6,6)
  facet 2644: (0,0) (1,0) (2,0) (3,0) (3,1) (4,1) (4,2) (4,4) (4,5) (4,6) (6,6)
  facet 2645: (0,0) (1,0) (2,0) (3,0) (4,0) (4,1) (4,2) (4,4) (4,5) (4,6) (6,6)
  facet 2646: (0,0) (0,1) (0,2) (0,4) (0,5) (1,5) (2,5) (3,5) (4,5) (6,5) (6,6)
  facet 2647: (0,0) (0,1) (0,2) (0,4) (1,4) (1,5) (2,5) (3,5) (4,5) (6,5) (6,6)
  facet 2648: (0,0) (0,1) (0,2) (1,2) (1,4) (1,5) (2,5) (3,5) (4,5) (6,5) (6,6)
  facet 2649: (0,0) (0,1) (1,1) (1,2) (1,4) (1,5) (2,5) (3,5) (4,5) (6,5) (6,6)
  facet 2650: (0,0) (1,0) (1,1) (1,2) (1,4) (1,5) (2,5) (3,5) (4,5) (6,5) (6,6)
  facet 2651: (0,0) (0,1) (0,2) (0,4) (1,4) (2,4) (2,5) (3,5) (4,5) (6,5) (6,6)
  facet 2652: (0,0) (0,1) (0,2) (1,2) (1,4) (2,4) (2,5) (3,5) (4,5) (6,5) (6,6)
  facet 2653: (0,0) (0,1) (1,1) (1,2) (1,4) (2,4) (2,5) (3,5) (4,5) (6,5) (6,6)
  facet 2654: (0,0) (1,0) (1,1) (1,2) (1,4) (2,4) (2,5) (3,5) (4,5) (6,5) (6,6)
  facet 2655: (0,0) (0,1) (0,2) (1,2) (2,2) (2,4) (2,5) (3,5) (4,5) (6,5) (6,6)
  facet 2656: (0,0) (0,1) (1,1) (1,2) (2,2) (2,4) (2,5) (3,5) (4,5) (6,5) (6,6)
  facet 2657: (0,0) (1,0) (1,1) (1,2) (2,2) (2,4) (2,5) (3,5) (4,5) (6,5) (6,6)
  facet 2658: (0,0) (0,1) (1,1) (2,1) (2,2) (2,4) (2,5) (3,5) (4,5) (6,5) (6,6)
  facet 2659: (0,0) (1,0) (1,1) (2,1) (2,2) (2,4) (2,5) (3,5) (4,5) (6,5) (6,6)
  facet 2660: (0,0) (1,0) (2,0) (2,1) (2,2) (2,4) (2,5) (3,5) (4,5) (6,5) (6,6)
  facet 2661: (0,0) (0,1) (0,2) (0,4) (1,4) (2,4) (3,4) (3,5) (4,5) (6,5) (6,6)
  facet 2662: (0,0) (0,1) (0,2) (1,2) (1,4) (2,4) (3,4) (3,5) (4,5) (6,5) (6,6)
  facet 2663: (0,0) (0,1) (1,1) (1,2) (1,4) (2,4) (3,4) (3,5) (4,5) (6,5) (6,6)
  facet 2664: (0,0) (1,0) (1,1) (1,2) (1,4) (2,4) (3,4) (3,5) (4,5) (6,5) (6,6)
  facet 2665: (0,0) (0,1) (0,2) (1,2) (2,2) (2,4) (3,4) (3,5) (4,5) (6,5) (6,6)
  facet 2666: (0,0) (0,1) (1,1) (1,2) (2,2) (2,4) (3,4) (3,5) (4,5) (6,5) (6,6)
  facet 2667: (0,0) (1,0) (1,1) (1,2) (2,2) (2,4) (3,4) (3,5) (4,5) (6,5) (6,6)
  facet 2668: (0,0) (0,1) (1,1) (2,1) (2,2) (2,4) (3,4) (3,5) (4,5) (6,5) (6,6)
  facet 2669: (0,0) (1,0) (1,1) (2,1) (2,2) (2,4) (3,4) (3,5) (4,5) (6,5) (6,6)
  facet 2670: (0,0) (1,0) (2,0) (2,1) (2,2) (2,4) (3,4) (3,5) (4,5) (6,5) (6,6)
  facet 2671: (0,0) (0,1) (0,2) (1,2) (2,2) (3,2) (3,4) (3,5) (4,5) (6,5) (6,6)
  facet 2672: (0,0) (0,1) (1,1) (1,2) (2,2) (3,2) (3,4) (3,5) (4,5) (6,5) (6,6)
  facet 2673: (0,0) (1,0) (1,1) (1,2) (2,2) (3,2) (3,4) (3,5) (4,5) (6,5) (6,6)
  facet 2674: (0,0) (0,1) (1,1) (2,1) (2,2) (3,2) (3,4) (3,5) (4,5) (6,5) (6,6)
  facet 2675: (0,0) (1,0) (1,1) (2,1) (2,2) (3,2) (3,4) (3,5) (4,5) (6,5) (6,6)
  facet 2676: (0,0) (1,0) (2,0) (2,1) (2,2) (3,2) (3,4) (3,5) (4,5) (6,5) (6,6)
  facet 2677: (0,0) (0,1) (1,1) (2,1) (3,1) (3,2) (3,4) (3,5) (4,5) (6,5) (6,6)
  facet 2678: (0,0) (1,0) (1,1) (2,1) (3,1) (3,2) (3,4) (3,5) (4,5) (6,5) (6,6)
  facet 2679: (0,0) (1,0) (2,0) (2,1) (3,1) (3,2) (3,4) (3,5) (4,5) (6,5) (6,6)
  facet 2680: (0,0) (1,0) (2,0) (3,0) (3,1) (3,2) (3,4) (3,5) (4,5) (6,5) (6,6)
  facet 2681: (0,0) (0,1) (0,2) (0,4) (1,4) (2,4) (3,4) (4,4) (4,5) (6,5) (6,6)
  facet 2682: (0,0) (0,1) (0,2) (1,2) (1,4) (2,4) (3,4) (4,4) (4,5) (6,5) (6,6)
  facet 2683: (0,0) (0,1) (1,1) (1,2) (1,4) (2,4) (3,4) (4,4) (4,5) (6,5) (6,6)
  facet 2684: (0,0) (1,0) (1,1) (1,2) (1,4) (2,4) (3,4) (4,4) (4,5) (6,5) (6,6)
  facet 2685: (0,0) (0,1) (0,2) (1,2) (2,2) (2,4) (3,4) (4,4) (4,5) (6,5) (6,6)
  facet 2686: (0,0) (0,1) (1,1) (1,2) (2,2) (2,4) (3,4) (4,4) (4,5) (6,5) (6,6)
  facet 2687: (0,0) (1,0) (1,1) (1,2) (2,2) (2,4) (3,4) (4,4) (4,5) (6,5) (6,6)
  facet 2688: (0,0) (0,1) (1,1) (2,1) (2,2) (2,4) (3,4) (4,4) (4,5) (6,5) (6,6)
  facet 2689: (0,0) (1,0) (1,1) (2,1) (2,2) (2,4) (3,4) (4,4) (4,5) (6,5) (6,6)
  facet 2690: (0,0) (1,0) (2,0) (2,1) (2,2) (2,4) (3,4) (4,4) (4,5) (6,5) (6,6)
  facet 2691: (0,0) (0,1) (0,2) (1,2) (2,2) (3,2) (3,4) (4,4) (4,5) (6,5) (6,6)
  facet 2692: (0,0) (0,1) (1,1) (1,2) (2,2) (3,2) (3,4) (4,4) (4,5) (6,5) (6,6)
  facet 2693: (0,0) (1,0) (1,1) (1,2) (2,2) (3,2) (3,4) (4,4) (4,5) (6,5) (6,6)
  facet 2694: (0,0) (0,1) (1,1) (2,1) (2,2) (3,2) (3,4) (4,4) (4,5) (6,5) (6,6)
  facet 2695: (0,0) (1,0) (1,1) (2,1) (2,2) (3,2) (3,4) (4,4) (4,5) (6,5) (6,6)
  facet 2696: (0,0) (1,0) (2,0) (2,1) (2,2) (3,2) (3,4) (4,4) (4,5) (6,5) (6,6)
  facet 2697: (0,0) (0,1) (1,1) (2,1) (3,1) (3,2) (3,4) (4,4) (4,5) (6,5) (6,6)
  facet 2698: (0,0) (1,0) (1,1) (2,1) (3,1) (3,2) (3,4) (4,4) (4,5) (6,5) (6,6)
  facet 2699: (0,0) (1,0) (2,0) (2,1) (3,1) (3,2) (3,4) (4,4) (4,5) (6,5) (6,6)
  facet 2700: (0,0) (1,0) (2,0) (3,0) (3,1) (3,2) (3,4) (4,4) (4,5) (6,5) (6,6)
  facet 2701: (0,0) (0,1) (0,2) (1,2) (2,2) (3,2) (4,2) (4,4) (4,5) (6,5) (6,6)
  facet 2702: (0,0) (0,1) (1,1) (1,2) (2,2) (3,2) (4,2) (4,4) (4,5) (6,5) (6,6)
  facet 2703: (0,0) (1,0) (1,1) (1,2) (2,2) (3,2) (4,2) (4,4) (4,5) (6,5) (6,6)
  facet 2704: (0,0) (0,1) (1,1) (2,1) (2,2) (3,2) (4,2) (4,4) (4,5) (6,5) (6,6)
  facet 2705: (0,0) (1,0) (1,1) (2,1) (2,2) (3,2) (4,2) (4,4) (4,5) (6,5) (6,6)
  facet 2706: (0,0) (1,0) (2,0) (2,1) (2,2) (3,2) (4,2) (4,4) (4,5) (6,5) (6,6)
  facet 2707: (0,0) (0,1) (1,1) (2,1) (3,1) (3,2) (4,2) (4,4) (4,5) (6,5) (6,6)
  facet 2708: (0,0) (1,0) (1,1) (2,1) (3,1) (3,2) (4,2) (4,4) (4,5) (6,5) (6,6)
  facet 2709: (0,0) (1,0) (2,0) (2,1) (3,1) (3,2) (4,2) (4,4) (4,5) (6,5) (6,6)
  facet 2710: (0,0) (1,0) (2,0) (3,0) (3,1) (3,2) (4,2) (4,4) (4,5) (6,5) (6,6)
  facet 2711: (0,0) (0,1) (1,1) (2,1) (3,1) (4,1) (4,2) (4,4) (4,5) (6,5) (6,6)
  facet 2712: (0,0) (1,0) (1,1) (2,1) (3,1) (4,1) (4,2) (4,4) (4,5) (6,5) (6,6)
  facet 2713: (0,0) (1,0) (2,0) (2,1) (3,1) (4,1) (4,2) (4,4) (4,5) (6,5) (6,6)
  facet 2714: (0,0) (1,0) (2,0) (3,0) (3,1) (4,1) (4,2) (4,4) (4,5) (6,5) (6,6)
  facet 2715: (0,0) (1,0) (2,0) (3,0) (4,0) (4,1) (4,2) (4,4) (4,5) (6,5) (6,6)
  facet 2716: (0,0) (0,1) (0,2) (0,4) (1,4) (2,4) (3,4) (4,4) (6,4) (6,5) (6,6)
  facet 2717: (0,0) (0,1) (0,2) (1,2) (1,4) (2,4) (3,4) (4,4) (6,4) (6,5) (6,6)
  facet 2718: (0,0) (0,1) (1,1) (1,2) (1,4) (2,4) (3,4) (4,4) (6,4) (6,5) (6,6)
  facet 2719: (0,0) (1,0) (1,1) (1,2) (1,4) (2,4) (3,4) (4,4) (6,4) (6,5) (6,6)
  facet 2720: (0,0) (0,1) (0,2) (1,2) (2,2) (2,4) (3,4) (4,4) (6,4) (6,5) (6,6)
  facet 2721: (0,0) (0,1) (1,1) (1,2) (2,2) (2,4) (3,4) (4,4) (6,4) (6,5) (6,6)
  facet 2722: (0,0) (1,0) (1,1) (1,2) (2,2) (2,4) (3,4) (4,4) (6,4) (6,5) (6,6)
  facet 2723: (0,0) (0,1) (1,1) (2,1) (2,2) (2,4) (3,4) (4,4) (6,4) (6,5) (6,6)
  facet 2724: (0,0) (1,0) (1,1) (2,1) (2,2) (2,4) (3,4) (4,4) (6,4) (6,5) (6,6)
  facet 2725: (0,0) (1,0) (2,0) (2,1) (2,2) (2,4) (3,4) (4,4) (6,4) (6,5) (6,6)
  facet 2726: (0,0) (0,1) (0,2) (1,2) (2,2) (3,2) (3,4) (4,4) (6,4) (6,5) (6,6)
  facet 2727: (0,0) (0,1) (1,1) (1,2) (2,2) (3,2) (3,4) (4,4) (6,4) (6,5) (6,6)
  facet 2728: (0,0) (1,0) (1,1) (1,2) (2,2) (3,2) (3,4) (4,4) (6,4) (6,5) (6,6)
  facet 2729: (0,0) (0,1) (1,1) (2,1) (2,2) (3,2) (3,4) (4,4) (6,4) (6,5) (6,6)
  facet 2730: (0,0) (1,0) (1,1) (2,1) (2,2) (3,2) (3,4) (4,4) (6,4) (6,5) (6,6)
  facet 2731: (0,0) (1,0) (2,0) (2,1) (2,2) (3,2) (3,4) (4,4) (6,4) (6,5) (6,6)
  facet 2732: (0,0) (0,1) (1,1) (2,1) (3,1) (3,2) (3,4) (4,4) (6,4) (6,5) (6,6)
  facet 2733: (0,0) (1,0) (1,1) (2,1) (3,1) (3,2) (3,4) (4,4) (6,4) (6,5) (6,6)
  facet 2734: (0,0) (1,0) (2,0) (2,1) (3,1) (3,2) (3,4) (4,4) (6,4) (6,5) (6,6)
  facet 2735: (0,0) (1,0) (2,0) (3,0) (3,1) (3,2) (3,4) (4,4) (6,4) (6,5) (6,6)
  facet 2736: (0,0) (0,1) (0,2) (1,2) (2,2) (3,2) (4,2) (4,4) (6,4) (6,5) (6,6)
  facet 2737: (0,0) (0,1) (1,1) (1,2) (2,2) (3,2) (4,2) (4,4) (6,4) (6,5) (6,6)
  facet 2738: (0,0) (1,0) (1,1) (1,2) (2,2) (3,2) (4,2) (4,4) (6,4) (6,5) (6,6)
  facet 2739: (0,0) (0,1) (1,1) (2,1) (2,2) (3,2) (4,2) (4,4) (6,4) (6,5) (6,6)
  facet 2740: (0,0) (1,0) (1,1) (2,1) (2,2) (3,2) (4,2) (4,4) (6,4) (6,5) (6,6)
  facet 2741: (0,0) (1,0) (2,0) (2,1) (2,2) (3,2) (4,2) (4,4) (6,4) (6,5) (6,6)
  facet 2742: (0,0) (0,1) (1,1) (2,1) (3,1) (3,2) (4,2) (4,4) (6,4) (6,5) (6,6)
  facet 2743: (0,0) (1,0) (1,1) (2,1) (3,1) (3,2) (4,2) (4,4) (6,4) (6,5) (6,6)
  facet 2744: (0,0) (1,0) (2,0) (2,1) (3,1) (3,2) (4,2) (4,4) (6,4) (6,5) (6,6)
  facet 2745: (0,0) (1,0) (2,0) (3,0) (3,1) (3,2) (4,2) (4,4) (6,4) (6,5) (6,6)
  facet 2746: (0,0) (0,1) (1,1) (2,1) (3,1) (4,1) (4,2) (4,4) (6,4) (6,5) (6,6)
  facet 2747: (0,0) (1,0) (1,1) (2,1) (3,1) (4,1) (4,2) (4,4) (6,4) (6,5) (6,6)
  facet 2748: (0,0) (1,0) (2,0) (2,1) (3,1) (4,1) (4,2) (4,4) (6,4) (6,5) (6,6)
  facet 2749: (0,0) (1,0) (2,0) (3,0) (3,1) (4,1) (4,2) (4,4) (6,4) (6,5) (6,6)
  facet 2750: (0,0) (1,0) (2,0) (3,0) (4,0) (4,1) (4,2) (4,4) (6,4) (6,5) (6,6)
  facet 2751: (0,0) (0,1) (0,2) (1,2) (2,2) (3,2) (4,2) (6,2) (6,4) (6,5) (6,6)
  facet 2752: (0,0) (0,1) (1,1) (1,2) (2,2) (3,2) (4,2) (6,2) (6,4) (6,5) (6,6)
  facet 2753: (0,0) (1,0) (1,1) (1,2) (2,2) (3,2) (4,2) (6,2) (6,4) (6,5) (6,6)
  facet 2754: (0,0) (0,1) (1,1) (2,1) (2,2) (3,2) (4,2) (6,2) (6,4) (6,5) (6,6)
  facet 2755: (0,0) (1,0) (1,1) (2,1) (2,2) (3,2) (4,2) (6,2) (6,4) (6,5) (6,6)
  facet 2756: (0,0) (1,0) (2,0) (2,1) (2,2) (3,2) (4,2) (6,2) (6,4) (6,5) (6,6)
  facet 2757: (0,0) (0,1) (1,1) (2,1) (3,1) (3,2) (4,2) (6,2) (6,4) (6,5) (6,6)
  facet 2758: (0,0) (1,0) (1,1) (2,1) (3,1) (3,2) (4,2) (6,2) (6,4) (6,5) (6,6)
  facet 2759: (0,0) (1,0) (2,0) (2,1) (3,1) (3,2) (4,2) (6,2) (6,4) (6,5) (6,6)
  facet 2760: (0,0) (1,0) (2,0) (3,0) (3,1) (3,2) (4,2) (6,2) (6,4) (6,5) (6,6)
  facet 2761: (0,0) (0,1) (1,1) (2,1) (3,1) (4,1) (4,2) (6,2) (6,4) (6,5) (6,6)
  facet 2762: (0,0) (1,0) (1,1) (2,1) (3,1) (4,1) (4,2) (6,2) (6,4) (6,5) (6,6)
  facet 2763: (0,0) (1,0) (2,0) (2,1) (3,1) (4,1) (4,2) (6,2) (6,4) (6,5) (6,6)
  facet 2764: (0,0) (1,0) (2,0) (3,0) (3,1) (4,1) (4,2) (6,2) (6,4) (6,5) (6,6)
  facet 2765: (0,0) (1,0) (2,0) (3,0) (4,0) (4,1) (4,2) (6,2) (6,4) (6,5) (6,6)
  facet 2766: (0,0) (0,1) (1,1) (2,1) (3,1) (4,1) (6,1) (6,2) (6,4) (6,5) (6,6)
  facet 2767: (0,0) (1,0) (1,1) (2,1) (3,1) (4,1) (6,1) (6,2) (6,4) (6,5) (6,6)
  facet 2768: (0,0) (1,0) (2,0) (2,1) (3,1) (4,1) (6,1) (6,2) (6,4) (6,5) (6,6)
  facet 2769: (0,0) (1,0) (2,0) (3,0) (3,1) (4,1) (6,1) (6,2) (6,4) (6,5) (6,6)
  facet 2770: (0,0) (1,0) (2,0) (3,0) (4,0) (4,1) (6,1) (6,2) (6,4) (6,5) (6,6)
  facet 2771: (0,0) (1,0) (2,0) (3,0) (4,0) (6,0) (6,1) (6,2) (6,4) (6,5) (6,6)
  facet 2772: (0,0) (0,1) (0,3) (0,4) (0,5) (0,6) (1,6) (2,6) (3,6) (4,6) (6,6)
  facet 2773: (0,0) (0,1) (0,3) (0,4) (0,5) (1,5) (1,6) (2,6) (3,6) (4,6) (6,6)
  facet 2774: (0,0) (0,1) (0,3) (0,4) (1,4) (1,5) (1,6) (2,6) (3,6) (4,6) (6,6)
  facet 2775: (0,0) (0,1) (0,3) (1,3) (1,4) (1,5) (1,6) (2,6) (3,6) (4,6) (6,6)
  facet 2776: (0,0) (0,1) (1,1) (1,3) (1,4) (1,5) (1,6) (2,6) (3,6) (4,6) (6,6)
  facet 2777: (0,0) (1,0) (1,1) (1,3) (1,4) (1,5) (1,6) (2,6) (3,6) (4,6) (6,6)
  facet 2778: (0,0) (0,1) (0,3) (0,4) (0,5) (1,5) (2,5) (2,6) (3,6) (4,6) (6,6)
  facet 2779: (0,0) (0,1) (0,3) (0,4) (1,4) (1,5) (2,5) (2,6) (3,6) (4,6) (6,6)
  facet 2780: (0,0) (0,1) (0,3) (1,3) (1,4) (1,5) (2,5) (2,6) (3,6) (4,6) (6,6)
  facet 2781: (0,0) (0,1) (1,1) (1,3) (1,4) (1,5) (2,5) (2,6) (3,6) (4,6) (6,6)
  facet 2782: (0,0) (1,0) (1,1) (1,3) (1,4) (1,5) (2,5) (2,6) (3,6) (4,6) (6,6)
  facet 2783: (0,0) (0,1) (0,3) (0,4) (1,4) (2,4) (2,5) (2,6) (3,6) (4,6) (6,6)
  facet 2784: (0,0) (0,1) (0,3) (1,3) (1,4) (2,4) (2,5) (2,6) (3,6) (4,6) (6,6)
  facet 2785: (0,0) (0,1) (1,1) (1,3) (1,4) (2,4) (2,5) (2,6) (3,6) (4,6) (6,6)
  facet 2786: (0,0) (1,0) (1,1) (1,3) (1,4) (2,4) (2,5) (2,6) (3,6) (4,6) (6,6)
  facet 2787: (0,0) (0,1) (0,3) (1,3) (2,3) (2,4) (2,5) (2,6) (3,6) (4,6) (6,6)
  facet 2788: (0,0) (0,1) (1,1) (1,3) (2,3) (2,4) (2,5) (2,6) (3,6) (4,6) (6,6)
  facet 2789: (0,0) (1,0) (1,1) (1,3) (2,3) (2,4) (2,5) (2,6) (3,6) (4,6) (6,6)
  facet 2790: (0,0) (0,1) (1,1) (2,1) (2,3) (2,4) (2,5) (2,6) (3,6) (4,6) (6,6)
  facet 2791: (0,0) (1,0) (1,1) (2,1) (2,3) (2,4) (2,5) (2,6) (3,6) (4,6) (6,6)
  facet 2792: (0,0) (1,0) (2,0) (2,1) (2,3) (2,4) (2,5) (2,6) (3,6) (4,6) (6,6)
  facet 2793: (0,0) (0,1) (0,3) (0,4) (0,5) (1,5) (2,5) (3,5) (3,6) (4,6) (6,6)
  facet 2794: (0,0) (0,1) (0,3) (0,4) (1,4) (1,5) (2,5) (3,5) (3,6) (4,6) (6,6)
  facet 2795: (0,0) (0,1) (0,3) (1,3) (1,4) (1,5) (2,5) (3,5) (3,6) (4,6) (6,6)
  facet 2796: (0,0) (0,1) (1,1) (1,3) (1,4) (1,5) (2,5) (3,5) (3,6) (4,6) (6,6)
  facet 2797: (0,0) (1,0) (1,1) (1,3) (1,4) (1,5) (2,5) (3,5) (3,6) (4,6) (6,6)
  facet 2798: (0,0) (0,1) (0,3) (0,4) (1,4) (2,4) (2,5) (3,5) (3,6) (4,6) (6,6)
  facet 2799: (0,0) (0,1) (0,3) (1,3) (1,4) (2,4) (2,5) (3,5) (3,6) (4,6) (6,6)
  facet 2800: (0,0) (0,1) (1,1) (1,3) (1,4) (2,4) (2,5) (3,5) (3,6) (4,6) (6,6)
  facet 2801: (0,0) (1,0) (1,1) (1,3) (1,4) (2,4) (2,5) (3,5) (3,6) (4,6) (6,6)
  facet 2802: (0,0) (0,1) (0,3) (1,3) (2,3) (2,4) (2,5) (3,5) (3,6) (4,6) (6,6)
  facet 2803: (0,0) (0,1) (1,1) (1,3) (2,3) (2,4) (2,5) (3,5) (3,6) (4,6) (6,6)
  facet 2804: (0,0) (1,0) (1,1) (1,3) (2,3) (2,4) (2,5) (3,5) (3,6) (4,6) (6,6)
  facet 2805: (0,0) (0,1) (1,1) (2,1) (2,3) (2,4) (2,5) (3,5) (3,6) (4,6) (6,6)
  facet 2806: (0,0) (1,0) (1,1) (2,1) (2,3) (2,4) (2,5) (3,5) (3,6) (4,6) (6,6)
  facet 2807: (0,0) (1,0) (2,0) (2,1) (2,3) (2,4) (2,5) (3,5) (3,6) (4,6) (6,6)
  facet 2808: (0,0) (0,1) (0,3) (0,4) (1,4) (2,4) (3,4) (3,5) (3,6) (4,6) (6,6)
  facet 2809: (0,0) (0,1) (0,3) (1,3) (1,4) (2,4) (3,4) (3,5) (3,6) (4,6) (6,6)
  facet 2810: (0,0) (0,1) (1,1) (1,3) (1,4) (2,4) (3,4) (3,5) (3,6) (4,6) (6,6)
  facet 2811: (0,0) (1,0) (1,1) (1,3) (1,4) (2,4) (3,4) (3,5) (3,6) (4,6) (6,6)
  facet 2812: (0,0) (0,1) (0,3) (1,3) (2,3) (2,4) (3,4) (3,5) (3,6) (4,6) (6,6)
  facet 2813: (0,0) (0,1) (1,1) (1,3) (2,3) (2,4) (3,4) (3,5) (3,6) (4,6) (6,6)
  facet 2814: (0,0) (1,0) (1,1) (1,3) (2,3) (2,4) (3,4) (3,5) (3,6) (4,6) (6,6)
  facet 2815: (0,0) (0,1) (1,1) (2,1) (2,3) (2,4) (3,4) (3,5) (3,6) (4,6) (6,6)
  facet 2816: (0,0) (1,0) (1,1) (2,1) (2,3) (2,4) (3,4) (3,5) (3,6) (4,6) (6,6)
  facet 2817: (0,0) (1,0) (2,0) (2,1) (2,3) (2,4) (3,4) (3,5) (3,6) (4,6) (6,6)
  facet 2818: (0,0) (0,1) (0,3) (1,3) (2,3) (3,3) (3,4) (3,5) (3,6) (4,6) (6,6)
  facet 2819: (0,0) (0,1) (1,1) (1,3) (2,3) (3,3) (3,4) (3,5) (3,6) (4,6) (6,6)
  facet 2820: (0,0) (1,0) (1,1) (1,3) (2,3) (3,3) (3,4) (3,5) (3,6) (4,6) (6,6)
  facet 2821: (0,0) (0,1) (1,1) (2,1) (2,3) (3,3) (3,4) (3,5) (3,6) (4,6) (6,6)
  facet 2822: (0,0) (1,0) (1,1) (2,1) (2,3) (3,3) (3,4) (3,5) (3,6) (4,6) (6,6)
  facet 2823: (0,0) (1,0) (2,0) (2,1) (2,3) (3,3) (3,4) (3,5) (3,6) (4,6) (6,6)
  facet 2824: (0,0) (0,1) (1,1) (2,1) (3,1) (3,3) (3,4) (3,5) (3,6) (4,6) (6,6)
  facet 2825: (0,0) (1,0) (1,1) (2,1) (3,1) (3,3) (3,4) (3,5) (3,6) (4,6) (6,6)
  facet 2826: (0,0) (1,0) (2,0) (2,1) (3,1) (3,3) (3,4) (3,5) (3,6) (4,6) (6,6)
  facet 2827: (0,0) (1,0) (2,0) (3,0) (3,1) (3,3) (3,4) (3,5) (3,6) (4,6) (6,6)
  facet 2828: (0,0) (0,1) (0,3) (0,4) (0,5) (1,5) (2,5) (3,5) (4,5) (4,6) (6,6)
  facet 2829: (0,0) (0,1) (0,3) (0,4) (1,4) (1,5) (2,5) (3,5) (4,5) (4,6) (6,6)
  facet 2830: (0,0) (0,1) (0,3) (1,3) (1,4) (1,5) (2,5) (3,5) (4,5) (4,6) (6,6)
  facet 2831: (0,0) (0,1) (1,1) (1,3) (1,4) (1,5) (2,5) (3,5) (4,5) (4,6) (6,6)
  facet 2832: (0,0) (1,0) (1,1) (1,3) (1,4) (1,5) (2,5) (3,5) (4,5) (4,6) (6,6)
  facet 2833: (0,0) (0,1) (0,3) (0,4) (1,4) (2,4) (2,5) (3,5) (4,5) (4,6) (6,6)
  facet 2834: (0,0) (0,1) (0,3) (1,3) (1,4) (2,4) (2,5) (3,5) (4,5) (4,6) (6,6)
  facet 2835: (0,0) (0,1) (1,1) (1,3) (1,4) (2,4) (2,5) (3,5) (4,5) (4,6) (6,6)
  facet 2836: (0,0) (1,0) (1,1) (1,3) (1,4) (2,4) (2,5) (3,5) (4,5) (4,6) (6,6)
  facet 2837: (0,0) (0,1) (0,3) (1,3) (2,3) (2,4) (2,5) (3,5) (4,5) (4,6) (6,6)
  facet 2838: (0,0) (0,1) (1,1) (1,3) (2,3) (2,4) (2,5) (3,5) (4,5) (4,6) (6,6)
  facet 2839: (0,0) (1,0) (1,1) (1,3) (2,3) (2,4) (2,5) (3,5) (4,5) (4,6) (6,6)
  facet 2840: (0,0) (0,1) (1,1) (2,1) (2,3) (2,4) (2,5) (3,5) (4,5) (4,6) (6,6)
  facet 2841: (0,0) (1,0) (1,1) (2,1) (2,3) (2,4) (2,5) (3,5) (4,5) (4,6) (6,6)
  facet 2842: (0,0) (1,0) (2,0) (2,1) (2,3) (2,4) (2,5) (3,5) (4,5) (4,6) (6,6)
  facet 2843: (0,0) (0,1) (0,3) (0,4) (1,4) (2,4) (3,4) (3,5) (4,5) (4,6) (6,6)
  facet 2844: (0,0) (0,1) (0,3) (1,3) (1,4) (2,4) (3,4) (3,5) (4,5) (4,6) (6,6)
  facet 2845: (0,0) (0,1) (1,1) (1,3) (1,4) (2,4) (3,4) (3,5) (4,5) (4,6) (6,6)
  facet 2846: (0,0) (1,0) (1,1) (1,3) (1,4) (2,4) (3,4) (3,5) (4,5) (4,6) (6,6)
  facet 2847: (0,0) (0,1) (0,3) (1,3) (2,3) (2,4) (3,4) (3,5) (4,5) (4,6) (6,6)
  facet 2848: (0,0) (0,1) (1,1) (1,3) (2,3) (2,4) (3,4) (3,5) (4,5) (4,6) (6,6)
  facet 2849: (0,0) (1,0) (1,1) (1,3) (2,3) (2,4) (3,4) (3,5) (4,5) (4,6) (6,6)
  facet 2850: (0,0) (0,1) (1,1) (2,1) (2,3) (2,4) (3,4) (3,5) (4,5) (4,6) (6,6)
  facet 2851: (0,0) (1,0) (1,1) (2,1) (2,3) (2,4) (3,4) (3,5) (4,5) (4,6) (6,6)
  facet 2852: (0,0) (1,0) (2,0) (2,1) (2,3) (2,4) (3,4) (3,5) (4,5) (4,6) (6,6)
  facet 2853: (0,0) (0,1) (0,3) (1,3) (2,3) (3,3) (3,4) (3,5) (4,5) (4,6) (6,6)
  facet 2854: (0,0) (0,1) (1,1) (1,3) (2,3) (3,3) (3,4) (3,5) (4,5) (4,6) (6,6)
  facet 2855: (0,0) (1,0) (1,1) (1,3) (2,3) (3,3) (3,4) (3,5) (4,5) (4,6) (6,6)
  facet 2856: (0,0) (0,1) (1,1) (2,1) (2,3) (3,3) (3,4) (3,5) (4,5) (4,6) (6,6)
  facet 2857: (0,0) (1,0) (1,1) (2,1) (2,3) (3,3) (3,4) (3,5) (4,5) (4,6) (6,6)
  facet 2858: (0,0) (1,0) (2,0) (2,1) (2,3) (3,3) (3,4) (3,5) (4,5) (4,6) (6,6)
  facet 2859: (0,0) (0,1) (1,1) (2,1) (3,1) (3,3) (3,4) (3,5) (4,5) (4,6) (6,6)
  facet 2860: (0,0) (1,0) (1,1) (2,1) (3,1) (3,3) (3,4) (3,5) (4,5) (4,6) (6,6)
  facet 2861: (0,0) (1,0) (2,0) (2,1) (3,1) (3,3) (3,4) (3,5) (4,5) (4,6) (6,6)
  facet 2862: (0,0) (1,0) (2,0) (3,0) (3,1) (3,3) (3,4) (3,5) (4,5) (4,6) (6,6)
  facet 2863: (0,0) (0,1) (0,3) (0,4) (1,4) (2,4) (3,4) (4,4) (4,5) (4,6) (6,6)
  facet 2864: (0,0) (0,1) (0,3) (1,3) (1,4) (2,4) (3,4) (4,4) (4,5) (4,6) (6,6)
  facet 2865: (0,0) (0,1) (1,1) (1,3) (1,4) (2,4) (3,4) (4,4) (4,5) (4,6) (6,6)
  facet 2866: (0,0) (1,0) (1,1) (1,3) (1,4) (2,4) (3,4) (4,4) (4,5) (4,6) (6,6)
  facet 2867: (0,0) (0,1) (0,3) (1,3) (2,3) (2,4) (3,4) (4,4) (4,5) (4,6) (6,6)
  facet 2868: (0,0) (0,1) (1,1) (1,3) (2,3) (2,4) (3,4) (4,4) (4,5) (4,6) (6,6)
  facet 2869: (0,0) (1,0) (1,1) (1,3) (2,3) (2,4) (3,4) (4,4) (4,5) (4,6) (6,6)
  facet 2870: (0,0) (0,1) (1,1) (2,1) (2,3) (2,4) (3,4) (4,4) (4,5) (4,6) (6,6)
  facet 2871: (0,0) (1,0) (1,1) (2,1) (2,3) (2,4) (3,4) (4,4) (4,5) (4,6) (6,6)
  facet 2872: (0,0) (1,0) (2,0) (2,1) (2,3) (2,4) (3,4) (4,4) (4,5) (4,6) (6,6)
  facet 2873: (0,0) (0,1) (0,3) (1,3) (2,3) (3,3) (3,4) (4,4) (4,5) (4,6) (6,6)
  facet 2874: (0,0) (0,1) (1,1) (1,3) (2,3) (3,3) (3,4) (4,4) (4,5) (4,6) (6,6)
  facet 2875: (0,0) (1,0) (1,1) (1,3) (2,3) (3,3) (3,4) (4,4) (4,5) (4,6) (6,6)
  facet 2876: (0,0) (0,1) (1,1) (2,1) (2,3) (3,3) (3,4) (4,4) (4,5) (4,6) (6,6)
  facet 2877: (0,0) (1,0) (1,1) (2,1) (2,3) (3,3) (3,4) (4,4) (4,5) (4,6) (6,6)
  facet 2878: (0,0) (1,0) (2,0) (2,1) (2,3) (3,3) (3,4) (4,4) (4,5) (4,6) (6,6)
  facet 2879: (0,0) (0,1) (1,1) (2,1) (3,1) (3,3) (3,4) (4,4) (4,5) (4,6) (6,6)
  facet 2880: (0,0) (1,0) (1,1) (2,1) (3,1) (3,3) (3,4) (4,4) (4,5) (4,6) (6,6)
  facet 2881: (0,0) (1,0) (2,0) (2,1) (3,1) (3,3) (3,4) (4,4) (4,5) (4,6) (6,6)
  facet 2882: (0,0) (1,0) (2,0) (3,0) (3,1) (3,3) (3,4) (4,4) (4,5) (4,6) (6,6)
  facet 2883: (0,0) (0,1) (0,3) (1,3) (2,3) (3,3) (4,3) (4,4) (4,5) (4,6) (6,6)
  facet 2884: (0,0) (0,1) (1,1) (1,3) (2,3) (3,3) (4,3) (4,4) (4,5) (4,6) (6,6)
  facet 2885: (0,0) (1,0) (1,1) (1,3) (2,3) (3,3) (4,3) (4,4) (4,5) (4,6) (6,6)
  facet 2886: (0,0) (0,1) (1,1) (2,1) (2,3) (3,3) (4,3) (4,4) (4,5) (4,6) (6,6)
  facet 2887: (0,0) (1,0) (1,1) (2,1) (2,3) (3,3) (4,3) (4,4) (4,5) (4,6) (6,6)
  facet 2888: (0,0) (1,0) (2,0) (2,1) (2,3) (3,3) (4,3) (4,4) (4,5) (4,6) (6,6)
  facet 2889: (0,0) (0,1) (1,1) (2,1) (3,1) (3,3) (4,3) (4,4) (4,5) (4,6) (6,6)
  facet 2890: (0,0) (1,0) (1,1) (2,1) (3,1) (3,3) (4,3) (4,4) (4,5) (4,6) (6,6)
  facet 2891: (0,0) (1,0) (2,0) (2,1) (3,1) (3,3) (4,3) (4,4) (4,5) (4,6) (6,6)
  facet 2892: (0,0) (1,0) (2,0) (3,0) (3,1) (3,3) (4,3) (4,4) (4,5) (4,6) (6,6)
  facet 2893: (0,0) (0,1) (1,1) (2,1) (3,1) (4,1) (4,3) (4,4) (4,5) (4,6) (6,6)
  facet 2894: (0,0) (1,0) (1,1) (2,1) (3,1) (4,1) (4,3) (4,4) (4,5) (4,6) (6,6)
  facet 2895: (0,0) (1,0) (2,0) (2,1) (3,1) (4,1) (4,3) (4,4) (4,5) (4,6) (6,6)
  facet 2896: (0,0) (1,0) (2,0) (3,0) (3,1) (4,1) (4,3) (4,4) (4,5) (4,6) (6,6)
  facet 2897: (0,0) (1,0) (2,0) (3,0) (4,0) (4,1) (4,3) (4,4) (4,5) (4,6) (6,6)
  facet 2898: (0,0) (0,1) (0,3) (0,4) (0,5) (1,5) (2,5) (3,5) (4,5) (6,5) (6,6)
  facet 2899: (0,0) (0,1) (0,3) (0,4) (1,4) (1,5) (2,5) (3,5) (4,5) (6,5) (6,6)
  facet 2900: (0,0) (0,1) (0,3) (1,3) (1,4) (1,5) (2,5) (3,5) (4,5) (6,5) (6,6)
  facet 2901: (0,0) (0,1) (1,1) (1,3) (1,4) (1,5) (2,5) (3,5) (4,5) (6,5) (6,6)
  facet 2902: (0,0) (1,0) (1,1) (1,3) (1,4) (1,5) (2,5) (3,5) (4,5) (6,5) (6,6)
  facet 2903: (0,0) (0,1) (0,3) (0,4) (1,4) (2,4) (2,5) (3,5) (4,5) (6,5) (6,6)
  facet 2904: (0,0) (0,1) (0,3) (1,3) (1,4) (2,4) (2,5) (3,5) (4,5) (6,5) (6,6)
  facet 2905: (0,0) (0,1) (1,1) (1,3) (1,4) (2,4) (2,5) (3,5) (4,5) (6,5) (6,6)
  facet 2906: (0,0) (1,0) (1,1) (1,3) (1,4) (2,4) (2,5) (3,5) (4,5) (6,5) (6,6)
  facet 2907: (0,0) (0,1) (0,3) (1,3) (2,3) (2,4) (2,5) (3,5) (4,5) (6,5) (6,6)
  facet 2908: (0,0) (0,1) (1,1) (1,3) (2,3) (2,4) (2,5) (3,5) (4,5) (6,5) (6,6)
  facet 2909: (0,0) (1,0) (1,1) (1,3) (2,3) (2,4) (2,5) (3,5) (4,5) (6,5) (6,6)
  facet 2910: (0,0) (0,1) (1,1) (2,1) (2,3) (2,4) (2,5) (3,5) (4,5) (6,5) (6,6)
  facet 2911: (0,0) (1,0) (1,1) (2,1) (2,3) (2,4) (2,5) (3,5) (4,5) (6,5) (6,6)
  facet 2912: (0,0) (1,0) (2,0) (2,1) (2,3) (2,4) (2,5) (3,5) (4,5) (6,5) (6,6)
  facet 2913: (0,0) (0,1) (0,3) (0,4) (1,4) (2,4) (3,4) (3,5) (4,5) (6,5) (6,6)
  facet 2914: (0,0) (0,1) (0,3) (1,3) (1,4) (2,4) (3,4) (3,5) (4,5) (6,5) (6,6)
  facet 2915: (0,0) (0,1) (1,1) (1,3) (1,4) (2,4) (3,4) (3,5) (4,5) (6,5) (6,6)
  facet 2916: (0,0) (1,0) (1,1) (1,3) (1,4) (2,4) (3,4) (3,5) (4,5) (6,5) (6,6)
  facet 2917: (0,0) (0,1) (0,3) (1,3) (2,3) (2,4) (3,4) (3,5) (4,5) (6,5) (6,6)
  facet 2918: (0,0) (0,1) (1,1) (1,3) (2,3) (2,4) (3,4) (3,5) (4,5) (6,5) (6,6)
  facet 2919: (0,0) (1,0) (1,1) (1,3) (2,3) (2,4) (3,4) (3,5) (4,5) (6,5) (6,6)
  facet 2920: (0,0) (0,1) (1,1) (2,1) (2,3) (2,4) (3,4) (3,5) (4,5) (6,5) (6,6)
  facet 2921: (0,0) (1,0) (1,1) (2,1) (2,3) (2,4) (3,4) (3,5) (4,5) (6,5) (6,6)
  facet 2922: (0,0) (1,0) (2,0) (2,1) (2,3) (2,4) (3,4) (3,5) (4,5) (6,5) (6,6)
  facet 2923: (0,0) (0,1) (0,3) (1,3) (2,3) (3,3) (3,4) (3,5) (4,5) (6,5) (6,6)
  facet 2924: (0,0) (0,1) (1,1) (1,3) (2,3) (3,3) (3,4) (3,5) (4,5) (6,5) (6,6)
  facet 2925: (0,0) (1,0) (1,1) (1,3) (2,3) (3,3) (3,4) (3,5) (4,5) (6,5) (6,6)
  facet 2926: (0,0) (0,1) (1,1) (2,1) (2,3) (3,3) (3,4) (3,5) (4,5) (6,5) (6,6)
  facet 2927: (0,0) (1,0) (1,1) (2,1) (2,3) (3,3) (3,4) (3,5) (4,5) (6,5) (6,6)
  facet 2928: (0,0) (1,0) (2,0) (2,1) (2,3) (3,3) (3,4) (3,5) (4,5) (6,5) (6,6)
  facet 2929: (0,0) (0,1) (1,1) (2,1) (3,1) (3,3) (3,4) (3,5) (4,5) (6,5) (6,6)
  facet 2930: (0,0) (1,0) (1,1) (2,1) (3,1) (3,3) (3,4) (3,5) (4,5) (6,5) (6,6)
  facet 2931: (0,0) (1,0) (2,0) (2,1) (3,1) (3,3) (3,4) (3,5) (4,5) (6,5) (6,6)
  facet 2932: (0,0) (1,0) (2,0) (3,0) (3,1) (3,3) (3,4) (3,5) (4,5) (6,5) (6,6)
  facet 2933: (0,0) (0,1) (0,3) (0,4) (1,4) (2,4) (3,4) (4,4) (4,5) (6,5) (6,6)
  facet 2934: (0,0) (0,1) (0,3) (1,3) (1,4) (2,4) (3,4) (4,4) (4,5) (6,5) (6,6)
  facet 2935: (0,0) (0,1) (1,1) (1,3) (1,4) (2,4) (3,4) (4,4) (4,5) (6,5) (6,6)
  facet 2936: (0,0) (1,0) (1,1) (1,3) (1,4) (2,4) (3,4) (4,4) (4,5) (6,5) (6,6)
  facet 2937: (0,0) (0,1) (0,3) (1,3) (2,3) (2,4) (3,4) (4,4) (4,5) (6,5) (6,6)
  facet 2938: (0,0) (0,1) (1,1) (1,3) (2,3) (2,4) (3,4) (4,4) (4,5) (6,5) (6,6)
  facet 2939: (0,0) (1,0) (1,1) (1,3) (2,3) (2,4) (3,4) (4,4) (4,5) (6,5) (6,6)
  facet 2940: (0,0) (0,1) (1,1) (2,1) (2,3) (2,4) (3,4) (4,4) (4,5) (6,5) (6,6)
  facet 2941: (0,0) (1,0) (1,1) (2,1) (2,3) (2,4) (3,4) (4,4) (4,5) (6,5) (6,6)
  facet 2942: (0,0) (1,0) (2,0) (2,1) (2,3) (2,4) (3,4) (4,4) (4,5) (6,5) (6,6)
  facet 2943: (0,0) (0,1) (0,3) (1,3) (2,3) (3,3) (3,4) (4,4) (4,5) (6,5) (6,6)
  facet 2944: (0,0) (0,1) (1,1) (1,3) (2,3) (3,3) (3,4) (4,4) (4,5) (6,5) (6,6)
  facet 2945: (0,0) (1,0) (1,1) (1,3) (2,3) (3,3) (3,4) (4,4) (4,5) (6,5) (6,6)
  facet 2946: (0,0) (0,1) (1,1) (2,1) (2,3) (3,3) (3,4) (4,4) (4,5) (6,5) (6,6)
  facet 2947: (0,0) (1,0) (1,1) (2,1) (2,3) (3,3) (3,4) (4,4) (4,5) (6,5) (6,6)
  facet 2948: (0,0) (1,0) (2,0) (2,1) (2,3) (3,3) (3,4) (4,4) (4,5) (6,5) (6,6)
  facet 2949: (0,0) (0,1) (1,1) (2,1) (3,1) (3,3) (3,4) (4,4) (4,5) (6,5) (6,6)
  facet 2950: (0,0) (1,0) (1,1) (2,1) (3,1) (3,3) (3,4) (4,4) (4,5) (6,5) (6,6)
  facet 2951: (0,0) (1,0) (2,0) (2,1) (3,1) (3,3) (3,4) (4,4) (4,5) (6,5) (6,6)
  facet 2952: (0,0) (1,0) (2,0) (3,0) (3,1) (3,3) (3,4) (4,4) (4,5) (6,5) (6,6)
  facet 2953: (0,0) (0,1) (0,3) (1,3) (2,3) (3,3) (4,3) (4,4) (4,5) (6,5) (6,6)
  facet 2954: (0,0) (0,1) (1,1) (1,3) (2,3) (3,3) (4,3) (4,4) (4,5) (6,5) (6,6)
  facet 2955: (0,0) (1,0) (1,1) (1,3) (2,3) (3,3) (4,3) (4,4) (4,5) (6,5) (6,6)
  facet 2956: (0,0) (0,1) (1,1) (2,1) (2,3) (3,3) (4,3) (4,4) (4,5) (6,5) (6,6)
  facet 2957: (0,0) (1,0) (1,1) (2,1) (2,3) (3,3) (4,3) (4,4) (4,5) (6,5) (6,6)
  facet 2958: (0,0) (1,0) (2,0) (2,1) (2,3) (3,3) (4,3) (4,4) (4,5) (6,5) (6,6)
  facet 2959: (0,0) (0,1) (1,1) (2,1) (3,1) (3,3) (4,3) (4,4) (4,5) (6,5) (6,6)
  facet 2960: (0,0) (1,0) (1,1) (2,1) (3,1) (3,3) (4,3) (4,4) (4,5) (6,5) (6,6)
  facet 2961: (0,0) (1,0) (2,0) (2,1) (3,1) (3,3) (4,3) (4,4) (4,5) (6,5) (6,6)
  facet 2962: (0,0) (1,0) (2,0) (3,0) (3,1) (3,3) (4,3) (4,4) (4,5) (6,5) (6,6)
  facet 2963: (0,0) (0,1) (1,1) (2,1) (3,1) (4,1) (4,3) (4,4) (4,5) (6,5) (6,6)
  facet 2964: (0,0) (1,0) (1,1) (2,1) (3,1) (4,1) (4,3) (4,4) (4,5) (6,5) (6,6)
  facet 2965: (0,0) (1,0) (2,0) (2,1) (3,1) (4,1) (4,3) (4,4) (4,5) (6,5) (6,6)
  facet 2966: (0,0) (1,0) (2,0) (3,0) (3,1) (4,1) (4,3) (4,4) (4,5) (6,5) (6,6)
  facet 2967: (0,0) (1,0) (2,0) (3,0) (4,0) (4,1) (4,3) (4,4) (4,5) (6,5) (6,6)
  facet 2968: (0,0) (0,1) (0,3) (0,4) (1,4) (2,4) (3,4) (4,4) (6,4) (6,5) (6,6)
  facet 2969: (0,0) (0,1) (0,3) (1,3) (1,4) (2,4) (3,4) (4,4) (6,4) (6,5) (6,6)
  facet 2970: (0,0) (0,1) (1,1) (1,3) (1,4) (2,4) (3,4) (4,4) (6,4) (6,5) (6,6)
  facet 2971: (0,0) (1,0) (1,1) (1,3) (1,4) (2,4) (3,4) (4,4) (6,4) (6,5) (6,6)
  facet 2972: (0,0) (0,1) (0,3) (1,3) (2,3) (2,4) (3,4) (4,4) (6,4) (6,5) (6,6)
  facet 2973: (0,0) (0,1) (1,1) (1,3) (2,3) (2,4) (3,4) (4,4) (6,4) (6,5) (6,6)
  facet 2974: (0,0) (1,0) (1,1) (1,3) (2,3) (2,4) (3,4) (4,4) (6,4) (6,5) (6,6)
  facet 2975: (0,0) (0,1) (1,1) (2,1) (2,3) (2,4) (3,4) (4,4) (6,4) (6,5) (6,6)
  facet 2976: (0,0) (1,0) (1,1) (2,1) (2,3) (2,4) (3,4) (4,4) (6,4) (6,5) (6,6)
  facet 2977: (0,0) (1,0) (2,0) (2,1) (2,3) (2,4) (3,4) (4,4) (6,4) (6,5) (6,6)
  facet 2978: (0,0) (0,1) (0,3) (1,3) (2,3) (3,3) (3,4) (4,4) (6,4) (6,5) (6,6)
  facet 2979: (0,0) (0,1) (1,1) (1,3) (2,3) (3,3) (3,4) (4,4) (6,4) (6,5) (6,6)
  facet 2980: (0,0) (1,0) (1,1) (1,3) (2,3) (3,3) (3,4) (4,4) (6,4) (6,5) (6,6)
  facet 2981: (0,0) (0,1) (1,1) (2,1) (2,3) (3,3) (3,4) (4,4) (6,4) (6,5) (6,6)
  facet 2982: (0,0) (1,0) (1,1) (2,1) (2,3) (3,3) (3,4) (4,4) (6,4) (6,5) (6,6)
  facet 2983: (0,0) (1,0) (2,0) (2,1) (2,3) (3,3) (3,4) (4,4) (6,4) (6,5) (6,6)
  facet 2984: (0,0) (0,1) (1,1) (2,1) (3,1) (3,3) (3,4) (4,4) (6,4) (6,5) (6,6)
  facet 2985: (0,0) (1,0) (1,1) (2,1) (3,1) (3,3) (3,4) (4,4) (6,4) (6,5) (6,6)
  facet 2986: (0,0) (1,0) (2,0) (2,1) (3,1) (3,3) (3,4) (4,4) (6,4) (6,5) (6,6)
  facet 2987: (0,0) (1,0) (2,0) (3,0) (3,1) (3,3) (3,4) (4,4) (6,4) (6,5) (6,6)
  facet 2988: (0,0) (0,1) (0,3) (1,3) (2,3) (3,3) (4,3) (4,4) (6,4) (6,5) (6,6)
  facet 2989: (0,0) (0,1) (1,1) (1,3) (2,3) (3,3) (4,3) (4,4) (6,4) (6,5) (6,6)
  facet 2990: (0,0) (1,0) (1,1) (1,3) (2,3) (3,3) (4,3) (4,4) (6,4) (6,5) (6,6)
  facet 2991: (0,0) (0,1) (1,1) (2,1) (2,3) (3,3) (4,3) (4,4) (6,4) (6,5) (6,6)
  facet 2992: (0,0) (1,0) (1,1) (2,1) (2,3) (3,3) (4,3) (4,4) (6,4) (6,5) (6,6)
  facet 2993: (0,0) (1,0) (2,0) (2,1) (2,3) (3,3) (4,3) (4,4) (6,4) (6,5) (6,6)
  facet 2994: (0,0) (0,1) (1,1) (2,1) (3,1) (3,3) (4,3) (4,4) (6,4) (6,5) (6,6)
  facet 2995: (0,0) (1,0) (1,1) (2,1) (3,1) (3,3) (4,3) (4,4) (6,4) (6,5) (6,6)
  facet 2996: (0,0) (1,0) (2,0) (2,1) (3,1) (3,3) (4,3) (4,4) (6,4) (6,5) (6,6)
  facet 2997: (0,0) (1,0) (2,0) (3,0) (3,1) (3,3) (4,3) (4,4) (6,4) (6,5) (6,6)
  facet 2998: (0,0) (0,1) (1,1) (2,1) (3,1) (4,1) (4,3) (4,4) (6,4) (6,5) (6,6)
  facet 2999: (0,0) (1,0) (1,1) (2,1) (3,1) (4,1) (4,3) (4,4) (6,4) (6,5) (6,6)
  facet 3000: (0,0) (1,0) (2,0) (2,1) (3,1) (4,1) (4,3) (4,4) (6,4) (6,5) (6,6)
  facet 3001: (0,0) (1,0) (2,0) (3,0) (3,1) (4,1) (4,3) (4,4) (6,4) (6,5) (6,6)
  facet 3002: (0,0) (1,0) (2,0) (3,0) (4,0) (4,1) (4,3) (4,4) (6,4) (6,5) (6,6)
  facet 3003: (0,0) (0,1) (0,3) (1,3) (2,3) (3,3) (4,3) (6,3) (6,4) (6,5) (6,6)
  facet 3004: (0,0) (0,1) (1,1) (1,3) (2,3) (3,3) (4,3) (6,3) (6,4) (6,5) (6,6)
  facet 3005: (0,0) (1,0) (1,1) (1,3) (2,3) (3,3) (4,3) (6,3) (6,4) (6,5) (6,6)
  facet 3006: (0,0) (0,1) (1,1) (2,1) (2,3) (3,3) (4,3) (6,3) (6,4) (6,5) (6,6)
  facet 3007: (0,0) (1,0) (1,1) (2,1) (2,3) (3,3) (4,3) (6,3) (6,4) (6,5) (6,6)
  facet 3008: (0,0) (1,0) (2,0) (2,1) (2,3) (3,3) (4,3) (6,3) (6,4) (6,5) (6,6)
  facet 3009: (0,0) (0,1) (1,1) (2,1) (3,1) (3,3) (4,3) (6,3) (6,4) (6,5) (6,6)
  facet 3010: (0,0) (1,0) (1,1) (2,1) (3,1) (3,3) (4,3) (6,3) (6,4) (6,5) (6,6)
  facet 3011: (0,0) (1,0) (2,0) (2,1) (3,1) (3,3) (4,3) (6,3) (6,4) (6,5) (6,6)
  facet 3012: (0,0) (1,0) (2,0) (3,0) (3,1) (3,3) (4,3) (6,3) (6,4) (6,5) (6,6)
  facet 3013: (0,0) (0,1) (1,1) (2,1) (3,1) (4,1) (4,3) (6,3) (6,4) (6,5) (6,6)
  facet 3014: (0,0) (1,0) (1,1) (2,1) (3,1) (4,1) (4,3) (6,3) (6,4) (6,5) (6,6)
  facet 3015: (0,0) (1,0) (2,0) (2,1) (3,1) (4,1) (4,3) (6,3) (6,4) (6,5) (6,6)
  facet 3016: (0,0) (1,0) (2,0) (3,0) (3,1) (4,1) (4,3) (6,3) (6,4) (6,5) (6,6)
  facet 3017: (0,0) (1,0) (2,0) (3,0) (4,0) (4,1) (4,3) (6,3) (6,4) (6,5) (6,6)
  facet 3018: (0,0) (0,1) (1,1) (2,1) (3,1) (4,1) (6,1) (6,3) (6,4) (6,5) (6,6)
  facet 3019: (0,0) (1,0) (1,1) (2,1) (3,1) (4,1) (6,1) (6,3) (6,4) (6,5) (6,6)
  facet 3020: (0,0) (1,0) (2,0) (2,1) (3,1) (4,1) (6,1) (6,3) (6,4) (6,5) (6,6)
  facet 3021: (0,0) (1,0) (2,0) (3,0) (3,1) (4,1) (6,1) (6,3) (6,4) (6,5) (6,6)
  facet 3022: (0,0) (1,0) (2,0) (3,0) (4,0) (4,1) (6,1) (6,3) (6,4) (6,5) (6,6)
  facet 3023: (0,0) (1,0) (2,0) (3,0) (4,0) (6,0) (6,1) (6,3) (6,4) (6,5) (6,6)
  facet 3024: (0,0) (0,2) (0,3) (0,4) (0,5) (0,6) (1,6) (2,6) (3,6) (4,6) (6,6)
  facet 3025: (0,0) (0,2) (0,3) (0,4) (0,5) (1,5) (1,6) (2,6) (3,6) (4,6) (6,6)
  facet 3026: (0,0) (0,2) (0,3) (0,4) (1,4) (1,5) (1,6) (2,6) (3,6) (4,6) (6,6)
  facet 3027: (0,0) (0,2) (0,3) (1,3) (1,4) (1,5) (1,6) (2,6) (3,6) (4,6) (6,6)
  facet 3028: (0,0) (0,2) (1,2) (1,3) (1,4) (1,5) (1,6) (2,6) (3,6) (4,6) (6,6)
  facet 3029: (0,0) (1,0) (1,2) (1,3) (1,4) (1,5) (1,6) (2,6) (3,6) (4,6) (6,6)
  facet 3030: (0,0) (0,2) (0,3) (0,4) (0,5) (1,5) (2,5) (2,6) (3,6) (4,6) (6,6)
  facet 3031: (0,0) (0,2) (0,3) (0,4) (1,4) (1,5) (2,5) (2,6) (3,6) (4,6) (6,6)
  facet 3032: (0,0) (0,2) (0,3) (1,3) (1,4) (1,5) (2,5) (2,6) (3,6) (4,6) (6,6)
  facet 3033: (0,0) (0,2) (1,2) (1,3) (1,4) (1,5) (2,5) (2,6) (3,6) (4,6) (6,6)
  facet 3034: (0,0) (1,0) (1,2) (1,3) (1,4) (1,5) (2,5) (2,6) (3,6) (4,6) (6,6)
  facet 3035: (0,0) (0,2) (0,3) (0,4) (1,4) (2,4) (2,5) (2,6) (3,6) (4,6) (6,6)
  facet 3036: (0,0) (0,2) (0,3) (1,3) (1,4) (2,4) (2,5) (2,6) (3,6) (4,6) (6,6)
  facet 3037: (0,0) (0,2) (1,2) (1,3) (1,4) (2,4) (2,5) (2,6) (3,6) (4,6) (6,6)
  facet 3038: (0,0) (1,0) (1,2) (1,3) (1,4) (2,4) (2,5) (2,6) (3,6) (4,6) (6,6)
  facet 3039: (0,0) (0,2) (0,3) (1,3) (2,3) (2,4) (2,5) (2,6) (3,6) (4,6) (6,6)
  facet 3040: (0,0) (0,2) (1,2) (1,3) (2,3) (2,4) (2,5) (2,6) (3,6) (4,6) (6,6)
  facet 3041: (0,0) (1,0) (1,2) (1,3) (2,3) (2,4) (2,5) (2,6) (3,6) (4,6) (6,6)
  facet 3042: (0,0) (0,2) (1,2) (2,2) (2,3) (2,4) (2,5) (2,6) (3,6) (4,6) (6,6)
  facet 3043: (0,0) (1,0) (1,2) (2,2) (2,3) (2,4) (2,5) (2,6) (3,6) (4,6) (6,6)
  facet 3044: (0,0) (1,0) (2,0) (2,2) (2,3) (2,4) (2,5) (2,6) (3,6) (4,6) (6,6)
  facet 3045: (0,0) (0,2) (0,3) (0,4) (0,5) (1,5) (2,5) (3,5) (3,6) (4,6) (6,6)
  facet 3046: (0,0) (0,2) (0,3) (0,4) (1,4) (1,5) (2,5) (3,5) (3,6) (4,6) (6,6)
  facet 3047: (0,0) (0,2) (0,3) (1,3) (1,4) (1,5) (2,5) (3,5) (3,6) (4,6) (6,6)
  facet 3048: (0,0) (0,2) (1,2) (1,3) (1,4) (1,5) (2,5) (3,5) (3,6) (4,6) (6,6)
  facet 3049: (0,0) (1,0) (1,2) (1,3) (1,4) (1,5) (2,5) (3,5) (3,6) (4,6) (6,6)
  facet 3050: (0,0) (0,2) (0,3) (0,4) (1,4) (2,4) (2,5) (3,5) (3,6) (4,6) (6,6)
  facet 3051: (0,0) (0,2) (0,3) (1,3) (1,4) (2,4) (2,5) (3,5) (3,6) (4,6) (6,6)
  facet 3052: (0,0) (0,2) (1,2) (1,3) (1,4) (2,4) (2,5) (3,5) (3,6) (4,6) (6,6)
  facet 3053: (0,0) (1,0) (1,2) (1,3) (1,4) (2,4) (2,5) (3,5) (3,6) (4,6) (6,6)
  facet 3054: (0,0) (0,2) (0,3) (1,3) (2,3) (2,4) (2,5) (3,5) (3,6) (4,6) (6,6)
  facet 3055: (0,0) (0,2) (1,2) (1,3) (2,3) (2,4) (2,5) (3,5) (3,6) (4,6) (6,6)
  facet 3056: (0,0) (1,0) (1,2) (1,3) (2,3) (2,4) (2,5) (3,5) (3,6) (4,6) (6,6)
  facet 3057: (0,0) (0,2) (1,2) (2,2) (2,3) (2,4) (2,5) (3,5) (3,6) (4,6) (6,6)
  facet 3058: (0,0) (1,0) (1,2) (2,2) (2,3) (2,4) (2,5) (3,5) (3,6) (4,6) (6,6)
  facet 3059: (0,0) (1,0) (2,0) (2,2) (2,3) (2,4) (2,5) (3,5) (3,6) (4,6) (6,6)
  facet 3060: (0,0) (0,2) (0,3) (0,4) (1,4) (2,4) (3,4) (3,5) (3,6) (4,6) (6,6)
  facet 3061: (0,0) (0,2) (0,3) (1,3) (1,4) (2,4) (3,4) (3,5) (3,6) (4,6) (6,6)
  facet 3062: (0,0) (0,2) (1,2) (1,3) (1,4) (2,4) (3,4) (3,5) (3,6) (4,6) (6,6)
  facet 3063: (0,0) (1,0) (1,2) (1,3) (1,4) (2,4) (3,4) (3,5) (3,6) (4,6) (6,6)
  facet 3064: (0,0) (0,2) (0,3) (1,3) (2,3) (2,4) (3,4) (3,5) (3,6) (4,6) (6,6)
  facet 3065: (0,0) (0,2) (1,2) (1,3) (2,3) (2,4) (3,4) (3,5) (3,6) (4,6) (6,6)
  facet 3066: (0,0) (1,0) (1,2) (1,3) (2,3) (2,4) (3,4) (3,5) (3,6) (4,6) (6,6)
  facet 3067: (0,0) (0,2) (1,2) (2,2) (2,3) (2,4) (3,4) (3,5) (3,6) (4,6) (6,6)
  facet 3068: (0,0) (1,0) (1,2) (2,2) (2,3) (2,4) (3,4) (3,5) (3,6) (4,6) (6,6)
  facet 3069: (0,0) (1,0) (2,0) (2,2) (2,3) (2,4) (3,4) (3,5) (3,6) (4,6) (6,6)
  facet 3070: (0,0) (0,2) (0,3) (1,3) (2,3) (3,3) (3,4) (3,5) (3,6) (4,6) (6,6)
  facet 3071: (0,0) (0,2) (1,2) (1,3) (2,3) (3,3) (3,4) (3,5) (3,6) (4,6) (6,6)
  facet 3072: (0,0) (1,0) (1,2) (1,3) (2,3) (3,3) (3,4) (3,5) (3,6) (4,6) (6,6)
  facet 3073: (0,0) (0,2) (1,2) (2,2) (2,3) (3,3) (3,4) (3,5) (3,6) (4,6) (6,6)
  facet 3074: (0,0) (1,0) (1,2) (2,2) (2,3) (3,3) (3,4) (3,5) (3,6) (4,6) (6,6)
  facet 3075: (0,0) (1,0) (2,0) (2,2) (2,3) (3,3) (3,4) (3,5) (3,6) (4,6) (6,6)
  facet 3076: (0,0) (0,2) (1,2) (2,2) (3,2) (3,3) (3,4) (3,5) (3,6) (4,6) (6,6)
  facet 3077: (0,0) (1,0) (1,2) (2,2) (3,2) (3,3) (3,4) (3,5) (3,6) (4,6) (6,6)
  facet 3078: (0,0) (1,0) (2,0) (2,2) (3,2) (3,3) (3,4) (3,5) (3,6) (4,6) (6,6)
  facet 3079: (0,0) (1,0) (2,0) (3,0) (3,2) (3,3) (3,4) (3,5) (3,6) (4,6) (6,6)
  facet 3080: (0,0) (0,2) (0,3) (0,4) (0,5) (1,5) (2,5) (3,5) (4,5) (4,6) (6,6)
  facet 3081: (0,0) (0,2) (0,3) (0,4) (1,4) (1,5) (2,5) (3,5) (4,5) (4,6) (6,6)
  facet 3082: (0,0) (0,2) (0,3) (1,3) (1,4) (1,5) (2,5) (3,5) (4,5) (4,6) (6,6)
  facet 3083: (0,0) (0,2) (1,2) (1,3) (1,4) (1,5) (2,5) (3,5) (4,5) (4,6) (6,6)
  facet 3084: (0,0) (1,0) (1,2) (1,3) (1,4) (1,5) (2,5) (3,5) (4,5) (4,6) (6,6)
  facet 3085: (0,0) (0,2) (0,3) (0,4) (1,4) (2,4) (2,5) (3,5) (4,5) (4,6) (6,6)
  facet 3086: (0,0) (0,2) (0,3) (1,3) (1,4) (2,4) (2,5) (3,5) (4,5) (4,6) (6,6)
  facet 3087: (0,0) (0,2) (1,2) (1,3) (1,4) (2,4) (2,5) (3,5) (4,5) (4,6) (6,6)
  facet 3088: (0,0) (1,0) (1,2) (1,3) (1,4) (2,4) (2,5) (3,5) (4,5) (4,6) (6,6)
  facet 3089: (0,0) (0,2) (0,3) (1,3) (2,3) (2,4) (2,5) (3,5) (4,5) (4,6) (6,6)
  facet 3090: (0,0) (0,2) (1,2) (1,3) (2,3) (2,4) (2,5) (3,5) (4,5) (4,6) (6,6)
  facet 3091: (0,0) (1,0) (1,2) (1,3) (2,3) (2,4) (2,5) (3,5) (4,5) (4,6) (6,6)
  facet 3092: (0,0) (0,2) (1,2) (2,2) (2,3) (2,4) (2,5) (3,5) (4,5) (4,6) (6,6)
  facet 3093: (0,0) (1,0) (1,2) (2,2) (2,3) (2,4) (2,5) (3,5) (4,5) (4,6) (6,6)
  facet 3094: (0,0) (1,0) (2,0) (2,2) (2,3) (2,4) (2,5) (3,5) (4,5) (4,6) (6,6)
  facet 3095: (0,0) (0,2) (0,3) (0,4) (1,4) (2,4) (3,4) (3,5) (4,5) (4,6) (6,6)
  facet 3096: (0,0) (0,2) (0,3) (1,3) (1,4) (2,4) (3,4) (3,5) (4,5) (4,6) (6,6)
  facet 3097: (0,0) (0,2) (1,2) (1,3) (1,4) (2,4) (3,4) (3,5) (4,5) (4,6) (6,6)
  facet 3098: (0,0) (1,0) (1,2) (1,3) (1,4) (2,4) (3,4) (3,5) (4,5) (4,6) (6,6)
  facet 3099: (0,0) (0,2) (0,3) (1,3) (2,3) (2,4) (3,4) (3,5) (4,5) (4,6) (6,6)
  facet 3100: (0,0) (0,2) (1,2) (1,3) (2,3) (2,4) (3,4) (3,5) (4,5) (4,6) (6,6)
  facet 3101: (0,0) (1,0) (1,2) (1,3) (2,3) (2,4) (3,4) (3,5) (4,5) (4,6) (6,6)
  facet 3102: (0,0) (0,2) (1,2) (2,2) (2,3) (2,4) (3,4) (3,5) (4,5) (4,6) (6,6)
  facet 3103: (0,0) (1,0) (1,2) (2,2) (2,3) (2,4) (3,4) (3,5) (4,5) (4,6) (6,6)
  facet 3104: (0,0) (1,0) (2,0) (2,2) (2,3) (2,4) (3,4) (3,5) (4,5) (4,6) (6,6)
  facet 3105: (0,0) (0,2) (0,3) (1,3) (2,3) (3,3) (3,4) (3,5) (4,5) (4,6) (6,6)
  facet 3106: (0,0) (0,2) (1,2) (1,3) (2,3) (3,3) (3,4) (3,5) (4,5) (4,6) (6,6)
  facet 3107: (0,0) (1,0) (1,2) (1,3) (2,3) (3,3) (3,4) (3,5) (4,5) (4,6) (6,6)
  facet 3108: (0,0) (0,2) (1,2) (2,2) (2,3) (3,3) (3,4) (3,5) (4,5) (4,6) (6,6)
  facet 3109: (0,0) (1,0) (1,2) (2,2) (2,3) (3,3) (3,4) (3,5) (4,5) (4,6) (6,6)
  facet 3110: (0,0) (1,0) (2,0) (2,2) (2,3) (3,3) (3,4) (3,5) (4,5) (4,6) (6,6)
  facet 3111: (0,0) (0,2) (1,2) (2,2) (3,2) (3,3) (3,4) (3,5) (4,5) (4,6) (6,6)
  facet 3112: (0,0) (1,0) (1,2) (2,2) (3,2) (3,3) (3,4) (3,5) (4,5) (4,6) (6,6)
  facet 3113: (0,0) (1,0) (2,0) (2,2) (3,2) (3,3) (3,4) (3,5) (4,5) (4,6) (6,6)
  facet 3114: (0,0) (1,0) (2,0) (3,0) (3,2) (3,3) (3,4) (3,5) (4,5) (4,6) (6,6)
  facet 3115: (0,0) (0,2) (0,3) (0,4) (1,4) (2,4) (3,4) (4,4) (4,5) (4,6) (6,6)
  facet 3116: (0,0) (0,2) (0,3) (1,3) (1,4) (2,4) (3,4) (4,4) (4,5) (4,6) (6,6)
  facet 3117: (0,0) (0,2) (1,2) (1,3) (1,4) (2,4) (3,4) (4,4) (4,5) (4,6) (6,6)
  facet 3118: (0,0) (1,0) (1,2) (1,3) (1,4) (2,4) (3,4) (4,4) (4,5) (4,6) (6,6)
  facet 3119: (0,0) (0,2) (0,3) (1,3) (2,3) (2,4) (3,4) (4,4) (4,5) (4,6) (6,6)
  facet 3120: (0,0) (0,2) (1,2) (1,3) (2,3) (2,4) (3,4) (4,4) (4,5) (4,6) (6,6)
  facet 3121: (0,0) (1,0) (1,2) (1,3) (2,3) (2,4) (3,4) (4,4) (4,5) (4,6) (6,6)
  facet 3122: (0,0) (0,2) (1,2) (2,2) (2,3) (2,4) (3,4) (4,4) (4,5) (4,6) (6,6)
  facet 3123: (0,0) (1,0) (1,2) (2,2) (2,3) (2,4) (3,4) (4,4) (4,5) (4,6) (6,6)
  facet 3124: (0,0) (1,0) (2,0) (2,2) (2,3) (2,4) (3,4) (4,4) (4,5) (4,6) (6,6)
  facet 3125: (0,0) (0,2) (0,3) (1,3) (2,3) (3,3) (3,4) (4,4) (4,5) (4,6) (6,6)
  facet 3126: (0,0) (0,2) (1,2) (1,3) (2,3) (3,3) (3,4) (4,4) (4,5) (4,6) (6,6)
  facet 3127: (0,0) (1,0) (1,2) (1,3) (2,3) (3,3) (3,4) (4,4) (4,5) (4,6) (6,6)
  facet 3128: (0,0) (0,2) (1,2) (2,2) (2,3) (3,3) (3,4) (4,4) (4,5) (4,6) (6,6)
  facet 3129: (0,0) (1,0) (1,2) (2,2) (2,3) (3,3) (3,4) (4,4) (4,5) (4,6) (6,6)
  facet 3130: (0,0) (1,0) (2,0) (2,2) (2,3) (3,3) (3,4) (4,4) (4,5) (4,6) (6,6)
  facet 3131: (0,0) (0,2) (1,2) (2,2) (3,2) (3,3) (3,4) (4,4) (4,5) (4,6) (6,6)
  facet 3132: (0,0) (1,0) (1,2) (2,2) (3,2) (3,3) (3,4) (4,4) (4,5) (4,6) (6,6)
  facet 3133: (0,0) (1,0) (2,0) (2,2) (3,2) (3,3) (3,4) (4,4) (4,5) (4,6) (6,6)
  facet 3134: (0,0) (1,0) (2,0) (3,0) (3,2) (3,3) (3,4) (4,4) (4,5) (4,6) (6,6)
  facet 3135: (0,0) (0,2) (0,3) (1,3) (2,3) (3,3) (4,3) (4,4) (4,5) (4,6) (6,6)
  facet 3136: (0,0) (0,2) (1,2) (1,3) (2,3) (3,3) (4,3) (4,4) (4,5) (4,6) (6,6)
  facet 3137: (0,0) (1,0) (1,2) (1,3) (2,3) (3,3) (4,3) (4,4) (4,5) (4,6) (6,6)
  facet 3138: (0,0) (0,2) (1,2) (2,2) (2,3) (3,3) (4,3) (4,4) (4,5) (4,6) (6,6)
  facet 3139: (0,0) (1,0) (1,2) (2,2) (2,3) (3,3) (4,3) (4,4) (4,5) (4,6) (6,6)
  facet 3140: (0,0) (1,0) (2,0) (2,2) (2,3) (3,3) (4,3) (4,4) (4,5) (4,6) (6,6)
  facet 3141: (0,0) (0,2) (1,2) (2,2) (3,2) (3,3) (4,3) (4,4) (4,5) (4,6) (6,6)
  facet 3142: (0,0) (1,0) (1,2) (2,2) (3,2) (3,3) (4,3) (4,4) (4,5) (4,6) (6,6)
  facet 3143: (0,0) (1,0) (2,0) (2,2) (3,2) (3,3) (4,3) (4,4) (4,5) (4,6) (6,6)
  facet 3144: (0,0) (1,0) (2,0) (3,0) (3,2) (3,3) (4,3) (4,4) (4,5) (4,6) (6,6)
  facet 3145: (0,0) (0,2) (1,2) (2,2) (3,2) (4,2) (4,3) (4,4) (4,5) (4,6) (6,6)
  facet 3146: (0,0) (1,0) (1,2) (2,2) (3,2) (4,2) (4,3) (4,4) (4,5) (4,6) (6,6)
  facet 3147: (0,0) (1,0) (2,0) (2,2) (3,2) (4,2) (4,3) (4,4) (4,5) (4,6) (6,6)
  facet 3148: (0,0) (1,0) (2,0) (3,0) (3,2) (4,2) (4,3) (4,4) (4,5) (4,6) (6,6)
  facet 3149: (0,0) (1,0) (2,0) (3,0) (4,0) (4,2) (4,3) (4,4) (4,5) (4,6) (6,6)
  facet 3150: (0,0) (0,2) (0,3) (0,4) (0,5) (1,5) (2,5) (3,5) (4,5) (6,5) (6,6)
  facet 3151: (0,0) (0,2) (0,3) (0,4) (1,4) (1,5) (2,5) (3,5) (4,5) (6,5) (6,6)
  facet 3152: (0,0) (0,2) (0,3) (1,3) (1,4) (1,5) (2,5) (3,5) (4,5) (6,5) (6,6)
  facet 3153: (0,0) (0,2) (1,2) (1,3) (1,4) (1,5) (2,5) (3,5) (4,5) (6,5) (6,6)
  facet 3154: (0,0) (1,0) (1,2) (1,3) (1,4) (1,5) (2,5) (3,5) (4,5) (6,5) (6,6)
  facet 3155: (0,0) (0,2) (0,3) (0,4) (1,4) (2,4) (2,5) (3,5) (4,5) (6,5) (6,6)
  facet 3156: (0,0) (0,2) (0,3) (1,3) (1,4) (2,4) (2,5) (3,5) (4,5) (6,5) (6,6)
  facet 3157: (0,0) (0,2) (1,2) (1,3) (1,4) (2,4) (2,5) (3,5) (4,5) (6,5) (6,6)
  facet 3158: (0,0) (1,0) (1,2) (1,3) (1,4) (2,4) (2,5) (3,5) (4,5) (6,5) (6,6)
  facet 3159: (0,0) (0,2) (0,3) (1,3) (2,3) (2,4) (2,5) (3,5) (4,5) (6,5) (6,6)
  facet 3160: (0,0) (0,2) (1,2) (1,3) (2,3) (2,4) (2,5) (3,5) (4,5) (6,5) (6,6)
  facet 3161: (0,0) (1,0) (1,2) (1,3) (2,3) (2,4) (2,5) (3,5) (4,5) (6,5) (6,6)
  facet 3162: (0,0) (0,2) (1,2) (2,2) (2,3) (2,4) (2,5) (3,5) (4,5) (6,5) (6,6)
  facet 3163: (0,0) (1,0) (1,2) (2,2) (2,3) (2,4) (2,5) (3,5) (4,5) (6,5) (6,6)
  facet 3164: (0,0) (1,0) (2,0) (2,2) (2,3) (2,4) (2,5) (3,5) (4,5) (6,5) (6,6)
  facet 3165: (0,0) (0,2) (0,3) (0,4) (1,4) (2,4) (3,4) (3,5) (4,5) (6,5) (6,6)
  facet 3166: (0,0) (0,2) (0,3) (1,3) (1,4) (2,4) (3,4) (3,5) (4,5) (6,5) (6,6)
  facet 3167: (0,0) (0,2) (1,2) (1,3) (1,4) (2,4) (3,4) (3,5) (4,5) (6,5) (6,6)
  facet 3168: (0,0) (1,0) (1,2) (1,3) (1,4) (2,4) (3,4) (3,5) (4,5) (6,5) (6,6)
  facet 3169: (0,0) (0,2) (0,3) (1,3) (2,3) (2,4) (3,4) (3,5) (4,5) (6,5) (6,6)
  facet 3170: (0,0) (0,2) (1,2) (1,3) (2,3) (2,4) (3,4) (3,5) (4,5) (6,5) (6,6)
  facet 3171: (0,0) (1,0) (1,2) (1,3) (2,3) (2,4) (3,4) (3,5) (4,5) (6,5) (6,6)
  facet 3172: (0,0) (0,2) (1,2) (2,2) (2,3) (2,4) (3,4) (3,5) (4,5) (6,5) (6,6)
  facet 3173: (0,0) (1,0) (1,2) (2,2) (2,3) (2,4) (3,4) (3,5) (4,5) (6,5) (6,6)
  facet 3174: (0,0) (1,0) (2,0) (2,2) (2,3) (2,4) (3,4) (3,5) (4,5) (6,5) (6,6)
  facet 3175: (0,0) (0,2) (0,3) (1,3) (2,3) (3,3) (3,4) (3,5) (4,5) (6,5) (6,6)
  facet 3176: (0,0) (0,2) (1,2) (1,3) (2,3) (3,3) (3,4) (3,5) (4,5) (6,5) (6,6)
  facet 3177: (0,0) (1,0) (1,2) (1,3) (2,3) (3,3) (3,4) (3,5) (4,5) (6,5) (6,6)
  facet 3178: (0,0) (0,2) (1,2) (2,2) (2,3) (3,3) (3,4) (3,5) (4,5) (6,5) (6,6)
  facet 3179: (0,0) (1,0) (1,2) (2,2) (2,3) (3,3) (3,4) (3,5) (4,5) (6,5) (6,6)
  facet 3180: (0,0) (1,0) (2,0) (2,2) (2,3) (3,3) (3,4) (3,5) (4,5) (6,5) (6,6)
  facet 3181: (0,0) (0,2) (1,2) (2,2) (3,2) (3,3) (3,4) (3,5) (4,5) (6,5) (6,6)
  facet 3182: (0,0) (1,0) (1,2) (2,2) (3,2) (3,3) (3,4) (3,5) (4,5) (6,5) (6,6)
  facet 3183: (0,0) (1,0) (2,0) (2,2) (3,2) (3,3) (3,4) (3,5) (4,5) (6,5) (6,6)
  facet 3184: (0,0) (1,0) (2,0) (3,0) (3,2) (3,3) (3,4) (3,5) (4,5) (6,5) (6,6)
  facet 3185: (0,0) (0,2) (0,3) (0,4) (1,4) (2,4) (3,4) (4,4) (4,5) (6,5) (6,6)
  facet 3186: (0,0) (0,2) (0,3) (1,3) (1,4) (2,4) (3,4) (4,4) (4,5) (6,5) (6,6)
  facet 3187: (0,0) (0,2) (1,2) (1,3) (1,4) (2,4) (3,4) (4,4) (4,5) (6,5) (6,6)
  facet 3188: (0,0) (1,0) (1,2) (1,3) (1,4) (2,4) (3,4) (4,4) (4,5) (6,5) (6,6)
  facet 3189: (0,0) (0,2) (0,3) (1,3) (2,3) (2,4) (3,4) (4,4) (4,5) (6,5) (6,6)
  facet 3190: (0,0) (0,2) (1,2) (1,3) (2,3) (2,4) (3,4) (4,4) (4,5) (6,5) (6,6)
  facet 3191: (0,0) (1,0) (1,2) (1,3) (2,3) (2,4) (3,4) (4,4) (4,5) (6,5) (6,6)
  facet 3192: (0,0) (0,2) (1,2) (2,2) (2,3) (2,4) (3,4) (4,4) (4,5) (6,5) (6,6)
  facet 3193: (0,0) (1,0) (1,2) (2,2) (2,3) (2,4) (3,4) (4,4) (4,5) (6,5) (6,6)
  facet 3194: (0,0) (1,0) (2,0) (2,2) (2,3) (2,4) (3,4) (4,4) (4,5) (6,5) (6,6)
  facet 3195: (0,0) (0,2) (0,3) (1,3) (2,3) (3,3) (3,4) (4,4) (4,5) (6,5) (6,6)
  facet 3196: (0,0) (0,2) (1,2) (1,3) (2,3) (3,3) (3,4) (4,4) (4,5) (6,5) (6,6)
  facet 3197: (0,0) (1,0) (1,2) (1,3) (2,3) (3,3) (3,4) (4,4) (4,5) (6,5) (6,6)
  facet 3198: (0,0) (0,2) (1,2) (2,2) (2,3) (3,3) (3,4) (4,4) (4,5) (6,5) (6,6)
  facet 3199: (0,0) (1,0) (1,2) (2,2) (2,3) (3,3) (3,4) (4,4) (4,5) (6,5) (6,6)
  facet 3200: (0,0) (1,0) (2,0) (2,2) (2,3) (3,3) (3,4) (4,4) (4,5) (6,5) (6,6)
  facet 3201: (0,0) (0,2) (1,2) (2,2) (3,2) (3,3) (3,4) (4,4) (4,5) (6,5) (6,6)
  facet 3202: (0,0) (1,0) (1,2) (2,2) (3,2) (3,3) (3,4) (4,4) (4,5) (6,5) (6,6)
  facet 3203: (0,0) (1,0) (2,0) (2,2) (3,2) (3,3) (3,4) (4,4) (4,5) (6,5) (6,6)
  facet 3204: (0,0) (1,0) (2,0) (3,0) (3,2) (3,3) (3,4) (4,4) (4,5) (6,5) (6,6)
  facet 3205: (0,0) (0,2) (0,3) (1,3) (2,3) (3,3) (4,3) (4,4) (4,5) (6,5) (6,6)
  facet 3206: (0,0) (0,2) (1,2) (1,3) (2,3) (3,3) (4,3) (4,4) (4,5) (6,5) (6,6)
  facet 3207: (0,0) (1,0) (1,2) (1,3) (2,3) (3,3) (4,3) (4,4) (4,5) (6,5) (6,6)
  facet 3208: (0,0) (0,2) (1,2) (2,2) (2,3) (3,3) (4,3) (4,4) (4,5) (6,5) (6,6)
  facet 3209: (0,0) (1,0) (1,2) (2,2) (2,3) (3,3) (4,3) (4,4) (4,5) (6,5) (6,6)
  facet 3210: (0,0) (1,0) (2,0) (2,2) (2,3) (3,3) (4,3) (4,4) (4,5) (6,5) (6,6)
  facet 3211: (0,0) (0,2) (1,2) (2,2) (3,2) (3,3) (4,3) (4,4) (4,5) (6,5) (6,6)
  facet 3212: (0,0) (1,0) (1,2) (2,2) (3,2) (3,3) (4,3) (4,4) (4,5) (6,5) (6,6)
  facet 3213: (0,0) (1,0) (2,0) (2,2) (3,2) (3,3) (4,3) (4,4) (4,5) (6,5) (6,6)
  facet 3214: (0,0) (1,0) (2,0) (3,0) (3,2) (3,3) (4,3) (4,4) (4,5) (6,5) (6,6)
  facet 3215: (0,0) (0,2) (1,2) (2,2) (3,2) (4,2) (4,3) (4,4) (4,5) (6,5) (6,6)
  facet 3216: (0,0) (1,0) (1,2) (2,2) (3,2) (4,2) (4,3) (4,4) (4,5) (6,5) (6,6)
  facet 3217: (0,0) (1,0) (2,0) (2,2) (3,2) (4,2) (4,3) (4,4) (4,5) (6,5) (6,6)
  facet 3218: (0,0) (1,0) (2,0) (3,0) (3,2) (4,2) (4,3) (4,4) (4,5) (6,5) (6,6)
  facet 3219: (0,0) (1,0) (2,0) (3,0) (4,0) (4,2) (4,3) (4,4) (4,5) (6,5) (6,6)
  facet 3220: (0,0) (0,2) (0,3) (0,4) (1,4) (2,4) (3,4) (4,4) (6,4) (6,5) (6,6)
  facet 3221: (0,0) (0,2) (0,3) (1,3) (1,4) (2,4) (3,4) (4,4) (6,4) (6,5) (6,6)
  facet 3222: (0,0) (0,2) (1,2) (1,3) (1,4) (2,4) (3,4) (4,4) (6,4) (6,5) (6,6)
  facet 3223: (0,0) (1,0) (1,2) (1,3) (1,4) (2,4) (3,4) (4,4) (6,4) (6,5) (6,6)
  facet 3224: (0,0) (0,2) (0,3) (1,3) (2,3) (2,4) (3,4) (4,4) (6,4) (6,5) (6,6)
  facet 3225: (0,0) (0,2) (1,2) (1,3) (2,3) (2,4) (3,4) (4,4) (6,4) (6,5) (6,6)
  facet 3226: (0,0) (1,0) (1,2) (1,3) (2,3) (2,4) (3,4) (4,4) (6,4) (6,5) (6,6)
  facet 3227: (0,0) (0,2) (1,2) (2,2) (2,3) (2,4) (3,4) (4,4) (6,4) (6,5) (6,6)
  facet 3228: (0,0) (1,0) (1,2) (2,2) (2,3) (2,4) (3,4) (4,4) (6,4) (6,5) (6,6)
  facet 3229: (0,0) (1,0) (2,0) (2,2) (2,3) (2,4) (3,4) (4,4) (6,4) (6,5) (6,6)
  facet 3230: (0,0) (0,2) (0,3) (1,3) (2,3) (3,3) (3,4) (4,4) (6,4) (6,5) (6,6)
  facet 3231: (0,0) (0,2) (1,2) (1,3) (2,3) (3,3) (3,4) (4,4) (6,4) (6,5) (6,6)
  facet 3232: (0,0) (1,0) (1,2) (1,3) (2,3) (3,3) (3,4) (4,4) (6,4) (6,5) (6,6)
  facet 3233: (0,0) (0,2) (1,2) (2,2) (2,3) (3,3) (3,4) (4,4) (6,4) (6,5) (6,6)
  facet 3234: (0,0) (1,0) (1,2) (2,2) (2,3) (3,3) (3,4) (4,4) (6,4) (6,5) (6,6)
  facet 3235: (0,0) (1,0) (2,0) (2,2) (2,3) (3,3) (3,4) (4,4) (6,4) (6,5) (6,6)
  facet 3236: (0,0) (0,2) (1,2) (2,2) (3,2) (3,3) (3,4) (4,4) (6,4) (6,5) (6,6)
  facet 3237: (0,0) (1,0) (1,2) (2,2) (3,2) (3,3) (3,4) (4,4) (6,4) (6,5) (6,6)
  facet 3238: (0,0) (1,0) (2,0) (2,2) (3,2) (3,3) (3,4) (4,4) (6,4) (6,5) (6,6)
  facet 3239: (0,0) (1,0) (2,0) (3,0) (3,2) (3,3) (3,4) (4,4) (6,4) (6,5) (6,6)
  facet 3240: (0,0) (0,2) (0,3) (1,3) (2,3) (3,3) (4,3) (4,4) (6,4) (6,5) (6,6)
  facet 3241: (0,0) (0,2) (1,2) (1,3) (2,3) (3,3) (4,3) (4,4) (6,4) (6,5) (6,6)
  facet 3242: (0,0) (1,0) (1,2) (1,3) (2,3) (3,3) (4,3) (4,4) (6,4) (6,5) (6,6)
  facet 3243: (0,0) (0,2) (1,2) (2,2) (2,3) (3,3) (4,3) (4,4) (6,4) (6,5) (6,6)
  facet 3244: (0,0) (1,0) (1,2) (2,2) (2,3) (3,3) (4,3) (4,4) (6,4) (6,5) (6,6)
  facet 3245: (0,0) (1,0) (2,0) (2,2) (2,3) (3,3) (4,3) (4,4) (6,4) (6,5) (6,6)
  facet 3246: (0,0) (0,2) (1,2) (2,2) (3,2) (3,3) (4,3) (4,4) (6,4) (6,5) (6,6)
  facet 3247: (0,0) (1,0) (1,2) (2,2) (3,2) (3,3) (4,3) (4,4) (6,4) (6,5) (6,6)
  facet 3248: (0,0) (1,0) (2,0) (2,2) (3,2) (3,3) (4,3) (4,4) (6,4) (6,5) (6,6)
  facet 3249: (0,0) (1,0) (2,0) (3,0) (3,2) (3,3) (4,3) (4,4) (6,4) (6,5) (6,6)
  facet 3250: (0,0) (0,2) (1,2) (2,2) (3,2) (4,2) (4,3) (4,4) (6,4) (6,5) (6,6)
  facet 3251: (0,0) (1,0) (1,2) (2,2) (3,2) (4,2) (4,3) (4,4) (6,4) (6,5) (6,6)
  facet 3252: (0,0) (1,0) (2,0) (2,2) (3,2) (4,2) (4,3) (4,4) (6,4) (6,5) (6,6)
  facet 3253: (0,0) (1,0) (2,0) (3,0) (3,2) (4,2) (4,3) (4,4) (6,4) (6,5) (6,6)
  facet 3254: (0,0) (1,0) (2,0) (3,0) (4,0) (4,2) (4,3) (4,4) (6,4) (6,5) (6,6)
  facet 3255: (0,0) (0,2) (0,3) (1,3) (2,3) (3,3) (4,3) (6,3) (6,4) (6,5) (6,6)
  facet 3256: (0,0) (0,2) (1,2) (1,3) (2,3) (3,3) (4,3) (6,3) (6,4) (6,5) (6,6)
  facet 3257: (0,0) (1,0) (1,2) (1,3) (2,3) (3,3) (4,3) (6,3) (6,4) (6,5) (6,6)
  facet 3258: (0,0) (0,2) (1,2) (2,2) (2,3) (3,3) (4,3) (6,3) (6,4) (6,5) (6,6)
  facet 3259: (0,0) (1,0) (1,2) (2,2) (2,3) (3,3) (4,3) (6,3) (6,4) (6,5) (6,6)
  facet 3260: (0,0) (1,0) (2,0) (2,2) (2,3) (3,3) (4,3) (6,3) (6,4) (6,5) (6,6)
  facet 3261: (0,0) (0,2) (1,2) (2,2) (3,2) (3,3) (4,3) (6,3) (6,4) (6,5) (6,6)
  facet 3262: (0,0) (1,0) (1,2) (2,2) (3,2) (3,3) (4,3) (6,3) (6,4) (6,5) (6,6)
  facet 3263: (0,0) (1,0) (2,0) (2,2) (3,2) (3,3) (4,3) (6,3) (6,4) (6,5) (6,6)
  facet 3264: (0,0) (1,0) (2,0) (3,0) (3,2) (3,3) (4,3) (6,3) (6,4) (6,5) (6,6)
  facet 3265: (0,0) (0,2) (1,2) (2,2) (3,2) (4,2) (4,3) (6,3) (6,4) (6,5) (6,6)
  facet 3266: (0,0) (1,0) (1,2) (2,2) (3,2) (4,2) (4,3) (6,3) (6,4) (6,5) (6,6)
  facet 3267: (0,0) (1,0) (2,0) (2,2) (3,2) (4,2) (4,3) (6,3) (6,4) (6,5) (6,6)
  facet 3268: (0,0) (1,0) (2,0) (3,0) (3,2) (4,2) (4,3) (6,3) (6,4) (6,5) (6,6)
  facet 3269: (0,0) (1,0) (2,0) (3,0) (4,0) (4,2) (4,3) (6,3) (6,4) (6,5) (6,6)
  facet 3270: (0,0) (0,2) (1,2) (2,2) (3,2) (4,2) (6,2) (6,3) (6,4) (6,5) (6,6)
  facet 3271: (0,0) (1,0) (1,2) (2,2) (3,2) (4,2) (6,2) (6,3) (6,4) (6,5) (6,6)
  facet 3272: (0,0) (1,0) (2,0) (2,2) (3,2) (4,2) (6,2) (6,3) (6,4) (6,5) (6,6)
  facet 3273: (0,0) (1,0) (2,0) (3,0) (3,2) (4,2) (6,2) (6,3) (6,4) (6,5) (6,6)
  facet 3274: (0,0) (1,0) (2,0) (3,0) (4,0) (4,2) (6,2) (6,3) (6,4) (6,5) (6,6)
  facet 3275: (0,0) (1,0) (2,0) (3,0) (4,0) (6,0) (6,2) (6,3) (6,4) (6,5) (6,6)
  facet 3528: (0,0) (0,1) (0,2) (0,3) (0,4) (0,5) (1,5) (2,5) (3,5) (5,5) (6,5)
  facet 3529: (0,0) (0,1) (0,2) (0,3) (0,4) (1,4) (1,5) (2,5) (3,5) (5,5) (6,5)
  facet 3530: (0,0) (0,1) (0,2) (0,3) (1,3) (1,4) (1,5) (2,5) (3,5) (5,5) (6,5)
  facet 3531: (0,0) (0,1) (0,2) (1,2) (1,3) (1,4) (1,5) (2,5) (3,5) (5,5) (6,5)
  facet 3532: (0,0) (0,1) (1,1) (1,2) (1,3) (1,4) (1,5) (2,5) (3,5) (5,5) (6,5)
  facet 3533: (0,0) (1,0) (1,1) (1,2) (1,3) (1,4) (1,5) (2,5) (3,5) (5,5) (6,5)
  facet 3534: (0,0) (0,1) (0,2) (0,3) (0,4) (1,4) (2,4) (2,5) (3,5) (5,5) (6,5)
  facet 3535: (0,0) (0,1) (0,2) (0,3) (1,3) (1,4) (2,4) (2,5) (3,5) (5,5) (6,5)
  facet 3536: (0,0) (0,1) (0,2) (1,2) (1,3) (1,4) (2,4) (2,5) (3,5) (5,5) (6,5)
  facet 3537: (0,0) (0,1) (1,1) (1,2) (1,3) (1,4) (2,4) (2,5) (3,5) (5,5) (6,5)
  facet 3538: (0,0) (1,0) (1,1) (1,2) (1,3) (1,4) (2,4) (2,5) (3,5) (5,5) (6,5)
  facet 3539: (0,0) (0,1) (0,2) (0,3) (1,3) (2,3) (2,4) (2,5) (3,5) (5,5) (6,5)
  facet 3540: (0,0) (0,1) (0,2) (1,2) (1,3) (2,3) (2,4) (2,5) (3,5) (5,5) (6,5)
  facet 3541: (0,0) (0,1) (1,1) (1,2) (1,3) (2,3) (2,4) (2,5) (3,5) (5,5) (6,5)
  facet 3542: (0,0) (1,0) (1,1) (1,2) (1,3) (2,3) (2,4) (2,5) (3,5) (5,5) (6,5)
  facet 3543: (0,0) (0,1) (0,2) (1,2) (2,2) (2,3) (2,4) (2,5) (3,5) (5,5) (6,5)
  facet 3544: (0,0) (0,1) (1,1) (1,2) (2,2) (2,3) (2,4) (2,5) (3,5) (5,5) (6,5)
  facet 3545: (0,0) (1,0) (1,1) (1,2) (2,2) (2,3) (2,4) (2,5) (3,5) (5,5) (6,5)
  facet 3546: (0,0) (0,1) (1,1) (2,1) (2,2) (2,3) (2,4) (2,5) (3,5) (5,5) (6,5)
  facet 3547: (0,0) (1,0) (1,1) (2,1) (2,2) (2,3) (2,4) (2,5) (3,5) (5,5) (6,5)
  facet 3548: (0,0) (1,0) (2,0) (2,1) (2,2) (2,3) (2,4) (2,5) (3,5) (5,5) (6,5)
  facet 3549: (0,0) (0,1) (0,2) (0,3) (0,4) (1,4) (2,4) (3,4) (3,5) (5,5) (6,5)
  facet 3550: (0,0) (0,1) (0,2) (0,3) (1,3) (1,4) (2,4) (3,4) (3,5) (5,5) (6,5)
  facet 3551: (0,0) (0,1) (0,2) (1,2) (1,3) (1,4) (2,4) (3,4) (3,5) (5,5) (6,5)
  facet 3552: (0,0) (0,1) (1,1) (1,2) (1,3) (1,4) (2,4) (3,4) (3,5) (5,5) (6,5)
  facet 3553: (0,0) (1,0) (1,1) (1,2) (1,3) (1,4) (2,4) (3,4) (3,5) (5,5) (6,5)
  facet 3554: (0,0) (0,1) (0,2) (0,3) (1,3) (2,3) (2,4) (3,4) (3,5) (5,5) (6,5)
  facet 3555: (0,0) (0,1) (0,2) (1,2) (1,3) (2,3) (2,4) (3,4) (3,5) (5,5) (6,5)
  facet 3556: (0,0) (0,1) (1,1) (1,2) (1,3) (2,3) (2,4) (3,4) (3,5) (5,5) (6,5)
  facet 3557: (0,0) (1,0) (1,1) (1,2) (1,3) (2,3) (2,4) (3,4) (3,5) (5,5) (6,5)
  facet 3558: (0,0) (0,1) (0,2) (1,2) (2,2) (2,3) (2,4) (3,4) (3,5) (5,5) (6,5)
  facet 3559: (0,0) (0,1) (1,1) (1,2) (2,2) (2,3) (2,4) (3,4) (3,5) (5,5) (6,5)
  facet 3560: (0,0) (1,0) (1,1) (1,2) (2,2) (2,3) (2,4) (3,4) (3,5) (5,5) (6,5)
  facet 3561: (0,0) (0,1) (1,1) (2,1) (2,2) (2,3) (2,4) (3,4) (3,5) (5,5) (6,5)
  facet 3562: (0,0) (1,0) (1,1) (2,1) (2,2) (2,3) (2,4) (3,4) (3,5) (5,5) (6,5)
  facet 3563: (0,0) (1,0) (2,0) (2,1) (2,2) (2,3) (2,4) (3,4) (3,5) (5,5) (6,5)
  facet 3564: (0,0) (0,1) (0,2) (0,3) (1,3) (2,3) (3,3) (3,4) (3,5) (5,5) (6,5)
  facet 3565: (0,0) (0,1) (0,2) (1,2) (1,3) (2,3) (3,3) (3,4) (3,5) (5,5) (6,5)
  facet 3566: (0,0) (0,1) (1,1) (1,2) (1,3) (2,3) (3,3) (3,4) (3,5) (5,5) (6,5)
  facet 3567: (0,0) (1,0) (1,1) (1,2) (1,3) (2,3) (3,3) (3,4) (3,5) (5,5) (6,5)
  facet 3568: (0,0) (0,1) (0,2) (1,2) (2,2) (2,3) (3,3) (3,4) (3,5) (5,5) (6,5)
  facet 3569: (0,0) (0,1) (1,1) (1,2) (2,2) (2,3) (3,3) (3,4) (3,5) (5,5) (6,5)
  facet 3570: (0,0) (1,0) (1,1) (1,2) (2,2) (2,3) (3,3) (3,4) (3,5) (5,5) (6,5)
  facet 3571: (0,0) (0,1) (1,1) (2,1) (2,2) (2,3) (3,3) (3,4) (3,5) (5,5) (6,5)
  facet 3572: (0,0) (1,0) (1,1) (2,1) (2,2) (2,3) (3,3) (3,4) (3,5) (5,5) (6,5)
  facet 3573: (0,0) (1,0) (2,0) (2,1) (2,2) (2,3) (3,3) (3,4) (3,5) (5,5) (6,5)
  facet 3574: (0,0) (0,1) (0,2) (1,2) (2,2) (3,2) (3,3) (3,4) (3,5) (5,5) (6,5)
  facet 3575: (0,0) (0,1) (1,1) (1,2) (2,2) (3,2) (3,3) (3,4) (3,5) (5,5) (6,5)
  facet 3576: (0,0) (1,0) (1,1) (1,2) (2,2) (3,2) (3,3) (3,4) (3,5) (5,5) (6,5)
  facet 3577: (0,0) (0,1) (1,1) (2,1) (2,2) (3,2) (3,3) (3,4) (3,5) (5,5) (6,5)
  facet 3578: (0,0) (1,0) (1,1) (2,1) (2,2) (3,2) (3,3) (3,4) (3,5) (5,5) (6,5)
  facet 3579: (0,0) (1,0) (2,0) (2,1) (2,2) (3,2) (3,3) (3,4) (3,5) (5,5) (6,5)
  facet 3580: (0,0) (0,1) (1,1) (2,1) (3,1) (3,2) (3,3) (3,4) (3,5) (5,5) (6,5)
  facet 3581: (0,0) (1,0) (1,1) (2,1) (3,1) (3,2) (3,3) (3,4) (3,5) (5,5) (6,5)
  facet 3582: (0,0) (1,0) (2,0) (2,1) (3,1) (3,2) (3,3) (3,4) (3,5) (5,5) (6,5)
  facet 3583: (0,0) (1,0) (2,0) (3,0) (3,1) (3,2) (3,3) (3,4) (3,5) (5,5) (6,5)
  facet 3584: (0,0) (0,1) (0,2) (0,3) (0,4) (1,4) (2,4) (3,4) (5,4) (5,5) (6,5)
  facet 3585: (0,0) (0,1) (0,2) (0,3) (1,3) (1,4) (2,4) (3,4) (5,4) (5,5) (6,5)
  facet 3586: (0,0) (0,1) (0,2) (1,2) (1,3) (1,4) (2,4) (3,4) (5,4) (5,5) (6,5)
  facet 3587: (0,0) (0,1) (1,1) (1,2) (1,3) (1,4) (2,4) (3,4) (5,4) (5,5) (6,5)
  facet 3588: (0,0) (1,0) (1,1) (1,2) (1,3) (1,4) (2,4) (3,4) (5,4) (5,5) (6,5)
  facet 3589: (0,0) (0,1) (0,2) (0,3) (1,3) (2,3) (2,4) (3,4) (5,4) (5,5) (6,5)
  facet 3590: (0,0) (0,1) (0,2) (1,2) (1,3) (2,3) (2,4) (3,4) (5,4) (5,5) (6,5)
  facet 3591: (0,0) (0,1) (1,1) (1,2) (1,3) (2,3) (2,4) (3,4) (5,4) (5,5) (6,5)
  facet 3592: (0,0) (1,0) (1,1) (1,2) (1,3) (2,3) (2,4) (3,4) (5,4) (5,5) (6,5)
  facet 3593: (0,0) (0,1) (0,2) (1,2) (2,2) (2,3) (2,4) (3,4) (5,4) (5,5) (6,5)
  facet 3594: (0,0) (0,1) (1,1) (1,2) (2,2) (2,3) (2,4) (3,4) (5,4) (5,5) (6,5)
  facet 3595: (0,0) (1,0) (1,1) (1,2) (2,2) (2,3) (2,4) (3,4) (5,4) (5,5) (6,5)
  facet 3596: (0,0) (0,1) (1,1) (2,1) (2,2) (2,3) (2,4) (3,4) (5,4) (5,5) (6,5)
  facet 3597: (0,0) (1,0) (1,1) (2,1) (2,2) (2,3) (2,4) (3,4) (5,4) (5,5) (6,5)
  facet 3598: (0,0) (1,0) (2,0) (2,1) (2,2) (2,3) (2,4) (3,4) (5,4) (5,5) (6,5)
  facet 3599: (0,0) (0,1) (0,2) (0,3) (1,3) (2,3) (3,3) (3,4) (5,4) (5,5) (6,5)
  facet 3600: (0,0) (0,1) (0,2) (1,2) (1,3) (2,3) (3,3) (3,4) (5,4) (5,5) (6,5)
  facet 3601: (0,0) (0,1) (1,1) (1,2) (1,3) (2,3) (3,3) (3,4) (5,4) (5,5) (6,5)
  facet 3602: (0,0) (1,0) (1,1) (1,2) (1,3) (2,3) (3,3) (3,4) (5,4) (5,5) (6,5)
  facet 3603: (0,0) (0,1) (0,2) (1,2) (2,2) (2,3) (3,3) (3,4) (5,4) (5,5) (6,5)
  facet 3604: (0,0) (0,1) (1,1) (1,2) (2,2) (2,3) (3,3) (3,4) (5,4) (5,5) (6,5)
  facet 3605: (0,0) (1,0) (1,1) (1,2) (2,2) (2,3) (3,3) (3,4) (5,4) (5,5) (6,5)
  facet 3606: (0,0) (0,1) (1,1) (2,1) (2,2) (2,3) (3,3) (3,4) (5,4) (5,5) (6,5)
  facet 3607: (0,0) (1,0) (1,1) (2,1) (2,2) (2,3) (3,3) (3,4) (5,4) (5,5) (6,5)
  facet 3608: (0,0) (1,0) (2,0) (2,1) (2,2) (2,3) (3,3) (3,4) (5,4) (5,5) (6,5)
  facet 3609: (0,0) (0,1) (0,2) (1,2) (2,2) (3,2) (3,3) (3,4) (5,4) (5,5) (6,5)
  facet 3610: (0,0) (0,1) (1,1) (1,2) (2,2) (3,2) (3,3) (3,4) (5,4) (5,5) (6,5)
  facet 3611: (0,0) (1,0) (1,1) (1,2) (2,2) (3,2) (3,3) (3,4) (5,4) (5,5) (6,5)
  facet 3612: (0,0) (0,1) (1,1) (2,1) (2,2) (3,2) (3,3) (3,4) (5,4) (5,5) (6,5)
  facet 3613: (0,0) (1,0) (1,1) (2,1) (2,2) (3,2) (3,3) (3,4) (5,4) (5,5) (6,5)
  facet 3614: (0,0) (1,0) (2,0) (2,1) (2,2) (3,2) (3,3) (3,4) (5,4) (5,5) (6,5)
  facet 3615: (0,0) (0,1) (1,1) (2,1) (3,1) (3,2) (3,3) (3,4) (5,4) (5,5) (6,5)
  facet 3616: (0,0) (1,0) (1,1) (2,1) (3,1) (3,2) (3,3) (3,4) (5,4) (5,5) (6,5)
  facet 3617: (0,0) (1,0) (2,0) (2,1) (3,1) (3,2) (3,3) (3,4) (5,4) (5,5) (6,5)
  facet 3618: (0,0) (1,0) (2,0) (3,0) (3,1) (3,2) (3,3) (3,4) (5,4) (5,5) (6,5)
  facet 3619: (0,0) (0,1) (0,2) (0,3) (1,3) (2,3) (3,3) (5,3) (5,4) (5,5) (6,5)
  facet 3620: (0,0) (0,1) (0,2) (1,2) (1,3) (2,3) (3,3) (5,3) (5,4) (5,5) (6,5)
  facet 3621: (0,0) (0,1) (1,1) (1,2) (1,3) (2,3) (3,3) (5,3) (5,4) (5,5) (6,5)
  facet 3622: (0,0) (1,0) (1,1) (1,2) (1,3) (2,3) (3,3) (5,3) (5,4) (5,5) (6,5)
  facet 3623: (0,0) (0,1) (0,2) (1,2) (2,2) (2,3) (3,3) (5,3) (5,4) (5,5) (6,5)
  facet 3624: (0,0) (0,1) (1,1) (1,2) (2,2) (2,3) (3,3) (5,3) (5,4) (5,5) (6,5)
  facet 3625: (0,0) (1,0) (1,1) (1,2) (2,2) (2,3) (3,3) (5,3) (5,4) (5,5) (6,5)
  facet 3626: (0,0) (0,1) (1,1) (2,1) (2,2) (2,3) (3,3) (5,3) (5,4) (5,5) (6,5)
  facet 3627: (0,0) (1,0) (1,1) (2,1) (2,2) (2,3) (3,3) (5,3) (5,4) (5,5) (6,5)
  facet 3628: (0,0) (1,0) (2,0) (2,1) (2,2) (2,3) (3,3) (5,3) (5,4) (5,5) (6,5)
  facet 3629: (0,0) (0,1) (0,2) (1,2) (2,2) (3,2) (3,3) (5,3) (5,4) (5,5) (6,5)
  facet 3630: (0,0) (0,1) (1,1) (1,2) (2,2) (3,2) (3,3) (5,3) (5,4) (5,5) (6,5)
  facet 3631: (0,0) (1,0) (1,1) (1,2) (2,2) (3,2) (3,3) (5,3) (5,4) (5,5) (6,5)
  facet 3632: (0,0) (0,1) (1,1) (2,1) (2,2) (3,2) (3,3) (5,3) (5,4) (5,5) (6,5)
  facet 3633: (0,0) (1,0) (1,1) (2,1) (2,2) (3,2) (3,3) (5,3) (5,4) (5,5) (6,5)
  facet 3634: (0,0) (1,0) (2,0) (2,1) (2,2) (3,2) (3,3) (5,3) (5,4) (5,5) (6,5)
  facet 3635: (0,0) (0,1) (1,1) (2,1) (3,1) (3,2) (3,3) (5,3) (5,4) (5,5) (6,5)
  facet 3636: (0,0) (1,0) (1,1) (2,1) (3,1) (3,2) (3,3) (5,3) (5,4) (5,5) (6,5)
  facet 3637: (0,0) (1,0) (2,0) (2,1) (3,1) (3,2) (3,3) (5,3) (5,4) (5,5) (6,5)
  facet 3638: (0,0) (1,0) (2,0) (3,0) (3,1) (3,2) (3,3) (5,3) (5,4) (5,5) (6,5)
  facet 3639: (0,0) (0,1) (0,2) (1,2) (2,2) (3,2) (5,2) (5,3) (5,4) (5,5) (6,5)
  facet 3640: (0,0) (0,1) (1,1) (1,2) (2,2) (3,2) (5,2) (5,3) (5,4) (5,5) (6,5)
  facet 3641: (0,0) (1,0) (1,1) (1,2) (2,2) (3,2) (5,2) (5,3) (5,4) (5,5) (6,5)
  facet 3642: (0,0) (0,1) (1,1) (2,1) (2,2) (3,2) (5,2) (5,3) (5,4) (5,5) (6,5)
  facet 3643: (0,0) (1,0) (1,1) (2,1) (2,2) (3,2) (5,2) (5,3) (5,4) (5,5) (6,5)
  facet 3644: (0,0) (1,0) (2,0) (2,1) (2,2) (3,2) (5,2) (5,3) (5,4) (5,5) (6,5)
  facet 3645: (0,0) (0,1) (1,1) (2,1) (3,1) (3,2) (5,2) (5,3) (5,4) (5,5) (6,5)
  facet 3646: (0,0) (1,0) (1,1) (2,1) (3,1) (3,2) (5,2) (5,3) (5,4) (5,5) (6,5)
  facet 3647: (0,0) (1,0) (2,0) (2,1) (3,1) (3,2) (5,2) (5,3) (5,4) (5,5) (6,5)
  facet 3648: (0,0) (1,0) (2,0) (3,0) (3,1) (3,2) (5,2) (5,3) (5,4) (5,5) (6,5)
  facet 3649: (0,0) (0,1) (1,1) (2,1) (3,1) (5,1) (5,2) (5,3) (5,4) (5,5) (6,5)
  facet 3650: (0,0) (1,0) (1,1) (2,1) (3,1) (5,1) (5,2) (5,3) (5,4) (5,5) (6,5)
  facet 3651: (0,0) (1,0) (2,0) (2,1) (3,1) (5,1) (5,2) (5,3) (5,4) (5,5) (6,5)
  facet 3652: (0,0) (1,0) (2,0) (3,0) (3,1) (5,1) (5,2) (5,3) (5,4) (5,5) (6,5)
  facet 3653: (0,0) (1,0) (2,0) (3,0) (5,0) (5,1) (5,2) (5,3) (5,4) (5,5) (6,5)
  facet 3654: (0,0) (0,1) (0,2) (0,3) (0,4) (1,4) (2,4) (3,4) (5,4) (6,4) (6,5)
  facet 3655: (0,0) (0,1) (0,2) (0,3) (1,3) (1,4) (2,4) (3,4) (5,4) (6,4) (6,5)
  facet 3656: (0,0) (0,1) (0,2) (1,2) (1,3) (1,4) (2,4) (3,4) (5,4) (6,4) (6,5)
  facet 3657: (0,0) (0,1) (1,1) (1,2) (1,3) (1,4) (2,4) (3,4) (5,4) (6,4) (6,5)
  facet 3658: (0,0) (1,0) (1,1) (1,2) (1,3) (1,4) (2,4) (3,4) (5,4) (6,4) (6,5)
  facet 3659: (0,0) (0,1) (0,2) (0,3) (1,3) (2,3) (2,4) (3,4) (5,4) (6,4) (6,5)
  facet 3660: (0,0) (0,1) (0,2) (1,2) (1,3) (2,3) (2,4) (3,4) (5,4) (6,4) (6,5)
  facet 3661: (0,0) (0,1) (1,1) (1,2) (1,3) (2,3) (2,4) (3,4) (5,4) (6,4) (6,5)
  facet 3662: (0,0) (1,0) (1,1) (1,2) (1,3) (2,3) (2,4) (3,4) (5,4) (6,4) (6,5)
  facet 3663: (0,0) (0,1) (0,2) (1,2) (2,2) (2,3) (2,4) (3,4) (5,4) (6,4) (6,5)
  facet 3664: (0,0) (0,1) (1,1) (1,2) (2,2) (2,3) (2,4) (3,4) (5,4) (6,4) (6,5)
  facet 3665: (0,0) (1,0) (1,1) (1,2) (2,2) (2,3) (2,4) (3,4) (5,4) (6,4) (6,5)
  facet 3666: (0,0) (0,1) (1,1) (2,1) (2,2) (2,3) (2,4) (3,4) (5,4) (6,4) (6,5)
  facet 3667: (0,0) (1,0) (1,1) (2,1) (2,2) (2,3) (2,4) (3,4) (5,4) (6,4) (6,5)
  facet 3668: (0,0) (1,0) (2,0) (2,1) (2,2) (2,3) (2,4) (3,4) (5,4) (6,4) (6,5)
  facet 3669: (0,0) (0,1) (0,2) (0,3) (1,3) (2,3) (3,3) (3,4) (5,4) (6,4) (6,5)
  facet 3670: (0,0) (0,1) (0,2) (1,2) (1,3) (2,3) (3,3) (3,4) (5,4) (6,4) (6,5)
  facet 3671: (0,0) (0,1) (1,1) (1,2) (1,3) (2,3) (3,3) (3,4) (5,4) (6,4) (6,5)
  facet 3672: (0,0) (1,0) (1,1) (1,2) (1,3) (2,3) (3,3) (3,4) (5,4) (6,4) (6,5)
  facet 3673: (0,0) (0,1) (0,2) (1,2) (2,2) (2,3) (3,3) (3,4) (5,4) (6,4) (6,5)
  facet 3674: (0,0) (0,1) (1,1) (1,2) (2,2) (2,3) (3,3) (3,4) (5,4) (6,4) (6,5)
  facet 3675: (0,0) (1,0) (1,1) (1,2) (2,2) (2,3) (3,3) (3,4) (5,4) (6,4) (6,5)
  facet 3676: (0,0) (0,1) (1,1) (2,1) (2,2) (2,3) (3,3) (3,4) (5,4) (6,4) (6,5)
  facet 3677: (0,0) (1,0) (1,1) (2,1) (2,2) (2,3) (3,3) (3,4) (5,4) (6,4) (6,5)
  facet 3678: (0,0) (1,0) (2,0) (2,1) (2,2) (2,3) (3,3) (3,4) (5,4) (6,4) (6,5)
  facet 3679: (0,0) (0,1) (0,2) (1,2) (2,2) (3,2) (3,3) (3,4) (5,4) (6,4) (6,5)
  facet 3680: (0,0) (0,1) (1,1) (1,2) (2,2) (3,2) (3,3) (3,4) (5,4) (6,4) (6,5)
  facet 3681: (0,0) (1,0) (1,1) (1,2) (2,2) (3,2) (3,3) (3,4) (5,4) (6,4) (6,5)
  facet 3682: (0,0) (0,1) (1,1) (2,1) (2,2) (3,2) (3,3) (3,4) (5,4) (6,4) (6,5)
  facet 3683: (0,0) (1,0) (1,1) (2,1) (2,2) (3,2) (3,3) (3,4) (5,4) (6,4) (6,5)
  facet 3684: (0,0) (1,0) (2,0) (2,1) (2,2) (3,2) (3,3) (3,4) (5,4) (6,4) (6,5)
  facet 3685: (0,0) (0,1) (1,1) (2,1) (3,1) (3,2) (3,3) (3,4) (5,4) (6,4) (6,5)
  facet 3686: (0,0) (1,0) (1,1) (2,1) (3,1) (3,2) (3,3) (3,4) (5,4) (6,4) (6,5)
  facet 3687: (0,0) (1,0) (2,0) (2,1) (3,1) (3,2) (3,3) (3,4) (5,4) (6,4) (6,5)
  facet 3688: (0,0) (1,0) (2,0) (3,0) (3,1) (3,2) (3,3) (3,4) (5,4) (6,4) (6,5)
  facet 3689: (0,0) (0,1) (0,2) (0,3) (1,3) (2,3) (3,3) (5,3) (5,4) (6,4) (6,5)
  facet 3690: (0,0) (0,1) (0,2) (1,2) (1,3) (2,3) (3,3) (5,3) (5,4) (6,4) (6,5)
  facet 3691: (0,0) (0,1) (1,1) (1,2) (1,3) (2,3) (3,3) (5,3) (5,4) (6,4) (6,5)
  facet 3692: (0,0) (1,0) (1,1) (1,2) (1,3) (2,3) (3,3) (5,3) (5,4) (6,4) (6,5)
  facet 3693: (0,0) (0,1) (0,2) (1,2) (2,2) (2,3) (3,3) (5,3) (5,4) (6,4) (6,5)
  facet 3694: (0,0) (0,1) (1,1) (1,2) (2,2) (2,3) (3,3) (5,3) (5,4) (6,4) (6,5)
  facet 3695: (0,0) (1,0) (1,1) (1,2) (2,2) (2,3) (3,3) (5,3) (5,4) (6,4) (6,5)
  facet 3696: (0,0) (0,1) (1,1) (2,1) (2,2) (2,3) (3,3) (5,3) (5,4) (6,4) (6,5)
  facet 3697: (0,0) (1,0) (1,1) (2,1) (2,2) (2,3) (3,3) (5,3) (5,4) (6,4) (6,5)
  facet 3698: (0,0) (1,0) (2,0) (2,1) (2,2) (2,3) (3,3) (5,3) (5,4) (6,4) (6,5)
  facet 3699: (0,0) (0,1) (0,2) (1,2) (2,2) (3,2) (3,3) (5,3) (5,4) (6,4) (6,5)
  facet 3700: (0,0) (0,1) (1,1) (1,2) (2,2) (3,2) (3,3) (5,3) (5,4) (6,4) (6,5)
  facet 3701: (0,0) (1,0) (1,1) (1,2) (2,2) (3,2) (3,3) (5,3) (5,4) (6,4) (6,5)
  facet 3702: (0,0) (0,1) (1,1) (2,1) (2,2) (3,2) (3,3) (5,3) (5,4) (6,4) (6,5)
  facet 3703: (0,0) (1,0) (1,1) (2,1) (2,2) (3,2) (3,3) (5,3) (5,4) (6,4) (6,5)
  facet 3704: (0,0) (1,0) (2,0) (2,1) (2,2) (3,2) (3,3) (5,3) (5,4) (6,4) (6,5)
  facet 3705: (0,0) (0,1) (1,1) (2,1) (3,1) (3,2) (3,3) (5,3) (5,4) (6,4) (6,5)
  facet 3706: (0,0) (1,0) (1,1) (2,1) (3,1) (3,2) (3,3) (5,3) (5,4) (6,4) (6,5)
  facet 3707: (0,0) (1,0) (2,0) (2,1) (3,1) (3,2) (3,3) (5,3) (5,4) (6,4) (6,5)
  facet 3708: (0,0) (1,0) (2,0) (3,0) (3,1) (3,2) (3,3) (5,3) (5,4) (6,4) (6,5)
  facet 3709: (0,0) (0,1) (0,2) (1,2) (2,2) (3,2) (5,2) (5,3) (5,4) (6,4) (6,5)
  facet 3710: (0,0) (0,1) (1,1) (1,2) (2,2) (3,2) (5,2) (5,3) (5,4) (6,4) (6,5)
  facet 3711: (0,0) (1,0) (1,1) (1,2) (2,2) (3,2) (5,2) (5,3) (5,4) (6,4) (6,5)
  facet 3712: (0,0) (0,1) (1,1) (2,1) (2,2) (3,2) (5,2) (5,3) (5,4) (6,4) (6,5)
  facet 3713: (0,0) (1,0) (1,1) (2,1) (2,2) (3,2) (5,2) (5,3) (5,4) (6,4) (6,5)
  facet 3714: (0,0) (1,0) (2,0) (2,1) (2,2) (3,2) (5,2) (5,3) (5,4) (6,4) (6,5)
  facet 3715: (0,0) (0,1) (1,1) (2,1) (3,1) (3,2) (5,2) (5,3) (5,4) (6,4) (6,5)
  facet 3716: (0,0) (1,0) (1,1) (2,1) (3,1) (3,2) (5,2) (5,3) (5,4) (6,4) (6,5)
  facet 3717: (0,0) (1,0) (2,0) (2,1) (3,1) (3,2) (5,2) (5,3) (5,4) (6,4) (6,5)
  facet 3718: (0,0) (1,0) (2,0) (3,0) (3,1) (3,2) (5,2) (5,3) (5,4) (6,4) (6,5)
  facet 3719: (0,0) (0,1) (1,1) (2,1) (3,1) (5,1) (5,2) (5,3) (5,4) (6,4) (6,5)
  facet 3720: (0,0) (1,0) (1,1) (2,1) (3,1) (5,1) (5,2) (5,3) (5,4) (6,4) (6,5)
  facet 3721: (0,0) (1,0) (2,0) (2,1) (3,1) (5,1) (5,2) (5,3) (5,4) (6,4) (6,5)
  facet 3722: (0,0) (1,0) (2,0) (3,0) (3,1) (5,1) (5,2) (5,3) (5,4) (6,4) (6,5)
  facet 3723: (0,0) (1,0) (2,0) (3,0) (5,0) (5,1) (5,2) (5,3) (5,4) (6,4) (6,5)
  facet 3724: (0,0) (0,1) (0,2) (0,3) (1,3) (2,3) (3,3) (5,3) (6,3) (6,4) (6,5)
  facet 3725: (0,0) (0,1) (0,2) (1,2) (1,3) (2,3) (3,3) (5,3) (6,3) (6,4) (6,5)
  facet 3726: (0,0) (0,1) (1,1) (1,2) (1,3) (2,3) (3,3) (5,3) (6,3) (6,4) (6,5)
  facet 3727: (0,0) (1,0) (1,1) (1,2) (1,3) (2,3) (3,3) (5,3) (6,3) (6,4) (6,5)
  facet 3728: (0,0) (0,1) (0,2) (1,2) (2,2) (2,3) (3,3) (5,3) (6,3) (6,4) (6,5)
  facet 3729: (0,0) (0,1) (1,1) (1,2) (2,2) (2,3) (3,3) (5,3) (6,3) (6,4) (6,5)
  facet 3730: (0,0) (1,0) (1,1) (1,2) (2,2) (2,3) (3,3) (5,3) (6,3) (6,4) (6,5)
  facet 3731: (0,0) (0,1) (1,1) (2,1) (2,2) (2,3) (3,3) (5,3) (6,3) (6,4) (6,5)
  facet 3732: (0,0) (1,0) (1,1) (2,1) (2,2) (2,3) (3,3) (5,3) (6,3) (6,4) (6,5)
  facet 3733: (0,0) (1,0) (2,0) (2,1) (2,2) (2,3) (3,3) (5,3) (6,3) (6,4) (6,5)
  facet 3734: (0,0) (0,1) (0,2) (1,2) (2,2) (3,2) (3,3) (5,3) (6,3) (6,4) (6,5)
  facet 3735: (0,0) (0,1) (1,1) (1,2) (2,2) (3,2) (3,3) (5,3) (6,3) (6,4) (6,5)
  facet 3736: (0,0) (1,0) (1,1) (1,2) (2,2) (3,2) (3,3) (5,3) (6,3) (6,4) (6,5)
  facet 3737: (0,0) (0,1) (1,1) (2,1) (2,2) (3,2) (3,3) (5,3) (6,3) (6,4) (6,5)
  facet 3738: (0,0) (1,0) (1,1) (2,1) (2,2) (3,2) (3,3) (5,3) (6,3) (6,4) (6,5)
  facet 3739: (0,0) (1,0) (2,0) (2,1) (2,2) (3,2) (3,3) (5,3) (6,3) (6,4) (6,5)
  facet 3740: (0,0) (0,1) (1,1) (2,1) (3,1) (3,2) (3,3) (5,3) (6,3) (6,4) (6,5)
  facet 3741: (0,0) (1,0) (1,1) (2,1) (3,1) (3,2) (3,3) (5,3) (6,3) (6,4) (6,5)
  facet 3742: (0,0) (1,0) (2,0) (2,1) (3,1) (3,2) (3,3) (5,3) (6,3) (6,4) (6,5)
  facet 3743: (0,0) (1,0) (2,0) (3,0) (3,1) (3,2) (3,3) (5,3) (6,3) (6,4) (6,5)
  facet 3744: (0,0) (0,1) (0,2) (1,2) (2,2) (3,2) (5,2) (5,3) (6,3) (6,4) (6,5)
  facet 3745: (0,0) (0,1) (1,1) (1,2) (2,2) (3,2) (5,2) (5,3) (6,3) (6,4) (6,5)
  facet 3746: (0,0) (1,0) (1,1) (1,2) (2,2) (3,2) (5,2) (5,3) (6,3) (6,4) (6,5)
  facet 3747: (0,0) (0,1) (1,1) (2,1) (2,2) (3,2) (5,2) (5,3) (6,3) (6,4) (6,5)
  facet 3748: (0,0) (1,0) (1,1) (2,1) (2,2) (3,2) (5,2) (5,3) (6,3) (6,4) (6,5)
  facet 3749: (0,0) (1,0) (2,0) (2,1) (2,2) (3,2) (5,2) (5,3) (6,3) (6,4) (6,5)
  facet 3750: (0,0) (0,1) (1,1) (2,1) (3,1) (3,2) (5,2) (5,3) (6,3) (6,4) (6,5)
  facet 3751: (0,0) (1,0) (1,1) (2,1) (3,1) (3,2) (5,2) (5,3) (6,3) (6,4) (6,5)
  facet 3752: (0,0) (1,0) (2,0) (2,1) (3,1) (3,2) (5,2) (5,3) (6,3) (6,4) (6,5)
  facet 3753: (0,0) (1,0) (2,0) (3,0) (3,1) (3,2) (5,2) (5,3) (6,3) (6,4) (6,5)
  facet 3754: (0,0) (0,1) (1,1) (2,1) (3,1) (5,1) (5,2) (5,3) (6,3) (6,4) (6,5)
  facet 3755: (0,0) (1,0) (1,1) (2,1) (3,1) (5,1) (5,2) (5,3) (6,3) (6,4) (6,5)
  facet 3756: (0,0) (1,0) (2,0) (2,1) (3,1) (5,1) (5,2) (5,3) (6,3) (6,4) (6,5)
  facet 3757: (0,0) (1,0) (2,0) (3,0) (3,1) (5,1) (5,2) (5,3) (6,3) (6,4) (6,5)
  facet 3758: (0,0) (1,0) (2,0) (3,0) (5,0) (5,1) (5,2) (5,3) (6,3) (6,4) (6,5)
  facet 3759: (0,0) (0,1) (0,2) (1,2) (2,2) (3,2) (5,2) (6,2) (6,3) (6,4) (6,5)
  facet 3760: (0,0) (0,1) (1,1) (1,2) (2,2) (3,2) (5,2) (6,2) (6,3) (6,4) (6,5)
  facet 3761: (0,0) (1,0) (1,1) (1,2) (2,2) (3,2) (5,2) (6,2) (6,3) (6,4) (6,5)
  facet 3762: (0,0) (0,1) (1,1) (2,1) (2,2) (3,2) (5,2) (6,2) (6,3) (6,4) (6,5)
  facet 3763: (0,0) (1,0) (1,1) (2,1) (2,2) (3,2) (5,2) (6,2) (6,3) (6,4) (6,5)
  facet 3764: (0,0) (1,0) (2,0) (2,1) (2,2) (3,2) (5,2) (6,2) (6,3) (6,4) (6,5)
  facet 3765: (0,0) (0,1) (1,1) (2,1) (3,1) (3,2) (5,2) (6,2) (6,3) (6,4) (6,5)
  facet 3766: (0,0) (1,0) (1,1) (2,1) (3,1) (3,2) (5,2) (6,2) (6,3) (6,4) (6,5)
  facet 3767: (0,0) (1,0) (2,0) (2,1) (3,1) (3,2) (5,2) (6,2) (6,3) (6,4) (6,5)
  facet 3768: (0,0) (1,0) (2,0) (3,0) (3,1) (3,2) (5,2) (6,2) (6,3) (6,4) (6,5)
  facet 3769: (0,0) (0,1) (1,1) (2,1) (3,1) (5,1) (5,2) (6,2) (6,3) (6,4) (6,5)
  facet 3770: (0,0) (1,0) (1,1) (2,1) (3,1) (5,1) (5,2) (6,2) (6,3) (6,4) (6,5)
  facet 3771: (0,0) (1,0) (2,0) (2,1) (3,1) (5,1) (5,2) (6,2) (6,3) (6,4) (6,5)
  facet 3772: (0,0) (1,0) (2,0) (3,0) (3,1) (5,1) (5,2) (6,2) (6,3) (6,4) (6,5)
  facet 3773: (0,0) (1,0) (2,0) (3,0) (5,0) (5,1) (5,2) (6,2) (6,3) (6,4) (6,5)
  facet 3774: (0,0) (0,1) (1,1) (2,1) (3,1) (5,1) (6,1) (6,2) (6,3) (6,4) (6,5)
  facet 3775: (0,0) (1,0) (1,1) (2,1) (3,1) (5,1) (6,1) (6,2) (6,3) (6,4) (6,5)
  facet 3776: (0,0) (1,0) (2,0) (2,1) (3,1) (5,1) (6,1) (6,2) (6,3) (6,4) (6,5)
  facet 3777: (0,0) (1,0) (2,0) (3,0) (3,1) (5,1) (6,1) (6,2) (6,3) (6,4) (6,5)
  facet 3778: (0,0) (1,0) (2,0) (3,0) (5,0) (5,1) (6,1) (6,2) (6,3) (6,4) (6,5)
  facet 3779: (0,0) (1,0) (2,0) (3,0) (5,0) (6,0) (6,1) (6,2) (6,3) (6,4) (6,5)
  facet 3780: (0,0) (0,1) (0,2) (0,3) (0,4) (0,6) (1,6) (2,6) (3,6) (5,6) (6,6)
  facet 3781: (0,0) (0,1) (0,2) (0,3) (0,4) (1,4) (1,6) (2,6) (3,6) (5,6) (6,6)
  facet 3782: (0,0) (0,1) (0,2) (0,3) (1,3) (1,4) (1,6) (2,6) (3,6) (5,6) (6,6)
  facet 3783: (0,0) (0,1) (0,2) (1,2) (1,3) (1,4) (1,6) (2,6) (3,6) (5,6) (6,6)
  facet 3784: (0,0) (0,1) (1,1) (1,2) (1,3) (1,4) (1,6) (2,6) (3,6) (5,6) (6,6)
  facet 3785: (0,0) (1,0) (1,1) (1,2) (1,3) (1,4) (1,6) (2,6) (3,6) (5,6) (6,6)
  facet 3786: (0,0) (0,1) (0,2) (0,3) (0,4) (1,4) (2,4) (2,6) (3,6) (5,6) (6,6)
  facet 3787: (0,0) (0,1) (0,2) (0,3) (1,3) (1,4) (2,4) (2,6) (3,6) (5,6) (6,6)
  facet 3788: (0,0) (0,1) (0,2) (1,2) (1,3) (1,4) (2,4) (2,6) (3,6) (5,6) (6,6)
  facet 3789: (0,0) (0,1) (1,1) (1,2) (1,3) (1,4) (2,4) (2,6) (3,6) (5,6) (6,6)
  facet 3790: (0,0) (1,0) (1,1) (1,2) (1,3) (1,4) (2,4) (2,6) (3,6) (5,6) (6,6)
  facet 3791: (0,0) (0,1) (0,2) (0,3) (1,3) (2,3) (2,4) (2,6) (3,6) (5,6) (6,6)
  facet 3792: (0,0) (0,1) (0,2) (1,2) (1,3) (2,3) (2,4) (2,6) (3,6) (5,6) (6,6)
  facet 3793: (0,0) (0,1) (1,1) (1,2) (1,3) (2,3) (2,4) (2,6) (3,6) (5,6) (6,6)
  facet 3794: (0,0) (1,0) (1,1) (1,2) (1,3) (2,3) (2,4) (2,6) (3,6) (5,6) (6,6)
  facet 3795: (0,0) (0,1) (0,2) (1,2) (2,2) (2,3) (2,4) (2,6) (3,6) (5,6) (6,6)
  facet 3796: (0,0) (0,1) (1,1) (1,2) (2,2) (2,3) (2,4) (2,6) (3,6) (5,6) (6,6)
  facet 3797: (0,0) (1,0) (1,1) (1,2) (2,2) (2,3) (2,4) (2,6) (3,6) (5,6) (6,6)
  facet 3798: (0,0) (0,1) (1,1) (2,1) (2,2) (2,3) (2,4) (2,6) (3,6) (5,6) (6,6)
  facet 3799: (0,0) (1,0) (1,1) (2,1) (2,2) (2,3) (2,4) (2,6) (3,6) (5,6) (6,6)
  facet 3800: (0,0) (1,0) (2,0) (2,1) (2,2) (2,3) (2,4) (2,6) (3,6) (5,6) (6,6)
  facet 3801: (0,0) (0,1) (0,2) (0,3) (0,4) (1,4) (2,4) (3,4) (3,6) (5,6) (6,6)
  facet 3802: (0,0) (0,1) (0,2) (0,3) (1,3) (1,4) (2,4) (3,4) (3,6) (5,6) (6,6)
  facet 3803: (0,0) (0,1) (0,2) (1,2) (1,3) (1,4) (2,4) (3,4) (3,6) (5,6) (6,6)
  facet 3804: (0,0) (0,1) (1,1) (1,2) (1,3) (1,4) (2,4) (3,4) (3,6) (5,6) (6,6)
  facet 3805: (0,0) (1,0) (1,1) (1,2) (1,3) (1,4) (2,4) (3,4) (3,6) (5,6) (6,6)
  facet 3806: (0,0) (0,1) (0,2) (0,3) (1,3) (2,3) (2,4) (3,4) (3,6) (5,6) (6,6)
  facet 3807: (0,0) (0,1) (0,2) (1,2) (1,3) (2,3) (2,4) (3,4) (3,6) (5,6) (6,6)
  facet 3808: (0,0) (0,1) (1,1) (1,2) (1,3) (2,3) (2,4) (3,4) (3,6) (5,6) (6,6)
  facet 3809: (0,0) (1,0) (1,1) (1,2) (1,3) (2,3) (2,4) (3,4) (3,6) (5,6) (6,6)
  facet 3810: (0,0) (0,1) (0,2) (1,2) (2,2) (2,3) (2,4) (3,4) (3,6) (5,6) (6,6)
  facet 3811: (0,0) (0,1) (1,1) (1,2) (2,2) (2,3) (2,4) (3,4) (3,6) (5,6) (6,6)
  facet 3812: (0,0) (1,0) (1,1) (1,2) (2,2) (2,3) (2,4) (3,4) (3,6) (5,6) (6,6)
  facet 3813: (0,0) (0,1) (1,1) (2,1) (2,2) (2,3) (2,4) (3,4) (3,6) (5,6) (6,6)
  facet 3814: (0,0) (1,0) (1,1) (2,1) (2,2) (2,3) (2,4) (3,4) (3,6) (5,6) (6,6)
  facet 3815: (0,0) (1,0) (2,0) (2,1) (2,2) (2,3) (2,4) (3,4) (3,6) (5,6) (6,6)
  facet 3816: (0,0) (0,1) (0,2) (0,3) (1,3) (2,3) (3,3) (3,4) (3,6) (5,6) (6,6)
  facet 3817: (0,0) (0,1) (0,2) (1,2) (1,3) (2,3) (3,3) (3,4) (3,6) (5,6) (6,6)
  facet 3818: (0,0) (0,1) (1,1) (1,2) (1,3) (2,3) (3,3) (3,4) (3,6) (5,6) (6,6)
  facet 3819: (0,0) (1,0) (1,1) (1,2) (1,3) (2,3) (3,3) (3,4) (3,6) (5,6) (6,6)
  facet 3820: (0,0) (0,1) (0,2) (1,2) (2,2) (2,3) (3,3) (3,4) (3,6) (5,6) (6,6)
  facet 3821: (0,0) (0,1) (1,1) (1,2) (2,2) (2,3) (3,3) (3,4) (3,6) (5,6) (6,6)
  facet 3822: (0,0) (1,0) (1,1) (1,2) (2,2) (2,3) (3,3) (3,4) (3,6) (5,6) (6,6)
  facet 3823: (0,0) (0,1) (1,1) (2,1) (2,2) (2,3) (3,3) (3,4) (3,6) (5,6) (6,6)
  facet 3824: (0,0) (1,0) (1,1) (2,1) (2,2) (2,3) (3,3) (3,4) (3,6) (5,6) (6,6)
  facet 3825: (0,0) (1,0) (2,0) (2,1) (2,2) (2,3) (3,3) (3,4) (3,6) (5,6) (6,6)
  facet 3826: (0,0) (0,1) (0,2) (1,2) (2,2) (3,2) (3,3) (3,4) (3,6) (5,6) (6,6)
  facet 3827: (0,0) (0,1) (1,1) (1,2) (2,2) (3,2) (3,3) (3,4) (3,6) (5,6) (6,6)
  facet 3828: (0,0) (1,0) (1,1) (1,2) (2,2) (3,2) (3,3) (3,4) (3,6) (5,6) (6,6)
  facet 3829: (0,0) (0,1) (1,1) (2,1) (2,2) (3,2) (3,3) (3,4) (3,6) (5,6) (6,6)
  facet 3830: (0,0) (1,0) (1,1) (2,1) (2,2) (3,2) (3,3) (3,4) (3,6) (5,6) (6,6)
  facet 3831: (0,0) (1,0) (2,0) (2,1) (2,2) (3,2) (3,3) (3,4) (3,6) (5,6) (6,6)
  facet 3832: (0,0) (0,1) (1,1) (2,1) (3,1) (3,2) (3,3) (3,4) (3,6) (5,6) (6,6)
  facet 3833: (0,0) (1,0) (1,1) (2,1) (3,1) (3,2) (3,3) (3,4) (3,6) (5,6) (6,6)
  facet 3834: (0,0) (1,0) (2,0) (2,1) (3,1) (3,2) (3,3) (3,4) (3,6) (5,6) (6,6)
  facet 3835: (0,0) (1,0) (2,0) (3,0) (3,1) (3,2) (3,3) (3,4) (3,6) (5,6) (6,6)
  facet 3836: (0,0) (0,1) (0,2) (0,3) (0,4) (1,4) (2,4) (3,4) (5,4) (5,6) (6,6)
  facet 3837: (0,0) (0,1) (0,2) (0,3) (1,3) (1,4) (2,4) (3,4) (5,4) (5,6) (6,6)
  facet 3838: (0,0) (0,1) (0,2) (1,2) (1,3) (1,4) (2,4) (3,4) (5,4) (5,6) (6,6)
  facet 3839: (0,0) (0,1) (1,1) (1,2) (1,3) (1,4) (2,4) (3,4) (5,4) (5,6) (6,6)
  facet 3840: (0,0) (1,0) (1,1) (1,2) (1,3) (1,4) (2,4) (3,4) (5,4) (5,6) (6,6)
  facet 3841: (0,0) (0,1) (0,2) (0,3) (1,3) (2,3) (2,4) (3,4) (5,4) (5,6) (6,6)
  facet 3842: (0,0) (0,1) (0,2) (1,2) (1,3) (2,3) (2,4) (3,4) (5,4) (5,6) (6,6)
  facet 3843: (0,0) (0,1) (1,1) (1,2) (1,3) (2,3) (2,4) (3,4) (5,4) (5,6) (6,6)
  facet 3844: (0,0) (1,0) (1,1) (1,2) (1,3) (2,3) (2,4) (3,4) (5,4) (5,6) (6,6)
  facet 3845: (0,0) (0,1) (0,2) (1,2) (2,2) (2,3) (2,4) (3,4) (5,4) (5,6) (6,6)
  facet 3846: (0,0) (0,1) (1,1) (1,2) (2,2) (2,3) (2,4) (3,4) (5,4) (5,6) (6,6)
  facet 3847: (0,0) (1,0) (1,1) (1,2) (2,2) (2,3) (2,4) (3,4) (5,4) (5,6) (6,6)
  facet 3848: (0,0) (0,1) (1,1) (2,1) (2,2) (2,3) (2,4) (3,4) (5,4) (5,6) (6,6)
  facet 3849: (0,0) (1,0) (1,1) (2,1) (2,2) (2,3) (2,4) (3,4) (5,4) (5,6) (6,6)
  facet 3850: (0,0) (1,0) (2,0) (2,1) (2,2) (2,3) (2,4) (3,4) (5,4) (5,6) (6,6)
  facet 3851: (0,0) (0,1) (0,2) (0,3) (1,3) (2,3) (3,3) (3,4) (5,4) (5,6) (6,6)
  facet 3852: (0,0) (0,1) (0,2) (1,2) (1,3) (2,3) (3,3) (3,4) (5,4) (5,6) (6,6)
  facet 3853: (0,0) (0,1) (1,1) (1,2) (1,3) (2,3) (3,3) (3,4) (5,4) (5,6) (6,6)
  facet 3854: (0,0) (1,0) (1,1) (1,2) (1,3) (2,3) (3,3) (3,4) (5,4) (5,6) (6,6)
  facet 3855: (0,0) (0,1) (0,2) (1,2) (2,2) (2,3) (3,3) (3,4) (5,4) (5,6) (6,6)
  facet 3856: (0,0) (0,1) (1,1) (1,2) (2,2) (2,3) (3,3) (3,4) (5,4) (5,6) (6,6)
  facet 3857: (0,0) (1,0) (1,1) (1,2) (2,2) (2,3) (3,3) (3,4) (5,4) (5,6) (6,6)
  facet 3858: (0,0) (0,1) (1,1) (2,1) (2,2) (2,3) (3,3) (3,4) (5,4) (5,6) (6,6)
  facet 3859: (0,0) (1,0) (1,1) (2,1) (2,2) (2,3) (3,3) (3,4) (5,4) (5,6) (6,6)
  facet 3860: (0,0) (1,0) (2,0) (2,1) (2,2) (2,3) (3,3) (3,4) (5,4) (5,6) (6,6)
  facet 3861: (0,0) (0,1) (0,2) (1,2) (2,2) (3,2) (3,3) (3,4) (5,4) (5,6) (6,6)
  facet 3862: (0,0) (0,1) (1,1) (1,2) (2,2) (3,2) (3,3) (3,4) (5,4) (5,6) (6,6)
  facet 3863: (0,0) (1,0) (1,1) (1,2) (2,2) (3,2) (3,3) (3,4) (5,4) (5,6) (6,6)
  facet 3864: (0,0) (0,1) (1,1) (2,1) (2,2) (3,2) (3,3) (3,4) (5,4) (5,6) (6,6)
  facet 3865: (0,0) (1,0) (1,1) (2,1) (2,2) (3,2) (3,3) (3,4) (5,4) (5,6) (6,6)
  facet 3866: (0,0) (1,0) (2,0) (2,1) (2,2) (3,2) (3,3) (3,4) (5,4) (5,6) (6,6)
  facet 3867: (0,0) (0,1) (1,1) (2,1) (3,1) (3,2) (3,3) (3,4) (5,4) (5,6) (6,6)
  facet 3868: (0,0) (1,0) (1,1) (2,1) (3,1) (3,2) (3,3) (3,4) (5,4) (5,6) (6,6)
  facet 3869: (0,0) (1,0) (2,0) (2,1) (3,1) (3,2) (3,3) (3,4) (5,4) (5,6) (6,6)
  facet 3870: (0,0) (1,0) (2,0) (3,0) (3,1) (3,2) (3,3) (3,4) (5,4) (5,6) (6,6)
  facet 3871: (0,0) (0,1) (0,2) (0,3) (1,3) (2,3) (3,3) (5,3) (5,4) (5,6) (6,6)
  facet 3872: (0,0) (0,1) (0,2) (1,2) (1,3) (2,3) (3,3) (5,3) (5,4) (5,6) (6,6)
  facet 3873: (0,0) (0,1) (1,1) (1,2) (1,3) (2,3) (3,3) (5,3) (5,4) (5,6) (6,6)
  facet 3874: (0,0) (1,0) (1,1) (1,2) (1,3) (2,3) (3,3) (5,3) (5,4) (5,6) (6,6)
  facet 3875: (0,0) (0,1) (0,2) (1,2) (2,2) (2,3) (3,3) (5,3) (5,4) (5,6) (6,6)
  facet 3876: (0,0) (0,1) (1,1) (1,2) (2,2) (2,3) (3,3) (5,3) (5,4) (5,6) (6,6)
  facet 3877: (0,0) (1,0) (1,1) (1,2) (2,2) (2,3) (3,3) (5,3) (5,4) (5,6) (6,6)
  facet 3878: (0,0) (0,1) (1,1) (2,1) (2,2) (2,3) (3,3) (5,3) (5,4) (5,6) (6,6)
  facet 3879: (0,0) (1,0) (1,1) (2,1) (2,2) (2,3) (3,3) (5,3) (5,4) (5,6) (6,6)
  facet 3880: (0,0) (1,0) (2,0) (2,1) (2,2) (2,3) (3,3) (5,3) (5,4) (5,6) (6,6)
  facet 3881: (0,0) (0,1) (0,2) (1,2) (2,2) (3,2) (3,3) (5,3) (5,4) (5,6) (6,6)
  facet 3882: (0,0) (0,1) (1,1) (1,2) (2,2) (3,2) (3,3) (5,3) (5,4) (5,6) (6,6)
  facet 3883: (0,0) (1,0) (1,1) (1,2) (2,2) (3,2) (3,3) (5,3) (5,4) (5,6) (6,6)
  facet 3884: (0,0) (0,1) (1,1) (2,1) (2,2) (3,2) (3,3) (5,3) (5,4) (5,6) (6,6)
  facet 3885: (0,0) (1,0) (1,1) (2,1) (2,2) (3,2) (3,3) (5,3) (5,4) (5,6) (6,6)
  facet 3886: (0,0) (1,0) (2,0) (2,1) (2,2) (3,2) (3,3) (5,3) (5,4) (5,6) (6,6)
  facet 3887: (0,0) (0,1) (1,1) (2,1) (3,1) (3,2) (3,3) (5,3) (5,4) (5,6) (6,6)
  facet 3888: (0,0) (1,0) (1,1) (2,1) (3,1) (3,2) (3,3) (5,3) (5,4) (5,6) (6,6)
  facet 3889: (0,0) (1,0) (2,0) (2,1) (3,1) (3,2) (3,3) (5,3) (5,4) (5,6) (6,6)
  facet 3890: (0,0) (1,0) (2,0) (3,0) (3,1) (3,2) (3,3) (5,3) (5,4) (5,6) (6,6)
  facet 3891: (0,0) (0,1) (0,2) (1,2) (2,2) (3,2) (5,2) (5,3) (5,4) (5,6) (6,6)
  facet 3892: (0,0) (0,1) (1,1) (1,2) (2,2) (3,2) (5,2) (5,3) (5,4) (5,6) (6,6)
  facet 3893: (0,0) (1,0) (1,1) (1,2) (2,2) (3,2) (5,2) (5,3) (5,4) (5,6) (6,6)
  facet 3894: (0,0) (0,1) (1,1) (2,1) (2,2) (3,2) (5,2) (5,3) (5,4) (5,6) (6,6)
  facet 3895: (0,0) (1,0) (1,1) (2,1) (2,2) (3,2) (5,2) (5,3) (5,4) (5,6) (6,6)
  facet 3896: (0,0) (1,0) (2,0) (2,1) (2,2) (3,2) (5,2) (5,3) (5,4) (5,6) (6,6)
  facet 3897: (0,0) (0,1) (1,1) (2,1) (3,1) (3,2) (5,2) (5,3) (5,4) (5,6) (6,6)
  facet 3898: (0,0) (1,0) (1,1) (2,1) (3,1) (3,2) (5,2) (5,3) (5,4) (5,6) (6,6)
  facet 3899: (0,0) (1,0) (2,0) (2,1) (3,1) (3,2) (5,2) (5,3) (5,4) (5,6) (6,6)
  facet 3900: (0,0) (1,0) (2,0) (3,0) (3,1) (3,2) (5,2) (5,3) (5,4) (5,6) (6,6)
  facet 3901: (0,0) (0,1) (1,1) (2,1) (3,1) (5,1) (5,2) (5,3) (5,4) (5,6) (6,6)
  facet 3902: (0,0) (1,0) (1,1) (2,1) (3,1) (5,1) (5,2) (5,3) (5,4) (5,6) (6,6)
  facet 3903: (0,0) (1,0) (2,0) (2,1) (3,1) (5,1) (5,2) (5,3) (5,4) (5,6) (6,6)
  facet 3904: (0,0) (1,0) (2,0) (3,0) (3,1) (5,1) (5,2) (5,3) (5,4) (5,6) (6,6)
  facet 3905: (0,0) (1,0) (2,0) (3,0) (5,0) (5,1) (5,2) (5,3) (5,4) (5,6) (6,6)
  facet 3906: (0,0) (0,1) (0,2) (0,3) (0,4) (1,4) (2,4) (3,4) (5,4) (6,4) (6,6)
  facet 3907: (0,0) (0,1) (0,2) (0,3) (1,3) (1,4) (2,4) (3,4) (5,4) (6,4) (6,6)
  facet 3908: (0,0) (0,1) (0,2) (1,2) (1,3) (1,4) (2,4) (3,4) (5,4) (6,4) (6,6)
  facet 3909: (0,0) (0,1) (1,1) (1,2) (1,3) (1,4) (2,4) (3,4) (5,4) (6,4) (6,6)
  facet 3910: (0,0) (1,0) (1,1) (1,2) (1,3) (1,4) (2,4) (3,4) (5,4) (6,4) (6,6)
  facet 3911: (0,0) (0,1) (0,2) (0,3) (1,3) (2,3) (2,4) (3,4) (5,4) (6,4) (6,6)
  facet 3912: (0,0) (0,1) (0,2) (1,2) (1,3) (2,3) (2,4) (3,4) (5,4) (6,4) (6,6)
  facet 3913: (0,0) (0,1) (1,1) (1,2) (1,3) (2,3) (2,4) (3,4) (5,4) (6,4) (6,6)
  facet 3914: (0,0) (1,0) (1,1) (1,2) (1,3) (2,3) (2,4) (3,4) (5,4) (6,4) (6,6)
  facet 3915: (0,0) (0,1) (0,2) (1,2) (2,2) (2,3) (2,4) (3,4) (5,4) (6,4) (6,6)
  facet 3916: (0,0) (0,1) (1,1) (1,2) (2,2) (2,3) (2,4) (3,4) (5,4) (6,4) (6,6)
  facet 3917: (0,0) (1,0) (1,1) (1,2) (2,2) (2,3) (2,4) (3,4) (5,4) (6,4) (6,6)
  facet 3918: (0,0) (0,1) (1,1) (2,1) (2,2) (2,3) (2,4) (3,4) (5,4) (6,4) (6,6)
  facet 3919: (0,0) (1,0) (1,1) (2,1) (2,2) (2,3) (2,4) (3,4) (5,4) (6,4) (6,6)
  facet 3920: (0,0) (1,0) (2,0) (2,1) (2,2) (2,3) (2,4) (3,4) (5,4) (6,4) (6,6)
  facet 3921: (0,0) (0,1) (0,2) (0,3) (1,3) (2,3) (3,3) (3,4) (5,4) (6,4) (6,6)
  facet 3922: (0,0) (0,1) (0,2) (1,2) (1,3) (2,3) (3,3) (3,4) (5,4) (6,4) (6,6)
  facet 3923: (0,0) (0,1) (1,1) (1,2) (1,3) (2,3) (3,3) (3,4) (5,4) (6,4) (6,6)
  facet 3924: (0,0) (1,0) (1,1) (1,2) (1,3) (2,3) (3,3) (3,4) (5,4) (6,4) (6,6)
  facet 3925: (0,0) (0,1) (0,2) (1,2) (2,2) (2,3) (3,3) (3,4) (5,4) (6,4) (6,6)
  facet 3926: (0,0) (0,1) (1,1) (1,2) (2,2) (2,3) (3,3) (3,4) (5,4) (6,4) (6,6)
  facet 3927: (0,0) (1,0) (1,1) (1,2) (2,2) (2,3) (3,3) (3,4) (5,4) (6,4) (6,6)
  facet 3928: (0,0) (0,1) (1,1) (2,1) (2,2) (2,3) (3,3) (3,4) (5,4) (6,4) (6,6)
  facet 3929: (0,0) (1,0) (1,1) (2,1) (2,2) (2,3) (3,3) (3,4) (5,4) (6,4) (6,6)
  facet 3930: (0,0) (1,0) (2,0) (2,1) (2,2) (2,3) (3,3) (3,4) (5,4) (6,4) (6,6)
  facet 3931: (0,0) (0,1) (0,2) (1,2) (2,2) (3,2) (3,3) (3,4) (5,4) (6,4) (6,6)
  facet 3932: (0,0) (0,1) (1,1) (1,2) (2,2) (3,2) (3,3) (3,4) (5,4) (6,4) (6,6)
  facet 3933: (0,0) (1,0) (1,1) (1,2) (2,2) (3,2) (3,3) (3,4) (5,4) (6,4) (6,6)
  facet 3934: (0,0) (0,1) (1,1) (2,1) (2,2) (3,2) (3,3) (3,4) (5,4) (6,4) (6,6)
  facet 3935: (0,0) (1,0) (1,1) (2,1) (2,2) (3,2) (3,3) (3,4) (5,4) (6,4) (6,6)
  facet 3936: (0,0) (1,0) (2,0) (2,1) (2,2) (3,2) (3,3) (3,4) (5,4) (6,4) (6,6)
  facet 3937: (0,0) (0,1) (1,1) (2,1) (3,1) (3,2) (3,3) (3,4) (5,4) (6,4) (6,6)
  facet 3938: (0,0) (1,0) (1,1) (2,1) (3,1) (3,2) (3,3) (3,4) (5,4) (6,4) (6,6)
  facet 3939: (0,0) (1,0) (2,0) (2,1) (3,1) (3,2) (3,3) (3,4) (5,4) (6,4) (6,6)
  facet 3940: (0,0) (1,0) (2,0) (3,0) (3,1) (3,2) (3,3) (3,4) (5,4) (6,4) (6,6)
  facet 3941: (0,0) (0,1) (0,2) (0,3) (1,3) (2,3) (3,3) (5,3) (5,4) (6,4) (6,6)
  facet 3942: (0,0) (0,1) (0,2) (1,2) (1,3) (2,3) (3,3) (5,3) (5,4) (6,4) (6,6)
  facet 3943: (0,0) (0,1) (1,1) (1,2) (1,3) (2,3) (3,3) (5,3) (5,4) (6,4) (6,6)
  facet 3944: (0,0) (1,0) (1,1) (1,2) (1,3) (2,3) (3,3) (5,3) (5,4) (6,4) (6,6)
  facet 3945: (0,0) (0,1) (0,2) (1,2) (2,2) (2,3) (3,3) (5,3) (5,4) (6,4) (6,6)
  facet 3946: (0,0) (0,1) (1,1) (1,2) (2,2) (2,3) (3,3) (5,3) (5,4) (6,4) (6,6)
  facet 3947: (0,0) (1,0) (1,1) (1,2) (2,2) (2,3) (3,3) (5,3) (5,4) (6,4) (6,6)
  facet 3948: (0,0) (0,1) (1,1) (2,1) (2,2) (2,3) (3,3) (5,3) (5,4) (6,4) (6,6)
  facet 3949: (0,0) (1,0) (1,1) (2,1) (2,2) (2,3) (3,3) (5,3) (5,4) (6,4) (6,6)
  facet 3950: (0,0) (1,0) (2,0) (2,1) (2,2) (2,3) (3,3) (5,3) (5,4) (6,4) (6,6)
  facet 3951: (0,0) (0,1) (0,2) (1,2) (2,2) (3,2) (3,3) (5,3) (5,4) (6,4) (6,6)
  facet 3952: (0,0) (0,1) (1,1) (1,2) (2,2) (3,2) (3,3) (5,3) (5,4) (6,4) (6,6)
  facet 3953: (0,0) (1,0) (1,1) (1,2) (2,2) (3,2) (3,3) (5,3) (5,4) (6,4) (6,6)
  facet 3954: (0,0) (0,1) (1,1) (2,1) (2,2) (3,2) (3,3) (5,3) (5,4) (6,4) (6,6)
  facet 3955: (0,0) (1,0) (1,1) (2,1) (2,2) (3,2) (3,3) (5,3) (5,4) (6,4) (6,6)
  facet 3956: (0,0) (1,0) (2,0) (2,1) (2,2) (3,2) (3,3) (5,3) (5,4) (6,4) (6,6)
  facet 3957: (0,0) (0,1) (1,1) (2,1) (3,1) (3,2) (3,3) (5,3) (5,4) (6,4) (6,6)
  facet 3958: (0,0) (1,0) (1,1) (2,1) (3,1) (3,2) (3,3) (5,3) (5,4) (6,4) (6,6)
  facet 3959: (0,0) (1,0) (2,0) (2,1) (3,1) (3,2) (3,3) (5,3) (5,4) (6,4) (6,6)
  facet 3960: (0,0) (1,0) (2,0) (3,0) (3,1) (3,2) (3,3) (5,3) (5,4) (6,4) (6,6)
  facet 3961: (0,0) (0,1) (0,2) (1,2) (2,2) (3,2) (5,2) (5,3) (5,4) (6,4) (6,6)
  facet 3962: (0,0) (0,1) (1,1) (1,2) (2,2) (3,2) (5,2) (5,3) (5,4) (6,4) (6,6)
  facet 3963: (0,0) (1,0) (1,1) (1,2) (2,2) (3,2) (5,2) (5,3) (5,4) (6,4) (6,6)
  facet 3964: (0,0) (0,1) (1,1) (2,1) (2,2) (3,2) (5,2) (5,3) (5,4) (6,4) (6,6)
  facet 3965: (0,0) (1,0) (1,1) (2,1) (2,2) (3,2) (5,2) (5,3) (5,4) (6,4) (6,6)
  facet 3966: (0,0) (1,0) (2,0) (2,1) (2,2) (3,2) (5,2) (5,3) (5,4) (6,4) (6,6)
  facet 3967: (0,0) (0,1) (1,1) (2,1) (3,1) (3,2) (5,2) (5,3) (5,4) (6,4) (6,6)
  facet 3968: (0,0) (1,0) (1,1) (2,1) (3,1) (3,2) (5,2) (5,3) (5,4) (6,4) (6,6)
  facet 3969: (0,0) (1,0) (2,0) (2,1) (3,1) (3,2) (5,2) (5,3) (5,4) (6,4) (6,6)
  facet 3970: (0,0) (1,0) (2,0) (3,0) (3,1) (3,2) (5,2) (5,3) (5,4) (6,4) (6,6)
  facet 3971: (0,0) (0,1) (1,1) (2,1) (3,1) (5,1) (5,2) (5,3) (5,4) (6,4) (6,6)
  facet 3972: (0,0) (1,0) (1,1) (2,1) (3,1) (5,1) (5,2) (5,3) (5,4) (6,4) (6,6)
  facet 3973: (0,0) (1,0) (2,0) (2,1) (3,1) (5,1) (5,2) (5,3) (5,4) (6,4) (6,6)
  facet 3974: (0,0) (1,0) (2,0) (3,0) (3,1) (5,1) (5,2) (5,3) (5,4) (6,4) (6,6)
  facet 3975: (0,0) (1,0) (2,0) (3,0) (5,0) (5,1) (5,2) (5,3) (5,4) (6,4) (6,6)
  facet 3976: (0,0) (0,1) (0,2) (0,3) (1,3) (2,3) (3,3) (5,3) (6,3) (6,4) (6,6)
  facet 3977: (0,0) (0,1) (0,2) (1,2) (1,3) (2,3) (3,3) (5,3) (6,3) (6,4) (6,6)
  facet 3978: (0,0) (0,1) (1,1) (1,2) (1,3) (2,3) (3,3) (5,3) (6,3) (6,4) (6,6)
  facet 3979: (0,0) (1,0) (1,1) (1,2) (1,3) (2,3) (3,3) (5,3) (6,3) (6,4) (6,6)
  facet 3980: (0,0) (0,1) (0,2) (1,2) (2,2) (2,3) (3,3) (5,3) (6,3) (6,4) (6,6)
  facet 3981: (0,0) (0,1) (1,1) (1,2) (2,2) (2,3) (3,3) (5,3) (6,3) (6,4) (6,6)
  facet 3982: (0,0) (1,0) (1,1) (1,2) (2,2) (2,3) (3,3) (5,3) (6,3) (6,4) (6,6)
  facet 3983: (0,0) (0,1) (1,1) (2,1) (2,2) (2,3) (3,3) (5,3) (6,3) (6,4) (6,6)
  facet 3984: (0,0) (1,0) (1,1) (2,1) (2,2) (2,3) (3,3) (5,3) (6,3) (6,4) (6,6)
  facet 3985: (0,0) (1,0) (2,0) (2,1) (2,2) (2,3) (3,3) (5,3) (6,3) (6,4) (6,6)
  facet 3986: (0,0) (0,1) (0,2) (1,2) (2,2) (3,2) (3,3) (5,3) (6,3) (6,4) (6,6)
  facet 3987: (0,0) (0,1) (1,1) (1,2) (2,2) (3,2) (3,3) (5,3) (6,3) (6,4) (6,6)
  facet 3988: (0,0) (1,0) (1,1) (1,2) (2,2) (3,2) (3,3) (5,3) (6,3) (6,4) (6,6)
  facet 3989: (0,0) (0,1) (1,1) (2,1) (2,2) (3,2) (3,3) (5,3) (6,3) (6,4) (6,6)
  facet 3990: (0,0) (1,0) (1,1) (2,1) (2,2) (3,2) (3,3) (5,3) (6,3) (6,4) (6,6)
  facet 3991: (0,0) (1,0) (2,0) (2,1) (2,2) (3,2) (3,3) (5,3) (6,3) (6,4) (6,6)
  facet 3992: (0,0) (0,1) (1,1) (2,1) (3,1) (3,2) (3,3) (5,3) (6,3) (6,4) (6,6)
  facet 3993: (0,0) (1,0) (1,1) (2,1) (3,1) (3,2) (3,3) (5,3) (6,3) (6,4) (6,6)
  facet 3994: (0,0) (1,0) (2,0) (2,1) (3,1) (3,2) (3,3) (5,3) (6,3) (6,4) (6,6)
  facet 3995: (0,0) (1,0) (2,0) (3,0) (3,1) (3,2) (3,3) (5,3) (6,3) (6,4) (6,6)
  facet 3996: (0,0) (0,1) (0,2) (1,2) (2,2) (3,2) (5,2) (5,3) (6,3) (6,4) (6,6)
  facet 3997: (0,0) (0,1) (1,1) (1,2) (2,2) (3,2) (5,2) (5,3) (6,3) (6,4) (6,6)
  facet 3998: (0,0) (1,0) (1,1) (1,2) (2,2) (3,2) (5,2) (5,3) (6,3) (6,4) (6,6)
  facet 3999: (0,0) (0,1) (1,1) (2,1) (2,2) (3,2) (5,2) (5,3) (6,3) (6,4) (6,6)
  facet 4000: (0,0) (1,0) (1,1) (2,1) (2,2) (3,2) (5,2) (5,3) (6,3) (6,4) (6,6)
  facet 4001: (0,0) (1,0) (2,0) (2,1) (2,2) (3,2) (5,2) (5,3) (6,3) (6,4) (6,6)
  facet 4002: (0,0) (0,1) (1,1) (2,1) (3,1) (3,2) (5,2) (5,3) (6,3) (6,4) (6,6)
  facet 4003: (0,0) (1,0) (1,1) (2,1) (3,1) (3,2) (5,2) (5,3) (6,3) (6,4) (6,6)
  facet 4004: (0,0) (1,0) (2,0) (2,1) (3,1) (3,2) (5,2) (5,3) (6,3) (6,4) (6,6)
  facet 4005: (0,0) (1,0) (2,0) (3,0) (3,1) (3,2) (5,2) (5,3) (6,3) (6,4) (6,6)
  facet 4006: (0,0) (0,1) (1,1) (2,1) (3,1) (5,1) (5,2) (5,3) (6,3) (6,4) (6,6)
  facet 4007: (0,0) (1,0) (1,1) (2,1) (3,1) (5,1) (5,2) (5,3) (6,3) (6,4) (6,6)
  facet 4008: (0,0) (1,0) (2,0) (2,1) (3,1) (5,1) (5,2) (5,3) (6,3) (6,4) (6,6)
  facet 4009: (0,0) (1,0) (2,0) (3,0) (3,1) (5,1) (5,2) (5,3) (6,3) (6,4) (6,6)
  facet 4010: (0,0) (1,0) (2,0) (3,0) (5,0) (5,1) (5,2) (5,3) (6,3) (6,4) (6,6)
  facet 4011: (0,0) (0,1) (0,2) (1,2) (2,2) (3,2) (5,2) (6,2) (6,3) (6,4) (6,6)
  facet 4012: (0,0) (0,1) (1,1) (1,2) (2,2) (3,2) (5,2) (6,2) (6,3) (6,4) (6,6)
  facet 4013: (0,0) (1,0) (1,1) (1,2) (2,2) (3,2) (5,2) (6,2) (6,3) (6,4) (6,6)
  facet 4014: (0,0) (0,1) (1,1) (2,1) (2,2) (3,2) (5,2) (6,2) (6,3) (6,4) (6,6)
  facet 4015: (0,0) (1,0) (1,1) (2,1) (2,2) (3,2) (5,2) (6,2) (6,3) (6,4) (6,6)
  facet 4016: (0,0) (1,0) (2,0) (2,1) (2,2) (3,2) (5,2) (6,2) (6,3) (6,4) (6,6)
  facet 4017: (0,0) (0,1) (1,1) (2,1) (3,1) (3,2) (5,2) (6,2) (6,3) (6,4) (6,6)
  facet 4018: (0,0) (1,0) (1,1) (2,1) (3,1) (3,2) (5,2) (6,2) (6,3) (6,4) (6,6)
  facet 4019: (0,0) (1,0) (2,0) (2,1) (3,1) (3,2) (5,2) (6,2) (6,3) (6,4) (6,6)
  facet 4020: (0,0) (1,0) (2,0) (3,0) (3,1) (3,2) (5,2) (6,2) (6,3) (6,4) (6,6)
  facet 4021: (0,0) (0,1) (1,1) (2,1) (3,1) (5,1) (5,2) (6,2) (6,3) (6,4) (6,6)
  facet 4022: (0,0) (1,0) (1,1) (2,1) (3,1) (5,1) (5,2) (6,2) (6,3) (6,4) (6,6)
  facet 4023: (0,0) (1,0) (2,0) (2,1) (3,1) (5,1) (5,2) (6,2) (6,3) (6,4) (6,6)
  facet 4024: (0,0) (1,0) (2,0) (3,0) (3,1) (5,1) (5,2) (6,2) (6,3) (6,4) (6,6)
  facet 4025: (0,0) (1,0) (2,0) (3,0) (5,0) (5,1) (5,2) (6,2) (6,3) (6,4) (6,6)
  facet 4026: (0,0) (0,1) (1,1) (2,1) (3,1) (5,1) (6,1) (6,2) (6,3) (6,4) (6,6)
  facet 4027: (0,0) (1,0) (1,1) (2,1) (3,1) (5,1) (6,1) (6,2) (6,3) (6,4) (6,6)
  facet 4028: (0,0) (1,0) (2,0) (2,1) (3,1) (5,1) (6,1) (6,2) (6,3) (6,4) (6,6)
  facet 4029: (0,0) (1,0) (2,0) (3,0) (3,1) (5,1) (6,1) (6,2) (6,3) (6,4) (6,6)
  facet 4030: (0,0) (1,0) (2,0) (3,0) (5,0) (5,1) (6,1) (6,2) (6,3) (6,4) (6,6)
  facet 4031: (0,0) (1,0) (2,0) (3,0) (5,0) (6,0) (6,1) (6,2) (6,3) (6,4) (6,6)
  facet 4032: (0,0) (0,1) (0,2) (0,3) (0,5) (0,6) (1,6) (2,6) (3,6) (5,6) (6,6)
  facet 4033: (0,0) (0,1) (0,2) (0,3) (0,5) (1,5) (1,6) (2,6) (3,6) (5,6) (6,6)
  facet 4034: (0,0) (0,1) (0,2) (0,3) (1,3) (1,5) (1,6) (2,6) (3,6) (5,6) (6,6)
  facet 4035: (0,0) (0,1) (0,2) (1,2) (1,3) (1,5) (1,6) (2,6) (3,6) (5,6) (6,6)
  facet 4036: (0,0) (0,1) (1,1) (1,2) (1,3) (1,5) (1,6) (2,6) (3,6) (5,6) (6,6)
  facet 4037: (0,0) (1,0) (1,1) (1,2) (1,3) (1,5) (1,6) (2,6) (3,6) (5,6) (6,6)
  facet 4038: (0,0) (0,1) (0,2) (0,3) (0,5) (1,5) (2,5) (2,6) (3,6) (5,6) (6,6)
  facet 4039: (0,0) (0,1) (0,2) (0,3) (1,3) (1,5) (2,5) (2,6) (3,6) (5,6) (6,6)
  facet 4040: (0,0) (0,1) (0,2) (1,2) (1,3) (1,5) (2,5) (2,6) (3,6) (5,6) (6,6)
  facet 4041: (0,0) (0,1) (1,1) (1,2) (1,3) (1,5) (2,5) (2,6) (3,6) (5,6) (6,6)
  facet 4042: (0,0) (1,0) (1,1) (1,2) (1,3) (1,5) (2,5) (2,6) (3,6) (5,6) (6,6)
  facet 4043: (0,0) (0,1) (0,2) (0,3) (1,3) (2,3) (2,5) (2,6) (3,6) (5,6) (6,6)
  facet 4044: (0,0) (0,1) (0,2) (1,2) (1,3) (2,3) (2,5) (2,6) (3,6) (5,6) (6,6)
  facet 4045: (0,0) (0,1) (1,1) (1,2) (1,3) (2,3) (2,5) (2,6) (3,6) (5,6) (6,6)
  facet 4046: (0,0) (1,0) (1,1) (1,2) (1,3) (2,3) (2,5) (2,6) (3,6) (5,6) (6,6)
  facet 4047: (0,0) (0,1) (0,2) (1,2) (2,2) (2,3) (2,5) (2,6) (3,6) (5,6) (6,6)
  facet 4048: (0,0) (0,1) (1,1) (1,2) (2,2) (2,3) (2,5) (2,6) (3,6) (5,6) (6,6)
  facet 4049: (0,0) (1,0) (1,1) (1,2) (2,2) (2,3) (2,5) (2,6) (3,6) (5,6) (6,6)
  facet 4050: (0,0) (0,1) (1,1) (2,1) (2,2) (2,3) (2,5) (2,6) (3,6) (5,6) (6,6)
  facet 4051: (0,0) (1,0) (1,1) (2,1) (2,2) (2,3) (2,5) (2,6) (3,6) (5,6) (6,6)
  facet 4052: (0,0) (1,0) (2,0) (2,1) (2,2) (2,3) (2,5) (2,6) (3,6) (5,6) (6,6)
  facet 4053: (0,0) (0,1) (0,2) (0,3) (0,5) (1,5) (2,5) (3,5) (3,6) (5,6) (6,6)
  facet 4054: (0,0) (0,1) (0,2) (0,3) (1,3) (1,5) (2,5) (3,5) (3,6) (5,6) (6,6)
  facet 4055: (0,0) (0,1) (0,2) (1,2) (1,3) (1,5) (2,5) (3,5) (3,6) (5,6) (6,6)
  facet 4056: (0,0) (0,1) (1,1) (1,2) (1,3) (1,5) (2,5) (3,5) (3,6) (5,6) (6,6)
  facet 4057: (0,0) (1,0) (1,1) (1,2) (1,3) (1,5) (2,5) (3,5) (3,6) (5,6) (6,6)
  facet 4058: (0,0) (0,1) (0,2) (0,3) (1,3) (2,3) (2,5) (3,5) (3,6) (5,6) (6,6)
  facet 4059: (0,0) (0,1) (0,2) (1,2) (1,3) (2,3) (2,5) (3,5) (3,6) (5,6) (6,6)
  facet 4060: (0,0) (0,1) (1,1) (1,2) (1,3) (2,3) (2,5) (3,5) (3,6) (5,6) (6,6)
  facet 4061: (0,0) (1,0) (1,1) (1,2) (1,3) (2,3) (2,5) (3,5) (3,6) (5,6) (6,6)
  facet 4062: (0,0) (0,1) (0,2) (1,2) (2,2) (2,3) (2,5) (3,5) (3,6) (5,6) (6,6)
  facet 4063: (0,0) (0,1) (1,1) (1,2) (2,2) (2,3) (2,5) (3,5) (3,6) (5,6) (6,6)
  facet 4064: (0,0) (1,0) (1,1) (1,2) (2,2) (2,3) (2,5) (3,5) (3,6) (5,6) (6,6)
  facet 4065: (0,0) (0,1) (1,1) (2,1) (2,2) (2,3) (2,5) (3,5) (3,6) (5,6) (6,6)
  facet 4066: (0,0) (1,0) (1,1) (2,1) (2,2) (2,3) (2,5) (3,5) (3,6) (5,6) (6,6)
  facet 4067: (0,0) (1,0) (2,0) (2,1) (2,2) (2,3) (2,5) (3,5) (3,6) (5,6) (6,6)
  facet 4068: (0,0) (0,1) (0,2) (0,3) (1,3) (2,3) (3,3) (3,5) (3,6) (5,6) (6,6)
  facet 4069: (0,0) (0,1) (0,2) (1,2) (1,3) (2,3) (3,3) (3,5) (3,6) (5,6) (6,6)
  facet 4070: (0,0) (0,1) (1,1) (1,2) (1,3) (2,3) (3,3) (3,5) (3,6) (5,6) (6,6)
  facet 4071: (0,0) (1,0) (1,1) (1,2) (1,3) (2,3) (3,3) (3,5) (3,6) (5,6) (6,6)
  facet 4072: (0,0) (0,1) (0,2) (1,2) (2,2) (2,3) (3,3) (3,5) (3,6) (5,6) (6,6)
  facet 4073: (0,0) (0,1) (1,1) (1,2) (2,2) (2,3) (3,3) (3,5) (3,6) (5,6) (6,6)
  facet 4074: (0,0) (1,0) (1,1) (1,2) (2,2) (2,3) (3,3) (3,5) (3,6) (5,6) (6,6)
  facet 4075: (0,0) (0,1) (1,1) (2,1) (2,2) (2,3) (3,3) (3,5) (3,6) (5,6) (6,6)
  facet 4076: (0,0) (1,0) (1,1) (2,1) (2,2) (2,3) (3,3) (3,5) (3,6) (5,6) (6,6)
  facet 4077: (0,0) (1,0) (2,0) (2,1) (2,2) (2,3) (3,3) (3,5) (3,6) (5,6) (6,6)
  facet 4078: (0,0) (0,1) (0,2) (1,2) (2,2) (3,2) (3,3) (3,5) (3,6) (5,6) (6,6)
  facet 4079: (0,0) (0,1) (1,1) (1,2) (2,2) (3,2) (3,3) (3,5) (3,6) (5,6) (6,6)
  facet 4080: (0,0) (1,0) (1,1) (1,2) (2,2) (3,2) (3,3) (3,5) (3,6) (5,6) (6,6)
  facet 4081: (0,0) (0,1) (1,1) (2,1) (2,2) (3,2) (3,3) (3,5) (3,6) (5,6) (6,6)
  facet 4082: (0,0) (1,0) (1,1) (2,1) (2,2) (3,2) (3,3) (3,5) (3,6) (5,6) (6,6)
  facet 4083: (0,0) (1,0) (2,0) (2,1) (2,2) (3,2) (3,3) (3,5) (3,6) (5,6) (6,6)
  facet 4084: (0,0) (0,1) (1,1) (2,1) (3,1) (3,2) (3,3) (3,5) (3,6) (5,6) (6,6)
  facet 4085: (0,0) (1,0) (1,1) (2,1) (3,1) (3,2) (3,3) (3,5) (3,6) (5,6) (6,6)
  facet 4086: (0,0) (1,0) (2,0) (2,1) (3,1) (3,2) (3,3) (3,5) (3,6) (5,6) (6,6)
  facet 4087: (0,0) (1,0) (2,0) (3,0) (3,1) (3,2) (3,3) (3,5) (3,6) (5,6) (6,6)
  facet 4088: (0,0) (0,1) (0,2) (0,3) (0,5) (1,5) (2,5) (3,5) (5,5) (5,6) (6,6)
  facet 4089: (0,0) (0,1) (0,2) (0,3) (1,3) (1,5) (2,5) (3,5) (5,5) (5,6) (6,6)
  facet 4090: (0,0) (0,1) (0,2) (1,2) (1,3) (1,5) (2,5) (3,5) (5,5) (5,6) (6,6)
  facet 4091: (0,0) (0,1) (1,1) (1,2) (1,3) (1,5) (2,5) (3,5) (5,5) (5,6) (6,6)
  facet 4092: (0,0) (1,0) (1,1) (1,2) (1,3) (1,5) (2,5) (3,5) (5,5) (5,6) (6,6)
  facet 4093: (0,0) (0,1) (0,2) (0,3) (1,3) (2,3) (2,5) (3,5) (5,5) (5,6) (6,6)
  facet 4094: (0,0) (0,1) (0,2) (1,2) (1,3) (2,3) (2,5) (3,5) (5,5) (5,6) (6,6)
  facet 4095: (0,0) (0,1) (1,1) (1,2) (1,3) (2,3) (2,5) (3,5) (5,5) (5,6) (6,6)
  facet 4096: (0,0) (1,0) (1,1) (1,2) (1,3) (2,3) (2,5) (3,5) (5,5) (5,6) (6,6)
  facet 4097: (0,0) (0,1) (0,2) (1,2) (2,2) (2,3) (2,5) (3,5) (5,5) (5,6) (6,6)
  facet 4098: (0,0) (0,1) (1,1) (1,2) (2,2) (2,3) (2,5) (3,5) (5,5) (5,6) (6,6)
  facet 4099: (0,0) (1,0) (1,1) (1,2) (2,2) (2,3) (2,5) (3,5) (5,5) (5,6) (6,6)
  facet 4100: (0,0) (0,1) (1,1) (2,1) (2,2) (2,3) (2,5) (3,5) (5,5) (5,6) (6,6)
  facet 4101: (0,0) (1,0) (1,1) (2,1) (2,2) (2,3) (2,5) (3,5) (5,5) (5,6) (6,6)
  facet 4102: (0,0) (1,0) (2,0) (2,1) (2,2) (2,3) (2,5) (3,5) (5,5) (5,6) (6,6)
  facet 4103: (0,0) (0,1) (0,2) (0,3) (1,3) (2,3) (3,3) (3,5) (5,5) (5,6) (6,6)
  facet 4104: (0,0) (0,1) (0,2) (1,2) (1,3) (2,3) (3,3) (3,5) (5,5) (5,6) (6,6)
  facet 4105: (0,0) (0,1) (1,1) (1,2) (1,3) (2,3) (3,3) (3,5) (5,5) (5,6) (6,6)
  facet 4106: (0,0) (1,0) (1,1) (1,2) (1,3) (2,3) (3,3) (3,5) (5,5) (5,6) (6,6)
  facet 4107: (0,0) (0,1) (0,2) (1,2) (2,2) (2,3) (3,3) (3,5) (5,5) (5,6) (6,6)
  facet 4108: (0,0) (0,1) (1,1) (1,2) (2,2) (2,3) (3,3) (3,5) (5,5) (5,6) (6,6)
  facet 4109: (0,0) (1,0) (1,1) (1,2) (2,2) (2,3) (3,3) (3,5) (5,5) (5,6) (6,6)
  facet 4110: (0,0) (0,1) (1,1) (2,1) (2,2) (2,3) (3,3) (3,5) (5,5) (5,6) (6,6)
  facet 4111: (0,0) (1,0) (1,1) (2,1) (2,2) (2,3) (3,3) (3,5) (5,5) (5,6) (6,6)
  facet 4112: (0,0) (1,0) (2,0) (2,1) (2,2) (2,3) (3,3) (3,5) (5,5) (5,6) (6,6)
  facet 4113: (0,0) (0,1) (0,2) (1,2) (2,2) (3,2) (3,3) (3,5) (5,5) (5,6) (6,6)
  facet 4114: (0,0) (0,1) (1,1) (1,2) (2,2) (3,2) (3,3) (3,5) (5,5) (5,6) (6,6)
  facet 4115: (0,0) (1,0) (1,1) (1,2) (2,2) (3,2) (3,3) (3,5) (5,5) (5,6) (6,6)
  facet 4116: (0,0) (0,1) (1,1) (2,1) (2,2) (3,2) (3,3) (3,5) (5,5) (5,6) (6,6)
  facet 4117: (0,0) (1,0) (1,1) (2,1) (2,2) (3,2) (3,3) (3,5) (5,5) (5,6) (6,6)
  facet 4118: (0,0) (1,0) (2,0) (2,1) (2,2) (3,2) (3,3) (3,5) (5,5) (5,6) (6,6)
  facet 4119: (0,0) (0,1) (1,1) (2,1) (3,1) (3,2) (3,3) (3,5) (5,5) (5,6) (6,6)
  facet 4120: (0,0) (1,0) (1,1) (2,1) (3,1) (3,2) (3,3) (3,5) (5,5) (5,6) (6,6)
  facet 4121: (0,0) (1,0) (2,0) (2,1) (3,1) (3,2) (3,3) (3,5) (5,5) (5,6) (6,6)
  facet 4122: (0,0) (1,0) (2,0) (3,0) (3,1) (3,2) (3,3) (3,5) (5,5) (5,6) (6,6)
  facet 4123: (0,0) (0,1) (0,2) (0,3) (1,3) (2,3) (3,3) (5,3) (5,5) (5,6) (6,6)
  facet 4124: (0,0) (0,1) (0,2) (1,2) (1,3) (2,3) (3,3) (5,3) (5,5) (5,6) (6,6)
  facet 4125: (0,0) (0,1) (1,1) (1,2) (1,3) (2,3) (3,3) (5,3) (5,5) (5,6) (6,6)
  facet 4126: (0,0) (1,0) (1,1) (1,2) (1,3) (2,3) (3,3) (5,3) (5,5) (5,6) (6,6)
  facet 4127: (0,0) (0,1) (0,2) (1,2) (2,2) (2,3) (3,3) (5,3) (5,5) (5,6) (6,6)
  facet 4128: (0,0) (0,1) (1,1) (1,2) (2,2) (2,3) (3,3) (5,3) (5,5) (5,6) (6,6)
  facet 4129: (0,0) (1,0) (1,1) (1,2) (2,2) (2,3) (3,3) (5,3) (5,5) (5,6) (6,6)
  facet 4130: (0,0) (0,1) (1,1) (2,1) (2,2) (2,3) (3,3) (5,3) (5,5) (5,6) (6,6)
  facet 4131: (0,0) (1,0) (1,1) (2,1) (2,2) (2,3) (3,3) (5,3) (5,5) (5,6) (6,6)
  facet 4132: (0,0) (1,0) (2,0) (2,1) (2,2) (2,3) (3,3) (5,3) (5,5) (5,6) (6,6)
  facet 4133: (0,0) (0,1) (0,2) (1,2) (2,2) (3,2) (3,3) (5,3) (5,5) (5,6) (6,6)
  facet 4134: (0,0) (0,1) (1,1) (1,2) (2,2) (3,2) (3,3) (5,3) (5,5) (5,6) (6,6)
  facet 4135: (0,0) (1,0) (1,1) (1,2) (2,2) (3,2) (3,3) (5,3) (5,5) (5,6) (6,6)
  facet 4136: (0,0) (0,1) (1,1) (2,1) (2,2) (3,2) (3,3) (5,3) (5,5) (5,6) (6,6)
  facet 4137: (0,0) (1,0) (1,1) (2,1) (2,2) (3,2) (3,3) (5,3) (5,5) (5,6) (6,6)
  facet 4138: (0,0) (1,0) (2,0) (2,1) (2,2) (3,2) (3,3) (5,3) (5,5) (5,6) (6,6)
  facet 4139: (0,0) (0,1) (1,1) (2,1) (3,1) (3,2) (3,3) (5,3) (5,5) (5,6) (6,6)
  facet 4140: (0,0) (1,0) (1,1) (2,1) (3,1) (3,2) (3,3) (5,3) (5,5) (5,6) (6,6)
  facet 4141: (0,0) (1,0) (2,0) (2,1) (3,1) (3,2) (3,3) (5,3) (5,5) (5,6) (6,6)
  facet 4142: (0,0) (1,0) (2,0) (3,0) (3,1) (3,2) (3,3) (5,3) (5,5) (5,6) (6,6)
  facet 4143: (0,0) (0,1) (0,2) (1,2) (2,2) (3,2) (5,2) (5,3) (5,5) (5,6) (6,6)
  facet 4144: (0,0) (0,1) (1,1) (1,2) (2,2) (3,2) (5,2) (5,3) (5,5) (5,6) (6,6)
  facet 4145: (0,0) (1,0) (1,1) (1,2) (2,2) (3,2) (5,2) (5,3) (5,5) (5,6) (6,6)
  facet 4146: (0,0) (0,1) (1,1) (2,1) (2,2) (3,2) (5,2) (5,3) (5,5) (5,6) (6,6)
  facet 4147: (0,0) (1,0) (1,1) (2,1) (2,2) (3,2) (5,2) (5,3) (5,5) (5,6) (6,6)
  facet 4148: (0,0) (1,0) (2,0) (2,1) (2,2) (3,2) (5,2) (5,3) (5,5) (5,6) (6,6)
  facet 4149: (0,0) (0,1) (1,1) (2,1) (3,1) (3,2) (5,2) (5,3) (5,5) (5,6) (6,6)
  facet 4150: (0,0) (1,0) (1,1) (2,1) (3,1) (3,2) (5,2) (5,3) (5,5) (5,6) (6,6)
  facet 4151: (0,0) (1,0) (2,0) (2,1) (3,1) (3,2) (5,2) (5,3) (5,5) (5,6) (6,6)
  facet 4152: (0,0) (1,0) (2,0) (3,0) (3,1) (3,2) (5,2) (5,3) (5,5) (5,6) (6,6)
  facet 4153: (0,0) (0,1) (1,1) (2,1) (3,1) (5,1) (5,2) (5,3) (5,5) (5,6) (6,6)
  facet 4154: (0,0) (1,0) (1,1) (2,1) (3,1) (5,1) (5,2) (5,3) (5,5) (5,6) (6,6)
  facet 4155: (0,0) (1,0) (2,0) (2,1) (3,1) (5,1) (5,2) (5,3) (5,5) (5,6) (6,6)
  facet 4156: (0,0) (1,0) (2,0) (3,0) (3,1) (5,1) (5,2) (5,3) (5,5) (5,6) (6,6)
  facet 4157: (0,0) (1,0) (2,0) (3,0) (5,0) (5,1) (5,2) (5,3) (5,5) (5,6) (6,6)
  facet 4158: (0,0) (0,1) (0,2) (0,3) (0,5) (1,5) (2,5) (3,5) (5,5) (6,5) (6,6)
  facet 4159: (0,0) (0,1) (0,2) (0,3) (1,3) (1,5) (2,5) (3,5) (5,5) (6,5) (6,6)
  facet 4160: (0,0) (0,1) (0,2) (1,2) (1,3) (1,5) (2,5) (3,5) (5,5) (6,5) (6,6)
  facet 4161: (0,0) (0,1) (1,1) (1,2) (1,3) (1,5) (2,5) (3,5) (5,5) (6,5) (6,6)
  facet 4162: (0,0) (1,0) (1,1) (1,2) (1,3) (1,5) (2,5) (3,5) (5,5) (6,5) (6,6)
  facet 4163: (0,0) (0,1) (0,2) (0,3) (1,3) (2,3) (2,5) (3,5) (5,5) (6,5) (6,6)
  facet 4164: (0,0) (0,1) (0,2) (1,2) (1,3) (2,3) (2,5) (3,5) (5,5) (6,5) (6,6)
  facet 4165: (0,0) (0,1) (1,1) (1,2) (1,3) (2,3) (2,5) (3,5) (5,5) (6,5) (6,6)
  facet 4166: (0,0) (1,0) (1,1) (1,2) (1,3) (2,3) (2,5) (3,5) (5,5) (6,5) (6,6)
  facet 4167: (0,0) (0,1) (0,2) (1,2) (2,2) (2,3) (2,5) (3,5) (5,5) (6,5) (6,6)
  facet 4168: (0,0) (0,1) (1,1) (1,2) (2,2) (2,3) (2,5) (3,5) (5,5) (6,5) (6,6)
  facet 4169: (0,0) (1,0) (1,1) (1,2) (2,2) (2,3) (2,5) (3,5) (5,5) (6,5) (6,6)
  facet 4170: (0,0) (0,1) (1,1) (2,1) (2,2) (2,3) (2,5) (3,5) (5,5) (6,5) (6,6)
  facet 4171: (0,0) (1,0) (1,1) (2,1) (2,2) (2,3) (2,5) (3,5) (5,5) (6,5) (6,6)
  facet 4172: (0,0) (1,0) (2,0) (2,1) (2,2) (2,3) (2,5) (3,5) (5,5) (6,5) (6,6)
  facet 4173: (0,0) (0,1) (0,2) (0,3) (1,3) (2,3) (3,3) (3,5) (5,5) (6,5) (6,6)
  facet 4174: (0,0) (0,1) (0,2) (1,2) (1,3) (2,3) (3,3) (3,5) (5,5) (6,5) (6,6)
  facet 4175: (0,0) (0,1) (1,1) (1,2) (1,3) (2,3) (3,3) (3,5) (5,5) (6,5) (6,6)
  facet 4176: (0,0) (1,0) (1,1) (1,2) (1,3) (2,3) (3,3) (3,5) (5,5) (6,5) (6,6)
  facet 4177: (0,0) (0,1) (0,2) (1,2) (2,2) (2,3) (3,3) (3,5) (5,5) (6,5) (6,6)
  facet 4178: (0,0) (0,1) (1,1) (1,2) (2,2) (2,3) (3,3) (3,5) (5,5) (6,5) (6,6)
  facet 4179: (0,0) (1,0) (1,1) (1,2) (2,2) (2,3) (3,3) (3,5) (5,5) (6,5) (6,6)
  facet 4180: (0,0) (0,1) (1,1) (2,1) (2,2) (2,3) (3,3) (3,5) (5,5) (6,5) (6,6)
  facet 4181: (0,0) (1,0) (1,1) (2,1) (2,2) (2,3) (3,3) (3,5) (5,5) (6,5) (6,6)
  facet 4182: (0,0) (1,0) (2,0) (2,1) (2,2) (2,3) (3,3) (3,5) (5,5) (6,5) (6,6)
  facet 4183: (0,0) (0,1) (0,2) (1,2) (2,2) (3,2) (3,3) (3,5) (5,5) (6,5) (6,6)
  facet 4184: (0,0) (0,1) (1,1) (1,2) (2,2) (3,2) (3,3) (3,5) (5,5) (6,5) (6,6)
  facet 4185: (0,0) (1,0) (1,1) (1,2) (2,2) (3,2) (3,3) (3,5) (5,5) (6,5) (6,6)
  facet 4186: (0,0) (0,1) (1,1) (2,1) (2,2) (3,2) (3,3) (3,5) (5,5) (6,5) (6,6)
  facet 4187: (0,0) (1,0) (1,1) (2,1) (2,2) (3,2) (3,3) (3,5) (5,5) (6,5) (6,6)
  facet 4188: (0,0) (1,0) (2,0) (2,1) (2,2) (3,2) (3,3) (3,5) (5,5) (6,5) (6,6)
  facet 4189: (0,0) (0,1) (1,1) (2,1) (3,1) (3,2) (3,3) (3,5) (5,5) (6,5) (6,6)
  facet 4190: (0,0) (1,0) (1,1) (2,1) (3,1) (3,2) (3,3) (3,5) (5,5) (6,5) (6,6)
  facet 4191: (0,0) (1,0) (2,0) (2,1) (3,1) (3,2) (3,3) (3,5) (5,5) (6,5) (6,6)
  facet 4192: (0,0) (1,0) (2,0) (3,0) (3,1) (3,2) (3,3) (3,5) (5,5) (6,5) (6,6)
  facet 4193: (0,0) (0,1) (0,2) (0,3) (1,3) (2,3) (3,3) (5,3) (5,5) (6,5) (6,6)
  facet 4194: (0,0) (0,1) (0,2) (1,2) (1,3) (2,3) (3,3) (5,3) (5,5) (6,5) (6,6)
  facet 4195: (0,0) (0,1) (1,1) (1,2) (1,3) (2,3) (3,3) (5,3) (5,5) (6,5) (6,6)
  facet 4196: (0,0) (1,0) (1,1) (1,2) (1,3) (2,3) (3,3) (5,3) (5,5) (6,5) (6,6)
  facet 4197: (0,0) (0,1) (0,2) (1,2) (2,2) (2,3) (3,3) (5,3) (5,5) (6,5) (6,6)
  facet 4198: (0,0) (0,1) (1,1) (1,2) (2,2) (2,3) (3,3) (5,3) (5,5) (6,5) (6,6)
  facet 4199: (0,0) (1,0) (1,1) (1,2) (2,2) (2,3) (3,3) (5,3) (5,5) (6,5) (6,6)
  facet 4200: (0,0) (0,1) (1,1) (2,1) (2,2) (2,3) (3,3) (5,3) (5,5) (6,5) (6,6)
  facet 4201: (0,0) (1,0) (1,1) (2,1) (2,2) (2,3) (3,3) (5,3) (5,5) (6,5) (6,6)
  facet 4202: (0,0) (1,0) (2,0) (2,1) (2,2) (2,3) (3,3) (5,3) (5,5) (6,5) (6,6)
  facet 4203: (0,0) (0,1) (0,2) (1,2) (2,2) (3,2) (3,3) (5,3) (5,5) (6,5) (6,6)
  facet 4204: (0,0) (0,1) (1,1) (1,2) (2,2) (3,2) (3,3) (5,3) (5,5) (6,5) (6,6)
  facet 4205: (0,0) (1,0) (1,1) (1,2) (2,2) (3,2) (3,3) (5,3) (5,5) (6,5) (6,6)
  facet 4206: (0,0) (0,1) (1,1) (2,1) (2,2) (3,2) (3,3) (5,3) (5,5) (6,5) (6,6)
  facet 4207: (0,0) (1,0) (1,1) (2,1) (2,2) (3,2) (3,3) (5,3) (5,5) (6,5) (6,6)
  facet 4208: (0,0) (1,0) (2,0) (2,1) (2,2) (3,2) (3,3) (5,3) (5,5) (6,5) (6,6)
  facet 4209: (0,0) (0,1) (1,1) (2,1) (3,1) (3,2) (3,3) (5,3) (5,5) (6,5) (6,6)
  facet 4210: (0,0) (1,0) (1,1) (2,1) (3,1) (3,2) (3,3) (5,3) (5,5) (6,5) (6,6)
  facet 4211: (0,0) (1,0) (2,0) (2,1) (3,1) (3,2) (3,3) (5,3) (5,5) (6,5) (6,6)
  facet 4212: (0,0) (1,0) (2,0) (3,0) (3,1) (3,2) (3,3) (5,3) (5,5) (6,5) (6,6)
  facet 4213: (0,0) (0,1) (0,2) (1,2) (2,2) (3,2) (5,2) (5,3) (5,5) (6,5) (6,6)
  facet 4214: (0,0) (0,1) (1,1) (1,2) (2,2) (3,2) (5,2) (5,3) (5,5) (6,5) (6,6)
  facet 4215: (0,0) (1,0) (1,1) (1,2) (2,2) (3,2) (5,2) (5,3) (5,5) (6,5) (6,6)
  facet 4216: (0,0) (0,1) (1,1) (2,1) (2,2) (3,2) (5,2) (5,3) (5,5) (6,5) (6,6)
  facet 4217: (0,0) (1,0) (1,1) (2,1) (2,2) (3,2) (5,2) (5,3) (5,5) (6,5) (6,6)
  facet 4218: (0,0) (1,0) (2,0) (2,1) (2,2) (3,2) (5,2) (5,3) (5,5) (6,5) (6,6)
  facet 4219: (0,0) (0,1) (1,1) (2,1) (3,1) (3,2) (5,2) (5,3) (5,5) (6,5) (6,6)
  facet 4220: (0,0) (1,0) (1,1) (2,1) (3,1) (3,2) (5,2) (5,3) (5,5) (6,5) (6,6)
  facet 4221: (0,0) (1,0) (2,0) (2,1) (3,1) (3,2) (5,2) (5,3) (5,5) (6,5) (6,6)
  facet 4222: (0,0) (1,0) (2,0) (3,0) (3,1) (3,2) (5,2) (5,3) (5,5) (6,5) (6,6)
  facet 4223: (0,0) (0,1) (1,1) (2,1) (3,1) (5,1) (5,2) (5,3) (5,5) (6,5) (6,6)
  facet 4224: (0,0) (1,0) (1,1) (2,1) (3,1) (5,1) (5,2) (5,3) (5,5) (6,5) (6,6)
  facet 4225: (0,0) (1,0) (2,0) (2,1) (3,1) (5,1) (5,2) (5,3) (5,5) (6,5) (6,6)
  facet 4226: (0,0) (1,0) (2,0) (3,0) (3,1) (5,1) (5,2) (5,3) (5,5) (6,5) (6,6)
  facet 4227: (0,0) (1,0) (2,0) (3,0) (5,0) (5,1) (5,2) (5,3) (5,5) (6,5) (6,6)
  facet 4228: (0,0) (0,1) (0,2) (0,3) (1,3) (2,3) (3,3) (5,3) (6,3) (6,5) (6,6)
  facet 4229: (0,0) (0,1) (0,2) (1,2) (1,3) (2,3) (3,3) (5,3) (6,3) (6,5) (6,6)
  facet 4230: (0,0) (0,1) (1,1) (1,2) (1,3) (2,3) (3,3) (5,3) (6,3) (6,5) (6,6)
  facet 4231: (0,0) (1,0) (1,1) (1,2) (1,3) (2,3) (3,3) (5,3) (6,3) (6,5) (6,6)
  facet 4232: (0,0) (0,1) (0,2) (1,2) (2,2) (2,3) (3,3) (5,3) (6,3) (6,5) (6,6)
  facet 4233: (0,0) (0,1) (1,1) (1,2) (2,2) (2,3) (3,3) (5,3) (6,3) (6,5) (6,6)
  facet 4234: (0,0) (1,0) (1,1) (1,2) (2,2) (2,3) (3,3) (5,3) (6,3) (6,5) (6,6)
  facet 4235: (0,0) (0,1) (1,1) (2,1) (2,2) (2,3) (3,3) (5,3) (6,3) (6,5) (6,6)
  facet 4236: (0,0) (1,0) (1,1) (2,1) (2,2) (2,3) (3,3) (5,3) (6,3) (6,5) (6,6)
  facet 4237: (0,0) (1,0) (2,0) (2,1) (2,2) (2,3) (3,3) (5,3) (6,3) (6,5) (6,6)
  facet 4238: (0,0) (0,1) (0,2) (1,2) (2,2) (3,2) (3,3) (5,3) (6,3) (6,5) (6,6)
  facet 4239: (0,0) (0,1) (1,1) (1,2) (2,2) (3,2) (3,3) (5,3) (6,3) (6,5) (6,6)
  facet 4240: (0,0) (1,0) (1,1) (1,2) (2,2) (3,2) (3,3) (5,3) (6,3) (6,5) (6,6)
  facet 4241: (0,0) (0,1) (1,1) (2,1) (2,2) (3,2) (3,3) (5,3) (6,3) (6,5) (6,6)
  facet 4242: (0,0) (1,0) (1,1) (2,1) (2,2) (3,2) (3,3) (5,3) (6,3) (6,5) (6,6)
  facet 4243: (0,0) (1,0) (2,0) (2,1) (2,2) (3,2) (3,3) (5,3) (6,3) (6,5) (6,6)
  facet 4244: (0,0) (0,1) (1,1) (2,1) (3,1) (3,2) (3,3) (5,3) (6,3) (6,5) (6,6)
  facet 4245: (0,0) (1,0) (1,1) (2,1) (3,1) (3,2) (3,3) (5,3) (6,3) (6,5) (6,6)
  facet 4246: (0,0) (1,0) (2,0) (2,1) (3,1) (3,2) (3,3) (5,3) (6,3) (6,5) (6,6)
  facet 4247: (0,0) (1,0) (2,0) (3,0) (3,1) (3,2) (3,3) (5,3) (6,3) (6,5) (6,6)
  facet 4248: (0,0) (0,1) (0,2) (1,2) (2,2) (3,2) (5,2) (5,3) (6,3) (6,5) (6,6)
  facet 4249: (0,0) (0,1) (1,1) (1,2) (2,2) (3,2) (5,2) (5,3) (6,3) (6,5) (6,6)
  facet 4250: (0,0) (1,0) (1,1) (1,2) (2,2) (3,2) (5,2) (5,3) (6,3) (6,5) (6,6)
  facet 4251: (0,0) (0,1) (1,1) (2,1) (2,2) (3,2) (5,2) (5,3) (6,3) (6,5) (6,6)
  facet 4252: (0,0) (1,0) (1,1) (2,1) (2,2) (3,2) (5,2) (5,3) (6,3) (6,5) (6,6)
  facet 4253: (0,0) (1,0) (2,0) (2,1) (2,2) (3,2) (5,2) (5,3) (6,3) (6,5) (6,6)
  facet 4254: (0,0) (0,1) (1,1) (2,1) (3,1) (3,2) (5,2) (5,3) (6,3) (6,5) (6,6)
  facet 4255: (0,0) (1,0) (1,1) (2,1) (3,1) (3,2) (5,2) (5,3) (6,3) (6,5) (6,6)
  facet 4256: (0,0) (1,0) (2,0) (2,1) (3,1) (3,2) (5,2) (5,3) (6,3) (6,5) (6,6)
  facet 4257: (0,0) (1,0) (2,0) (3,0) (3,1) (3,2) (5,2) (5,3) (6,3) (6,5) (6,6)
  facet 4258: (0,0) (0,1) (1,1) (2,1) (3,1) (5,1) (5,2) (5,3) (6,3) (6,5) (6,6)
  facet 4259: (0,0) (1,0) (1,1) (2,1) (3,1) (5,1) (5,2) (5,3) (6,3) (6,5) (6,6)
  facet 4260: (0,0) (1,0) (2,0) (2,1) (3,1) (5,1) (5,2) (5,3) (6,3) (6,5) (6,6)
  facet 4261: (0,0) (1,0) (2,0) (3,0) (3,1) (5,1) (5,2) (5,3) (6,3) (6,5) (6,6)
  facet 4262: (0,0) (1,0) (2,0) (3,0) (5,0) (5,1) (5,2) (5,3) (6,3) (6,5) (6,6)
  facet 4263: (0,0) (0,1) (0,2) (1,2) (2,2) (3,2) (5,2) (6,2) (6,3) (6,5) (6,6)
  facet 4264: (0,0) (0,1) (1,1) (1,2) (2,2) (3,2) (5,2) (6,2) (6,3) (6,5) (6,6)
  facet 4265: (0,0) (1,0) (1,1) (1,2) (2,2) (3,2) (5,2) (6,2) (6,3) (6,5) (6,6)
  facet 4266: (0,0) (0,1) (1,1) (2,1) (2,2) (3,2) (5,2) (6,2) (6,3) (6,5) (6,6)
  facet 4267: (0,0) (1,0) (1,1) (2,1) (2,2) (3,2) (5,2) (6,2) (6,3) (6,5) (6,6)
  facet 4268: (0,0) (1,0) (2,0) (2,1) (2,2) (3,2) (5,2) (6,2) (6,3) (6,5) (6,6)
  facet 4269: (0,0) (0,1) (1,1) (2,1) (3,1) (3,2) (5,2) (6,2) (6,3) (6,5) (6,6)
  facet 4270: (0,0) (1,0) (1,1) (2,1) (3,1) (3,2) (5,2) (6,2) (6,3) (6,5) (6,6)
  facet 4271: (0,0) (1,0) (2,0) (2,1) (3,1) (3,2) (5,2) (6,2) (6,3) (6,5) (6,6)
  facet 4272: (0,0) (1,0) (2,0) (3,0) (3,1) (3,2) (5,2) (6,2) (6,3) (6,5) (6,6)
  facet 4273: (0,0) (0,1) (1,1) (2,1) (3,1) (5,1) (5,2) (6,2) (6,3) (6,5) (6,6)
  facet 4274: (0,0) (1,0) (1,1) (2,1) (3,1) (5,1) (5,2) (6,2) (6,3) (6,5) (6,6)
  facet 4275: (0,0) (1,0) (2,0) (2,1) (3,1) (5,1) (5,2) (6,2) (6,3) (6,5) (6,6)
  facet 4276: (0,0) (1,0) (2,0) (3,0) (3,1) (5,1) (5,2) (6,2) (6,3) (6,5) (6,6)
  facet 4277: (0,0) (1,0) (2,0) (3,0) (5,0) (5,1) (5,2) (6,2) (6,3) (6,5) (6,6)
  facet 4278: (0,0) (0,1) (1,1) (2,1) (3,1) (5,1) (6,1) (6,2) (6,3) (6,5) (6,6)
  facet 4279: (0,0) (1,0) (1,1) (2,1) (3,1) (5,1) (6,1) (6,2) (6,3) (6,5) (6,6)
  facet 4280: (0,0) (1,0) (2,0) (2,1) (3,1) (5,1) (6,1) (6,2) (6,3) (6,5) (6,6)
  facet 4281: (0,0) (1,0) (2,0) (3,0) (3,1) (5,1) (6,1) (6,2) (6,3) (6,5) (6,6)
  facet 4282: (0,0) (1,0) (2,0) (3,0) (5,0) (5,1) (6,1) (6,2) (6,3) (6,5) (6,6)
  facet 4283: (0,0) (1,0) (2,0) (3,0) (5,0) (6,0) (6,1) (6,2) (6,3) (6,5) (6,6)
  facet 4284: (0,0) (0,1) (0,2) (0,4) (0,5) (0,6) (1,6) (2,6) (3,6) (5,6) (6,6)
  facet 4285: (0,0) (0,1) (0,2) (0,4) (0,5) (1,5) (1,6) (2,6) (3,6) (5,6) (6,6)
  facet 4286: (0,0) (0,1) (0,2) (0,4) (1,4) (1,5) (1,6) (2,6) (3,6) (5,6) (6,6)
  facet 4287: (0,0) (0,1) (0,2) (1,2) (1,4) (1,5) (1,6) (2,6) (3,6) (5,6) (6,6)
  facet 4288: (0,0) (0,1) (1,1) (1,2) (1,4) (1,5) (1,6) (2,6) (3,6) (5,6) (6,6)
  facet 4289: (0,0) (1,0) (1,1) (1,2) (1,4) (1,5) (1,6) (2,6) (3,6) (5,6) (6,6)
  facet 4290: (0,0) (0,1) (0,2) (0,4) (0,5) (1,5) (2,5) (2,6) (3,6) (5,6) (6,6)
  facet 4291: (0,0) (0,1) (0,2) (0,4) (1,4) (1,5) (2,5) (2,6) (3,6) (5,6) (6,6)
  facet 4292: (0,0) (0,1) (0,2) (1,2) (1,4) (1,5) (2,5) (2,6) (3,6) (5,6) (6,6)
  facet 4293: (0,0) (0,1) (1,1) (1,2) (1,4) (1,5) (2,5) (2,6) (3,6) (5,6) (6,6)
  facet 4294: (0,0) (1,0) (1,1) (1,2) (1,4) (1,5) (2,5) (2,6) (3,6) (5,6) (6,6)
  facet 4295: (0,0) (0,1) (0,2) (0,4) (1,4) (2,4) (2,5) (2,6) (3,6) (5,6) (6,6)
  facet 4296: (0,0) (0,1) (0,2) (1,2) (1,4) (2,4) (2,5) (2,6) (3,6) (5,6) (6,6)
  facet 4297: (0,0) (0,1) (1,1) (1,2) (1,4) (2,4) (2,5) (2,6) (3,6) (5,6) (6,6)
  facet 4298: (0,0) (1,0) (1,1) (1,2) (1,4) (2,4) (2,5) (2,6) (3,6) (5,6) (6,6)
  facet 4299: (0,0) (0,1) (0,2) (1,2) (2,2) (2,4) (2,5) (2,6) (3,6) (5,6) (6,6)
  facet 4300: (0,0) (0,1) (1,1) (1,2) (2,2) (2,4) (2,5) (2,6) (3,6) (5,6) (6,6)
  facet 4301: (0,0) (1,0) (1,1) (1,2) (2,2) (2,4) (2,5) (2,6) (3,6) (5,6) (6,6)
  facet 4302: (0,0) (0,1) (1,1) (2,1) (2,2) (2,4) (2,5) (2,6) (3,6) (5,6) (6,6)
  facet 4303: (0,0) (1,0) (1,1) (2,1) (2,2) (2,4) (2,5) (2,6) (3,6) (5,6) (6,6)
  facet 4304: (0,0) (1,0) (2,0) (2,1) (2,2) (2,4) (2,5) (2,6) (3,6) (5,6) (6,6)
  facet 4305: (0,0) (0,1) (0,2) (0,4) (0,5) (1,5) (2,5) (3,5) (3,6) (5,6) (6,6)
  facet 4306: (0,0) (0,1) (0,2) (0,4) (1,4) (1,5) (2,5) (3,5) (3,6) (5,6) (6,6)
  facet 4307: (0,0) (0,1) (0,2) (1,2) (1,4) (1,5) (2,5) (3,5) (3,6) (5,6) (6,6)
  facet 4308: (0,0) (0,1) (1,1) (1,2) (1,4) (1,5) (2,5) (3,5) (3,6) (5,6) (6,6)
  facet 4309: (0,0) (1,0) (1,1) (1,2) (1,4) (1,5) (2,5) (3,5) (3,6) (5,6) (6,6)
  facet 4310: (0,0) (0,1) (0,2) (0,4) (1,4) (2,4) (2,5) (3,5) (3,6) (5,6) (6,6)
  facet 4311: (0,0) (0,1) (0,2) (1,2) (1,4) (2,4) (2,5) (3,5) (3,6) (5,6) (6,6)
  facet 4312: (0,0) (0,1) (1,1) (1,2) (1,4) (2,4) (2,5) (3,5) (3,6) (5,6) (6,6)
  facet 4313: (0,0) (1,0) (1,1) (1,2) (1,4) (2,4) (2,5) (3,5) (3,6) (5,6) (6,6)
  facet 4314: (0,0) (0,1) (0,2) (1,2) (2,2) (2,4) (2,5) (3,5) (3,6) (5,6) (6,6)
  facet 4315: (0,0) (0,1) (1,1) (1,2) (2,2) (2,4) (2,5) (3,5) (3,6) (5,6) (6,6)
  facet 4316: (0,0) (1,0) (1,1) (1,2) (2,2) (2,4) (2,5) (3,5) (3,6) (5,6) (6,6)
  facet 4317: (0,0) (0,1) (1,1) (2,1) (2,2) (2,4) (2,5) (3,5) (3,6) (5,6) (6,6)
  facet 4318: (0,0) (1,0) (1,1) (2,1) (2,2) (2,4) (2,5) (3,5) (3,6) (5,6) (6,6)
  facet 4319: (0,0) (1,0) (2,0) (2,1) (2,2) (2,4) (2,5) (3,5) (3,6) (5,6) (6,6)
  facet 4320: (0,0) (0,1) (0,2) (0,4) (1,4) (2,4) (3,4) (3,5) (3,6) (5,6) (6,6)
  facet 4321: (0,0) (0,1) (0,2) (1,2) (1,4) (2,4) (3,4) (3,5) (3,6) (5,6) (6,6)
  facet 4322: (0,0) (0,1) (1,1) (1,2) (1,4) (2,4) (3,4) (3,5) (3,6) (5,6) (6,6)
  facet 4323: (0,0) (1,0) (1,1) (1,2) (1,4) (2,4) (3,4) (3,5) (3,6) (5,6) (6,6)
  facet 4324: (0,0) (0,1) (0,2) (1,2) (2,2) (2,4) (3,4) (3,5) (3,6) (5,6) (6,6)
  facet 4325: (0,0) (0,1) (1,1) (1,2) (2,2) (2,4) (3,4) (3,5) (3,6) (5,6) (6,6)
  facet 4326: (0,0) (1,0) (1,1) (1,2) (2,2) (2,4) (3,4) (3,5) (3,6) (5,6) (6,6)
  facet 4327: (0,0) (0,1) (1,1) (2,1) (2,2) (2,4) (3,4) (3,5) (3,6) (5,6) (6,6)
  facet 4328: (0,0) (1,0) (1,1) (2,1) (2,2) (2,4) (3,4) (3,5) (3,6) (5,6) (6,6)
  facet 4329: (0,0) (1,0) (2,0) (2,1) (2,2) (2,4) (3,4) (3,5) (3,6) (5,6) (6,6)
  facet 4330: (0,0) (0,1) (0,2) (1,2) (2,2) (3,2) (3,4) (3,5) (3,6) (5,6) (6,6)
  facet 4331: (0,0) (0,1) (1,1) (1,2) (2,2) (3,2) (3,4) (3,5) (3,6) (5,6) (6,6)
  facet 4332: (0,0) (1,0) (1,1) (1,2) (2,2) (3,2) (3,4) (3,5) (3,6) (5,6) (6,6)
  facet 4333: (0,0) (0,1) (1,1) (2,1) (2,2) (3,2) (3,4) (3,5) (3,6) (5,6) (6,6)
  facet 4334: (0,0) (1,0) (1,1) (2,1) (2,2) (3,2) (3,4) (3,5) (3,6) (5,6) (6,6)
  facet 4335: (0,0) (1,0) (2,0) (2,1) (2,2) (3,2) (3,4) (3,5) (3,6) (5,6) (6,6)
  facet 4336: (0,0) (0,1) (1,1) (2,1) (3,1) (3,2) (3,4) (3,5) (3,6) (5,6) (6,6)
  facet 4337: (0,0) (1,0) (1,1) (2,1) (3,1) (3,2) (3,4) (3,5) (3,6) (5,6) (6,6)
  facet 4338: (0,0) (1,0) (2,0) (2,1) (3,1) (3,2) (3,4) (3,5) (3,6) (5,6) (6,6)
  facet 4339: (0,0) (1,0) (2,0) (3,0) (3,1) (3,2) (3,4) (3,5) (3,6) (5,6) (6,6)
  facet 4340: (0,0) (0,1) (0,2) (0,4) (0,5) (1,5) (2,5) (3,5) (5,5) (5,6) (6,6)
  facet 4341: (0,0) (0,1) (0,2) (0,4) (1,4) (1,5) (2,5) (3,5) (5,5) (5,6) (6,6)
  facet 4342: (0,0) (0,1) (0,2) (1,2) (1,4) (1,5) (2,5) (3,5) (5,5) (5,6) (6,6)
  facet 4343: (0,0) (0,1) (1,1) (1,2) (1,4) (1,5) (2,5) (3,5) (5,5) (5,6) (6,6)
  facet 4344: (0,0) (1,0) (1,1) (1,2) (1,4) (1,5) (2,5) (3,5) (5,5) (5,6) (6,6)
  facet 4345: (0,0) (0,1) (0,2) (0,4) (1,4) (2,4) (2,5) (3,5) (5,5) (5,6) (6,6)
  facet 4346: (0,0) (0,1) (0,2) (1,2) (1,4) (2,4) (2,5) (3,5) (5,5) (5,6) (6,6)
  facet 4347: (0,0) (0,1) (1,1) (1,2) (1,4) (2,4) (2,5) (3,5) (5,5) (5,6) (6,6)
  facet 4348: (0,0) (1,0) (1,1) (1,2) (1,4) (2,4) (2,5) (3,5) (5,5) (5,6) (6,6)
  facet 4349: (0,0) (0,1) (0,2) (1,2) (2,2) (2,4) (2,5) (3,5) (5,5) (5,6) (6,6)
  facet 4350: (0,0) (0,1) (1,1) (1,2) (2,2) (2,4) (2,5) (3,5) (5,5) (5,6) (6,6)
  facet 4351: (0,0) (1,0) (1,1) (1,2) (2,2) (2,4) (2,5) (3,5) (5,5) (5,6) (6,6)
  facet 4352: (0,0) (0,1) (1,1) (2,1) (2,2) (2,4) (2,5) (3,5) (5,5) (5,6) (6,6)
  facet 4353: (0,0) (1,0) (1,1) (2,1) (2,2) (2,4) (2,5) (3,5) (5,5) (5,6) (6,6)
  facet 4354: (0,0) (1,0) (2,0) (2,1) (2,2) (2,4) (2,5) (3,5) (5,5) (5,6) (6,6)
  facet 4355: (0,0) (0,1) (0,2) (0,4) (1,4) (2,4) (3,4) (3,5) (5,5) (5,6) (6,6)
  facet 4356: (0,0) (0,1) (0,2) (1,2) (1,4) (2,4) (3,4) (3,5) (5,5) (5,6) (6,6)
  facet 4357: (0,0) (0,1) (1,1) (1,2) (1,4) (2,4) (3,4) (3,5) (5,5) (5,6) (6,6)
  facet 4358: (0,0) (1,0) (1,1) (1,2) (1,4) (2,4) (3,4) (3,5) (5,5) (5,6) (6,6)
  facet 4359: (0,0) (0,1) (0,2) (1,2) (2,2) (2,4) (3,4) (3,5) (5,5) (5,6) (6,6)
  facet 4360: (0,0) (0,1) (1,1) (1,2) (2,2) (2,4) (3,4) (3,5) (5,5) (5,6) (6,6)
  facet 4361: (0,0) (1,0) (1,1) (1,2) (2,2) (2,4) (3,4) (3,5) (5,5) (5,6) (6,6)
  facet 4362: (0,0) (0,1) (1,1) (2,1) (2,2) (2,4) (3,4) (3,5) (5,5) (5,6) (6,6)
  facet 4363: (0,0) (1,0) (1,1) (2,1) (2,2) (2,4) (3,4) (3,5) (5,5) (5,6) (6,6)
  facet 4364: (0,0) (1,0) (2,0) (2,1) (2,2) (2,4) (3,4) (3,5) (5,5) (5,6) (6,6)
  facet 4365: (0,0) (0,1) (0,2) (1,2) (2,2) (3,2) (3,4) (3,5) (5,5) (5,6) (6,6)
  facet 4366: (0,0) (0,1) (1,1) (1,2) (2,2) (3,2) (3,4) (3,5) (5,5) (5,6) (6,6)
  facet 4367: (0,0) (1,0) (1,1) (1,2) (2,2) (3,2) (3,4) (3,5) (5,5) (5,6) (6,6)
  facet 4368: (0,0) (0,1) (1,1) (2,1) (2,2) (3,2) (3,4) (3,5) (5,5) (5,6) (6,6)
  facet 4369: (0,0) (1,0) (1,1) (2,1) (2,2) (3,2) (3,4) (3,5) (5,5) (5,6) (6,6)
  facet 4370: (0,0) (1,0) (2,0) (2,1) (2,2) (3,2) (3,4) (3,5) (5,5) (5,6) (6,6)
  facet 4371: (0,0) (0,1) (1,1) (2,1) (3,1) (3,2) (3,4) (3,5) (5,5) (5,6) (6,6)
  facet 4372: (0,0) (1,0) (1,1) (2,1) (3,1) (3,2) (3,4) (3,5) (5,5) (5,6) (6,6)
  facet 4373: (0,0) (1,0) (2,0) (2,1) (3,1) (3,2) (3,4) (3,5) (5,5) (5,6) (6,6)
  facet 4374: (0,0) (1,0) (2,0) (3,0) (3,1) (3,2) (3,4) (3,5) (5,5) (5,6) (6,6)
  facet 4375: (0,0) (0,1) (0,2) (0,4) (1,4) (2,4) (3,4) (5,4) (5,5) (5,6) (6,6)
  facet 4376: (0,0) (0,1) (0,2) (1,2) (1,4) (2,4) (3,4) (5,4) (5,5) (5,6) (6,6)
  facet 4377: (0,0) (0,1) (1,1) (1,2) (1,4) (2,4) (3,4) (5,4) (5,5) (5,6) (6,6)
  facet 4378: (0,0) (1,0) (1,1) (1,2) (1,4) (2,4) (3,4) (5,4) (5,5) (5,6) (6,6)
  facet 4379: (0,0) (0,1) (0,2) (1,2) (2,2) (2,4) (3,4) (5,4) (5,5) (5,6) (6,6)
  facet 4380: (0,0) (0,1) (1,1) (1,2) (2,2) (2,4) (3,4) (5,4) (5,5) (5,6) (6,6)
  facet 4381: (0,0) (1,0) (1,1) (1,2) (2,2) (2,4) (3,4) (5,4) (5,5) (5,6) (6,6)
  facet 4382: (0,0) (0,1) (1,1) (2,1) (2,2) (2,4) (3,4) (5,4) (5,5) (5,6) (6,6)
  facet 4383: (0,0) (1,0) (1,1) (2,1) (2,2) (2,4) (3,4) (5,4) (5,5) (5,6) (6,6)
  facet 4384: (0,0) (1,0) (2,0) (2,1) (2,2) (2,4) (3,4) (5,4) (5,5) (5,6) (6,6)
  facet 4385: (0,0) (0,1) (0,2) (1,2) (2,2) (3,2) (3,4) (5,4) (5,5) (5,6) (6,6)
  facet 4386: (0,0) (0,1) (1,1) (1,2) (2,2) (3,2) (3,4) (5,4) (5,5) (5,6) (6,6)
  facet 4387: (0,0) (1,0) (1,1) (1,2) (2,2) (3,2) (3,4) (5,4) (5,5) (5,6) (6,6)
  facet 4388: (0,0) (0,1) (1,1) (2,1) (2,2) (3,2) (3,4) (5,4) (5,5) (5,6) (6,6)
  facet 4389: (0,0) (1,0) (1,1) (2,1) (2,2) (3,2) (3,4) (5,4) (5,5) (5,6) (6,6)
  facet 4390: (0,0) (1,0) (2,0) (2,1) (2,2) (3,2) (3,4) (5,4) (5,5) (5,6) (6,6)
  facet 4391: (0,0) (0,1) (1,1) (2,1) (3,1) (3,2) (3,4) (5,4) (5,5) (5,6) (6,6)
  facet 4392: (0,0) (1,0) (1,1) (2,1) (3,1) (3,2) (3,4) (5,4) (5,5) (5,6) (6,6)
  facet 4393: (0,0) (1,0) (2,0) (2,1) (3,1) (3,2) (3,4) (5,4) (5,5) (5,6) (6,6)
  facet 4394: (0,0) (1,0) (2,0) (3,0) (3,1) (3,2) (3,4) (5,4) (5,5) (5,6) (6,6)
  facet 4395: (0,0) (0,1) (0,2) (1,2) (2,2) (3,2) (5,2) (5,4) (5,5) (5,6) (6,6)
  facet 4396: (0,0) (0,1) (1,1) (1,2) (2,2) (3,2) (5,2) (5,4) (5,5) (5,6) (6,6)
  facet 4397: (0,0) (1,0) (1,1) (1,2) (2,2) (3,2) (5,2) (5,4) (5,5) (5,6) (6,6)
  facet 4398: (0,0) (0,1) (1,1) (2,1) (2,2) (3,2) (5,2) (5,4) (5,5) (5,6) (6,6)
  facet 4399: (0,0) (1,0) (1,1) (2,1) (2,2) (3,2) (5,2) (5,4) (5,5) (5,6) (6,6)
  facet 4400: (0,0) (1,0) (2,0) (2,1) (2,2) (3,2) (5,2) (5,4) (5,5) (5,6) (6,6)
  facet 4401: (0,0) (0,1) (1,1) (2,1) (3,1) (3,2) (5,2) (5,4) (5,5) (5,6) (6,6)
  facet 4402: (0,0) (1,0) (1,1) (2,1) (3,1) (3,2) (5,2) (5,4) (5,5) (5,6) (6,6)
  facet 4403: (0,0) (1,0) (2,0) (2,1) (3,1) (3,2) (5,2) (5,4) (5,5) (5,6) (6,6)
  facet 4404: (0,0) (1,0) (2,0) (3,0) (3,1) (3,2) (5,2) (5,4) (5,5) (5,6) (6,6)
  facet 4405: (0,0) (0,1) (1,1) (2,1) (3,1) (5,1) (5,2) (5,4) (5,5) (5,6) (6,6)
  facet 4406: (0,0) (1,0) (1,1) (2,1) (3,1) (5,1) (5,2) (5,4) (5,5) (5,6) (6,6)
  facet 4407: (0,0) (1,0) (2,0) (2,1) (3,1) (5,1) (5,2) (5,4) (5,5) (5,6) (6,6)
  facet 4408: (0,0) (1,0) (2,0) (3,0) (3,1) (5,1) (5,2) (5,4) (5,5) (5,6) (6,6)
  facet 4409: (0,0) (1,0) (2,0) (3,0) (5,0) (5,1) (5,2) (5,4) (5,5) (5,6) (6,6)
  facet 4410: (0,0) (0,1) (0,2) (0,4) (0,5) (1,5) (2,5) (3,5) (5,5) (6,5) (6,6)
  facet 4411: (0,0) (0,1) (0,2) (0,4) (1,4) (1,5) (2,5) (3,5) (5,5) (6,5) (6,6)
  facet 4412: (0,0) (0,1) (0,2) (1,2) (1,4) (1,5) (2,5) (3,5) (5,5) (6,5) (6,6)
  facet 4413: (0,0) (0,1) (1,1) (1,2) (1,4) (1,5) (2,5) (3,5) (5,5) (6,5) (6,6)
  facet 4414: (0,0) (1,0) (1,1) (1,2) (1,4) (1,5) (2,5) (3,5) (5,5) (6,5) (6,6)
  facet 4415: (0,0) (0,1) (0,2) (0,4) (1,4) (2,4) (2,5) (3,5) (5,5) (6,5) (6,6)
  facet 4416: (0,0) (0,1) (0,2) (1,2) (1,4) (2,4) (2,5) (3,5) (5,5) (6,5) (6,6)
  facet 4417: (0,0) (0,1) (1,1) (1,2) (1,4) (2,4) (2,5) (3,5) (5,5) (6,5) (6,6)
  facet 4418: (0,0) (1,0) (1,1) (1,2) (1,4) (2,4) (2,5) (3,5) (5,5) (6,5) (6,6)
  facet 4419: (0,0) (0,1) (0,2) (1,2) (2,2) (2,4) (2,5) (3,5) (5,5) (6,5) (6,6)
  facet 4420: (0,0) (0,1) (1,1) (1,2) (2,2) (2,4) (2,5) (3,5) (5,5) (6,5) (6,6)
  facet 4421: (0,0) (1,0) (1,1) (1,2) (2,2) (2,4) (2,5) (3,5) (5,5) (6,5) (6,6)
  facet 4422: (0,0) (0,1) (1,1) (2,1) (2,2) (2,4) (2,5) (3,5) (5,5) (6,5) (6,6)
  facet 4423: (0,0) (1,0) (1,1) (2,1) (2,2) (2,4) (2,5) (3,5) (5,5) (6,5) (6,6)
  facet 4424: (0,0) (1,0) (2,0) (2,1) (2,2) (2,4) (2,5) (3,5) (5,5) (6,5) (6,6)
  facet 4425: (0,0) (0,1) (0,2) (0,4) (1,4) (2,4) (3,4) (3,5) (5,5) (6,5) (6,6)
  facet 4426: (0,0) (0,1) (0,2) (1,2) (1,4) (2,4) (3,4) (3,5) (5,5) (6,5) (6,6)
  facet 4427: (0,0) (0,1) (1,1) (1,2) (1,4) (2,4) (3,4) (3,5) (5,5) (6,5) (6,6)
  facet 4428: (0,0) (1,0) (1,1) (1,2) (1,4) (2,4) (3,4) (3,5) (5,5) (6,5) (6,6)
  facet 4429: (0,0) (0,1) (0,2) (1,2) (2,2) (2,4) (3,4) (3,5) (5,5) (6,5) (6,6)
  facet 4430: (0,0) (0,1) (1,1) (1,2) (2,2) (2,4) (3,4) (3,5) (5,5) (6,5) (6,6)
  facet 4431: (0,0) (1,0) (1,1) (1,2) (2,2) (2,4) (3,4) (3,5) (5,5) (6,5) (6,6)
  facet 4432: (0,0) (0,1) (1,1) (2,1) (2,2) (2,4) (3,4) (3,5) (5,5) (6,5) (6,6)
  facet 4433: (0,0) (1,0) (1,1) (2,1) (2,2) (2,4) (3,4) (3,5) (5,5) (6,5) (6,6)
  facet 4434: (0,0) (1,0) (2,0) (2,1) (2,2) (2,4) (3,4) (3,5) (5,5) (6,5) (6,6)
  facet 4435: (0,0) (0,1) (0,2) (1,2) (2,2) (3,2) (3,4) (3,5) (5,5) (6,5) (6,6)
  facet 4436: (0,0) (0,1) (1,1) (1,2) (2,2) (3,2) (3,4) (3,5) (5,5) (6,5) (6,6)
  facet 4437: (0,0) (1,0) (1,1) (1,2) (2,2) (3,2) (3,4) (3,5) (5,5) (6,5) (6,6)
  facet 4438: (0,0) (0,1) (1,1) (2,1) (2,2) (3,2) (3,4) (3,5) (5,5) (6,5) (6,6)
  facet 4439: (0,0) (1,0) (1,1) (2,1) (2,2) (3,2) (3,4) (3,5) (5,5) (6,5) (6,6)
  facet 4440: (0,0) (1,0) (2,0) (2,1) (2,2) (3,2) (3,4) (3,5) (5,5) (6,5) (6,6)
  facet 4441: (0,0) (0,1) (1,1) (2,1) (3,1) (3,2) (3,4) (3,5) (5,5) (6,5) (6,6)
  facet 4442: (0,0) (1,0) (1,1) (2,1) (3,1) (3,2) (3,4) (3,5) (5,5) (6,5) (6,6)
  facet 4443: (0,0) (1,0) (2,0) (2,1) (3,1) (3,2) (3,4) (3,5) (5,5) (6,5) (6,6)
  facet 4444: (0,0) (1,0) (2,0) (3,0) (3,1) (3,2) (3,4) (3,5) (5,5) (6,5) (6,6)
  facet 4445: (0,0) (0,1) (0,2) (0,4) (1,4) (2,4) (3,4) (5,4) (5,5) (6,5) (6,6)
  facet 4446: (0,0) (0,1) (0,2) (1,2) (1,4) (2,4) (3,4) (5,4) (5,5) (6,5) (6,6)
  facet 4447: (0,0) (0,1) (1,1) (1,2) (1,4) (2,4) (3,4) (5,4) (5,5) (6,5) (6,6)
  facet 4448: (0,0) (1,0) (1,1) (1,2) (1,4) (2,4) (3,4) (5,4) (5,5) (6,5) (6,6)
  facet 4449: (0,0) (0,1) (0,2) (1,2) (2,2) (2,4) (3,4) (5,4) (5,5) (6,5) (6,6)
  facet 4450: (0,0) (0,1) (1,1) (1,2) (2,2) (2,4) (3,4) (5,4) (5,5) (6,5) (6,6)
  facet 4451: (0,0) (1,0) (1,1) (1,2) (2,2) (2,4) (3,4) (5,4) (5,5) (6,5) (6,6)
  facet 4452: (0,0) (0,1) (1,1) (2,1) (2,2) (2,4) (3,4) (5,4) (5,5) (6,5) (6,6)
  facet 4453: (0,0) (1,0) (1,1) (2,1) (2,2) (2,4) (3,4) (5,4) (5,5) (6,5) (6,6)
  facet 4454: (0,0) (1,0) (2,0) (2,1) (2,2) (2,4) (3,4) (5,4) (5,5) (6,5) (6,6)
  facet 4455: (0,0) (0,1) (0,2) (1,2) (2,2) (3,2) (3,4) (5,4) (5,5) (6,5) (6,6)
  facet 4456: (0,0) (0,1) (1,1) (1,2) (2,2) (3,2) (3,4) (5,4) (5,5) (6,5) (6,6)
  facet 4457: (0,0) (1,0) (1,1) (1,2) (2,2) (3,2) (3,4) (5,4) (5,5) (6,5) (6,6)
  facet 4458: (0,0) (0,1) (1,1) (2,1) (2,2) (3,2) (3,4) (5,4) (5,5) (6,5) (6,6)
  facet 4459: (0,0) (1,0) (1,1) (2,1) (2,2) (3,2) (3,4) (5,4) (5,5) (6,5) (6,6)
  facet 4460: (0,0) (1,0) (2,0) (2,1) (2,2) (3,2) (3,4) (5,4) (5,5) (6,5) (6,6)
  facet 4461: (0,0) (0,1) (1,1) (2,1) (3,1) (3,2) (3,4) (5,4) (5,5) (6,5) (6,6)
  facet 4462: (0,0) (1,0) (1,1) (2,1) (3,1) (3,2) (3,4) (5,4) (5,5) (6,5) (6,6)
  facet 4463: (0,0) (1,0) (2,0) (2,1) (3,1) (3,2) (3,4) (5,4) (5,5) (6,5) (6,6)
  facet 4464: (0,0) (1,0) (2,0) (3,0) (3,1) (3,2) (3,4) (5,4) (5,5) (6,5) (6,6)
  facet 4465: (0,0) (0,1) (0,2) (1,2) (2,2) (3,2) (5,2) (5,4) (5,5) (6,5) (6,6)
  facet 4466: (0,0) (0,1) (1,1) (1,2) (2,2) (3,2) (5,2) (5,4) (5,5) (6,5) (6,6)
  facet 4467: (0,0) (1,0) (1,1) (1,2) (2,2) (3,2) (5,2) (5,4) (5,5) (6,5) (6,6)
  facet 4468: (0,0) (0,1) (1,1) (2,1) (2,2) (3,2) (5,2) (5,4) (5,5) (6,5) (6,6)
  facet 4469: (0,0) (1,0) (1,1) (2,1) (2,2) (3,2) (5,2) (5,4) (5,5) (6,5) (6,6)
  facet 4470: (0,0) (1,0) (2,0) (2,1) (2,2) (3,2) (5,2) (5,4) (5,5) (6,5) (6,6)
  facet 4471: (0,0) (0,1) (1,1) (2,1) (3,1) (3,2) (5,2) (5,4) (5,5) (6,5) (6,6)
  facet 4472: (0,0) (1,0) (1,1) (2,1) (3,1) (3,2) (5,2) (5,4) (5,5) (6,5) (6,6)
  facet 4473: (0,0) (1,0) (2,0) (2,1) (3,1) (3,2) (5,2) (5,4) (5,5) (6,5) (6,6)
  facet 4474: (0,0) (1,0) (2,0) (3,0) (3,1) (3,2) (5,2) (5,4) (5,5) (6,5) (6,6)
  facet 4475: (0,0) (0,1) (1,1) (2,1) (3,1) (5,1) (5,2) (5,4) (5,5) (6,5) (6,6)
  facet 4476: (0,0) (1,0) (1,1) (2,1) (3,1) (5,1) (5,2) (5,4) (5,5) (6,5) (6,6)
  facet 4477: (0,0) (1,0) (2,0) (2,1) (3,1) (5,1) (5,2) (5,4) (5,5) (6,5) (6,6)
  facet 4478: (0,0) (1,0) (2,0) (3,0) (3,1) (5,1) (5,2) (5,4) (5,5) (6,5) (6,6)
  facet 4479: (0,0) (1,0) (2,0) (3,0) (5,0) (5,1) (5,2) (5,4) (5,5) (6,5) (6,6)
  facet 4480: (0,0) (0,1) (0,2) (0,4) (1,4) (2,4) (3,4) (5,4) (6,4) (6,5) (6,6)
  facet 4481: (0,0) (0,1) (0,2) (1,2) (1,4) (2,4) (3,4) (5,4) (6,4) (6,5) (6,6)
  facet 4482: (0,0) (0,1) (1,1) (1,2) (1,4) (2,4) (3,4) (5,4) (6,4) (6,5) (6,6)
  facet 4483: (0,0) (1,0) (1,1) (1,2) (1,4) (2,4) (3,4) (5,4) (6,4) (6,5) (6,6)
  facet 4484: (0,0) (0,1) (0,2) (1,2) (2,2) (2,4) (3,4) (5,4) (6,4) (6,5) (6,6)
  facet 4485: (0,0) (0,1) (1,1) (1,2) (2,2) (2,4) (3,4) (5,4) (6,4) (6,5) (6,6)
  facet 4486: (0,0) (1,0) (1,1) (1,2) (2,2) (2,4) (3,4) (5,4) (6,4) (6,5) (6,6)
  facet 4487: (0,0) (0,1) (1,1) (2,1) (2,2) (2,4) (3,4) (5,4) (6,4) (6,5) (6,6)
  facet 4488: (0,0) (1,0) (1,1) (2,1) (2,2) (2,4) (3,4) (5,4) (6,4) (6,5) (6,6)
  facet 4489: (0,0) (1,0) (2,0) (2,1) (2,2) (2,4) (3,4) (5,4) (6,4) (6,5) (6,6)
  facet 4490: (0,0) (0,1) (0,2) (1,2) (2,2) (3,2) (3,4) (5,4) (6,4) (6,5) (6,6)
  facet 4491: (0,0) (0,1) (1,1) (1,2) (2,2) (3,2) (3,4) (5,4) (6,4) (6,5) (6,6)
  facet 4492: (0,0) (1,0) (1,1) (1,2) (2,2) (3,2) (3,4) (5,4) (6,4) (6,5) (6,6)
  facet 4493: (0,0) (0,1) (1,1) (2,1) (2,2) (3,2) (3,4) (5,4) (6,4) (6,5) (6,6)
  facet 4494: (0,0) (1,0) (1,1) (2,1) (2,2) (3,2) (3,4) (5,4) (6,4) (6,5) (6,6)
  facet 4495: (0,0) (1,0) (2,0) (2,1) (2,2) (3,2) (3,4) (5,4) (6,4) (6,5) (6,6)
  facet 4496: (0,0) (0,1) (1,1) (2,1) (3,1) (3,2) (3,4) (5,4) (6,4) (6,5) (6,6)
  facet 4497: (0,0) (1,0) (1,1) (2,1) (3,1) (3,2) (3,4) (5,4) (6,4) (6,5) (6,6)
  facet 4498: (0,0) (1,0) (2,0) (2,1) (3,1) (3,2) (3,4) (5,4) (6,4) (6,5) (6,6)
  facet 4499: (0,0) (1,0) (2,0) (3,0) (3,1) (3,2) (3,4) (5,4) (6,4) (6,5) (6,6)
  facet 4500: (0,0) (0,1) (0,2) (1,2) (2,2) (3,2) (5,2) (5,4) (6,4) (6,5) (6,6)
  facet 4501: (0,0) (0,1) (1,1) (1,2) (2,2) (3,2) (5,2) (5,4) (6,4) (6,5) (6,6)
  facet 4502: (0,0) (1,0) (1,1) (1,2) (2,2) (3,2) (5,2) (5,4) (6,4) (6,5) (6,6)
  facet 4503: (0,0) (0,1) (1,1) (2,1) (2,2) (3,2) (5,2) (5,4) (6,4) (6,5) (6,6)
  facet 4504: (0,0) (1,0) (1,1) (2,1) (2,2) (3,2) (5,2) (5,4) (6,4) (6,5) (6,6)
  facet 4505: (0,0) (1,0) (2,0) (2,1) (2,2) (3,2) (5,2) (5,4) (6,4) (6,5) (6,6)
  facet 4506: (0,0) (0,1) (1,1) (2,1) (3,1) (3,2) (5,2) (5,4) (6,4) (6,5) (6,6)
  facet 4507: (0,0) (1,0) (1,1) (2,1) (3,1) (3,2) (5,2) (5,4) (6,4) (6,5) (6,6)
  facet 4508: (0,0) (1,0) (2,0) (2,1) (3,1) (3,2) (5,2) (5,4) (6,4) (6,5) (6,6)
  facet 4509: (0,0) (1,0) (2,0) (3,0) (3,1) (3,2) (5,2) (5,4) (6,4) (6,5) (6,6)
  facet 4510: (0,0) (0,1) (1,1) (2,1) (3,1) (5,1) (5,2) (5,4) (6,4) (6,5) (6,6)
  facet 4511: (0,0) (1,0) (1,1) (2,1) (3,1) (5,1) (5,2) (5,4) (6,4) (6,5) (6,6)
  facet 4512: (0,0) (1,0) (2,0) (2,1) (3,1) (5,1) (5,2) (5,4) (6,4) (6,5) (6,6)
  facet 4513: (0,0) (1,0) (2,0) (3,0) (3,1) (5,1) (5,2) (5,4) (6,4) (6,5) (6,6)
  facet 4514: (0,0) (1,0) (2,0) (3,0) (5,0) (5,1) (5,2) (5,4) (6,4) (6,5) (6,6)
  facet 4515: (0,0) (0,1) (0,2) (1,2) (2,2) (3,2) (5,2) (6,2) (6,4) (6,5) (6,6)
  facet 4516: (0,0) (0,1) (1,1) (1,2) (2,2) (3,2) (5,2) (6,2) (6,4) (6,5) (6,6)
  facet 4517: (0,0) (1,0) (1,1) (1,2) (2,2) (3,2) (5,2) (6,2) (6,4) (6,5) (6,6)
  facet 4518: (0,0) (0,1) (1,1) (2,1) (2,2) (3,2) (5,2) (6,2) (6,4) (6,5) (6,6)
  facet 4519: (0,0) (1,0) (1,1) (2,1) (2,2) (3,2) (5,2) (6,2) (6,4) (6,5) (6,6)
  facet 4520: (0,0) (1,0) (2,0) (2,1) (2,2) (3,2) (5,2) (6,2) (6,4) (6,5) (6,6)
  facet 4521: (0,0) (0,1) (1,1) (2,1) (3,1) (3,2) (5,2) (6,2) (6,4) (6,5) (6,6)
  facet 4522: (0,0) (1,0) (1,1) (2,1) (3,1) (3,2) (5,2) (6,2) (6,4) (6,5) (6,6)
  facet 4523: (0,0) (1,0) (2,0) (2,1) (3,1) (3,2) (5,2) (6,2) (6,4) (6,5) (6,6)
  facet 4524: (0,0) (1,0) (2,0) (3,0) (3,1) (3,2) (5,2) (6,2) (6,4) (6,5) (6,6)
  facet 4525: (0,0) (0,1) (1,1) (2,1) (3,1) (5,1) (5,2) (6,2) (6,4) (6,5) (6,6)
  facet 4526: (0,0) (1,0) (1,1) (2,1) (3,1) (5,1) (5,2) (6,2) (6,4) (6,5) (6,6)
  facet 4527: (0,0) (1,0) (2,0) (2,1) (3,1) (5,1) (5,2) (6,2) (6,4) (6,5) (6,6)
  facet 4528: (0,0) (1,0) (2,0) (3,0) (3,1) (5,1) (5,2) (6,2) (6,4) (6,5) (6,6)
  facet 4529: (0,0) (1,0) (2,0) (3,0) (5,0) (5,1) (5,2) (6,2) (6,4) (6,5) (6,6)
  facet 4530: (0,0) (0,1) (1,1) (2,1) (3,1) (5,1) (6,1) (6,2) (6,4) (6,5) (6,6)
  facet 4531: (0,0) (1,0) (1,1) (2,1) (3,1) (5,1) (6,1) (6,2) (6,4) (6,5) (6,6)
  facet 4532: (0,0) (1,0) (2,0) (2,1) (3,1) (5,1) (6,1) (6,2) (6,4) (6,5) (6,6)
  facet 4533: (0,0) (1,0) (2,0) (3,0) (3,1) (5,1) (6,1) (6,2) (6,4) (6,5) (6,6)
  facet 4534: (0,0) (1,0) (2,0) (3,0) (5,0) (5,1) (6,1) (6,2) (6,4) (6,5) (6,6)
  facet 4535: (0,0) (1,0) (2,0) (3,0) (5,0) (6,0) (6,1) (6,2) (6,4) (6,5) (6,6)
  facet 4536: (0,0) (0,1) (0,3) (0,4) (0,5) (0,6) (1,6) (2,6) (3,6) (5,6) (6,6)
  facet 4537: (0,0) (0,1) (0,3) (0,4) (0,5) (1,5) (1,6) (2,6) (3,6) (5,6) (6,6)
  facet 4538: (0,0) (0,1) (0,3) (0,4) (1,4) (1,5) (1,6) (2,6) (3,6) (5,6) (6,6)
  facet 4539: (0,0) (0,1) (0,3) (1,3) (1,4) (1,5) (1,6) (2,6) (3,6) (5,6) (6,6)
  facet 4540: (0,0) (0,1) (1,1) (1,3) (1,4) (1,5) (1,6) (2,6) (3,6) (5,6) (6,6)
  facet 4541: (0,0) (1,0) (1,1) (1,3) (1,4) (1,5) (1,6) (2,6) (3,6) (5,6) (6,6)
  facet 4542: (0,0) (0,1) (0,3) (0,4) (0,5) (1,5) (2,5) (2,6) (3,6) (5,6) (6,6)
  facet 4543: (0,0) (0,1) (0,3) (0,4) (1,4) (1,5) (2,5) (2,6) (3,6) (5,6) (6,6)
  facet 4544: (0,0) (0,1) (0,3) (1,3) (1,4) (1,5) (2,5) (2,6) (3,6) (5,6) (6,6)
  facet 4545: (0,0) (0,1) (1,1) (1,3) (1,4) (1,5) (2,5) (2,6) (3,6) (5,6) (6,6)
  facet 4546: (0,0) (1,0) (1,1) (1,3) (1,4) (1,5) (2,5) (2,6) (3,6) (5,6) (6,6)
  facet 4547: (0,0) (0,1) (0,3) (0,4) (1,4) (2,4) (2,5) (2,6) (3,6) (5,6) (6,6)
  facet 4548: (0,0) (0,1) (0,3) (1,3) (1,4) (2,4) (2,5) (2,6) (3,6) (5,6) (6,6)
  facet 4549: (0,0) (0,1) (1,1) (1,3) (1,4) (2,4) (2,5) (2,6) (3,6) (5,6) (6,6)
  facet 4550: (0,0) (1,0) (1,1) (1,3) (1,4) (2,4) (2,5) (2,6) (3,6) (5,6) (6,6)
  facet 4551: (0,0) (0,1) (0,3) (1,3) (2,3) (2,4) (2,5) (2,6) (3,6) (5,6) (6,6)
  facet 4552: (0,0) (0,1) (1,1) (1,3) (2,3) (2,4) (2,5) (2,6) (3,6) (5,6) (6,6)
  facet 4553: (0,0) (1,0) (1,1) (1,3) (2,3) (2,4) (2,5) (2,6) (3,6) (5,6) (6,6)
  facet 4554: (0,0) (0,1) (1,1) (2,1) (2,3) (2,4) (2,5) (2,6) (3,6) (5,6) (6,6)
  facet 4555: (0,0) (1,0) (1,1) (2,1) (2,3) (2,4) (2,5) (2,6) (3,6) (5,6) (6,6)
  facet 4556: (0,0) (1,0) (2,0) (2,1) (2,3) (2,4) (2,5) (2,6) (3,6) (5,6) (6,6)
  facet 4557: (0,0) (0,1) (0,3) (0,4) (0,5) (1,5) (2,5) (3,5) (3,6) (5,6) (6,6)
  facet 4558: (0,0) (0,1) (0,3) (0,4) (1,4) (1,5) (2,5) (3,5) (3,6) (5,6) (6,6)
  facet 4559: (0,0) (0,1) (0,3) (1,3) (1,4) (1,5) (2,5) (3,5) (3,6) (5,6) (6,6)
  facet 4560: (0,0) (0,1) (1,1) (1,3) (1,4) (1,5) (2,5) (3,5) (3,6) (5,6) (6,6)
  facet 4561: (0,0) (1,0) (1,1) (1,3) (1,4) (1,5) (2,5) (3,5) (3,6) (5,6) (6,6)
  facet 4562: (0,0) (0,1) (0,3) (0,4) (1,4) (2,4) (2,5) (3,5) (3,6) (5,6) (6,6)
  facet 4563: (0,0) (0,1) (0,3) (1,3) (1,4) (2,4) (2,5) (3,5) (3,6) (5,6) (6,6)
  facet 4564: (0,0) (0,1) (1,1) (1,3) (1,4) (2,4) (2,5) (3,5) (3,6) (5,6) (6,6)
  facet 4565: (0,0) (1,0) (1,1) (1,3) (1,4) (2,4) (2,5) (3,5) (3,6) (5,6) (6,6)
  facet 4566: (0,0) (0,1) (0,3) (1,3) (2,3) (2,4) (2,5) (3,5) (3,6) (5,6) (6,6)
  facet 4567: (0,0) (0,1) (1,1) (1,3) (2,3) (2,4) (2,5) (3,5) (3,6) (5,6) (6,6)
  facet 4568: (0,0) (1,0) (1,1) (1,3) (2,3) (2,4) (2,5) (3,5) (3,6) (5,6) (6,6)
  facet 4569: (0,0) (0,1) (1,1) (2,1) (2,3) (2,4) (2,5) (3,5) (3,6) (5,6) (6,6)
  facet 4570: (0,0) (1,0) (1,1) (2,1) (2,3) (2,4) (2,5) (3,5) (3,6) (5,6) (6,6)
  facet 4571: (0,0) (1,0) (2,0) (2,1) (2,3) (2,4) (2,5) (3,5) (3,6) (5,6) (6,6)
  facet 4572: (0,0) (0,1) (0,3) (0,4) (1,4) (2,4) (3,4) (3,5) (3,6) (5,6) (6,6)
  facet 4573: (0,0) (0,1) (0,3) (1,3) (1,4) (2,4) (3,4) (3,5) (3,6) (5,6) (6,6)
  facet 4574: (0,0) (0,1) (1,1) (1,3) (1,4) (2,4) (3,4) (3,5) (3,6) (5,6) (6,6)
  facet 4575: (0,0) (1,0) (1,1) (1,3) (1,4) (2,4) (3,4) (3,5) (3,6) (5,6) (6,6)
  facet 4576: (0,0) (0,1) (0,3) (1,3) (2,3) (2,4) (3,4) (3,5) (3,6) (5,6) (6,6)
  facet 4577: (0,0) (0,1) (1,1) (1,3) (2,3) (2,4) (3,4) (3,5) (3,6) (5,6) (6,6)
  facet 4578: (0,0) (1,0) (1,1) (1,3) (2,3) (2,4) (3,4) (3,5) (3,6) (5,6) (6,6)
  facet 4579: (0,0) (0,1) (1,1) (2,1) (2,3) (2,4) (3,4) (3,5) (3,6) (5,6) (6,6)
  facet 4580: (0,0) (1,0) (1,1) (2,1) (2,3) (2,4) (3,4) (3,5) (3,6) (5,6) (6,6)
  facet 4581: (0,0) (1,0) (2,0) (2,1) (2,3) (2,4) (3,4) (3,5) (3,6) (5,6) (6,6)
  facet 4582: (0,0) (0,1) (0,3) (1,3) (2,3) (3,3) (3,4) (3,5) (3,6) (5,6) (6,6)
  facet 4583: (0,0) (0,1) (1,1) (1,3) (2,3) (3,3) (3,4) (3,5) (3,6) (5,6) (6,6)
  facet 4584: (0,0) (1,0) (1,1) (1,3) (2,3) (3,3) (3,4) (3,5) (3,6) (5,6) (6,6)
  facet 4585: (0,0) (0,1) (1,1) (2,1) (2,3) (3,3) (3,4) (3,5) (3,6) (5,6) (6,6)
  facet 4586: (0,0) (1,0) (1,1) (2,1) (2,3) (3,3) (3,4) (3,5) (3,6) (5,6) (6,6)
  facet 4587: (0,0) (1,0) (2,0) (2,1) (2,3) (3,3) (3,4) (3,5) (3,6) (5,6) (6,6)
  facet 4588: (0,0) (0,1) (1,1) (2,1) (3,1) (3,3) (3,4) (3,5) (3,6) (5,6) (6,6)
  facet 4589: (0,0) (1,0) (1,1) (2,1) (3,1) (3,3) (3,4) (3,5) (3,6) (5,6) (6,6)
  facet 4590: (0,0) (1,0) (2,0) (2,1) (3,1) (3,3) (3,4) (3,5) (3,6) (5,6) (6,6)
  facet 4591: (0,0) (1,0) (2,0) (3,0) (3,1) (3,3) (3,4) (3,5) (3,6) (5,6) (6,6)
  facet 4592: (0,0) (0,1) (0,3) (0,4) (0,5) (1,5) (2,5) (3,5) (5,5) (5,6) (6,6)
  facet 4593: (0,0) (0,1) (0,3) (0,4) (1,4) (1,5) (2,5) (3,5) (5,5) (5,6) (6,6)
  facet 4594: (0,0) (0,1) (0,3) (1,3) (1,4) (1,5) (2,5) (3,5) (5,5) (5,6) (6,6)
  facet 4595: (0,0) (0,1) (1,1) (1,3) (1,4) (1,5) (2,5) (3,5) (5,5) (5,6) (6,6)
  facet 4596: (0,0) (1,0) (1,1) (1,3) (1,4) (1,5) (2,5) (3,5) (5,5) (5,6) (6,6)
  facet 4597: (0,0) (0,1) (0,3) (0,4) (1,4) (2,4) (2,5) (3,5) (5,5) (5,6) (6,6)
  facet 4598: (0,0) (0,1) (0,3) (1,3) (1,4) (2,4) (2,5) (3,5) (5,5) (5,6) (6,6)
  facet 4599: (0,0) (0,1) (1,1) (1,3) (1,4) (2,4) (2,5) (3,5) (5,5) (5,6) (6,6)
  facet 4600: (0,0) (1,0) (1,1) (1,3) (1,4) (2,4) (2,5) (3,5) (5,5) (5,6) (6,6)
  facet 4601: (0,0) (0,1) (0,3) (1,3) (2,3) (2,4) (2,5) (3,5) (5,5) (5,6) (6,6)
  facet 4602: (0,0) (0,1) (1,1) (1,3) (2,3) (2,4) (2,5) (3,5) (5,5) (5,6) (6,6)
  facet 4603: (0,0) (1,0) (1,1) (1,3) (2,3) (2,4) (2,5) (3,5) (5,5) (5,6) (6,6)
  facet 4604: (0,0) (0,1) (1,1) (2,1) (2,3) (2,4) (2,5) (3,5) (5,5) (5,6) (6,6)
  facet 4605: (0,0) (1,0) (1,1) (2,1) (2,3) (2,4) (2,5) (3,5) (5,5) (5,6) (6,6)
  facet 4606: (0,0) (1,0) (2,0) (2,1) (2,3) (2,4) (2,5) (3,5) (5,5) (5,6) (6,6)
  facet 4607: (0,0) (0,1) (0,3) (0,4) (1,4) (2,4) (3,4) (3,5) (5,5) (5,6) (6,6)
  facet 4608: (0,0) (0,1) (0,3) (1,3) (1,4) (2,4) (3,4) (3,5) (5,5) (5,6) (6,6)
  facet 4609: (0,0) (0,1) (1,1) (1,3) (1,4) (2,4) (3,4) (3,5) (5,5) (5,6) (6,6)
  facet 4610: (0,0) (1,0) (1,1) (1,3) (1,4) (2,4) (3,4) (3,5) (5,5) (5,6) (6,6)
  facet 4611: (0,0) (0,1) (0,3) (1,3) (2,3) (2,4) (3,4) (3,5) (5,5) (5,6) (6,6)
  facet 4612: (0,0) (0,1) (1,1) (1,3) (2,3) (2,4) (3,4) (3,5) (5,5) (5,6) (6,6)
  facet 4613: (0,0) (1,0) (1,1) (1,3) (2,3) (2,4) (3,4) (3,5) (5,5) (5,6) (6,6)
  facet 4614: (0,0) (0,1) (1,1) (2,1) (2,3) (2,4) (3,4) (3,5) (5,5) (5,6) (6,6)
  facet 4615: (0,0) (1,0) (1,1) (2,1) (2,3) (2,4) (3,4) (3,5) (5,5) (5,6) (6,6)
  facet 4616: (0,0) (1,0) (2,0) (2,1) (2,3) (2,4) (3,4) (3,5) (5,5) (5,6) (6,6)
  facet 4617: (0,0) (0,1) (0,3) (1,3) (2,3) (3,3) (3,4) (3,5) (5,5) (5,6) (6,6)
  facet 4618: (0,0) (0,1) (1,1) (1,3) (2,3) (3,3) (3,4) (3,5) (5,5) (5,6) (6,6)
  facet 4619: (0,0) (1,0) (1,1) (1,3) (2,3) (3,3) (3,4) (3,5) (5,5) (5,6) (6,6)
  facet 4620: (0,0) (0,1) (1,1) (2,1) (2,3) (3,3) (3,4) (3,5) (5,5) (5,6) (6,6)
  facet 4621: (0,0) (1,0) (1,1) (2,1) (2,3) (3,3) (3,4) (3,5) (5,5) (5,6) (6,6)
  facet 4622: (0,0) (1,0) (2,0) (2,1) (2,3) (3,3) (3,4) (3,5) (5,5) (5,6) (6,6)
  facet 4623: (0,0) (0,1) (1,1) (2,1) (3,1) (3,3) (3,4) (3,5) (5,5) (5,6) (6,6)
  facet 4624: (0,0) (1,0) (1,1) (2,1) (3,1) (3,3) (3,4) (3,5) (5,5) (5,6) (6,6)
  facet 4625: (0,0) (1,0) (2,0) (2,1) (3,1) (3,3) (3,4) (3,5) (5,5) (5,6) (6,6)
  facet 4626: (0,0) (1,0) (2,0) (3,0) (3,1) (3,3) (3,4) (3,5) (5,5) (5,6) (6,6)
  facet 4627: (0,0) (0,1) (0,3) (0,4) (1,4) (2,4) (3,4) (5,4) (5,5) (5,6) (6,6)
  facet 4628: (0,0) (0,1) (0,3) (1,3) (1,4) (2,4) (3,4) (5,4) (5,5) (5,6) (6,6)
  facet 4629: (0,0) (0,1) (1,1) (1,3) (1,4) (2,4) (3,4) (5,4) (5,5) (5,6) (6,6)
  facet 4630: (0,0) (1,0) (1,1) (1,3) (1,4) (2,4) (3,4) (5,4) (5,5) (5,6) (6,6)
  facet 4631: (0,0) (0,1) (0,3) (1,3) (2,3) (2,4) (3,4) (5,4) (5,5) (5,6) (6,6)
  facet 4632: (0,0) (0,1) (1,1) (1,3) (2,3) (2,4) (3,4) (5,4) (5,5) (5,6) (6,6)
  facet 4633: (0,0) (1,0) (1,1) (1,3) (2,3) (2,4) (3,4) (5,4) (5,5) (5,6) (6,6)
  facet 4634: (0,0) (0,1) (1,1) (2,1) (2,3) (2,4) (3,4) (5,4) (5,5) (5,6) (6,6)
  facet 4635: (0,0) (1,0) (1,1) (2,1) (2,3) (2,4) (3,4) (5,4) (5,5) (5,6) (6,6)
  facet 4636: (0,0) (1,0) (2,0) (2,1) (2,3) (2,4) (3,4) (5,4) (5,5) (5,6) (6,6)
  facet 4637: (0,0) (0,1) (0,3) (1,3) (2,3) (3,3) (3,4) (5,4) (5,5) (5,6) (6,6)
  facet 4638: (0,0) (0,1) (1,1) (1,3) (2,3) (3,3) (3,4) (5,4) (5,5) (5,6) (6,6)
  facet 4639: (0,0) (1,0) (1,1) (1,3) (2,3) (3,3) (3,4) (5,4) (5,5) (5,6) (6,6)
  facet 4640: (0,0) (0,1) (1,1) (2,1) (2,3) (3,3) (3,4) (5,4) (5,5) (5,6) (6,6)
  facet 4641: (0,0) (1,0) (1,1) (2,1) (2,3) (3,3) (3,4) (5,4) (5,5) (5,6) (6,6)
  facet 4642: (0,0) (1,0) (2,0) (2,1) (2,3) (3,3) (3,4) (5,4) (5,5) (5,6) (6,6)
  facet 4643: (0,0) (0,1) (1,1) (2,1) (3,1) (3,3) (3,4) (5,4) (5,5) (5,6) (6,6)
  facet 4644: (0,0) (1,0) (1,1) (2,1) (3,1) (3,3) (3,4) (5,4) (5,5) (5,6) (6,6)
  facet 4645: (0,0) (1,0) (2,0) (2,1) (3,1) (3,3) (3,4) (5,4) (5,5) (5,6) (6,6)
  facet 4646: (0,0) (1,0) (2,0) (3,0) (3,1) (3,3) (3,4) (5,4) (5,5) (5,6) (6,6)
  facet 4647: (0,0) (0,1) (0,3) (1,3) (2,3) (3,3) (5,3) (5,4) (5,5) (5,6) (6,6)
  facet 4648: (0,0) (0,1) (1,1) (1,3) (2,3) (3,3) (5,3) (5,4) (5,5) (5,6) (6,6)
  facet 4649: (0,0) (1,0) (1,1) (1,3) (2,3) (3,3) (5,3) (5,4) (5,5) (5,6) (6,6)
  facet 4650: (0,0) (0,1) (1,1) (2,1) (2,3) (3,3) (5,3) (5,4) (5,5) (5,6) (6,6)
  facet 4651: (0,0) (1,0) (1,1) (2,1) (2,3) (3,3) (5,3) (5,4) (5,5) (5,6) (6,6)
  facet 4652: (0,0) (1,0) (2,0) (2,1) (2,3) (3,3) (5,3) (5,4) (5,5) (5,6) (6,6)
  facet 4653: (0,0) (0,1) (1,1) (2,1) (3,1) (3,3) (5,3) (5,4) (5,5) (5,6) (6,6)
  facet 4654: (0,0) (1,0) (1,1) (2,1) (3,1) (3,3) (5,3) (5,4) (5,5) (5,6) (6,6)
  facet 4655: (0,0) (1,0) (2,0) (2,1) (3,1) (3,3) (5,3) (5,4) (5,5) (5,6) (6,6)
  facet 4656: (0,0) (1,0) (2,0) (3,0) (3,1) (3,3) (5,3) (5,4) (5,5) (5,6) (6,6)
  facet 4657: (0,0) (0,1) (1,1) (2,1) (3,1) (5,1) (5,3) (5,4) (5,5) (5,6) (6,6)
  facet 4658: (0,0) (1,0) (1,1) (2,1) (3,1) (5,1) (5,3) (5,4) (5,5) (5,6) (6,6)
  facet 4659: (0,0) (1,0) (2,0) (2,1) (3,1) (5,1) (5,3) (5,4) (5,5) (5,6) (6,6)
  facet 4660: (0,0) (1,0) (2,0) (3,0) (3,1) (5,1) (5,3) (5,4) (5,5) (5,6) (6,6)
  facet 4661: (0,0) (1,0) (2,0) (3,0) (5,0) (5,1) (5,3) (5,4) (5,5) (5,6) (6,6)
  facet 4662: (0,0) (0,1) (0,3) (0,4) (0,5) (1,5) (2,5) (3,5) (5,5) (6,5) (6,6)
  facet 4663: (0,0) (0,1) (0,3) (0,4) (1,4) (1,5) (2,5) (3,5) (5,5) (6,5) (6,6)
  facet 4664: (0,0) (0,1) (0,3) (1,3) (1,4) (1,5) (2,5) (3,5) (5,5) (6,5) (6,6)
  facet 4665: (0,0) (0,1) (1,1) (1,3) (1,4) (1,5) (2,5) (3,5) (5,5) (6,5) (6,6)
  facet 4666: (0,0) (1,0) (1,1) (1,3) (1,4) (1,5) (2,5) (3,5) (5,5) (6,5) (6,6)
  facet 4667: (0,0) (0,1) (0,3) (0,4) (1,4) (2,4) (2,5) (3,5) (5,5) (6,5) (6,6)
  facet 4668: (0,0) (0,1) (0,3) (1,3) (1,4) (2,4) (2,5) (3,5) (5,5) (6,5) (6,6)
  facet 4669: (0,0) (0,1) (1,1) (1,3) (1,4) (2,4) (2,5) (3,5) (5,5) (6,5) (6,6)
  facet 4670: (0,0) (1,0) (1,1) (1,3) (1,4) (2,4) (2,5) (3,5) (5,5) (6,5) (6,6)
  facet 4671: (0,0) (0,1) (0,3) (1,3) (2,3) (2,4) (2,5) (3,5) (5,5) (6,5) (6,6)
  facet 4672: (0,0) (0,1) (1,1) (1,3) (2,3) (2,4) (2,5) (3,5) (5,5) (6,5) (6,6)
  facet 4673: (0,0) (1,0) (1,1) (1,3) (2,3) (2,4) (2,5) (3,5) (5,5) (6,5) (6,6)
  facet 4674: (0,0) (0,1) (1,1) (2,1) (2,3) (2,4) (2,5) (3,5) (5,5) (6,5) (6,6)
  facet 4675: (0,0) (1,0) (1,1) (2,1) (2,3) (2,4) (2,5) (3,5) (5,5) (6,5) (6,6)
  facet 4676: (0,0) (1,0) (2,0) (2,1) (2,3) (2,4) (2,5) (3,5) (5,5) (6,5) (6,6)
  facet 4677: (0,0) (0,1) (0,3) (0,4) (1,4) (2,4) (3,4) (3,5) (5,5) (6,5) (6,6)
  facet 4678: (0,0) (0,1) (0,3) (1,3) (1,4) (2,4) (3,4) (3,5) (5,5) (6,5) (6,6)
  facet 4679: (0,0) (0,1) (1,1) (1,3) (1,4) (2,4) (3,4) (3,5) (5,5) (6,5) (6,6)
  facet 4680: (0,0) (1,0) (1,1) (1,3) (1,4) (2,4) (3,4) (3,5) (5,5) (6,5) (6,6)
  facet 4681: (0,0) (0,1) (0,3) (1,3) (2,3) (2,4) (3,4) (3,5) (5,5) (6,5) (6,6)
  facet 4682: (0,0) (0,1) (1,1) (1,3) (2,3) (2,4) (3,4) (3,5) (5,5) (6,5) (6,6)
  facet 4683: (0,0) (1,0) (1,1) (1,3) (2,3) (2,4) (3,4) (3,5) (5,5) (6,5) (6,6)
  facet 4684: (0,0) (0,1) (1,1) (2,1) (2,3) (2,4) (3,4) (3,5) (5,5) (6,5) (6,6)
  facet 4685: (0,0) (1,0) (1,1) (2,1) (2,3) (2,4) (3,4) (3,5) (5,5) (6,5) (6,6)
  facet 4686: (0,0) (1,0) (2,0) (2,1) (2,3) (2,4) (3,4) (3,5) (5,5) (6,5) (6,6)
  facet 4687: (0,0) (0,1) (0,3) (1,3) (2,3) (3,3) (3,4) (3,5) (5,5) (6,5) (6,6)
  facet 4688: (0,0) (0,1) (1,1) (1,3) (2,3) (3,3) (3,4) (3,5) (5,5) (6,5) (6,6)
  facet 4689: (0,0) (1,0) (1,1) (1,3) (2,3) (3,3) (3,4) (3,5) (5,5) (6,5) (6,6)
  facet 4690: (0,0) (0,1) (1,1) (2,1) (2,3) (3,3) (3,4) (3,5) (5,5) (6,5) (6,6)
  facet 4691: (0,0) (1,0) (1,1) (2,1) (2,3) (3,3) (3,4) (3,5) (5,5) (6,5) (6,6)
  facet 4692: (0,0) (1,0) (2,0) (2,1) (2,3) (3,3) (3,4) (3,5) (5,5) (6,5) (6,6)
  facet 4693: (0,0) (0,1) (1,1) (2,1) (3,1) (3,3) (3,4) (3,5) (5,5) (6,5) (6,6)
  facet 4694: (0,0) (1,0) (1,1) (2,1) (3,1) (3,3) (3,4) (3,5) (5,5) (6,5) (6,6)
  facet 4695: (0,0) (1,0) (2,0) (2,1) (3,1) (3,3) (3,4) (3,5) (5,5) (6,5) (6,6)
  facet 4696: (0,0) (1,0) (2,0) (3,0) (3,1) (3,3) (3,4) (3,5) (5,5) (6,5) (6,6)
  facet 4697: (0,0) (0,1) (0,3) (0,4) (1,4) (2,4) (3,4) (5,4) (5,5) (6,5) (6,6)
  facet 4698: (0,0) (0,1) (0,3) (1,3) (1,4) (2,4) (3,4) (5,4) (5,5) (6,5) (6,6)
  facet 4699: (0,0) (0,1) (1,1) (1,3) (1,4) (2,4) (3,4) (5,4) (5,5) (6,5) (6,6)
  facet 4700: (0,0) (1,0) (1,1) (1,3) (1,4) (2,4) (3,4) (5,4) (5,5) (6,5) (6,6)
  facet 4701: (0,0) (0,1) (0,3) (1,3) (2,3) (2,4) (3,4) (5,4) (5,5) (6,5) (6,6)
  facet 4702: (0,0) (0,1) (1,1) (1,3) (2,3) (2,4) (3,4) (5,4) (5,5) (6,5) (6,6)
  facet 4703: (0,0) (1,0) (1,1) (1,3) (2,3) (2,4) (3,4) (5,4) (5,5) (6,5) (6,6)
  facet 4704: (0,0) (0,1) (1,1) (2,1) (2,3) (2,4) (3,4) (5,4) (5,5) (6,5) (6,6)
  facet 4705: (0,0) (1,0) (1,1) (2,1) (2,3) (2,4) (3,4) (5,4) (5,5) (6,5) (6,6)
  facet 4706: (0,0) (1,0) (2,0) (2,1) (2,3) (2,4) (3,4) (5,4) (5,5) (6,5) (6,6)
  facet 4707: (0,0) (0,1) (0,3) (1,3) (2,3) (3,3) (3,4) (5,4) (5,5) (6,5) (6,6)
  facet 4708: (0,0) (0,1) (1,1) (1,3) (2,3) (3,3) (3,4) (5,4) (5,5) (6,5) (6,6)
  facet 4709: (0,0) (1,0) (1,1) (1,3) (2,3) (3,3) (3,4) (5,4) (5,5) (6,5) (6,6)
  facet 4710: (0,0) (0,1) (1,1) (2,1) (2,3) (3,3) (3,4) (5,4) (5,5) (6,5) (6,6)
  facet 4711: (0,0) (1,0) (1,1) (2,1) (2,3) (3,3) (3,4) (5,4) (5,5) (6,5) (6,6)
  facet 4712: (0,0) (1,0) (2,0) (2,1) (2,3) (3,3) (3,4) (5,4) (5,5) (6,5) (6,6)
  facet 4713: (0,0) (0,1) (1,1) (2,1) (3,1) (3,3) (3,4) (5,4) (5,5) (6,5) (6,6)
  facet 4714: (0,0) (1,0) (1,1) (2,1) (3,1) (3,3) (3,4) (5,4) (5,5) (6,5) (6,6)
  facet 4715: (0,0) (1,0) (2,0) (2,1) (3,1) (3,3) (3,4) (5,4) (5,5) (6,5) (6,6)
  facet 4716: (0,0) (1,0) (2,0) (3,0) (3,1) (3,3) (3,4) (5,4) (5,5) (6,5) (6,6)
  facet 4717: (0,0) (0,1) (0,3) (1,3) (2,3) (3,3) (5,3) (5,4) (5,5) (6,5) (6,6)
  facet 4718: (0,0) (0,1) (1,1) (1,3) (2,3) (3,3) (5,3) (5,4) (5,5) (6,5) (6,6)
  facet 4719: (0,0) (1,0) (1,1) (1,3) (2,3) (3,3) (5,3) (5,4) (5,5) (6,5) (6,6)
  facet 4720: (0,0) (0,1) (1,1) (2,1) (2,3) (3,3) (5,3) (5,4) (5,5) (6,5) (6,6)
  facet 4721: (0,0) (1,0) (1,1) (2,1) (2,3) (3,3) (5,3) (5,4) (5,5) (6,5) (6,6)
  facet 4722: (0,0) (1,0) (2,0) (2,1) (2,3) (3,3) (5,3) (5,4) (5,5) (6,5) (6,6)
  facet 4723: (0,0) (0,1) (1,1) (2,1) (3,1) (3,3) (5,3) (5,4) (5,5) (6,5) (6,6)
  facet 4724: (0,0) (1,0) (1,1) (2,1) (3,1) (3,3) (5,3) (5,4) (5,5) (6,5) (6,6)
  facet 4725: (0,0) (1,0) (2,0) (2,1) (3,1) (3,3) (5,3) (5,4) (5,5) (6,5) (6,6)
  facet 4726: (0,0) (1,0) (2,0) (3,0) (3,1) (3,3) (5,3) (5,4) (5,5) (6,5) (6,6)
  facet 4727: (0,0) (0,1) (1,1) (2,1) (3,1) (5,1) (5,3) (5,4) (5,5) (6,5) (6,6)
  facet 4728: (0,0) (1,0) (1,1) (2,1) (3,1) (5,1) (5,3) (5,4) (5,5) (6,5) (6,6)
  facet 4729: (0,0) (1,0) (2,0) (2,1) (3,1) (5,1) (5,3) (5,4) (5,5) (6,5) (6,6)
  facet 4730: (0,0) (1,0) (2,0) (3,0) (3,1) (5,1) (5,3) (5,4) (5,5) (6,5) (6,6)
  facet 4731: (0,0) (1,0) (2,0) (3,0) (5,0) (5,1) (5,3) (5,4) (5,5) (6,5) (6,6)
  facet 4732: (0,0) (0,1) (0,3) (0,4) (1,4) (2,4) (3,4) (5,4) (6,4) (6,5) (6,6)
  facet 4733: (0,0) (0,1) (0,3) (1,3) (1,4) (2,4) (3,4) (5,4) (6,4) (6,5) (6,6)
  facet 4734: (0,0) (0,1) (1,1) (1,3) (1,4) (2,4) (3,4) (5,4) (6,4) (6,5) (6,6)
  facet 4735: (0,0) (1,0) (1,1) (1,3) (1,4) (2,4) (3,4) (5,4) (6,4) (6,5) (6,6)
  facet 4736: (0,0) (0,1) (0,3) (1,3) (2,3) (2,4) (3,4) (5,4) (6,4) (6,5) (6,6)
  facet 4737: (0,0) (0,1) (1,1) (1,3) (2,3) (2,4) (3,4) (5,4) (6,4) (6,5) (6,6)
  facet 4738: (0,0) (1,0) (1,1) (1,3) (2,3) (2,4) (3,4) (5,4) (6,4) (6,5) (6,6)
  facet 4739: (0,0) (0,1) (1,1) (2,1) (2,3) (2,4) (3,4) (5,4) (6,4) (6,5) (6,6)
  facet 4740: (0,0) (1,0) (1,1) (2,1) (2,3) (2,4) (3,4) (5,4) (6,4) (6,5) (6,6)
  facet 4741: (0,0) (1,0) (2,0) (2,1) (2,3) (2,4) (3,4) (5,4) (6,4) (6,5) (6,6)
  facet 4742: (0,0) (0,1) (0,3) (1,3) (2,3) (3,3) (3,4) (5,4) (6,4) (6,5) (6,6)
  facet 4743: (0,0) (0,1) (1,1) (1,3) (2,3) (3,3) (3,4) (5,4) (6,4) (6,5) (6,6)
  facet 4744: (0,0) (1,0) (1,1) (1,3) (2,3) (3,3) (3,4) (5,4) (6,4) (6,5) (6,6)
  facet 4745: (0,0) (0,1) (1,1) (2,1) (2,3) (3,3) (3,4) (5,4) (6,4) (6,5) (6,6)
  facet 4746: (0,0) (1,0) (1,1) (2,1) (2,3) (3,3) (3,4) (5,4) (6,4) (6,5) (6,6)
  facet 4747: (0,0) (1,0) (2,0) (2,1) (2,3) (3,3) (3,4) (5,4) (6,4) (6,5) (6,6)
  facet 4748: (0,0) (0,1) (1,1) (2,1) (3,1) (3,3) (3,4) (5,4) (6,4) (6,5) (6,6)
  facet 4749: (0,0) (1,0) (1,1) (2,1) (3,1) (3,3) (3,4) (5,4) (6,4) (6,5) (6,6)
  facet 4750: (0,0) (1,0) (2,0) (2,1) (3,1) (3,3) (3,4) (5,4) (6,4) (6,5) (6,6)
  facet 4751: (0,0) (1,0) (2,0) (3,0) (3,1) (3,3) (3,4) (5,4) (6,4) (6,5) (6,6)
  facet 4752: (0,0) (0,1) (0,3) (1,3) (2,3) (3,3) (5,3) (5,4) (6,4) (6,5) (6,6)
  facet 4753: (0,0) (0,1) (1,1) (1,3) (2,3) (3,3) (5,3) (5,4) (6,4) (6,5) (6,6)
  facet 4754: (0,0) (1,0) (1,1) (1,3) (2,3) (3,3) (5,3) (5,4) (6,4) (6,5) (6,6)
  facet 4755: (0,0) (0,1) (1,1) (2,1) (2,3) (3,3) (5,3) (5,4) (6,4) (6,5) (6,6)
  facet 4756: (0,0) (1,0) (1,1) (2,1) (2,3) (3,3) (5,3) (5,4) (6,4) (6,5) (6,6)
  facet 4757: (0,0) (1,0) (2,0) (2,1) (2,3) (3,3) (5,3) (5,4) (6,4) (6,5) (6,6)
  facet 4758: (0,0) (0,1) (1,1) (2,1) (3,1) (3,3) (5,3) (5,4) (6,4) (6,5) (6,6)
  facet 4759: (0,0) (1,0) (1,1) (2,1) (3,1) (3,3) (5,3) (5,4) (6,4) (6,5) (6,6)
  facet 4760: (0,0) (1,0) (2,0) (2,1) (3,1) (3,3) (5,3) (5,4) (6,4) (6,5) (6,6)
  facet 4761: (0,0) (1,0) (2,0) (3,0) (3,1) (3,3) (5,3) (5,4) (6,4) (6,5) (6,6)
  facet 4762: (0,0) (0,1) (1,1) (2,1) (3,1) (5,1) (5,3) (5,4) (6,4) (6,5) (6,6)
  facet 4763: (0,0) (1,0) (1,1) (2,1) (3,1) (5,1) (5,3) (5,4) (6,4) (6,5) (6,6)
  facet 4764: (0,0) (1,0) (2,0) (2,1) (3,1) (5,1) (5,3) (5,4) (6,4) (6,5) (6,6)
  facet 4765: (0,0) (1,0) (2,0) (3,0) (3,1) (5,1) (5,3) (5,4) (6,4) (6,5) (6,6)
  facet 4766: (0,0) (1,0) (2,0) (3,0) (5,0) (5,1) (5,3) (5,4) (6,4) (6,5) (6,6)
  facet 4767: (0,0) (0,1) (0,3) (1,3) (2,3) (3,3) (5,3) (6,3) (6,4) (6,5) (6,6)
  facet 4768: (0,0) (0,1) (1,1) (1,3) (2,3) (3,3) (5,3) (6,3) (6,4) (6,5) (6,6)
  facet 4769: (0,0) (1,0) (1,1) (1,3) (2,3) (3,3) (5,3) (6,3) (6,4) (6,5) (6,6)
  facet 4770: (0,0) (0,1) (1,1) (2,1) (2,3) (3,3) (5,3) (6,3) (6,4) (6,5) (6,6)
  facet 4771: (0,0) (1,0) (1,1) (2,1) (2,3) (3,3) (5,3) (6,3) (6,4) (6,5) (6,6)
  facet 4772: (0,0) (1,0) (2,0) (2,1) (2,3) (3,3) (5,3) (6,3) (6,4) (6,5) (6,6)
  facet 4773: (0,0) (0,1) (1,1) (2,1) (3,1) (3,3) (5,3) (6,3) (6,4) (6,5) (6,6)
  facet 4774: (0,0) (1,0) (1,1) (2,1) (3,1) (3,3) (5,3) (6,3) (6,4) (6,5) (6,6)
  facet 4775: (0,0) (1,0) (2,0) (2,1) (3,1) (3,3) (5,3) (6,3) (6,4) (6,5) (6,6)
  facet 4776: (0,0) (1,0) (2,0) (3,0) (3,1) (3,3) (5,3) (6,3) (6,4) (6,5) (6,6)
  facet 4777: (0,0) (0,1) (1,1) (2,1) (3,1) (5,1) (5,3) (6,3) (6,4) (6,5) (6,6)
  facet 4778: (0,0) (1,0) (1,1) (2,1) (3,1) (5,1) (5,3) (6,3) (6,4) (6,5) (6,6)
  facet 4779: (0,0) (1,0) (2,0) (2,1) (3,1) (5,1) (5,3) (6,3) (6,4) (6,5) (6,6)
  facet 4780: (0,0) (1,0) (2,0) (3,0) (3,1) (5,1) (5,3) (6,3) (6,4) (6,5) (6,6)
  facet 4781: (0,0) (1,0) (2,0) (3,0) (5,0) (5,1) (5,3) (6,3) (6,4) (6,5) (6,6)
  facet 4782: (0,0) (0,1) (1,1) (2,1) (3,1) (5,1) (6,1) (6,3) (6,4) (6,5) (6,6)
  facet 4783: (0,0) (1,0) (1,1) (2,1) (3,1) (5,1) (6,1) (6,3) (6,4) (6,5) (6,6)
  facet 4784: (0,0) (1,0) (2,0) (2,1) (3,1) (5,1) (6,1) (6,3) (6,4) (6,5) (6,6)
  facet 4785: (0,0) (1,0) (2,0) (3,0) (3,1) (5,1) (6,1) (6,3) (6,4) (6,5) (6,6)
  facet 4786: (0,0) (1,0) (2,0) (3,0) (5,0) (5,1) (6,1) (6,3) (6,4) (6,5) (6,6)
  facet 4787: (0,0) (1,0) (2,0) (3,0) (5,0) (6,0) (6,1) (6,3) (6,4) (6,5) (6,6)
  facet 4788: (0,0) (0,2) (0,3) (0,4) (0,5) (0,6) (1,6) (2,6) (3,6) (5,6) (6,6)
  facet 4789: (0,0) (0,2) (0,3) (0,4) (0,5) (1,5) (1,6) (2,6) (3,6) (5,6) (6,6)
  facet 4790: (0,0) (0,2) (0,3) (0,4) (1,4) (1,5) (1,6) (2,6) (3,6) (5,6) (6,6)
  facet 4791: (0,0) (0,2) (0,3) (1,3) (1,4) (1,5) (1,6) (2,6) (3,6) (5,6) (6,6)
  facet 4792: (0,0) (0,2) (1,2) (1,3) (1,4) (1,5) (1,6) (2,6) (3,6) (5,6) (6,6)
  facet 4793: (0,0) (1,0) (1,2) (1,3) (1,4) (1,5) (1,6) (2,6) (3,6) (5,6) (6,6)
  facet 4794: (0,0) (0,2) (0,3) (0,4) (0,5) (1,5) (2,5) (2,6) (3,6) (5,6) (6,6)
  facet 4795: (0,0) (0,2) (0,3) (0,4) (1,4) (1,5) (2,5) (2,6) (3,6) (5,6) (6,6)
  facet 4796: (0,0) (0,2) (0,3) (1,3) (1,4) (1,5) (2,5) (2,6) (3,6) (5,6) (6,6)
  facet 4797: (0,0) (0,2) (1,2) (1,3) (1,4) (1,5) (2,5) (2,6) (3,6) (5,6) (6,6)
  facet 4798: (0,0) (1,0) (1,2) (1,3) (1,4) (1,5) (2,5) (2,6) (3,6) (5,6) (6,6)
  facet 4799: (0,0) (0,2) (0,3) (0,4) (1,4) (2,4) (2,5) (2,6) (3,6) (5,6) (6,6)
  facet 4800: (0,0) (0,2) (0,3) (1,3) (1,4) (2,4) (2,5) (2,6) (3,6) (5,6) (6,6)
  facet 4801: (0,0) (0,2) (1,2) (1,3) (1,4) (2,4) (2,5) (2,6) (3,6) (5,6) (6,6)
  facet 4802: (0,0) (1,0) (1,2) (1,3) (1,4) (2,4) (2,5) (2,6) (3,6) (5,6) (6,6)
  facet 4803: (0,0) (0,2) (0,3) (1,3) (2,3) (2,4) (2,5) (2,6) (3,6) (5,6) (6,6)
  facet 4804: (0,0) (0,2) (1,2) (1,3) (2,3) (2,4) (2,5) (2,6) (3,6) (5,6) (6,6)
  facet 4805: (0,0) (1,0) (1,2) (1,3) (2,3) (2,4) (2,5) (2,6) (3,6) (5,6) (6,6)
  facet 4806: (0,0) (0,2) (1,2) (2,2) (2,3) (2,4) (2,5) (2,6) (3,6) (5,6) (6,6)
  facet 4807: (0,0) (1,0) (1,2) (2,2) (2,3) (2,4) (2,5) (2,6) (3,6) (5,6) (6,6)
  facet 4808: (0,0) (1,0) (2,0) (2,2) (2,3) (2,4) (2,5) (2,6) (3,6) (5,6) (6,6)
  facet 4809: (0,0) (0,2) (0,3) (0,4) (0,5) (1,5) (2,5) (3,5) (3,6) (5,6) (6,6)
  facet 4810: (0,0) (0,2) (0,3) (0,4) (1,4) (1,5) (2,5) (3,5) (3,6) (5,6) (6,6)
  facet 4811: (0,0) (0,2) (0,3) (1,3) (1,4) (1,5) (2,5) (3,5) (3,6) (5,6) (6,6)
  facet 4812: (0,0) (0,2) (1,2) (1,3) (1,4) (1,5) (2,5) (3,5) (3,6) (5,6) (6,6)
  facet 4813: (0,0) (1,0) (1,2) (1,3) (1,4) (1,5) (2,5) (3,5) (3,6) (5,6) (6,6)
  facet 4814: (0,0) (0,2) (0,3) (0,4) (1,4) (2,4) (2,5) (3,5) (3,6) (5,6) (6,6)
  facet 4815: (0,0) (0,2) (0,3) (1,3) (1,4) (2,4) (2,5) (3,5) (3,6) (5,6) (6,6)
  facet 4816: (0,0) (0,2) (1,2) (1,3) (1,4) (2,4) (2,5) (3,5) (3,6) (5,6) (6,6)
  facet 4817: (0,0) (1,0) (1,2) (1,3) (1,4) (2,4) (2,5) (3,5) (3,6) (5,6) (6,6)
  facet 4818: (0,0) (0,2) (0,3) (1,3) (2,3) (2,4) (2,5) (3,5) (3,6) (5,6) (6,6)
  facet 4819: (0,0) (0,2) (1,2) (1,3) (2,3) (2,4) (2,5) (3,5) (3,6) (5,6) (6,6)
  facet 4820: (0,0) (1,0) (1,2) (1,3) (2,3) (2,4) (2,5) (3,5) (3,6) (5,6) (6,6)
  facet 4821: (0,0) (0,2) (1,2) (2,2) (2,3) (2,4) (2,5) (3,5) (3,6) (5,6) (6,6)
  facet 4822: (0,0) (1,0) (1,2) (2,2) (2,3) (2,4) (2,5) (3,5) (3,6) (5,6) (6,6)
  facet 4823: (0,0) (1,0) (2,0) (2,2) (2,3) (2,4) (2,5) (3,5) (3,6) (5,6) (6,6)
  facet 4824: (0,0) (0,2) (0,3) (0,4) (1,4) (2,4) (3,4) (3,5) (3,6) (5,6) (6,6)
  facet 4825: (0,0) (0,2) (0,3) (1,3) (1,4) (2,4) (3,4) (3,5) (3,6) (5,6) (6,6)
  facet 4826: (0,0) (0,2) (1,2) (1,3) (1,4) (2,4) (3,4) (3,5) (3,6) (5,6) (6,6)
  facet 4827: (0,0) (1,0) (1,2) (1,3) (1,4) (2,4) (3,4) (3,5) (3,6) (5,6) (6,6)
  facet 4828: (0,0) (0,2) (0,3) (1,3) (2,3) (2,4) (3,4) (3,5) (3,6) (5,6) (6,6)
  facet 4829: (0,0) (0,2) (1,2) (1,3) (2,3) (2,4) (3,4) (3,5) (3,6) (5,6) (6,6)
  facet 4830: (0,0) (1,0) (1,2) (1,3) (2,3) (2,4) (3,4) (3,5) (3,6) (5,6) (6,6)
  facet 4831: (0,0) (0,2) (1,2) (2,2) (2,3) (2,4) (3,4) (3,5) (3,6) (5,6) (6,6)
  facet 4832: (0,0) (1,0) (1,2) (2,2) (2,3) (2,4) (3,4) (3,5) (3,6) (5,6) (6,6)
  facet 4833: (0,0) (1,0) (2,0) (2,2) (2,3) (2,4) (3,4) (3,5) (3,6) (5,6) (6,6)
  facet 4834: (0,0) (0,2) (0,3) (1,3) (2,3) (3,3) (3,4) (3,5) (3,6) (5,6) (6,6)
  facet 4835: (0,0) (0,2) (1,2) (1,3) (2,3) (3,3) (3,4) (3,5) (3,6) (5,6) (6,6)
  facet 4836: (0,0) (1,0) (1,2) (1,3) (2,3) (3,3) (3,4) (3,5) (3,6) (5,6) (6,6)
  facet 4837: (0,0) (0,2) (1,2) (2,2) (2,3) (3,3) (3,4) (3,5) (3,6) (5,6) (6,6)
  facet 4838: (0,0) (1,0) (1,2) (2,2) (2,3) (3,3) (3,4) (3,5) (3,6) (5,6) (6,6)
  facet 4839: (0,0) (1,0) (2,0) (2,2) (2,3) (3,3) (3,4) (3,5) (3,6) (5,6) (6,6)
  facet 4840: (0,0) (0,2) (1,2) (2,2) (3,2) (3,3) (3,4) (3,5) (3,6) (5,6) (6,6)
  facet 4841: (0,0) (1,0) (1,2) (2,2) (3,2) (3,3) (3,4) (3,5) (3,6) (5,6) (6,6)
  facet 4842: (0,0) (1,0) (2,0) (2,2) (3,2) (3,3) (3,4) (3,5) (3,6) (5,6) (6,6)
  facet 4843: (0,0) (1,0) (2,0) (3,0) (3,2) (3,3) (3,4) (3,5) (3,6) (5,6) (6,6)
  facet 4844: (0,0) (0,2) (0,3) (0,4) (0,5) (1,5) (2,5) (3,5) (5,5) (5,6) (6,6)
  facet 4845: (0,0) (0,2) (0,3) (0,4) (1,4) (1,5) (2,5) (3,5) (5,5) (5,6) (6,6)
  facet 4846: (0,0) (0,2) (0,3) (1,3) (1,4) (1,5) (2,5) (3,5) (5,5) (5,6) (6,6)
  facet 4847: (0,0) (0,2) (1,2) (1,3) (1,4) (1,5) (2,5) (3,5) (5,5) (5,6) (6,6)
  facet 4848: (0,0) (1,0) (1,2) (1,3) (1,4) (1,5) (2,5) (3,5) (5,5) (5,6) (6,6)
  facet 4849: (0,0) (0,2) (0,3) (0,4) (1,4) (2,4) (2,5) (3,5) (5,5) (5,6) (6,6)
  facet 4850: (0,0) (0,2) (0,3) (1,3) (1,4) (2,4) (2,5) (3,5) (5,5) (5,6) (6,6)
  facet 4851: (0,0) (0,2) (1,2) (1,3) (1,4) (2,4) (2,5) (3,5) (5,5) (5,6) (6,6)
  facet 4852: (0,0) (1,0) (1,2) (1,3) (1,4) (2,4) (2,5) (3,5) (5,5) (5,6) (6,6)
  facet 4853: (0,0) (0,2) (0,3) (1,3) (2,3) (2,4) (2,5) (3,5) (5,5) (5,6) (6,6)
  facet 4854: (0,0) (0,2) (1,2) (1,3) (2,3) (2,4) (2,5) (3,5) (5,5) (5,6) (6,6)
  facet 4855: (0,0) (1,0) (1,2) (1,3) (2,3) (2,4) (2,5) (3,5) (5,5) (5,6) (6,6)
  facet 4856: (0,0) (0,2) (1,2) (2,2) (2,3) (2,4) (2,5) (3,5) (5,5) (5,6) (6,6)
  facet 4857: (0,0) (1,0) (1,2) (2,2) (2,3) (2,4) (2,5) (3,5) (5,5) (5,6) (6,6)
  facet 4858: (0,0) (1,0) (2,0) (2,2) (2,3) (2,4) (2,5) (3,5) (5,5) (5,6) (6,6)
  facet 4859: (0,0) (0,2) (0,3) (0,4) (1,4) (2,4) (3,4) (3,5) (5,5) (5,6) (6,6)
  facet 4860: (0,0) (0,2) (0,3) (1,3) (1,4) (2,4) (3,4) (3,5) (5,5) (5,6) (6,6)
  facet 4861: (0,0) (0,2) (1,2) (1,3) (1,4) (2,4) (3,4) (3,5) (5,5) (5,6) (6,6)
  facet 4862: (0,0) (1,0) (1,2) (1,3) (1,4) (2,4) (3,4) (3,5) (5,5) (5,6) (6,6)
  facet 4863: (0,0) (0,2) (0,3) (1,3) (2,3) (2,4) (3,4) (3,5) (5,5) (5,6) (6,6)
  facet 4864: (0,0) (0,2) (1,2) (1,3) (2,3) (2,4) (3,4) (3,5) (5,5) (5,6) (6,6)
  facet 4865: (0,0) (1,0) (1,2) (1,3) (2,3) (2,4) (3,4) (3,5) (5,5) (5,6) (6,6)
  facet 4866: (0,0) (0,2) (1,2) (2,2) (2,3) (2,4) (3,4) (3,5) (5,5) (5,6) (6,6)
  facet 4867: (0,0) (1,0) (1,2) (2,2) (2,3) (2,4) (3,4) (3,5) (5,5) (5,6) (6,6)
  facet 4868: (0,0) (1,0) (2,0) (2,2) (2,3) (2,4) (3,4) (3,5) (5,5) (5,6) (6,6)
  facet 4869: (0,0) (0,2) (0,3) (1,3) (2,3) (3,3) (3,4) (3,5) (5,5) (5,6) (6,6)
  facet 4870: (0,0) (0,2) (1,2) (1,3) (2,3) (3,3) (3,4) (3,5) (5,5) (5,6) (6,6)
  facet 4871: (0,0) (1,0) (1,2) (1,3) (2,3) (3,3) (3,4) (3,5) (5,5) (5,6) (6,6)
  facet 4872: (0,0) (0,2) (1,2) (2,2) (2,3) (3,3) (3,4) (3,5) (5,5) (5,6) (6,6)
  facet 4873: (0,0) (1,0) (1,2) (2,2) (2,3) (3,3) (3,4) (3,5) (5,5) (5,6) (6,6)
  facet 4874: (0,0) (1,0) (2,0) (2,2) (2,3) (3,3) (3,4) (3,5) (5,5) (5,6) (6,6)
  facet 4875: (0,0) (0,2) (1,2) (2,2) (3,2) (3,3) (3,4) (3,5) (5,5) (5,6) (6,6)
  facet 4876: (0,0) (1,0) (1,2) (2,2) (3,2) (3,3) (3,4) (3,5) (5,5) (5,6) (6,6)
  facet 4877: (0,0) (1,0) (2,0) (2,2) (3,2) (3,3) (3,4) (3,5) (5,5) (5,6) (6,6)
  facet 4878: (0,0) (1,0) (2,0) (3,0) (3,2) (3,3) (3,4) (3,5) (5,5) (5,6) (6,6)
  facet 4879: (0,0) (0,2) (0,3) (0,4) (1,4) (2,4) (3,4) (5,4) (5,5) (5,6) (6,6)
  facet 4880: (0,0) (0,2) (0,3) (1,3) (1,4) (2,4) (3,4) (5,4) (5,5) (5,6) (6,6)
  facet 4881: (0,0) (0,2) (1,2) (1,3) (1,4) (2,4) (3,4) (5,4) (5,5) (5,6) (6,6)
  facet 4882: (0,0) (1,0) (1,2) (1,3) (1,4) (2,4) (3,4) (5,4) (5,5) (5,6) (6,6)
  facet 4883: (0,0) (0,2) (0,3) (1,3) (2,3) (2,4) (3,4) (5,4) (5,5) (5,6) (6,6)
  facet 4884: (0,0) (0,2) (1,2) (1,3) (2,3) (2,4) (3,4) (5,4) (5,5) (5,6) (6,6)
  facet 4885: (0,0) (1,0) (1,2) (1,3) (2,3) (2,4) (3,4) (5,4) (5,5) (5,6) (6,6)
  facet 4886: (0,0) (0,2) (1,2) (2,2) (2,3) (2,4) (3,4) (5,4) (5,5) (5,6) (6,6)
  facet 4887: (0,0) (1,0) (1,2) (2,2) (2,3) (2,4) (3,4) (5,4) (5,5) (5,6) (6,6)
  facet 4888: (0,0) (1,0) (2,0) (2,2) (2,3) (2,4) (3,4) (5,4) (5,5) (5,6) (6,6)
  facet 4889: (0,0) (0,2) (0,3) (1,3) (2,3) (3,3) (3,4) (5,4) (5,5) (5,6) (6,6)
  facet 4890: (0,0) (0,2) (1,2) (1,3) (2,3) (3,3) (3,4) (5,4) (5,5) (5,6) (6,6)
  facet 4891: (0,0) (1,0) (1,2) (1,3) (2,3) (3,3) (3,4) (5,4) (5,5) (5,6) (6,6)
  facet 4892: (0,0) (0,2) (1,2) (2,2) (2,3) (3,3) (3,4) (5,4) (5,5) (5,6) (6,6)
  facet 4893: (0,0) (1,0) (1,2) (2,2) (2,3) (3,3) (3,4) (5,4) (5,5) (5,6) (6,6)
  facet 4894: (0,0) (1,0) (2,0) (2,2) (2,3) (3,3) (3,4) (5,4) (5,5) (5,6) (6,6)
  facet 4895: (0,0) (0,2) (1,2) (2,2) (3,2) (3,3) (3,4) (5,4) (5,5) (5,6) (6,6)
  facet 4896: (0,0) (1,0) (1,2) (2,2) (3,2) (3,3) (3,4) (5,4) (5,5) (5,6) (6,6)
  facet 4897: (0,0) (1,0) (2,0) (2,2) (3,2) (3,3) (3,4) (5,4) (5,5) (5,6) (6,6)
  facet 4898: (0,0) (1,0) (2,0) (3,0) (3,2) (3,3) (3,4) (5,4) (5,5) (5,6) (6,6)
  facet 4899: (0,0) (0,2) (0,3) (1,3) (2,3) (3,3) (5,3) (5,4) (5,5) (5,6) (6,6)
  facet 4900: (0,0) (0,2) (1,2) (1,3) (2,3) (3,3) (5,3) (5,4) (5,5) (5,6) (6,6)
  facet 4901: (0,0) (1,0) (1,2) (1,3) (2,3) (3,3) (5,3) (5,4) (5,5) (5,6) (6,6)
  facet 4902: (0,0) (0,2) (1,2) (2,2) (2,3) (3,3) (5,3) (5,4) (5,5) (5,6) (6,6)
  facet 4903: (0,0) (1,0) (1,2) (2,2) (2,3) (3,3) (5,3) (5,4) (5,5) (5,6) (6,6)
  facet 4904: (0,0) (1,0) (2,0) (2,2) (2,3) (3,3) (5,3) (5,4) (5,5) (5,6) (6,6)
  facet 4905: (0,0) (0,2) (1,2) (2,2) (3,2) (3,3) (5,3) (5,4) (5,5) (5,6) (6,6)
  facet 4906: (0,0) (1,0) (1,2) (2,2) (3,2) (3,3) (5,3) (5,4) (5,5) (5,6) (6,6)
  facet 4907: (0,0) (1,0) (2,0) (2,2) (3,2) (3,3) (5,3) (5,4) (5,5) (5,6) (6,6)
  facet 4908: (0,0) (1,0) (2,0) (3,0) (3,2) (3,3) (5,3) (5,4) (5,5) (5,6) (6,6)
  facet 4909: (0,0) (0,2) (1,2) (2,2) (3,2) (5,2) (5,3) (5,4) (5,5) (5,6) (6,6)
  facet 4910: (0,0) (1,0) (1,2) (2,2) (3,2) (5,2) (5,3) (5,4) (5,5) (5,6) (6,6)
  facet 4911: (0,0) (1,0) (2,0) (2,2) (3,2) (5,2) (5,3) (5,4) (5,5) (5,6) (6,6)
  facet 4912: (0,0) (1,0) (2,0) (3,0) (3,2) (5,2) (5,3) (5,4) (5,5) (5,6) (6,6)
  facet 4913: (0,0) (1,0) (2,0) (3,0) (5,0) (5,2) (5,3) (5,4) (5,5) (5,6) (6,6)
  facet 4914: (0,0) (0,2) (0,3) (0,4) (0,5) (1,5) (2,5) (3,5) (5,5) (6,5) (6,6)
  facet 4915: (0,0) (0,2) (0,3) (0,4) (1,4) (1,5) (2,5) (3,5) (5,5) (6,5) (6,6)
  facet 4916: (0,0) (0,2) (0,3) (1,3) (1,4) (1,5) (2,5) (3,5) (5,5) (6,5) (6,6)
  facet 4917: (0,0) (0,2) (1,2) (1,3) (1,4) (1,5) (2,5) (3,5) (5,5) (6,5) (6,6)
  facet 4918: (0,0) (1,0) (1,2) (1,3) (1,4) (1,5) (2,5) (3,5) (5,5) (6,5) (6,6)
  facet 4919: (0,0) (0,2) (0,3) (0,4) (1,4) (2,4) (2,5) (3,5) (5,5) (6,5) (6,6)
  facet 4920: (0,0) (0,2) (0,3) (1,3) (1,4) (2,4) (2,5) (3,5) (5,5) (6,5) (6,6)
  facet 4921: (0,0) (0,2) (1,2) (1,3) (1,4) (2,4) (2,5) (3,5) (5,5) (6,5) (6,6)
  facet 4922: (0,0) (1,0) (1,2) (1,3) (1,4) (2,4) (2,5) (3,5) (5,5) (6,5) (6,6)
  facet 4923: (0,0) (0,2) (0,3) (1,3) (2,3) (2,4) (2,5) (3,5) (5,5) (6,5) (6,6)
  facet 4924: (0,0) (0,2) (1,2) (1,3) (2,3) (2,4) (2,5) (3,5) (5,5) (6,5) (6,6)
  facet 4925: (0,0) (1,0) (1,2) (1,3) (2,3) (2,4) (2,5) (3,5) (5,5) (6,5) (6,6)
  facet 4926: (0,0) (0,2) (1,2) (2,2) (2,3) (2,4) (2,5) (3,5) (5,5) (6,5) (6,6)
  facet 4927: (0,0) (1,0) (1,2) (2,2) (2,3) (2,4) (2,5) (3,5) (5,5) (6,5) (6,6)
  facet 4928: (0,0) (1,0) (2,0) (2,2) (2,3) (2,4) (2,5) (3,5) (5,5) (6,5) (6,6)
  facet 4929: (0,0) (0,2) (0,3) (0,4) (1,4) (2,4) (3,4) (3,5) (5,5) (6,5) (6,6)
  facet 4930: (0,0) (0,2) (0,3) (1,3) (1,4) (2,4) (3,4) (3,5) (5,5) (6,5) (6,6)
  facet 4931: (0,0) (0,2) (1,2) (1,3) (1,4) (2,4) (3,4) (3,5) (5,5) (6,5) (6,6)
  facet 4932: (0,0) (1,0) (1,2) (1,3) (1,4) (2,4) (3,4) (3,5) (5,5) (6,5) (6,6)
  facet 4933: (0,0) (0,2) (0,3) (1,3) (2,3) (2,4) (3,4) (3,5) (5,5) (6,5) (6,6)
  facet 4934: (0,0) (0,2) (1,2) (1,3) (2,3) (2,4) (3,4) (3,5) (5,5) (6,5) (6,6)
  facet 4935: (0,0) (1,0) (1,2) (1,3) (2,3) (2,4) (3,4) (3,5) (5,5) (6,5) (6,6)
  facet 4936: (0,0) (0,2) (1,2) (2,2) (2,3) (2,4) (3,4) (3,5) (5,5) (6,5) (6,6)
  facet 4937: (0,0) (1,0) (1,2) (2,2) (2,3) (2,4) (3,4) (3,5) (5,5) (6,5) (6,6)
  facet 4938: (0,0) (1,0) (2,0) (2,2) (2,3) (2,4) (3,4) (3,5) (5,5) (6,5) (6,6)
  facet 4939: (0,0) (0,2) (0,3) (1,3) (2,3) (3,3) (3,4) (3,5) (5,5) (6,5) (6,6)
  facet 4940: (0,0) (0,2) (1,2) (1,3) (2,3) (3,3) (3,4) (3,5) (5,5) (6,5) (6,6)
  facet 4941: (0,0) (1,0) (1,2) (1,3) (2,3) (3,3) (3,4) (3,5) (5,5) (6,5) (6,6)
  facet 4942: (0,0) (0,2) (1,2) (2,2) (2,3) (3,3) (3,4) (3,5) (5,5) (6,5) (6,6)
  facet 4943: (0,0) (1,0) (1,2) (2,2) (2,3) (3,3) (3,4) (3,5) (5,5) (6,5) (6,6)
  facet 4944: (0,0) (1,0) (2,0) (2,2) (2,3) (3,3) (3,4) (3,5) (5,5) (6,5) (6,6)
  facet 4945: (0,0) (0,2) (1,2) (2,2) (3,2) (3,3) (3,4) (3,5) (5,5) (6,5) (6,6)
  facet 4946: (0,0) (1,0) (1,2) (2,2) (3,2) (3,3) (3,4) (3,5) (5,5) (6,5) (6,6)
  facet 4947: (0,0) (1,0) (2,0) (2,2) (3,2) (3,3) (3,4) (3,5) (5,5) (6,5) (6,6)
  facet 4948: (0,0) (1,0) (2,0) (3,0) (3,2) (3,3) (3,4) (3,5) (5,5) (6,5) (6,6)
  facet 4949: (0,0) (0,2) (0,3) (0,4) (1,4) (2,4) (3,4) (5,4) (5,5) (6,5) (6,6)
  facet 4950: (0,0) (0,2) (0,3) (1,3) (1,4) (2,4) (3,4) (5,4) (5,5) (6,5) (6,6)
  facet 4951: (0,0) (0,2) (1,2) (1,3) (1,4) (2,4) (3,4) (5,4) (5,5) (6,5) (6,6)
  facet 4952: (0,0) (1,0) (1,2) (1,3) (1,4) (2,4) (3,4) (5,4) (5,5) (6,5) (6,6)
  facet 4953: (0,0) (0,2) (0,3) (1,3) (2,3) (2,4) (3,4) (5,4) (5,5) (6,5) (6,6)
  facet 4954: (0,0) (0,2) (1,2) (1,3) (2,3) (2,4) (3,4) (5,4) (5,5) (6,5) (6,6)
  facet 4955: (0,0) (1,0) (1,2) (1,3) (2,3) (2,4) (3,4) (5,4) (5,5) (6,5) (6,6)
  facet 4956: (0,0) (0,2) (1,2) (2,2) (2,3) (2,4) (3,4) (5,4) (5,5) (6,5) (6,6)
  facet 4957: (0,0) (1,0) (1,2) (2,2) (2,3) (2,4) (3,4) (5,4) (5,5) (6,5) (6,6)
  facet 4958: (0,0) (1,0) (2,0) (2,2) (2,3) (2,4) (3,4) (5,4) (5,5) (6,5) (6,6)
  facet 4959: (0,0) (0,2) (0,3) (1,3) (2,3) (3,3) (3,4) (5,4) (5,5) (6,5) (6,6)
  facet 4960: (0,0) (0,2) (1,2) (1,3) (2,3) (3,3) (3,4) (5,4) (5,5) (6,5) (6,6)
  facet 4961: (0,0) (1,0) (1,2) (1,3) (2,3) (3,3) (3,4) (5,4) (5,5) (6,5) (6,6)
  facet 4962: (0,0) (0,2) (1,2) (2,2) (2,3) (3,3) (3,4) (5,4) (5,5) (6,5) (6,6)
  facet 4963: (0,0) (1,0) (1,2) (2,2) (2,3) (3,3) (3,4) (5,4) (5,5) (6,5) (6,6)
  facet 4964: (0,0) (1,0) (2,0) (2,2) (2,3) (3,3) (3,4) (5,4) (5,5) (6,5) (6,6)
  facet 4965: (0,0) (0,2) (1,2) (2,2) (3,2) (3,3) (3,4) (5,4) (5,5) (6,5) (6,6)
  facet 4966: (0,0) (1,0) (1,2) (2,2) (3,2) (3,3) (3,4) (5,4) (5,5) (6,5) (6,6)
  facet 4967: (0,0) (1,0) (2,0) (2,2) (3,2) (3,3) (3,4) (5,4) (5,5) (6,5) (6,6)
  facet 4968: (0,0) (1,0) (2,0) (3,0) (3,2) (3,3) (3,4) (5,4) (5,5) (6,5) (6,6)
  facet 4969: (0,0) (0,2) (0,3) (1,3) (2,3) (3,3) (5,3) (5,4) (5,5) (6,5) (6,6)
  facet 4970: (0,0) (0,2) (1,2) (1,3) (2,3) (3,3) (5,3) (5,4) (5,5) (6,5) (6,6)
  facet 4971: (0,0) (1,0) (1,2) (1,3) (2,3) (3,3) (5,3) (5,4) (5,5) (6,5) (6,6)
  facet 4972: (0,0) (0,2) (1,2) (2,2) (2,3) (3,3) (5,3) (5,4) (5,5) (6,5) (6,6)
  facet 4973: (0,0) (1,0) (1,2) (2,2) (2,3) (3,3) (5,3) (5,4) (5,5) (6,5) (6,6)
  facet 4974: (0,0) (1,0) (2,0) (2,2) (2,3) (3,3) (5,3) (5,4) (5,5) (6,5) (6,6)
  facet 4975: (0,0) (0,2) (1,2) (2,2) (3,2) (3,3) (5,3) (5,4) (5,5) (6,5) (6,6)
  facet 4976: (0,0) (1,0) (1,2) (2,2) (3,2) (3,3) (5,3) (5,4) (5,5) (6,5) (6,6)
  facet 4977: (0,0) (1,0) (2,0) (2,2) (3,2) (3,3) (5,3) (5,4) (5,5) (6,5) (6,6)
  facet 4978: (0,0) (1,0) (2,0) (3,0) (3,2) (3,3) (5,3) (5,4) (5,5) (6,5) (6,6)
  facet 4979: (0,0) (0,2) (1,2) (2,2) (3,2) (5,2) (5,3) (5,4) (5,5) (6,5) (6,6)
  facet 4980: (0,0) (1,0) (1,2) (2,2) (3,2) (5,2) (5,3) (5,4) (5,5) (6,5) (6,6)
  facet 4981: (0,0) (1,0) (2,0) (2,2) (3,2) (5,2) (5,3) (5,4) (5,5) (6,5) (6,6)
  facet 4982: (0,0) (1,0) (2,0) (3,0) (3,2) (5,2) (5,3) (5,4) (5,5) (6,5) (6,6)
  facet 4983: (0,0) (1,0) (2,0) (3,0) (5,0) (5,2) (5,3) (5,4) (5,5) (6,5) (6,6)
  facet 4984: (0,0) (0,2) (0,3) (0,4) (1,4) (2,4) (3,4) (5,4) (6,4) (6,5) (6,6)
  facet 4985: (0,0) (0,2) (0,3) (1,3) (1,4) (2,4) (3,4) (5,4) (6,4) (6,5) (6,6)
  facet 4986: (0,0) (0,2) (1,2) (1,3) (1,4) (2,4) (3,4) (5,4) (6,4) (6,5) (6,6)
  facet 4987: (0,0) (1,0) (1,2) (1,3) (1,4) (2,4) (3,4) (5,4) (6,4) (6,5) (6,6)
  facet 4988: (0,0) (0,2) (0,3) (1,3) (2,3) (2,4) (3,4) (5,4) (6,4) (6,5) (6,6)
  facet 4989: (0,0) (0,2) (1,2) (1,3) (2,3) (2,4) (3,4) (5,4) (6,4) (6,5) (6,6)
  facet 4990: (0,0) (1,0) (1,2) (1,3) (2,3) (2,4) (3,4) (5,4) (6,4) (6,5) (6,6)
  facet 4991: (0,0) (0,2) (1,2) (2,2) (2,3) (2,4) (3,4) (5,4) (6,4) (6,5) (6,6)
  facet 4992: (0,0) (1,0) (1,2) (2,2) (2,3) (2,4) (3,4) (5,4) (6,4) (6,5) (6,6)
  facet 4993: (0,0) (1,0) (2,0) (2,2) (2,3) (2,4) (3,4) (5,4) (6,4) (6,5) (6,6)
  facet 4994: (0,0) (0,2) (0,3) (1,3) (2,3) (3,3) (3,4) (5,4) (6,4) (6,5) (6,6)
  facet 4995: (0,0) (0,2) (1,2) (1,3) (2,3) (3,3) (3,4) (5,4) (6,4) (6,5) (6,6)
  facet 4996: (0,0) (1,0) (1,2) (1,3) (2,3) (3,3) (3,4) (5,4) (6,4) (6,5) (6,6)
  facet 4997: (0,0) (0,2) (1,2) (2,2) (2,3) (3,3) (3,4) (5,4) (6,4) (6,5) (6,6)
  facet 4998: (0,0) (1,0) (1,2) (2,2) (2,3) (3,3) (3,4) (5,4) (6,4) (6,5) (6,6)
  facet 4999: (0,0) (1,0) (2,0) (2,2) (2,3) (3,3) (3,4) (5,4) (6,4) (6,5) (6,6)
  facet 5000: (0,0) (0,2) (1,2) (2,2) (3,2) (3,3) (3,4) (5,4) (6,4) (6,5) (6,6)
  facet 5001: (0,0) (1,0) (1,2) (2,2) (3,2) (3,3) (3,4) (5,4) (6,4) (6,5) (6,6)
  facet 5002: (0,0) (1,0) (2,0) (2,2) (3,2) (3,3) (3,4) (5,4) (6,4) (6,5) (6,6)
  facet 5003: (0,0) (1,0) (2,0) (3,0) (3,2) (3,3) (3,4) (5,4) (6,4) (6,5) (6,6)
  facet 5004: (0,0) (0,2) (0,3) (1,3) (2,3) (3,3) (5,3) (5,4) (6,4) (6,5) (6,6)
  facet 5005: (0,0) (0,2) (1,2) (1,3) (2,3) (3,3) (5,3) (5,4) (6,4) (6,5) (6,6)
  facet 5006: (0,0) (1,0) (1,2) (1,3) (2,3) (3,3) (5,3) (5,4) (6,4) (6,5) (6,6)
  facet 5007: (0,0) (0,2) (1,2) (2,2) (2,3) (3,3) (5,3) (5,4) (6,4) (6,5) (6,6)
  facet 5008: (0,0) (1,0) (1,2) (2,2) (2,3) (3,3) (5,3) (5,4) (6,4) (6,5) (6,6)
  facet 5009: (0,0) (1,0) (2,0) (2,2) (2,3) (3,3) (5,3) (5,4) (6,4) (6,5) (6,6)
  facet 5010: (0,0) (0,2) (1,2) (2,2) (3,2) (3,3) (5,3) (5,4) (6,4) (6,5) (6,6)
  facet 5011: (0,0) (1,0) (1,2) (2,2) (3,2) (3,3) (5,3) (5,4) (6,4) (6,5) (6,6)
  facet 5012: (0,0) (1,0) (2,0) (2,2) (3,2) (3,3) (5,3) (5,4) (6,4) (6,5) (6,6)
  facet 5013: (0,0) (1,0) (2,0) (3,0) (3,2) (3,3) (5,3) (5,4) (6,4) (6,5) (6,6)
  facet 5014: (0,0) (0,2) (1,2) (2,2) (3,2) (5,2) (5,3) (5,4) (6,4) (6,5) (6,6)
  facet 5015: (0,0) (1,0) (1,2) (2,2) (3,2) (5,2) (5,3) (5,4) (6,4) (6,5) (6,6)
  facet 5016: (0,0) (1,0) (2,0) (2,2) (3,2) (5,2) (5,3) (5,4) (6,4) (6,5) (6,6)
  facet 5017: (0,0) (1,0) (2,0) (3,0) (3,2) (5,2) (5,3) (5,4) (6,4) (6,5) (6,6)
  facet 5018: (0,0) (1,0) (2,0) (3,0) (5,0) (5,2) (5,3) (5,4) (6,4) (6,5) (6,6)
  facet 5019: (0,0) (0,2) (0,3) (1,3) (2,3) (3,3) (5,3) (6,3) (6,4) (6,5) (6,6)
  facet 5020: (0,0) (0,2) (1,2) (1,3) (2,3) (3,3) (5,3) (6,3) (6,4) (6,5) (6,6)
  facet 5021: (0,0) (1,0) (1,2) (1,3) (2,3) (3,3) (5,3) (6,3) (6,4) (6,5) (6,6)
  facet 5022: (0,0) (0,2) (1,2) (2,2) (2,3) (3,3) (5,3) (6,3) (6,4) (6,5) (6,6)
  facet 5023: (0,0) (1,0) (1,2) (2,2) (2,3) (3,3) (5,3) (6,3) (6,4) (6,5) (6,6)
  facet 5024: (0,0) (1,0) (2,0) (2,2) (2,3) (3,3) (5,3) (6,3) (6,4) (6,5) (6,6)
  facet 5025: (0,0) (0,2) (1,2) (2,2) (3,2) (3,3) (5,3) (6,3) (6,4) (6,5) (6,6)
  facet 5026: (0,0) (1,0) (1,2) (2,2) (3,2) (3,3) (5,3) (6,3) (6,4) (6,5) (6,6)
  facet 5027: (0,0) (1,0) (2,0) (2,2) (3,2) (3,3) (5,3) (6,3) (6,4) (6,5) (6,6)
  facet 5028: (0,0) (1,0) (2,0) (3,0) (3,2) (3,3) (5,3) (6,3) (6,4) (6,5) (6,6)
  facet 5029: (0,0) (0,2) (1,2) (2,2) (3,2) (5,2) (5,3) (6,3) (6,4) (6,5) (6,6)
  facet 5030: (0,0) (1,0) (1,2) (2,2) (3,2) (5,2) (5,3) (6,3) (6,4) (6,5) (6,6)
  facet 5031: (0,0) (1,0) (2,0) (2,2) (3,2) (5,2) (5,3) (6,3) (6,4) (6,5) (6,6)
  facet 5032: (0,0) (1,0) (2,0) (3,0) (3,2) (5,2) (5,3) (6,3) (6,4) (6,5) (6,6)
  facet 5033: (0,0) (1,0) (2,0) (3,0) (5,0) (5,2) (5,3) (6,3) (6,4) (6,5) (6,6)
  facet 5034: (0,0) (0,2) (1,2) (2,2) (3,2) (5,2) (6,2) (6,3) (6,4) (6,5) (6,6)
  facet 5035: (0,0) (1,0) (1,2) (2,2) (3,2) (5,2) (6,2) (6,3) (6,4) (6,5) (6,6)
  facet 5036: (0,0) (1,0) (2,0) (2,2) (3,2) (5,2) (6,2) (6,3) (6,4) (6,5) (6,6)
  facet 5037: (0,0) (1,0) (2,0) (3,0) (3,2) (5,2) (6,2) (6,3) (6,4) (6,5) (6,6)
  facet 5038: (0,0) (1,0) (2,0) (3,0) (5,0) (5,2) (6,2) (6,3) (6,4) (6,5) (6,6)
  facet 5039: (0,0) (1,0) (2,0) (3,0) (5,0) (6,0) (6,2) (6,3) (6,4) (6,5) (6,6)
  facet 5292: (0,0) (0,1) (0,2) (0,3) (0,4) (0,5) (1,5) (2,5) (4,5) (5,5) (6,5)
  facet 5293: (0,0) (0,1) (0,2) (0,3) (0,4) (1,4) (1,5) (2,5) (4,5) (5,5) (6,5)
  facet 5294: (0,0) (0,1) (0,2) (0,3) (1,3) (1,4) (1,5) (2,5) (4,5) (5,5) (6,5)
  facet 5295: (0,0) (0,1) (0,2) (1,2) (1,3) (1,4) (1,5) (2,5) (4,5) (5,5) (6,5)
  facet 5296: (0,0) (0,1) (1,1) (1,2) (1,3) (1,4) (1,5) (2,5) (4,5) (5,5) (6,5)
  facet 5297: (0,0) (1,0) (1,1) (1,2) (1,3) (1,4) (1,5) (2,5) (4,5) (5,5) (6,5)
  facet 5298: (0,0) (0,1) (0,2) (0,3) (0,4) (1,4) (2,4) (2,5) (4,5) (5,5) (6,5)
  facet 5299: (0,0) (0,1) (0,2) (0,3) (1,3) (1,4) (2,4) (2,5) (4,5) (5,5) (6,5)
  facet 5300: (0,0) (0,1) (0,2) (1,2) (1,3) (1,4) (2,4) (2,5) (4,5) (5,5) (6,5)
  facet 5301: (0,0) (0,1) (1,1) (1,2) (1,3) (1,4) (2,4) (2,5) (4,5) (5,5) (6,5)
  facet 5302: (0,0) (1,0) (1,1) (1,2) (1,3) (1,4) (2,4) (2,5) (4,5) (5,5) (6,5)
  facet 5303: (0,0) (0,1) (0,2) (0,3) (1,3) (2,3) (2,4) (2,5) (4,5) (5,5) (6,5)
  facet 5304: (0,0) (0,1) (0,2) (1,2) (1,3) (2,3) (2,4) (2,5) (4,5) (5,5) (6,5)
  facet 5305: (0,0) (0,1) (1,1) (1,2) (1,3) (2,3) (2,4) (2,5) (4,5) (5,5) (6,5)
  facet 5306: (0,0) (1,0) (1,1) (1,2) (1,3) (2,3) (2,4) (2,5) (4,5) (5,5) (6,5)
  facet 5307: (0,0) (0,1) (0,2) (1,2) (2,2) (2,3) (2,4) (2,5) (4,5) (5,5) (6,5)
  facet 5308: (0,0) (0,1) (1,1) (1,2) (2,2) (2,3) (2,4) (2,5) (4,5) (5,5) (6,5)
  facet 5309: (0,0) (1,0) (1,1) (1,2) (2,2) (2,3) (2,4) (2,5) (4,5) (5,5) (6,5)
  facet 5310: (0,0) (0,1) (1,1) (2,1) (2,2) (2,3) (2,4) (2,5) (4,5) (5,5) (6,5)
  facet 5311: (0,0) (1,0) (1,1) (2,1) (2,2) (2,3) (2,4) (2,5) (4,5) (5,5) (6,5)
  facet 5312: (0,0) (1,0) (2,0) (2,1) (2,2) (2,3) (2,4) (2,5) (4,5) (5,5) (6,5)
  facet 5313: (0,0) (0,1) (0,2) (0,3) (0,4) (1,4) (2,4) (4,4) (4,5) (5,5) (6,5)
  facet 5314: (0,0) (0,1) (0,2) (0,3) (1,3) (1,4) (2,4) (4,4) (4,5) (5,5) (6,5)
  facet 5315: (0,0) (0,1) (0,2) (1,2) (1,3) (1,4) (2,4) (4,4) (4,5) (5,5) (6,5)
  facet 5316: (0,0) (0,1) (1,1) (1,2) (1,3) (1,4) (2,4) (4,4) (4,5) (5,5) (6,5)
  facet 5317: (0,0) (1,0) (1,1) (1,2) (1,3) (1,4) (2,4) (4,4) (4,5) (5,5) (6,5)
  facet 5318: (0,0) (0,1) (0,2) (0,3) (1,3) (2,3) (2,4) (4,4) (4,5) (5,5) (6,5)
  facet 5319: (0,0) (0,1) (0,2) (1,2) (1,3) (2,3) (2,4) (4,4) (4,5) (5,5) (6,5)
  facet 5320: (0,0) (0,1) (1,1) (1,2) (1,3) (2,3) (2,4) (4,4) (4,5) (5,5) (6,5)
  facet 5321: (0,0) (1,0) (1,1) (1,2) (1,3) (2,3) (2,4) (4,4) (4,5) (5,5) (6,5)
  facet 5322: (0,0) (0,1) (0,2) (1,2) (2,2) (2,3) (2,4) (4,4) (4,5) (5,5) (6,5)
  facet 5323: (0,0) (0,1) (1,1) (1,2) (2,2) (2,3) (2,4) (4,4) (4,5) (5,5) (6,5)
  facet 5324: (0,0) (1,0) (1,1) (1,2) (2,2) (2,3) (2,4) (4,4) (4,5) (5,5) (6,5)
  facet 5325: (0,0) (0,1) (1,1) (2,1) (2,2) (2,3) (2,4) (4,4) (4,5) (5,5) (6,5)
  facet 5326: (0,0) (1,0) (1,1) (2,1) (2,2) (2,3) (2,4) (4,4) (4,5) (5,5) (6,5)
  facet 5327: (0,0) (1,0) (2,0) (2,1) (2,2) (2,3) (2,4) (4,4) (4,5) (5,5) (6,5)
  facet 5328: (0,0) (0,1) (0,2) (0,3) (1,3) (2,3) (4,3) (4,4) (4,5) (5,5) (6,5)
  facet 5329: (0,0) (0,1) (0,2) (1,2) (1,3) (2,3) (4,3) (4,4) (4,5) (5,5) (6,5)
  facet 5330: (0,0) (0,1) (1,1) (1,2) (1,3) (2,3) (4,3) (4,4) (4,5) (5,5) (6,5)
  facet 5331: (0,0) (1,0) (1,1) (1,2) (1,3) (2,3) (4,3) (4,4) (4,5) (5,5) (6,5)
  facet 5332: (0,0) (0,1) (0,2) (1,2) (2,2) (2,3) (4,3) (4,4) (4,5) (5,5) (6,5)
  facet 5333: (0,0) (0,1) (1,1) (1,2) (2,2) (2,3) (4,3) (4,4) (4,5) (5,5) (6,5)
  facet 5334: (0,0) (1,0) (1,1) (1,2) (2,2) (2,3) (4,3) (4,4) (4,5) (5,5) (6,5)
  facet 5335: (0,0) (0,1) (1,1) (2,1) (2,2) (2,3) (4,3) (4,4) (4,5) (5,5) (6,5)
  facet 5336: (0,0) (1,0) (1,1) (2,1) (2,2) (2,3) (4,3) (4,4) (4,5) (5,5) (6,5)
  facet 5337: (0,0) (1,0) (2,0) (2,1) (2,2) (2,3) (4,3) (4,4) (4,5) (5,5) (6,5)
  facet 5338: (0,0) (0,1) (0,2) (1,2) (2,2) (4,2) (4,3) (4,4) (4,5) (5,5) (6,5)
  facet 5339: (0,0) (0,1) (1,1) (1,2) (2,2) (4,2) (4,3) (4,4) (4,5) (5,5) (6,5)
  facet 5340: (0,0) (1,0) (1,1) (1,2) (2,2) (4,2) (4,3) (4,4) (4,5) (5,5) (6,5)
  facet 5341: (0,0) (0,1) (1,1) (2,1) (2,2) (4,2) (4,3) (4,4) (4,5) (5,5) (6,5)
  facet 5342: (0,0) (1,0) (1,1) (2,1) (2,2) (4,2) (4,3) (4,4) (4,5) (5,5) (6,5)
  facet 5343: (0,0) (1,0) (2,0) (2,1) (2,2) (4,2) (4,3) (4,4) (4,5) (5,5) (6,5)
  facet 5344: (0,0) (0,1) (1,1) (2,1) (4,1) (4,2) (4,3) (4,4) (4,5) (5,5) (6,5)
  facet 5345: (0,0) (1,0) (1,1) (2,1) (4,1) (4,2) (4,3) (4,4) (4,5) (5,5) (6,5)
  facet 5346: (0,0) (1,0) (2,0) (2,1) (4,1) (4,2) (4,3) (4,4) (4,5) (5,5) (6,5)
  facet 5347: (0,0) (1,0) (2,0) (4,0) (4,1) (4,2) (4,3) (4,4) (4,5) (5,5) (6,5)
  facet 5348: (0,0) (0,1) (0,2) (0,3) (0,4) (1,4) (2,4) (4,4) (5,4) (5,5) (6,5)
  facet 5349: (0,0) (0,1) (0,2) (0,3) (1,3) (1,4) (2,4) (4,4) (5,4) (5,5) (6,5)
  facet 5350: (0,0) (0,1) (0,2) (1,2) (1,3) (1,4) (2,4) (4,4) (5,4) (5,5) (6,5)
  facet 5351: (0,0) (0,1) (1,1) (1,2) (1,3) (1,4) (2,4) (4,4) (5,4) (5,5) (6,5)
  facet 5352: (0,0) (1,0) (1,1) (1,2) (1,3) (1,4) (2,4) (4,4) (5,4) (5,5) (6,5)
  facet 5353: (0,0) (0,1) (0,2) (0,3) (1,3) (2,3) (2,4) (4,4) (5,4) (5,5) (6,5)
  facet 5354: (0,0) (0,1) (0,2) (1,2) (1,3) (2,3) (2,4) (4,4) (5,4) (5,5) (6,5)
  facet 5355: (0,0) (0,1) (1,1) (1,2) (1,3) (2,3) (2,4) (4,4) (5,4) (5,5) (6,5)
  facet 5356: (0,0) (1,0) (1,1) (1,2) (1,3) (2,3) (2,4) (4,4) (5,4) (5,5) (6,5)
  facet 5357: (0,0) (0,1) (0,2) (1,2) (2,2) (2,3) (2,4) (4,4) (5,4) (5,5) (6,5)
  facet 5358: (0,0) (0,1) (1,1) (1,2) (2,2) (2,3) (2,4) (4,4) (5,4) (5,5) (6,5)
  facet 5359: (0,0) (1,0) (1,1) (1,2) (2,2) (2,3) (2,4) (4,4) (5,4) (5,5) (6,5)
  facet 5360: (0,0) (0,1) (1,1) (2,1) (2,2) (2,3) (2,4) (4,4) (5,4) (5,5) (6,5)
  facet 5361: (0,0) (1,0) (1,1) (2,1) (2,2) (2,3) (2,4) (4,4) (5,4) (5,5) (6,5)
  facet 5362: (0,0) (1,0) (2,0) (2,1) (2,2) (2,3) (2,4) (4,4) (5,4) (5,5) (6,5)
  facet 5363: (0,0) (0,1) (0,2) (0,3) (1,3) (2,3) (4,3) (4,4) (5,4) (5,5) (6,5)
  facet 5364: (0,0) (0,1) (0,2) (1,2) (1,3) (2,3) (4,3) (4,4) (5,4) (5,5) (6,5)
  facet 5365: (0,0) (0,1) (1,1) (1,2) (1,3) (2,3) (4,3) (4,4) (5,4) (5,5) (6,5)
  facet 5366: (0,0) (1,0) (1,1) (1,2) (1,3) (2,3) (4,3) (4,4) (5,4) (5,5) (6,5)
  facet 5367: (0,0) (0,1) (0,2) (1,2) (2,2) (2,3) (4,3) (4,4) (5,4) (5,5) (6,5)
  facet 5368: (0,0) (0,1) (1,1) (1,2) (2,2) (2,3) (4,3) (4,4) (5,4) (5,5) (6,5)
  facet 5369: (0,0) (1,0) (1,1) (1,2) (2,2) (2,3) (4,3) (4,4) (5,4) (5,5) (6,5)
  facet 5370: (0,0) (0,1) (1,1) (2,1) (2,2) (2,3) (4,3) (4,4) (5,4) (5,5) (6,5)
  facet 5371: (0,0) (1,0) (1,1) (2,1) (2,2) (2,3) (4,3) (4,4) (5,4) (5,5) (6,5)
  facet 5372: (0,0) (1,0) (2,0) (2,1) (2,2) (2,3) (4,3) (4,4) (5,4) (5,5) (6,5)
  facet 5373: (0,0) (0,1) (0,2) (1,2) (2,2) (4,2) (4,3) (4,4) (5,4) (5,5) (6,5)
  facet 5374: (0,0) (0,1) (1,1) (1,2) (2,2) (4,2) (4,3) (4,4) (5,4) (5,5) (6,5)
  facet 5375: (0,0) (1,0) (1,1) (1,2) (2,2) (4,2) (4,3) (4,4) (5,4) (5,5) (6,5)
  facet 5376: (0,0) (0,1) (1,1) (2,1) (2,2) (4,2) (4,3) (4,4) (5,4) (5,5) (6,5)
  facet 5377: (0,0) (1,0) (1,1) (2,1) (2,2) (4,2) (4,3) (4,4) (5,4) (5,5) (6,5)
  facet 5378: (0,0) (1,0) (2,0) (2,1) (2,2) (4,2) (4,3) (4,4) (5,4) (5,5) (6,5)
  facet 5379: (0,0) (0,1) (1,1) (2,1) (4,1) (4,2) (4,3) (4,4) (5,4) (5,5) (6,5)
  facet 5380: (0,0) (1,0) (1,1) (2,1) (4,1) (4,2) (4,3) (4,4) (5,4) (5,5) (6,5)
  facet 5381: (0,0) (1,0) (2,0) (2,1) (4,1) (4,2) (4,3) (4,4) (5,4) (5,5) (6,5)
  facet 5382: (0,0) (1,0) (2,0) (4,0) (4,1) (4,2) (4,3) (4,4) (5,4) (5,5) (6,5)
  facet 5383: (0,0) (0,1) (0,2) (0,3) (1,3) (2,3) (4,3) (5,3) (5,4) (5,5) (6,5)
  facet 5384: (0,0) (0,1) (0,2) (1,2) (1,3) (2,3) (4,3) (5,3) (5,4) (5,5) (6,5)
  facet 5385: (0,0) (0,1) (1,1) (1,2) (1,3) (2,3) (4,3) (5,3) (5,4) (5,5) (6,5)
  facet 5386: (0,0) (1,0) (1,1) (1,2) (1,3) (2,3) (4,3) (5,3) (5,4) (5,5) (6,5)
  facet 5387: (0,0) (0,1) (0,2) (1,2) (2,2) (2,3) (4,3) (5,3) (5,4) (5,5) (6,5)
  facet 5388: (0,0) (0,1) (1,1) (1,2) (2,2) (2,3) (4,3) (5,3) (5,4) (5,5) (6,5)
  facet 5389: (0,0) (1,0) (1,1) (1,2) (2,2) (2,3) (4,3) (5,3) (5,4) (5,5) (6,5)
  facet 5390: (0,0) (0,1) (1,1) (2,1) (2,2) (2,3) (4,3) (5,3) (5,4) (5,5) (6,5)
  facet 5391: (0,0) (1,0) (1,1) (2,1) (2,2) (2,3) (4,3) (5,3) (5,4) (5,5) (6,5)
  facet 5392: (0,0) (1,0) (2,0) (2,1) (2,2) (2,3) (4,3) (5,3) (5,4) (5,5) (6,5)
  facet 5393: (0,0) (0,1) (0,2) (1,2) (2,2) (4,2) (4,3) (5,3) (5,4) (5,5) (6,5)
  facet 5394: (0,0) (0,1) (1,1) (1,2) (2,2) (4,2) (4,3) (5,3) (5,4) (5,5) (6,5)
  facet 5395: (0,0) (1,0) (1,1) (1,2) (2,2) (4,2) (4,3) (5,3) (5,4) (5,5) (6,5)
  facet 5396: (0,0) (0,1) (1,1) (2,1) (2,2) (4,2) (4,3) (5,3) (5,4) (5,5) (6,5)
  facet 5397: (0,0) (1,0) (1,1) (2,1) (2,2) (4,2) (4,3) (5,3) (5,4) (5,5) (6,5)
  facet 5398: (0,0) (1,0) (2,0) (2,1) (2,2) (4,2) (4,3) (5,3) (5,4) (5,5) (6,5)
  facet 5399: (0,0) (0,1) (1,1) (2,1) (4,1) (4,2) (4,3) (5,3) (5,4) (5,5) (6,5)
  facet 5400: (0,0) (1,0) (1,1) (2,1) (4,1) (4,2) (4,3) (5,3) (5,4) (5,5) (6,5)
  facet 5401: (0,0) (1,0) (2,0) (2,1) (4,1) (4,2) (4,3) (5,3) (5,4) (5,5) (6,5)
  facet 5402: (0,0) (1,0) (2,0) (4,0) (4,1) (4,2) (4,3) (5,3) (5,4) (5,5) (6,5)
  facet 5403: (0,0) (0,1) (0,2) (1,2) (2,2) (4,2) (5,2) (5,3) (5,4) (5,5) (6,5)
  facet 5404: (0,0) (0,1) (1,1) (1,2) (2,2) (4,2) (5,2) (5,3) (5,4) (5,5) (6,5)
  facet 5405: (0,0) (1,0) (1,1) (1,2) (2,2) (4,2) (5,2) (5,3) (5,4) (5,5) (6,5)
  facet 5406: (0,0) (0,1) (1,1) (2,1) (2,2) (4,2) (5,2) (5,3) (5,4) (5,5) (6,5)
  facet 5407: (0,0) (1,0) (1,1) (2,1) (2,2) (4,2) (5,2) (5,3) (5,4) (5,5) (6,5)
  facet 5408: (0,0) (1,0) (2,0) (2,1) (2,2) (4,2) (5,2) (5,3) (5,4) (5,5) (6,5)
  facet 5409: (0,0) (0,1) (1,1) (2,1) (4,1) (4,2) (5,2) (5,3) (5,4) (5,5) (6,5)
  facet 5410: (0,0) (1,0) (1,1) (2,1) (4,1) (4,2) (5,2) (5,3) (5,4) (5,5) (6,5)
  facet 5411: (0,0) (1,0) (2,0) (2,1) (4,1) (4,2) (5,2) (5,3) (5,4) (5,5) (6,5)
  facet 5412: (0,0) (1,0) (2,0) (4,0) (4,1) (4,2) (5,2) (5,3) (5,4) (5,5) (6,5)
  facet 5413: (0,0) (0,1) (1,1) (2,1) (4,1) (5,1) (5,2) (5,3) (5,4) (5,5) (6,5)
  facet 5414: (0,0) (1,0) (1,1) (2,1) (4,1) (5,1) (5,2) (5,3) (5,4) (5,5) (6,5)
  facet 5415: (0,0) (1,0) (2,0) (2,1) (4,1) (5,1) (5,2) (5,3) (5,4) (5,5) (6,5)
  facet 5416: (0,0) (1,0) (2,0) (4,0) (4,1) (5,1) (5,2) (5,3) (5,4) (5,5) (6,5)
  facet 5417: (0,0) (1,0) (2,0) (4,0) (5,0) (5,1) (5,2) (5,3) (5,4) (5,5) (6,5)
  facet 5418: (0,0) (0,1) (0,2) (0,3) (0,4) (1,4) (2,4) (4,4) (5,4) (6,4) (6,5)
  facet 5419: (0,0) (0,1) (0,2) (0,3) (1,3) (1,4) (2,4) (4,4) (5,4) (6,4) (6,5)
  facet 5420: (0,0) (0,1) (0,2) (1,2) (1,3) (1,4) (2,4) (4,4) (5,4) (6,4) (6,5)
  facet 5421: (0,0) (0,1) (1,1) (1,2) (1,3) (1,4) (2,4) (4,4) (5,4) (6,4) (6,5)
  facet 5422: (0,0) (1,0) (1,1) (1,2) (1,3) (1,4) (2,4) (4,4) (5,4) (6,4) (6,5)
  facet 5423: (0,0) (0,1) (0,2) (0,3) (1,3) (2,3) (2,4) (4,4) (5,4) (6,4) (6,5)
  facet 5424: (0,0) (0,1) (0,2) (1,2) (1,3) (2,3) (2,4) (4,4) (5,4) (6,4) (6,5)
  facet 5425: (0,0) (0,1) (1,1) (1,2) (1,3) (2,3) (2,4) (4,4) (5,4) (6,4) (6,5)
  facet 5426: (0,0) (1,0) (1,1) (1,2) (1,3) (2,3) (2,4) (4,4) (5,4) (6,4) (6,5)
  facet 5427: (0,0) (0,1) (0,2) (1,2) (2,2) (2,3) (2,4) (4,4) (5,4) (6,4) (6,5)
  facet 5428: (0,0) (0,1) (1,1) (1,2) (2,2) (2,3) (2,4) (4,4) (5,4) (6,4) (6,5)
  facet 5429: (0,0) (1,0) (1,1) (1,2) (2,2) (2,3) (2,4) (4,4) (5,4) (6,4) (6,5)
  facet 5430: (0,0) (0,1) (1,1) (2,1) (2,2) (2,3) (2,4) (4,4) (5,4) (6,4) (6,5)
  facet 5431: (0,0) (1,0) (1,1) (2,1) (2,2) (2,3) (2,4) (4,4) (5,4) (6,4) (6,5)
  facet 5432: (0,0) (1,0) (2,0) (2,1) (2,2) (2,3) (2,4) (4,4) (5,4) (6,4) (6,5)
  facet 5433: (0,0) (0,1) (0,2) (0,3) (1,3) (2,3) (4,3) (4,4) (5,4) (6,4) (6,5)
  facet 5434: (0,0) (0,1) (0,2) (1,2) (1,3) (2,3) (4,3) (4,4) (5,4) (6,4) (6,5)
  facet 5435: (0,0) (0,1) (1,1) (1,2) (1,3) (2,3) (4,3) (4,4) (5,4) (6,4) (6,5)
  facet 5436: (0,0) (1,0) (1,1) (1,2) (1,3) (2,3) (4,3) (4,4) (5,4) (6,4) (6,5)
  facet 5437: (0,0) (0,1) (0,2) (1,2) (2,2) (2,3) (4,3) (4,4) (5,4) (6,4) (6,5)
  facet 5438: (0,0) (0,1) (1,1) (1,2) (2,2) (2,3) (4,3) (4,4) (5,4) (6,4) (6,5)
  facet 5439: (0,0) (1,0) (1,1) (1,2) (2,2) (2,3) (4,3) (4,4) (5,4) (6,4) (6,5)
  facet 5440: (0,0) (0,1) (1,1) (2,1) (2,2) (2,3) (4,3) (4,4) (5,4) (6,4) (6,5)
  facet 5441: (0,0) (1,0) (1,1) (2,1) (2,2) (2,3) (4,3) (4,4) (5,4) (6,4) (6,5)
  facet 5442: (0,0) (1,0) (2,0) (2,1) (2,2) (2,3) (4,3) (4,4) (5,4) (6,4) (6,5)
  facet 5443: (0,0) (0,1) (0,2) (1,2) (2,2) (4,2) (4,3) (4,4) (5,4) (6,4) (6,5)
  facet 5444: (0,0) (0,1) (1,1) (1,2) (2,2) (4,2) (4,3) (4,4) (5,4) (6,4) (6,5)
  facet 5445: (0,0) (1,0) (1,1) (1,2) (2,2) (4,2) (4,3) (4,4) (5,4) (6,4) (6,5)
  facet 5446: (0,0) (0,1) (1,1) (2,1) (2,2) (4,2) (4,3) (4,4) (5,4) (6,4) (6,5)
  facet 5447: (0,0) (1,0) (1,1) (2,1) (2,2) (4,2) (4,3) (4,4) (5,4) (6,4) (6,5)
  facet 5448: (0,0) (1,0) (2,0) (2,1) (2,2) (4,2) (4,3) (4,4) (5,4) (6,4) (6,5)
  facet 5449: (0,0) (0,1) (1,1) (2,1) (4,1) (4,2) (4,3) (4,4) (5,4) (6,4) (6,5)
  facet 5450: (0,0) (1,0) (1,1) (2,1) (4,1) (4,2) (4,3) (4,4) (5,4) (6,4) (6,5)
  facet 5451: (0,0) (1,0) (2,0) (2,1) (4,1) (4,2) (4,3) (4,4) (5,4) (6,4) (6,5)
  facet 5452: (0,0) (1,0) (2,0) (4,0) (4,1) (4,2) (4,3) (4,4) (5,4) (6,4) (6,5)
  facet 5453: (0,0) (0,1) (0,2) (0,3) (1,3) (2,3) (4,3) (5,3) (5,4) (6,4) (6,5)
  facet 5454: (0,0) (0,1) (0,2) (1,2) (1,3) (2,3) (4,3) (5,3) (5,4) (6,4) (6,5)
  facet 5455: (0,0) (0,1) (1,1) (1,2) (1,3) (2,3) (4,3) (5,3) (5,4) (6,4) (6,5)
  facet 5456: (0,0) (1,0) (1,1) (1,2) (1,3) (2,3) (4,3) (5,3) (5,4) (6,4) (6,5)
  facet 5457: (0,0) (0,1) (0,2) (1,2) (2,2) (2,3) (4,3) (5,3) (5,4) (6,4) (6,5)
  facet 5458: (0,0) (0,1) (1,1) (1,2) (2,2) (2,3) (4,3) (5,3) (5,4) (6,4) (6,5)
  facet 5459: (0,0) (1,0) (1,1) (1,2) (2,2) (2,3) (4,3) (5,3) (5,4) (6,4) (6,5)
  facet 5460: (0,0) (0,1) (1,1) (2,1) (2,2) (2,3) (4,3) (5,3) (5,4) (6,4) (6,5)
  facet 5461: (0,0) (1,0) (1,1) (2,1) (2,2) (2,3) (4,3) (5,3) (5,4) (6,4) (6,5)
  facet 5462: (0,0) (1,0) (2,0) (2,1) (2,2) (2,3) (4,3) (5,3) (5,4) (6,4) (6,5)
  facet 5463: (0,0) (0,1) (0,2) (1,2) (2,2) (4,2) (4,3) (5,3) (5,4) (6,4) (6,5)
  facet 5464: (0,0) (0,1) (1,1) (1,2) (2,2) (4,2) (4,3) (5,3) (5,4) (6,4) (6,5)
  facet 5465: (0,0) (1,0) (1,1) (1,2) (2,2) (4,2) (4,3) (5,3) (5,4) (6,4) (6,5)
  facet 5466: (0,0) (0,1) (1,1) (2,1) (2,2) (4,2) (4,3) (5,3) (5,4) (6,4) (6,5)
  facet 5467: (0,0) (1,0) (1,1) (2,1) (2,2) (4,2) (4,3) (5,3) (5,4) (6,4) (6,5)
  facet 5468: (0,0) (1,0) (2,0) (2,1) (2,2) (4,2) (4,3) (5,3) (5,4) (6,4) (6,5)
  facet 5469: (0,0) (0,1) (1,1) (2,1) (4,1) (4,2) (4,3) (5,3) (5,4) (6,4) (6,5)
  facet 5470: (0,0) (1,0) (1,1) (2,1) (4,1) (4,2) (4,3) (5,3) (5,4) (6,4) (6,5)
  facet 5471: (0,0) (1,0) (2,0) (2,1) (4,1) (4,2) (4,3) (5,3) (5,4) (6,4) (6,5)
  facet 5472: (0,0) (1,0) (2,0) (4,0) (4,1) (4,2) (4,3) (5,3) (5,4) (6,4) (6,5)
  facet 5473: (0,0) (0,1) (0,2) (1,2) (2,2) (4,2) (5,2) (5,3) (5,4) (6,4) (6,5)
  facet 5474: (0,0) (0,1) (1,1) (1,2) (2,2) (4,2) (5,2) (5,3) (5,4) (6,4) (6,5)
  facet 5475: (0,0) (1,0) (1,1) (1,2) (2,2) (4,2) (5,2) (5,3) (5,4) (6,4) (6,5)
  facet 5476: (0,0) (0,1) (1,1) (2,1) (2,2) (4,2) (5,2) (5,3) (5,4) (6,4) (6,5)
  facet 5477: (0,0) (1,0) (1,1) (2,1) (2,2) (4,2) (5,2) (5,3) (5,4) (6,4) (6,5)
  facet 5478: (0,0) (1,0) (2,0) (2,1) (2,2) (4,2) (5,2) (5,3) (5,4) (6,4) (6,5)
  facet 5479: (0,0) (0,1) (1,1) (2,1) (4,1) (4,2) (5,2) (5,3) (5,4) (6,4) (6,5)
  facet 5480: (0,0) (1,0) (1,1) (2,1) (4,1) (4,2) (5,2) (5,3) (5,4) (6,4) (6,5)
  facet 5481: (0,0) (1,0) (2,0) (2,1) (4,1) (4,2) (5,2) (5,3) (5,4) (6,4) (6,5)
  facet 5482: (0,0) (1,0) (2,0) (4,0) (4,1) (4,2) (5,2) (5,3) (5,4) (6,4) (6,5)
  facet 5483: (0,0) (0,1) (1,1) (2,1) (4,1) (5,1) (5,2) (5,3) (5,4) (6,4) (6,5)
  facet 5484: (0,0) (1,0) (1,1) (2,1) (4,1) (5,1) (5,2) (5,3) (5,4) (6,4) (6,5)
  facet 5485: (0,0) (1,0) (2,0) (2,1) (4,1) (5,1) (5,2) (5,3) (5,4) (6,4) (6,5)
  facet 5486: (0,0) (1,0) (2,0) (4,0) (4,1) (5,1) (5,2) (5,3) (5,4) (6,4) (6,5)
  facet 5487: (0,0) (1,0) (2,0) (4,0) (5,0) (5,1) (5,2) (5,3) (5,4) (6,4) (6,5)
  facet 5488: (0,0) (0,1) (0,2) (0,3) (1,3) (2,3) (4,3) (5,3) (6,3) (6,4) (6,5)
  facet 5489: (0,0) (0,1) (0,2) (1,2) (1,3) (2,3) (4,3) (5,3) (6,3) (6,4) (6,5)
  facet 5490: (0,0) (0,1) (1,1) (1,2) (1,3) (2,3) (4,3) (5,3) (6,3) (6,4) (6,5)
  facet 5491: (0,0) (1,0) (1,1) (1,2) (1,3) (2,3) (4,3) (5,3) (6,3) (6,4) (6,5)
  facet 5492: (0,0) (0,1) (0,2) (1,2) (2,2) (2,3) (4,3) (5,3) (6,3) (6,4) (6,5)
  facet 5493: (0,0) (0,1) (1,1) (1,2) (2,2) (2,3) (4,3) (5,3) (6,3) (6,4) (6,5)
  facet 5494: (0,0) (1,0) (1,1) (1,2) (2,2) (2,3) (4,3) (5,3) (6,3) (6,4) (6,5)
  facet 5495: (0,0) (0,1) (1,1) (2,1) (2,2) (2,3) (4,3) (5,3) (6,3) (6,4) (6,5)
  facet 5496: (0,0) (1,0) (1,1) (2,1) (2,2) (2,3) (4,3) (5,3) (6,3) (6,4) (6,5)
  facet 5497: (0,0) (1,0) (2,0) (2,1) (2,2) (2,3) (4,3) (5,3) (6,3) (6,4) (6,5)
  facet 5498: (0,0) (0,1) (0,2) (1,2) (2,2) (4,2) (4,3) (5,3) (6,3) (6,4) (6,5)
  facet 5499: (0,0) (0,1) (1,1) (1,2) (2,2) (4,2) (4,3) (5,3) (6,3) (6,4) (6,5)
  facet 5500: (0,0) (1,0) (1,1) (1,2) (2,2) (4,2) (4,3) (5,3) (6,3) (6,4) (6,5)
  facet 5501: (0,0) (0,1) (1,1) (2,1) (2,2) (4,2) (4,3) (5,3) (6,3) (6,4) (6,5)
  facet 5502: (0,0) (1,0) (1,1) (2,1) (2,2) (4,2) (4,3) (5,3) (6,3) (6,4) (6,5)
  facet 5503: (0,0) (1,0) (2,0) (2,1) (2,2) (4,2) (4,3) (5,3) (6,3) (6,4) (6,5)
  facet 5504: (0,0) (0,1) (1,1) (2,1) (4,1) (4,2) (4,3) (5,3) (6,3) (6,4) (6,5)
  facet 5505: (0,0) (1,0) (1,1) (2,1) (4,1) (4,2) (4,3) (5,3) (6,3) (6,4) (6,5)
  facet 5506: (0,0) (1,0) (2,0) (2,1) (4,1) (4,2) (4,3) (5,3) (6,3) (6,4) (6,5)
  facet 5507: (0,0) (1,0) (2,0) (4,0) (4,1) (4,2) (4,3) (5,3) (6,3) (6,4) (6,5)
  facet 5508: (0,0) (0,1) (0,2) (1,2) (2,2) (4,2) (5,2) (5,3) (6,3) (6,4) (6,5)
  facet 5509: (0,0) (0,1) (1,1) (1,2) (2,2) (4,2) (5,2) (5,3) (6,3) (6,4) (6,5)
  facet 5510: (0,0) (1,0) (1,1) (1,2) (2,2) (4,2) (5,2) (5,3) (6,3) (6,4) (6,5)
  facet 5511: (0,0) (0,1) (1,1) (2,1) (2,2) (4,2) (5,2) (5,3) (6,3) (6,4) (6,5)
  facet 5512: (0,0) (1,0) (1,1) (2,1) (2,2) (4,2) (5,2) (5,3) (6,3) (6,4) (6,5)
  facet 5513: (0,0) (1,0) (2,0) (2,1) (2,2) (4,2) (5,2) (5,3) (6,3) (6,4) (6,5)
  facet 5514: (0,0) (0,1) (1,1) (2,1) (4,1) (4,2) (5,2) (5,3) (6,3) (6,4) (6,5)
  facet 5515: (0,0) (1,0) (1,1) (2,1) (4,1) (4,2) (5,2) (5,3) (6,3) (6,4) (6,5)
  facet 5516: (0,0) (1,0) (2,0) (2,1) (4,1) (4,2) (5,2) (5,3) (6,3) (6,4) (6,5)
  facet 5517: (0,0) (1,0) (2,0) (4,0) (4,1) (4,2) (5,2) (5,3) (6,3) (6,4) (6,5)
  facet 5518: (0,0) (0,1) (1,1) (2,1) (4,1) (5,1) (5,2) (5,3) (6,3) (6,4) (6,5)
  facet 5519: (0,0) (1,0) (1,1) (2,1) (4,1) (5,1) (5,2) (5,3) (6,3) (6,4) (6,5)
  facet 5520: (0,0) (1,0) (2,0) (2,1) (4,1) (5,1) (5,2) (5,3) (6,3) (6,4) (6,5)
  facet 5521: (0,0) (1,0) (2,0) (4,0) (4,1) (5,1) (5,2) (5,3) (6,3) (6,4) (6,5)
  facet 5522: (0,0) (1,0) (2,0) (4,0) (5,0) (5,1) (5,2) (5,3) (6,3) (6,4) (6,5)
  facet 5523: (0,0) (0,1) (0,2) (1,2) (2,2) (4,2) (5,2) (6,2) (6,3) (6,4) (6,5)
  facet 5524: (0,0) (0,1) (1,1) (1,2) (2,2) (4,2) (5,2) (6,2) (6,3) (6,4) (6,5)
  facet 5525: (0,0) (1,0) (1,1) (1,2) (2,2) (4,2) (5,2) (6,2) (6,3) (6,4) (6,5)
  facet 5526: (0,0) (0,1) (1,1) (2,1) (2,2) (4,2) (5,2) (6,2) (6,3) (6,4) (6,5)
  facet 5527: (0,0) (1,0) (1,1) (2,1) (2,2) (4,2) (5,2) (6,2) (6,3) (6,4) (6,5)
  facet 5528: (0,0) (1,0) (2,0) (2,1) (2,2) (4,2) (5,2) (6,2) (6,3) (6,4) (6,5)
  facet 5529: (0,0) (0,1) (1,1) (2,1) (4,1) (4,2) (5,2) (6,2) (6,3) (6,4) (6,5)
  facet 5530: (0,0) (1,0) (1,1) (2,1) (4,1) (4,2) (5,2) (6,2) (6,3) (6,4) (6,5)
  facet 5531: (0,0) (1,0) (2,0) (2,1) (4,1) (4,2) (5,2) (6,2) (6,3) (6,4) (6,5)
  facet 5532: (0,0) (1,0) (2,0) (4,0) (4,1) (4,2) (5,2) (6,2) (6,3) (6,4) (6,5)
  facet 5533: (0,0) (0,1) (1,1) (2,1) (4,1) (5,1) (5,2) (6,2) (6,3) (6,4) (6,5)
  facet 5534: (0,0) (1,0) (1,1) (2,1) (4,1) (5,1) (5,2) (6,2) (6,3) (6,4) (6,5)
  facet 5535: (0,0) (1,0) (2,0) (2,1) (4,1) (5,1) (5,2) (6,2) (6,3) (6,4) (6,5)
  facet 5536: (0,0) (1,0) (2,0) (4,0) (4,1) (5,1) (5,2) (6,2) (6,3) (6,4) (6,5)
  facet 5537: (0,0) (1,0) (2,0) (4,0) (5,0) (5,1) (5,2) (6,2) (6,3) (6,4) (6,5)
  facet 5538: (0,0) (0,1) (1,1) (2,1) (4,1) (5,1) (6,1) (6,2) (6,3) (6,4) (6,5)
  facet 5539: (0,0) (1,0) (1,1) (2,1) (4,1) (5,1) (6,1) (6,2) (6,3) (6,4) (6,5)
  facet 5540: (0,0) (1,0) (2,0) (2,1) (4,1) (5,1) (6,1) (6,2) (6,3) (6,4) (6,5)
  facet 5541: (0,0) (1,0) (2,0) (4,0) (4,1) (5,1) (6,1) (6,2) (6,3) (6,4) (6,5)
  facet 5542: (0,0) (1,0) (2,0) (4,0) (5,0) (5,1) (6,1) (6,2) (6,3) (6,4) (6,5)
  facet 5543: (0,0) (1,0) (2,0) (4,0) (5,0) (6,0) (6,1) (6,2) (6,3) (6,4) (6,5)
  facet 5544: (0,0) (0,1) (0,2) (0,3) (0,4) (0,6) (1,6) (2,6) (4,6) (5,6) (6,6)
  facet 5545: (0,0) (0,1) (0,2) (0,3) (0,4) (1,4) (1,6) (2,6) (4,6) (5,6) (6,6)
  facet 5546: (0,0) (0,1) (0,2) (0,3) (1,3) (1,4) (1,6) (2,6) (4,6) (5,6) (6,6)
  facet 5547: (0,0) (0,1) (0,2) (1,2) (1,3) (1,4) (1,6) (2,6) (4,6) (5,6) (6,6)
  facet 5548: (0,0) (0,1) (1,1) (1,2) (1,3) (1,4) (1,6) (2,6) (4,6) (5,6) (6,6)
  facet 5549: (0,0) (1,0) (1,1) (1,2) (1,3) (1,4) (1,6) (2,6) (4,6) (5,6) (6,6)
  facet 5550: (0,0) (0,1) (0,2) (0,3) (0,4) (1,4) (2,4) (2,6) (4,6) (5,6) (6,6)
  facet 5551: (0,0) (0,1) (0,2) (0,3) (1,3) (1,4) (2,4) (2,6) (4,6) (5,6) (6,6)
  facet 5552: (0,0) (0,1) (0,2) (1,2) (1,3) (1,4) (2,4) (2,6) (4,6) (5,6) (6,6)
  facet 5553: (0,0) (0,1) (1,1) (1,2) (1,3) (1,4) (2,4) (2,6) (4,6) (5,6) (6,6)
  facet 5554: (0,0) (1,0) (1,1) (1,2) (1,3) (1,4) (2,4) (2,6) (4,6) (5,6) (6,6)
  facet 5555: (0,0) (0,1) (0,2) (0,3) (1,3) (2,3) (2,4) (2,6) (4,6) (5,6) (6,6)
  facet 5556: (0,0) (0,1) (0,2) (1,2) (1,3) (2,3) (2,4) (2,6) (4,6) (5,6) (6,6)
  facet 5557: (0,0) (0,1) (1,1) (1,2) (1,3) (2,3) (2,4) (2,6) (4,6) (5,6) (6,6)
  facet 5558: (0,0) (1,0) (1,1) (1,2) (1,3) (2,3) (2,4) (2,6) (4,6) (5,6) (6,6)
  facet 5559: (0,0) (0,1) (0,2) (1,2) (2,2) (2,3) (2,4) (2,6) (4,6) (5,6) (6,6)
  facet 5560: (0,0) (0,1) (1,1) (1,2) (2,2) (2,3) (2,4) (2,6) (4,6) (5,6) (6,6)
  facet 5561: (0,0) (1,0) (1,1) (1,2) (2,2) (2,3) (2,4) (2,6) (4,6) (5,6) (6,6)
  facet 5562: (0,0) (0,1) (1,1) (2,1) (2,2) (2,3) (2,4) (2,6) (4,6) (5,6) (6,6)
  facet 5563: (0,0) (1,0) (1,1) (2,1) (2,2) (2,3) (2,4) (2,6) (4,6) (5,6) (6,6)
  facet 5564: (0,0) (1,0) (2,0) (2,1) (2,2) (2,3) (2,4) (2,6) (4,6) (5,6) (6,6)
  facet 5565: (0,0) (0,1) (0,2) (0,3) (0,4) (1,4) (2,4) (4,4) (4,6) (5,6) (6,6)
  facet 5566: (0,0) (0,1) (0,2) (0,3) (1,3) (1,4) (2,4) (4,4) (4,6) (5,6) (6,6)
  facet 5567: (0,0) (0,1) (0,2) (1,2) (1,3) (1,4) (2,4) (4,4) (4,6) (5,6) (6,6)
  facet 5568: (0,0) (0,1) (1,1) (1,2) (1,3) (1,4) (2,4) (4,4) (4,6) (5,6) (6,6)
  facet 5569: (0,0) (1,0) (1,1) (1,2) (1,3) (1,4) (2,4) (4,4) (4,6) (5,6) (6,6)
  facet 5570: (0,0) (0,1) (0,2) (0,3) (1,3) (2,3) (2,4) (4,4) (4,6) (5,6) (6,6)
  facet 5571: (0,0) (0,1) (0,2) (1,2) (1,3) (2,3) (2,4) (4,4) (4,6) (5,6) (6,6)
  facet 5572: (0,0) (0,1) (1,1) (1,2) (1,3) (2,3) (2,4) (4,4) (4,6) (5,6) (6,6)
  facet 5573: (0,0) (1,0) (1,1) (1,2) (1,3) (2,3) (2,4) (4,4) (4,6) (5,6) (6,6)
  facet 5574: (0,0) (0,1) (0,2) (1,2) (2,2) (2,3) (2,4) (4,4) (4,6) (5,6) (6,6)
  facet 5575: (0,0) (0,1) (1,1) (1,2) (2,2) (2,3) (2,4) (4,4) (4,6) (5,6) (6,6)
  facet 5576: (0,0) (1,0) (1,1) (1,2) (2,2) (2,3) (2,4) (4,4) (4,6) (5,6) (6,6)
  facet 5577: (0,0) (0,1) (1,1) (2,1) (2,2) (2,3) (2,4) (4,4) (4,6) (5,6) (6,6)
  facet 5578: (0,0) (1,0) (1,1) (2,1) (2,2) (2,3) (2,4) (4,4) (4,6) (5,6) (6,6)
  facet 5579: (0,0) (1,0) (2,0) (2,1) (2,2) (2,3) (2,4) (4,4) (4,6) (5,6) (6,6)
  facet 5580: (0,0) (0,1) (0,2) (0,3) (1,3) (2,3) (4,3) (4,4) (4,6) (5,6) (6,6)
  facet 5581: (0,0) (0,1) (0,2) (1,2) (1,3) (2,3) (4,3) (4,4) (4,6) (5,6) (6,6)
  facet 5582: (0,0) (0,1) (1,1) (1,2) (1,3) (2,3) (4,3) (4,4) (4,6) (5,6) (6,6)
  facet 5583: (0,0) (1,0) (1,1) (1,2) (1,3) (2,3) (4,3) (4,4) (4,6) (5,6) (6,6)
  facet 5584: (0,0) (0,1) (0,2) (1,2) (2,2) (2,3) (4,3) (4,4) (4,6) (5,6) (6,6)
  facet 5585: (0,0) (0,1) (1,1) (1,2) (2,2) (2,3) (4,3) (4,4) (4,6) (5,6) (6,6)
  facet 5586: (0,0) (1,0) (1,1) (1,2) (2,2) (2,3) (4,3) (4,4) (4,6) (5,6) (6,6)
  facet 5587: (0,0) (0,1) (1,1) (2,1) (2,2) (2,3) (4,3) (4,4) (4,6) (5,6) (6,6)
  facet 5588: (0,0) (1,0) (1,1) (2,1) (2,2) (2,3) (4,3) (4,4) (4,6) (5,6) (6,6)
  facet 5589: (0,0) (1,0) (2,0) (2,1) (2,2) (2,3) (4,3) (4,4) (4,6) (5,6) (6,6)
  facet 5590: (0,0) (0,1) (0,2) (1,2) (2,2) (4,2) (4,3) (4,4) (4,6) (5,6) (6,6)
  facet 5591: (0,0) (0,1) (1,1) (1,2) (2,2) (4,2) (4,3) (4,4) (4,6) (5,6) (6,6)
  facet 5592: (0,0) (1,0) (1,1) (1,2) (2,2) (4,2) (4,3) (4,4) (4,6) (5,6) (6,6)
  facet 5593: (0,0) (0,1) (1,1) (2,1) (2,2) (4,2) (4,3) (4,4) (4,6) (5,6) (6,6)
  facet 5594: (0,0) (1,0) (1,1) (2,1) (2,2) (4,2) (4,3) (4,4) (4,6) (5,6) (6,6)
  facet 5595: (0,0) (1,0) (2,0) (2,1) (2,2) (4,2) (4,3) (4,4) (4,6) (5,6) (6,6)
  facet 5596: (0,0) (0,1) (1,1) (2,1) (4,1) (4,2) (4,3) (4,4) (4,6) (5,6) (6,6)
  facet 5597: (0,0) (1,0) (1,1) (2,1) (4,1) (4,2) (4,3) (4,4) (4,6) (5,6) (6,6)
  facet 5598: (0,0) (1,0) (2,0) (2,1) (4,1) (4,2) (4,3) (4,4) (4,6) (5,6) (6,6)
  facet 5599: (0,0) (1,0) (2,0) (4,0) (4,1) (4,2) (4,3) (4,4) (4,6) (5,6) (6,6)
  facet 5600: (0,0) (0,1) (0,2) (0,3) (0,4) (1,4) (2,4) (4,4) (5,4) (5,6) (6,6)
  facet 5601: (0,0) (0,1) (0,2) (0,3) (1,3) (1,4) (2,4) (4,4) (5,4) (5,6) (6,6)
  facet 5602: (0,0) (0,1) (0,2) (1,2) (1,3) (1,4) (2,4) (4,4) (5,4) (5,6) (6,6)
  facet 5603: (0,0) (0,1) (1,1) (1,2) (1,3) (1,4) (2,4) (4,4) (5,4) (5,6) (6,6)
  facet 5604: (0,0) (1,0) (1,1) (1,2) (1,3) (1,4) (2,4) (4,4) (5,4) (5,6) (6,6)
  facet 5605: (0,0) (0,1) (0,2) (0,3) (1,3) (2,3) (2,4) (4,4) (5,4) (5,6) (6,6)
  facet 5606: (0,0) (0,1) (0,2) (1,2) (1,3) (2,3) (2,4) (4,4) (5,4) (5,6) (6,6)
  facet 5607: (0,0) (0,1) (1,1) (1,2) (1,3) (2,3) (2,4) (4,4) (5,4) (5,6) (6,6)
  facet 5608: (0,0) (1,0) (1,1) (1,2) (1,3) (2,3) (2,4) (4,4) (5,4) (5,6) (6,6)
  facet 5609: (0,0) (0,1) (0,2) (1,2) (2,2) (2,3) (2,4) (4,4) (5,4) (5,6) (6,6)
  facet 5610: (0,0) (0,1) (1,1) (1,2) (2,2) (2,3) (2,4) (4,4) (5,4) (5,6) (6,6)
  facet 5611: (0,0) (1,0) (1,1) (1,2) (2,2) (2,3) (2,4) (4,4) (5,4) (5,6) (6,6)
  facet 5612: (0,0) (0,1) (1,1) (2,1) (2,2) (2,3) (2,4) (4,4) (5,4) (5,6) (6,6)
  facet 5613: (0,0) (1,0) (1,1) (2,1) (2,2) (2,3) (2,4) (4,4) (5,4) (5,6) (6,6)
  facet 5614: (0,0) (1,0) (2,0) (2,1) (2,2) (2,3) (2,4) (4,4) (5,4) (5,6) (6,6)
  facet 5615: (0,0) (0,1) (0,2) (0,3) (1,3) (2,3) (4,3) (4,4) (5,4) (5,6) (6,6)
  facet 5616: (0,0) (0,1) (0,2) (1,2) (1,3) (2,3) (4,3) (4,4) (5,4) (5,6) (6,6)
  facet 5617: (0,0) (0,1) (1,1) (1,2) (1,3) (2,3) (4,3) (4,4) (5,4) (5,6) (6,6)
  facet 5618: (0,0) (1,0) (1,1) (1,2) (1,3) (2,3) (4,3) (4,4) (5,4) (5,6) (6,6)
  facet 5619: (0,0) (0,1) (0,2) (1,2) (2,2) (2,3) (4,3) (4,4) (5,4) (5,6) (6,6)
  facet 5620: (0,0) (0,1) (1,1) (1,2) (2,2) (2,3) (4,3) (4,4) (5,4) (5,6) (6,6)
  facet 5621: (0,0) (1,0) (1,1) (1,2) (2,2) (2,3) (4,3) (4,4) (5,4) (5,6) (6,6)
  facet 5622: (0,0) (0,1) (1,1) (2,1) (2,2) (2,3) (4,3) (4,4) (5,4) (5,6) (6,6)
  facet 5623: (0,0) (1,0) (1,1) (2,1) (2,2) (2,3) (4,3) (4,4) (5,4) (5,6) (6,6)
  facet 5624: (0,0) (1,0) (2,0) (2,1) (2,2) (2,3) (4,3) (4,4) (5,4) (5,6) (6,6)
  facet 5625: (0,0) (0,1) (0,2) (1,2) (2,2) (4,2) (4,3) (4,4) (5,4) (5,6) (6,6)
  facet 5626: (0,0) (0,1) (1,1) (1,2) (2,2) (4,2) (4,3) (4,4) (5,4) (5,6) (6,6)
  facet 5627: (0,0) (1,0) (1,1) (1,2) (2,2) (4,2) (4,3) (4,4) (5,4) (5,6) (6,6)
  facet 5628: (0,0) (0,1) (1,1) (2,1) (2,2) (4,2) (4,3) (4,4) (5,4) (5,6) (6,6)
  facet 5629: (0,0) (1,0) (1,1) (2,1) (2,2) (4,2) (4,3) (4,4) (5,4) (5,6) (6,6)
  facet 5630: (0,0) (1,0) (2,0) (2,1) (2,2) (4,2) (4,3) (4,4) (5,4) (5,6) (6,6)
  facet 5631: (0,0) (0,1) (1,1) (2,1) (4,1) (4,2) (4,3) (4,4) (5,4) (5,6) (6,6)
  facet 5632: (0,0) (1,0) (1,1) (2,1) (4,1) (4,2) (4,3) (4,4) (5,4) (5,6) (6,6)
  facet 5633: (0,0) (1,0) (2,0) (2,1) (4,1) (4,2) (4,3) (4,4) (5,4) (5,6) (6,6)
  facet 5634: (0,0) (1,0) (2,0) (4,0) (4,1) (4,2) (4,3) (4,4) (5,4) (5,6) (6,6)
  facet 5635: (0,0) (0,1) (0,2) (0,3) (1,3) (2,3) (4,3) (5,3) (5,4) (5,6) (6,6)
  facet 5636: (0,0) (0,1) (0,2) (1,2) (1,3) (2,3) (4,3) (5,3) (5,4) (5,6) (6,6)
  facet 5637: (0,0) (0,1) (1,1) (1,2) (1,3) (2,3) (4,3) (5,3) (5,4) (5,6) (6,6)
  facet 5638: (0,0) (1,0) (1,1) (1,2) (1,3) (2,3) (4,3) (5,3) (5,4) (5,6) (6,6)
  facet 5639: (0,0) (0,1) (0,2) (1,2) (2,2) (2,3) (4,3) (5,3) (5,4) (5,6) (6,6)
  facet 5640: (0,0) (0,1) (1,1) (1,2) (2,2) (2,3) (4,3) (5,3) (5,4) (5,6) (6,6)
  facet 5641: (0,0) (1,0) (1,1) (1,2) (2,2) (2,3) (4,3) (5,3) (5,4) (5,6) (6,6)
  facet 5642: (0,0) (0,1) (1,1) (2,1) (2,2) (2,3) (4,3) (5,3) (5,4) (5,6) (6,6)
  facet 5643: (0,0) (1,0) (1,1) (2,1) (2,2) (2,3) (4,3) (5,3) (5,4) (5,6) (6,6)
  facet 5644: (0,0) (1,0) (2,0) (2,1) (2,2) (2,3) (4,3) (5,3) (5,4) (5,6) (6,6)
  facet 5645: (0,0) (0,1) (0,2) (1,2) (2,2) (4,2) (4,3) (5,3) (5,4) (5,6) (6,6)
  facet 5646: (0,0) (0,1) (1,1) (1,2) (2,2) (4,2) (4,3) (5,3) (5,4) (5,6) (6,6)
  facet 5647: (0,0) (1,0) (1,1) (1,2) (2,2) (4,2) (4,3) (5,3) (5,4) (5,6) (6,6)
  facet 5648: (0,0) (0,1) (1,1) (2,1) (2,2) (4,2) (4,3) (5,3) (5,4) (5,6) (6,6)
  facet 5649: (0,0) (1,0) (1,1) (2,1) (2,2) (4,2) (4,3) (5,3) (5,4) (5,6) (6,6)
  facet 5650: (0,0) (1,0) (2,0) (2,1) (2,2) (4,2) (4,3) (5,3) (5,4) (5,6) (6,6)
  facet 5651: (0,0) (0,1) (1,1) (2,1) (4,1) (4,2) (4,3) (5,3) (5,4) (5,6) (6,6)
  facet 5652: (0,0) (1,0) (1,1) (2,1) (4,1) (4,2) (4,3) (5,3) (5,4) (5,6) (6,6)
  facet 5653: (0,0) (1,0) (2,0) (2,1) (4,1) (4,2) (4,3) (5,3) (5,4) (5,6) (6,6)
  facet 5654: (0,0) (1,0) (2,0) (4,0) (4,1) (4,2) (4,3) (5,3) (5,4) (5,6) (6,6)
  facet 5655: (0,0) (0,1) (0,2) (1,2) (2,2) (4,2) (5,2) (5,3) (5,4) (5,6) (6,6)
  facet 5656: (0,0) (0,1) (1,1) (1,2) (2,2) (4,2) (5,2) (5,3) (5,4) (5,6) (6,6)
  facet 5657: (0,0) (1,0) (1,1) (1,2) (2,2) (4,2) (5,2) (5,3) (5,4) (5,6) (6,6)
  facet 5658: (0,0) (0,1) (1,1) (2,1) (2,2) (4,2) (5,2) (5,3) (5,4) (5,6) (6,6)
  facet 5659: (0,0) (1,0) (1,1) (2,1) (2,2) (4,2) (5,2) (5,3) (5,4) (5,6) (6,6)
  facet 5660: (0,0) (1,0) (2,0) (2,1) (2,2) (4,2) (5,2) (5,3) (5,4) (5,6) (6,6)
  facet 5661: (0,0) (0,1) (1,1) (2,1) (4,1) (4,2) (5,2) (5,3) (5,4) (5,6) (6,6)
  facet 5662: (0,0) (1,0) (1,1) (2,1) (4,1) (4,2) (5,2) (5,3) (5,4) (5,6) (6,6)
  facet 5663: (0,0) (1,0) (2,0) (2,1) (4,1) (4,2) (5,2) (5,3) (5,4) (5,6) (6,6)
  facet 5664: (0,0) (1,0) (2,0) (4,0) (4,1) (4,2) (5,2) (5,3) (5,4) (5,6) (6,6)
  facet 5665: (0,0) (0,1) (1,1) (2,1) (4,1) (5,1) (5,2) (5,3) (5,4) (5,6) (6,6)
  facet 5666: (0,0) (1,0) (1,1) (2,1) (4,1) (5,1) (5,2) (5,3) (5,4) (5,6) (6,6)
  facet 5667: (0,0) (1,0) (2,0) (2,1) (4,1) (5,1) (5,2) (5,3) (5,4) (5,6) (6,6)
  facet 5668: (0,0) (1,0) (2,0) (4,0) (4,1) (5,1) (5,2) (5,3) (5,4) (5,6) (6,6)
  facet 5669: (0,0) (1,0) (2,0) (4,0) (5,0) (5,1) (5,2) (5,3) (5,4) (5,6) (6,6)
  facet 5670: (0,0) (0,1) (0,2) (0,3) (0,4) (1,4) (2,4) (4,4) (5,4) (6,4) (6,6)
  facet 5671: (0,0) (0,1) (0,2) (0,3) (1,3) (1,4) (2,4) (4,4) (5,4) (6,4) (6,6)
  facet 5672: (0,0) (0,1) (0,2) (1,2) (1,3) (1,4) (2,4) (4,4) (5,4) (6,4) (6,6)
  facet 5673: (0,0) (0,1) (1,1) (1,2) (1,3) (1,4) (2,4) (4,4) (5,4) (6,4) (6,6)
  facet 5674: (0,0) (1,0) (1,1) (1,2) (1,3) (1,4) (2,4) (4,4) (5,4) (6,4) (6,6)
  facet 5675: (0,0) (0,1) (0,2) (0,3) (1,3) (2,3) (2,4) (4,4) (5,4) (6,4) (6,6)
  facet 5676: (0,0) (0,1) (0,2) (1,2) (1,3) (2,3) (2,4) (4,4) (5,4) (6,4) (6,6)
  facet 5677: (0,0) (0,1) (1,1) (1,2) (1,3) (2,3) (2,4) (4,4) (5,4) (6,4) (6,6)
  facet 5678: (0,0) (1,0) (1,1) (1,2) (1,3) (2,3) (2,4) (4,4) (5,4) (6,4) (6,6)
  facet 5679: (0,0) (0,1) (0,2) (1,2) (2,2) (2,3) (2,4) (4,4) (5,4) (6,4) (6,6)
  facet 5680: (0,0) (0,1) (1,1) (1,2) (2,2) (2,3) (2,4) (4,4) (5,4) (6,4) (6,6)
  facet 5681: (0,0) (1,0) (1,1) (1,2) (2,2) (2,3) (2,4) (4,4) (5,4) (6,4) (6,6)
  facet 5682: (0,0) (0,1) (1,1) (2,1) (2,2) (2,3) (2,4) (4,4) (5,4) (6,4) (6,6)
  facet 5683: (0,0) (1,0) (1,1) (2,1) (2,2) (2,3) (2,4) (4,4) (5,4) (6,4) (6,6)
  facet 5684: (0,0) (1,0) (2,0) (2,1) (2,2) (2,3) (2,4) (4,4) (5,4) (6,4) (6,6)
  facet 5685: (0,0) (0,1) (0,2) (0,3) (1,3) (2,3) (4,3) (4,4) (5,4) (6,4) (6,6)
  facet 5686: (0,0) (0,1) (0,2) (1,2) (1,3) (2,3) (4,3) (4,4) (5,4) (6,4) (6,6)
  facet 5687: (0,0) (0,1) (1,1) (1,2) (1,3) (2,3) (4,3) (4,4) (5,4) (6,4) (6,6)
  facet 5688: (0,0) (1,0) (1,1) (1,2) (1,3) (2,3) (4,3) (4,4) (5,4) (6,4) (6,6)
  facet 5689: (0,0) (0,1) (0,2) (1,2) (2,2) (2,3) (4,3) (4,4) (5,4) (6,4) (6,6)
  facet 5690: (0,0) (0,1) (1,1) (1,2) (2,2) (2,3) (4,3) (4,4) (5,4) (6,4) (6,6)
  facet 5691: (0,0) (1,0) (1,1) (1,2) (2,2) (2,3) (4,3) (4,4) (5,4) (6,4) (6,6)
  facet 5692: (0,0) (0,1) (1,1) (2,1) (2,2) (2,3) (4,3) (4,4) (5,4) (6,4) (6,6)
  facet 5693: (0,0) (1,0) (1,1) (2,1) (2,2) (2,3) (4,3) (4,4) (5,4) (6,4) (6,6)
  facet 5694: (0,0) (1,0) (2,0) (2,1) (2,2) (2,3) (4,3) (4,4) (5,4) (6,4) (6,6)
  facet 5695: (0,0) (0,1) (0,2) (1,2) (2,2) (4,2) (4,3) (4,4) (5,4) (6,4) (6,6)
  facet 5696: (0,0) (0,1) (1,1) (1,2) (2,2) (4,2) (4,3) (4,4) (5,4) (6,4) (6,6)
  facet 5697: (0,0) (1,0) (1,1) (1,2) (2,2) (4,2) (4,3) (4,4) (5,4) (6,4) (6,6)
  facet 5698: (0,0) (0,1) (1,1) (2,1) (2,2) (4,2) (4,3) (4,4) (5,4) (6,4) (6,6)
  facet 5699: (0,0) (1,0) (1,1) (2,1) (2,2) (4,2) (4,3) (4,4) (5,4) (6,4) (6,6)
  facet 5700: (0,0) (1,0) (2,0) (2,1) (2,2) (4,2) (4,3) (4,4) (5,4) (6,4) (6,6)
  facet 5701: (0,0) (0,1) (1,1) (2,1) (4,1) (4,2) (4,3) (4,4) (5,4) (6,4) (6,6)
  facet 5702: (0,0) (1,0) (1,1) (2,1) (4,1) (4,2) (4,3) (4,4) (5,4) (6,4) (6,6)
  facet 5703: (0,0) (1,0) (2,0) (2,1) (4,1) (4,2) (4,3) (4,4) (5,4) (6,4) (6,6)
  facet 5704: (0,0) (1,0) (2,0) (4,0) (4,1) (4,2) (4,3) (4,4) (5,4) (6,4) (6,6)
  facet 5705: (0,0) (0,1) (0,2) (0,3) (1,3) (2,3) (4,3) (5,3) (5,4) (6,4) (6,6)
  facet 5706: (0,0) (0,1) (0,2) (1,2) (1,3) (2,3) (4,3) (5,3) (5,4) (6,4) (6,6)
  facet 5707: (0,0) (0,1) (1,1) (1,2) (1,3) (2,3) (4,3) (5,3) (5,4) (6,4) (6,6)
  facet 5708: (0,0) (1,0) (1,1) (1,2) (1,3) (2,3) (4,3) (5,3) (5,4) (6,4) (6,6)
  facet 5709: (0,0) (0,1) (0,2) (1,2) (2,2) (2,3) (4,3) (5,3) (5,4) (6,4) (6,6)
  facet 5710: (0,0) (0,1) (1,1) (1,2) (2,2) (2,3) (4,3) (5,3) (5,4) (6,4) (6,6)
  facet 5711: (0,0) (1,0) (1,1) (1,2) (2,2) (2,3) (4,3) (5,3) (5,4) (6,4) (6,6)
  facet 5712: (0,0) (0,1) (1,1) (2,1) (2,2) (2,3) (4,3) (5,3) (5,4) (6,4) (6,6)
  facet 5713: (0,0) (1,0) (1,1) (2,1) (2,2) (2,3) (4,3) (5,3) (5,4) (6,4) (6,6)
  facet 5714: (0,0) (1,0) (2,0) (2,1) (2,2) (2,3) (4,3) (5,3) (5,4) (6,4) (6,6)
  facet 5715: (0,0) (0,1) (0,2) (1,2) (2,2) (4,2) (4,3) (5,3) (5,4) (6,4) (6,6)
  facet 5716: (0,0) (0,1) (1,1) (1,2) (2,2) (4,2) (4,3) (5,3) (5,4) (6,4) (6,6)
  facet 5717: (0,0) (1,0) (1,1) (1,2) (2,2) (4,2) (4,3) (5,3) (5,4) (6,4) (6,6)
  facet 5718: (0,0) (0,1) (1,1) (2,1) (2,2) (4,2) (4,3) (5,3) (5,4) (6,4) (6,6)
  facet 5719: (0,0) (1,0) (1,1) (2,1) (2,2) (4,2) (4,3) (5,3) (5,4) (6,4) (6,6)
  facet 5720: (0,0) (1,0) (2,0) (2,1) (2,2) (4,2) (4,3) (5,3) (5,4) (6,4) (6,6)
  facet 5721: (0,0) (0,1) (1,1) (2,1) (4,1) (4,2) (4,3) (5,3) (5,4) (6,4) (6,6)
  facet 5722: (0,0) (1,0) (1,1) (2,1) (4,1) (4,2) (4,3) (5,3) (5,4) (6,4) (6,6)
  facet 5723: (0,0) (1,0) (2,0) (2,1) (4,1) (4,2) (4,3) (5,3) (5,4) (6,4) (6,6)
  facet 5724: (0,0) (1,0) (2,0) (4,0) (4,1) (4,2) (4,3) (5,3) (5,4) (6,4) (6,6)
  facet 5725: (0,0) (0,1) (0,2) (1,2) (2,2) (4,2) (5,2) (5,3) (5,4) (6,4) (6,6)
  facet 5726: (0,0) (0,1) (1,1) (1,2) (2,2) (4,2) (5,2) (5,3) (5,4) (6,4) (6,6)
  facet 5727: (0,0) (1,0) (1,1) (1,2) (2,2) (4,2) (5,2) (5,3) (5,4) (6,4) (6,6)
  facet 5728: (0,0) (0,1) (1,1) (2,1) (2,2) (4,2) (5,2) (5,3) (5,4) (6,4) (6,6)
  facet 5729: (0,0) (1,0) (1,1) (2,1) (2,2) (4,2) (5,2) (5,3) (5,4) (6,4) (6,6)
  facet 5730: (0,0) (1,0) (2,0) (2,1) (2,2) (4,2) (5,2) (5,3) (5,4) (6,4) (6,6)
  facet 5731: (0,0) (0,1) (1,1) (2,1) (4,1) (4,2) (5,2) (5,3) (5,4) (6,4) (6,6)
  facet 5732: (0,0) (1,0) (1,1) (2,1) (4,1) (4,2) (5,2) (5,3) (5,4) (6,4) (6,6)
  facet 5733: (0,0) (1,0) (2,0) (2,1) (4,1) (4,2) (5,2) (5,3) (5,4) (6,4) (6,6)
  facet 5734: (0,0) (1,0) (2,0) (4,0) (4,1) (4,2) (5,2) (5,3) (5,4) (6,4) (6,6)
  facet 5735: (0,0) (0,1) (1,1) (2,1) (4,1) (5,1) (5,2) (5,3) (5,4) (6,4) (6,6)
  facet 5736: (0,0) (1,0) (1,1) (2,1) (4,1) (5,1) (5,2) (5,3) (5,4) (6,4) (6,6)
  facet 5737: (0,0) (1,0) (2,0) (2,1) (4,1) (5,1) (5,2) (5,3) (5,4) (6,4) (6,6)
  facet 5738: (0,0) (1,0) (2,0) (4,0) (4,1) (5,1) (5,2) (5,3) (5,4) (6,4) (6,6)
  facet 5739: (0,0) (1,0) (2,0) (4,0) (5,0) (5,1) (5,2) (5,3) (5,4) (6,4) (6,6)
  facet 5740: (0,0) (0,1) (0,2) (0,3) (1,3) (2,3) (4,3) (5,3) (6,3) (6,4) (6,6)
  facet 5741: (0,0) (0,1) (0,2) (1,2) (1,3) (2,3) (4,3) (5,3) (6,3) (6,4) (6,6)
  facet 5742: (0,0) (0,1) (1,1) (1,2) (1,3) (2,3) (4,3) (5,3) (6,3) (6,4) (6,6)
  facet 5743: (0,0) (1,0) (1,1) (1,2) (1,3) (2,3) (4,3) (5,3) (6,3) (6,4) (6,6)
  facet 5744: (0,0) (0,1) (0,2) (1,2) (2,2) (2,3) (4,3) (5,3) (6,3) (6,4) (6,6)
  facet 5745: (0,0) (0,1) (1,1) (1,2) (2,2) (2,3) (4,3) (5,3) (6,3) (6,4) (6,6)
  facet 5746: (0,0) (1,0) (1,1) (1,2) (2,2) (2,3) (4,3) (5,3) (6,3) (6,4) (6,6)
  facet 5747: (0,0) (0,1) (1,1) (2,1) (2,2) (2,3) (4,3) (5,3) (6,3) (6,4) (6,6)
  facet 5748: (0,0) (1,0) (1,1) (2,1) (2,2) (2,3) (4,3) (5,3) (6,3) (6,4) (6,6)
  facet 5749: (0,0) (1,0) (2,0) (2,1) (2,2) (2,3) (4,3) (5,3) (6,3) (6,4) (6,6)
  facet 5750: (0,0) (0,1) (0,2) (1,2) (2,2) (4,2) (4,3) (5,3) (6,3) (6,4) (6,6)
  facet 5751: (0,0) (0,1) (1,1) (1,2) (2,2) (4,2) (4,3) (5,3) (6,3) (6,4) (6,6)
  facet 5752: (0,0) (1,0) (1,1) (1,2) (2,2) (4,2) (4,3) (5,3) (6,3) (6,4) (6,6)
  facet 5753: (0,0) (0,1) (1,1) (2,1) (2,2) (4,2) (4,3) (5,3) (6,3) (6,4) (6,6)
  facet 5754: (0,0) (1,0) (1,1) (2,1) (2,2) (4,2) (4,3) (5,3) (6,3) (6,4) (6,6)
  facet 5755: (0,0) (1,0) (2,0) (2,1) (2,2) (4,2) (4,3) (5,3) (6,3) (6,4) (6,6)
  facet 5756: (0,0) (0,1) (1,1) (2,1) (4,1) (4,2) (4,3) (5,3) (6,3) (6,4) (6,6)
  facet 5757: (0,0) (1,0) (1,1) (2,1) (4,1) (4,2) (4,3) (5,3) (6,3) (6,4) (6,6)
  facet 5758: (0,0) (1,0) (2,0) (2,1) (4,1) (4,2) (4,3) (5,3) (6,3) (6,4) (6,6)
  facet 5759: (0,0) (1,0) (2,0) (4,0) (4,1) (4,2) (4,3) (5,3) (6,3) (6,4) (6,6)
  facet 5760: (0,0) (0,1) (0,2) (1,2) (2,2) (4,2) (5,2) (5,3) (6,3) (6,4) (6,6)
  facet 5761: (0,0) (0,1) (1,1) (1,2) (2,2) (4,2) (5,2) (5,3) (6,3) (6,4) (6,6)
  facet 5762: (0,0) (1,0) (1,1) (1,2) (2,2) (4,2) (5,2) (5,3) (6,3) (6,4) (6,6)
  facet 5763: (0,0) (0,1) (1,1) (2,1) (2,2) (4,2) (5,2) (5,3) (6,3) (6,4) (6,6)
  facet 5764: (0,0) (1,0) (1,1) (2,1) (2,2) (4,2) (5,2) (5,3) (6,3) (6,4) (6,6)
  facet 5765: (0,0) (1,0) (2,0) (2,1) (2,2) (4,2) (5,2) (5,3) (6,3) (6,4) (6,6)
  facet 5766: (0,0) (0,1) (1,1) (2,1) (4,1) (4,2) (5,2) (5,3) (6,3) (6,4) (6,6)
  facet 5767: (0,0) (1,0) (1,1) (2,1) (4,1) (4,2) (5,2) (5,3) (6,3) (6,4) (6,6)
  facet 5768: (0,0) (1,0) (2,0) (2,1) (4,1) (4,2) (5,2) (5,3) (6,3) (6,4) (6,6)
  facet 5769: (0,0) (1,0) (2,0) (4,0) (4,1) (4,2) (5,2) (5,3) (6,3) (6,4) (6,6)
  facet 5770: (0,0) (0,1) (1,1) (2,1) (4,1) (5,1) (5,2) (5,3) (6,3) (6,4) (6,6)
  facet 5771: (0,0) (1,0) (1,1) (2,1) (4,1) (5,1) (5,2) (5,3) (6,3) (6,4) (6,6)
  facet 5772: (0,0) (1,0) (2,0) (2,1) (4,1) (5,1) (5,2) (5,3) (6,3) (6,4) (6,6)
  facet 5773: (0,0) (1,0) (2,0) (4,0) (4,1) (5,1) (5,2) (5,3) (6,3) (6,4) (6,6)
  facet 5774: (0,0) (1,0) (2,0) (4,0) (5,0) (5,1) (5,2) (5,3) (6,3) (6,4) (6,6)
  facet 5775: (0,0) (0,1) (0,2) (1,2) (2,2) (4,2) (5,2) (6,2) (6,3) (6,4) (6,6)
  facet 5776: (0,0) (0,1) (1,1) (1,2) (2,2) (4,2) (5,2) (6,2) (6,3) (6,4) (6,6)
  facet 5777: (0,0) (1,0) (1,1) (1,2) (2,2) (4,2) (5,2) (6,2) (6,3) (6,4) (6,6)
  facet 5778: (0,0) (0,1) (1,1) (2,1) (2,2) (4,2) (5,2) (6,2) (6,3) (6,4) (6,6)
  facet 5779: (0,0) (1,0) (1,1) (2,1) (2,2) (4,2) (5,2) (6,2) (6,3) (6,4) (6,6)
  facet 5780: (0,0) (1,0) (2,0) (2,1) (2,2) (4,2) (5,2) (6,2) (6,3) (6,4) (6,6)
  facet 5781: (0,0) (0,1) (1,1) (2,1) (4,1) (4,2) (5,2) (6,2) (6,3) (6,4) (6,6)
  facet 5782: (0,0) (1,0) (1,1) (2,1) (4,1) (4,2) (5,2) (6,2) (6,3) (6,4) (6,6)
  facet 5783: (0,0) (1,0) (2,0) (2,1) (4,1) (4,2) (5,2) (6,2) (6,3) (6,4) (6,6)
  facet 5784: (0,0) (1,0) (2,0) (4,0) (4,1) (4,2) (5,2) (6,2) (6,3) (6,4) (6,6)
  facet 5785: (0,0) (0,1) (1,1) (2,1) (4,1) (5,1) (5,2) (6,2) (6,3) (6,4) (6,6)
  facet 5786: (0,0) (1,0) (1,1) (2,1) (4,1) (5,1) (5,2) (6,2) (6,3) (6,4) (6,6)
  facet 5787: (0,0) (1,0) (2,0) (2,1) (4,1) (5,1) (5,2) (6,2) (6,3) (6,4) (6,6)
  facet 5788: (0,0) (1,0) (2,0) (4,0) (4,1) (5,1) (5,2) (6,2) (6,3) (6,4) (6,6)
  facet 5789: (0,0) (1,0) (2,0) (4,0) (5,0) (5,1) (5,2) (6,2) (6,3) (6,4) (6,6)
  facet 5790: (0,0) (0,1) (1,1) (2,1) (4,1) (5,1) (6,1) (6,2) (6,3) (6,4) (6,6)
  facet 5791: (0,0) (1,0) (1,1) (2,1) (4,1) (5,1) (6,1) (6,2) (6,3) (6,4) (6,6)
  facet 5792: (0,0) (1,0) (2,0) (2,1) (4,1) (5,1) (6,1) (6,2) (6,3) (6,4) (6,6)
  facet 5793: (0,0) (1,0) (2,0) (4,0) (4,1) (5,1) (6,1) (6,2) (6,3) (6,4) (6,6)
  facet 5794: (0,0) (1,0) (2,0) (4,0) (5,0) (5,1) (6,1) (6,2) (6,3) (6,4) (6,6)
  facet 5795: (0,0) (1,0) (2,0) (4,0) (5,0) (6,0) (6,1) (6,2) (6,3) (6,4) (6,6)
  facet 5796: (0,0) (0,1) (0,2) (0,3) (0,5) (0,6) (1,6) (2,6) (4,6) (5,6) (6,6)
  facet 5797: (0,0) (0,1) (0,2) (0,3) (0,5) (1,5) (1,6) (2,6) (4,6) (5,6) (6,6)
  facet 5798: (0,0) (0,1) (0,2) (0,3) (1,3) (1,5) (1,6) (2,6) (4,6) (5,6) (6,6)
  facet 5799: (0,0) (0,1) (0,2) (1,2) (1,3) (1,5) (1,6) (2,6) (4,6) (5,6) (6,6)
  facet 5800: (0,0) (0,1) (1,1) (1,2) (1,3) (1,5) (1,6) (2,6) (4,6) (5,6) (6,6)
  facet 5801: (0,0) (1,0) (1,1) (1,2) (1,3) (1,5) (1,6) (2,6) (4,6) (5,6) (6,6)
  facet 5802: (0,0) (0,1) (0,2) (0,3) (0,5) (1,5) (2,5) (2,6) (4,6) (5,6) (6,6)
  facet 5803: (0,0) (0,1) (0,2) (0,3) (1,3) (1,5) (2,5) (2,6) (4,6) (5,6) (6,6)
  facet 5804: (0,0) (0,1) (0,2) (1,2) (1,3) (1,5) (2,5) (2,6) (4,6) (5,6) (6,6)
  facet 5805: (0,0) (0,1) (1,1) (1,2) (1,3) (1,5) (2,5) (2,6) (4,6) (5,6) (6,6)
  facet 5806: (0,0) (1,0) (1,1) (1,2) (1,3) (1,5) (2,5) (2,6) (4,6) (5,6) (6,6)
  facet 5807: (0,0) (0,1) (0,2) (0,3) (1,3) (2,3) (2,5) (2,6) (4,6) (5,6) (6,6)
  facet 5808: (0,0) (0,1) (0,2) (1,2) (1,3) (2,3) (2,5) (2,6) (4,6) (5,6) (6,6)
  facet 5809: (0,0) (0,1) (1,1) (1,2) (1,3) (2,3) (2,5) (2,6) (4,6) (5,6) (6,6)
  facet 5810: (0,0) (1,0) (1,1) (1,2) (1,3) (2,3) (2,5) (2,6) (4,6) (5,6) (6,6)
  facet 5811: (0,0) (0,1) (0,2) (1,2) (2,2) (2,3) (2,5) (2,6) (4,6) (5,6) (6,6)
  facet 5812: (0,0) (0,1) (1,1) (1,2) (2,2) (2,3) (2,5) (2,6) (4,6) (5,6) (6,6)
  facet 5813: (0,0) (1,0) (1,1) (1,2) (2,2) (2,3) (2,5) (2,6) (4,6) (5,6) (6,6)
  facet 5814: (0,0) (0,1) (1,1) (2,1) (2,2) (2,3) (2,5) (2,6) (4,6) (5,6) (6,6)
  facet 5815: (0,0) (1,0) (1,1) (2,1) (2,2) (2,3) (2,5) (2,6) (4,6) (5,6) (6,6)
  facet 5816: (0,0) (1,0) (2,0) (2,1) (2,2) (2,3) (2,5) (2,6) (4,6) (5,6) (6,6)
  facet 5817: (0,0) (0,1) (0,2) (0,3) (0,5) (1,5) (2,5) (4,5) (4,6) (5,6) (6,6)
  facet 5818: (0,0) (0,1) (0,2) (0,3) (1,3) (1,5) (2,5) (4,5) (4,6) (5,6) (6,6)
  facet 5819: (0,0) (0,1) (0,2) (1,2) (1,3) (1,5) (2,5) (4,5) (4,6) (5,6) (6,6)
  facet 5820: (0,0) (0,1) (1,1) (1,2) (1,3) (1,5) (2,5) (4,5) (4,6) (5,6) (6,6)
  facet 5821: (0,0) (1,0) (1,1) (1,2) (1,3) (1,5) (2,5) (4,5) (4,6) (5,6) (6,6)
  facet 5822: (0,0) (0,1) (0,2) (0,3) (1,3) (2,3) (2,5) (4,5) (4,6) (5,6) (6,6)
  facet 5823: (0,0) (0,1) (0,2) (1,2) (1,3) (2,3) (2,5) (4,5) (4,6) (5,6) (6,6)
  facet 5824: (0,0) (0,1) (1,1) (1,2) (1,3) (2,3) (2,5) (4,5) (4,6) (5,6) (6,6)
  facet 5825: (0,0) (1,0) (1,1) (1,2) (1,3) (2,3) (2,5) (4,5) (4,6) (5,6) (6,6)
  facet 5826: (0,0) (0,1) (0,2) (1,2) (2,2) (2,3) (2,5) (4,5) (4,6) (5,6) (6,6)
  facet 5827: (0,0) (0,1) (1,1) (1,2) (2,2) (2,3) (2,5) (4,5) (4,6) (5,6) (6,6)
  facet 5828: (0,0) (1,0) (1,1) (1,2) (2,2) (2,3) (2,5) (4,5) (4,6) (5,6) (6,6)
  facet 5829: (0,0) (0,1) (1,1) (2,1) (2,2) (2,3) (2,5) (4,5) (4,6) (5,6) (6,6)
  facet 5830: (0,0) (1,0) (1,1) (2,1) (2,2) (2,3) (2,5) (4,5) (4,6) (5,6) (6,6)
  facet 5831: (0,0) (1,0) (2,0) (2,1) (2,2) (2,3) (2,5) (4,5) (4,6) (5,6) (6,6)
  facet 5832: (0,0) (0,1) (0,2) (0,3) (1,3) (2,3) (4,3) (4,5) (4,6) (5,6) (6,6)
  facet 5833: (0,0) (0,1) (0,2) (1,2) (1,3) (2,3) (4,3) (4,5) (4,6) (5,6) (6,6)
  facet 5834: (0,0) (0,1) (1,1) (1,2) (1,3) (2,3) (4,3) (4,5) (4,6) (5,6) (6,6)
  facet 5835: (0,0) (1,0) (1,1) (1,2) (1,3) (2,3) (4,3) (4,5) (4,6) (5,6) (6,6)
  facet 5836: (0,0) (0,1) (0,2) (1,2) (2,2) (2,3) (4,3) (4,5) (4,6) (5,6) (6,6)
  facet 5837: (0,0) (0,1) (1,1) (1,2) (2,2) (2,3) (4,3) (4,5) (4,6) (5,6) (6,6)
  facet 5838: (0,0) (1,0) (1,1) (1,2) (2,2) (2,3) (4,3) (4,5) (4,6) (5,6) (6,6)
  facet 5839: (0,0) (0,1) (1,1) (2,1) (2,2) (2,3) (4,3) (4,5) (4,6) (5,6) (6,6)
  facet 5840: (0,0) (1,0) (1,1) (2,1) (2,2) (2,3) (4,3) (4,5) (4,6) (5,6) (6,6)
  facet 5841: (0,0) (1,0) (2,0) (2,1) (2,2) (2,3) (4,3) (4,5) (4,6) (5,6) (6,6)
  facet 5842: (0,0) (0,1) (0,2) (1,2) (2,2) (4,2) (4,3) (4,5) (4,6) (5,6) (6,6)
  facet 5843: (0,0) (0,1) (1,1) (1,2) (2,2) (4,2) (4,3) (4,5) (4,6) (5,6) (6,6)
  facet 5844: (0,0) (1,0) (1,1) (1,2) (2,2) (4,2) (4,3) (4,5) (4,6) (5,6) (6,6)
  facet 5845: (0,0) (0,1) (1,1) (2,1) (2,2) (4,2) (4,3) (4,5) (4,6) (5,6) (6,6)
  facet 5846: (0,0) (1,0) (1,1) (2,1) (2,2) (4,2) (4,3) (4,5) (4,6) (5,6) (6,6)
  facet 5847: (0,0) (1,0) (2,0) (2,1) (2,2) (4,2) (4,3) (4,5) (4,6) (5,6) (6,6)
  facet 5848: (0,0) (0,1) (1,1) (2,1) (4,1) (4,2) (4,3) (4,5) (4,6) (5,6) (6,6)
  facet 5849: (0,0) (1,0) (1,1) (2,1) (4,1) (4,2) (4,3) (4,5) (4,6) (5,6) (6,6)
  facet 5850: (0,0) (1,0) (2,0) (2,1) (4,1) (4,2) (4,3) (4,5) (4,6) (5,6) (6,6)
  facet 5851: (0,0) (1,0) (2,0) (4,0) (4,1) (4,2) (4,3) (4,5) (4,6) (5,6) (6,6)
  facet 5852: (0,0) (0,1) (0,2) (0,3) (0,5) (1,5) (2,5) (4,5) (5,5) (5,6) (6,6)
  facet 5853: (0,0) (0,1) (0,2) (0,3) (1,3) (1,5) (2,5) (4,5) (5,5) (5,6) (6,6)
  facet 5854: (0,0) (0,1) (0,2) (1,2) (1,3) (1,5) (2,5) (4,5) (5,5) (5,6) (6,6)
  facet 5855: (0,0) (0,1) (1,1) (1,2) (1,3) (1,5) (2,5) (4,5) (5,5) (5,6) (6,6)
  facet 5856: (0,0) (1,0) (1,1) (1,2) (1,3) (1,5) (2,5) (4,5) (5,5) (5,6) (6,6)
  facet 5857: (0,0) (0,1) (0,2) (0,3) (1,3) (2,3) (2,5) (4,5) (5,5) (5,6) (6,6)
  facet 5858: (0,0) (0,1) (0,2) (1,2) (1,3) (2,3) (2,5) (4,5) (5,5) (5,6) (6,6)
  facet 5859: (0,0) (0,1) (1,1) (1,2) (1,3) (2,3) (2,5) (4,5) (5,5) (5,6) (6,6)
  facet 5860: (0,0) (1,0) (1,1) (1,2) (1,3) (2,3) (2,5) (4,5) (5,5) (5,6) (6,6)
  facet 5861: (0,0) (0,1) (0,2) (1,2) (2,2) (2,3) (2,5) (4,5) (5,5) (5,6) (6,6)
  facet 5862: (0,0) (0,1) (1,1) (1,2) (2,2) (2,3) (2,5) (4,5) (5,5) (5,6) (6,6)
  facet 5863: (0,0) (1,0) (1,1) (1,2) (2,2) (2,3) (2,5) (4,5) (5,5) (5,6) (6,6)
  facet 5864: (0,0) (0,1) (1,1) (2,1) (2,2) (2,3) (2,5) (4,5) (5,5) (5,6) (6,6)
  facet 5865: (0,0) (1,0) (1,1) (2,1) (2,2) (2,3) (2,5) (4,5) (5,5) (5,6) (6,6)
  facet 5866: (0,0) (1,0) (2,0) (2,1) (2,2) (2,3) (2,5) (4,5) (5,5) (5,6) (6,6)
  facet 5867: (0,0) (0,1) (0,2) (0,3) (1,3) (2,3) (4,3) (4,5) (5,5) (5,6) (6,6)
  facet 5868: (0,0) (0,1) (0,2) (1,2) (1,3) (2,3) (4,3) (4,5) (5,5) (5,6) (6,6)
  facet 5869: (0,0) (0,1) (1,1) (1,2) (1,3) (2,3) (4,3) (4,5) (5,5) (5,6) (6,6)
  facet 5870: (0,0) (1,0) (1,1) (1,2) (1,3) (2,3) (4,3) (4,5) (5,5) (5,6) (6,6)
  facet 5871: (0,0) (0,1) (0,2) (1,2) (2,2) (2,3) (4,3) (4,5) (5,5) (5,6) (6,6)
  facet 5872: (0,0) (0,1) (1,1) (1,2) (2,2) (2,3) (4,3) (4,5) (5,5) (5,6) (6,6)
  facet 5873: (0,0) (1,0) (1,1) (1,2) (2,2) (2,3) (4,3) (4,5) (5,5) (5,6) (6,6)
  facet 5874: (0,0) (0,1) (1,1) (2,1) (2,2) (2,3) (4,3) (4,5) (5,5) (5,6) (6,6)
  facet 5875: (0,0) (1,0) (1,1) (2,1) (2,2) (2,3) (4,3) (4,5) (5,5) (5,6) (6,6)
  facet 5876: (0,0) (1,0) (2,0) (2,1) (2,2) (2,3) (4,3) (4,5) (5,5) (5,6) (6,6)
  facet 5877: (0,0) (0,1) (0,2) (1,2) (2,2) (4,2) (4,3) (4,5) (5,5) (5,6) (6,6)
  facet 5878: (0,0) (0,1) (1,1) (1,2) (2,2) (4,2) (4,3) (4,5) (5,5) (5,6) (6,6)
  facet 5879: (0,0) (1,0) (1,1) (1,2) (2,2) (4,2) (4,3) (4,5) (5,5) (5,6) (6,6)
  facet 5880: (0,0) (0,1) (1,1) (2,1) (2,2) (4,2) (4,3) (4,5) (5,5) (5,6) (6,6)
  facet 5881: (0,0) (1,0) (1,1) (2,1) (2,2) (4,2) (4,3) (4,5) (5,5) (5,6) (6,6)
  facet 5882: (0,0) (1,0) (2,0) (2,1) (2,2) (4,2) (4,3) (4,5) (5,5) (5,6) (6,6)
  facet 5883: (0,0) (0,1) (1,1) (2,1) (4,1) (4,2) (4,3) (4,5) (5,5) (5,6) (6,6)
  facet 5884: (0,0) (1,0) (1,1) (2,1) (4,1) (4,2) (4,3) (4,5) (5,5) (5,6) (6,6)
  facet 5885: (0,0) (1,0) (2,0) (2,1) (4,1) (4,2) (4,3) (4,5) (5,5) (5,6) (6,6)
  facet 5886: (0,0) (1,0) (2,0) (4,0) (4,1) (4,2) (4,3) (4,5) (5,5) (5,6) (6,6)
  facet 5887: (0,0) (0,1) (0,2) (0,3) (1,3) (2,3) (4,3) (5,3) (5,5) (5,6) (6,6)
  facet 5888: (0,0) (0,1) (0,2) (1,2) (1,3) (2,3) (4,3) (5,3) (5,5) (5,6) (6,6)
  facet 5889: (0,0) (0,1) (1,1) (1,2) (1,3) (2,3) (4,3) (5,3) (5,5) (5,6) (6,6)
  facet 5890: (0,0) (1,0) (1,1) (1,2) (1,3) (2,3) (4,3) (5,3) (5,5) (5,6) (6,6)
  facet 5891: (0,0) (0,1) (0,2) (1,2) (2,2) (2,3) (4,3) (5,3) (5,5) (5,6) (6,6)
  facet 5892: (0,0) (0,1) (1,1) (1,2) (2,2) (2,3) (4,3) (5,3) (5,5) (5,6) (6,6)
  facet 5893: (0,0) (1,0) (1,1) (1,2) (2,2) (2,3) (4,3) (5,3) (5,5) (5,6) (6,6)
  facet 5894: (0,0) (0,1) (1,1) (2,1) (2,2) (2,3) (4,3) (5,3) (5,5) (5,6) (6,6)
  facet 5895: (0,0) (1,0) (1,1) (2,1) (2,2) (2,3) (4,3) (5,3) (5,5) (5,6) (6,6)
  facet 5896: (0,0) (1,0) (2,0) (2,1) (2,2) (2,3) (4,3) (5,3) (5,5) (5,6) (6,6)
  facet 5897: (0,0) (0,1) (0,2) (1,2) (2,2) (4,2) (4,3) (5,3) (5,5) (5,6) (6,6)
  facet 5898: (0,0) (0,1) (1,1) (1,2) (2,2) (4,2) (4,3) (5,3) (5,5) (5,6) (6,6)
  facet 5899: (0,0) (1,0) (1,1) (1,2) (2,2) (4,2) (4,3) (5,3) (5,5) (5,6) (6,6)
  facet 5900: (0,0) (0,1) (1,1) (2,1) (2,2) (4,2) (4,3) (5,3) (5,5) (5,6) (6,6)
  facet 5901: (0,0) (1,0) (1,1) (2,1) (2,2) (4,2) (4,3) (5,3) (5,5) (5,6) (6,6)
  facet 5902: (0,0) (1,0) (2,0) (2,1) (2,2) (4,2) (4,3) (5,3) (5,5) (5,6) (6,6)
  facet 5903: (0,0) (0,1) (1,1) (2,1) (4,1) (4,2) (4,3) (5,3) (5,5) (5,6) (6,6)
  facet 5904: (0,0) (1,0) (1,1) (2,1) (4,1) (4,2) (4,3) (5,3) (5,5) (5,6) (6,6)
  facet 5905: (0,0) (1,0) (2,0) (2,1) (4,1) (4,2) (4,3) (5,3) (5,5) (5,6) (6,6)
  facet 5906: (0,0) (1,0) (2,0) (4,0) (4,1) (4,2) (4,3) (5,3) (5,5) (5,6) (6,6)
  facet 5907: (0,0) (0,1) (0,2) (1,2) (2,2) (4,2) (5,2) (5,3) (5,5) (5,6) (6,6)
  facet 5908: (0,0) (0,1) (1,1) (1,2) (2,2) (4,2) (5,2) (5,3) (5,5) (5,6) (6,6)
  facet 5909: (0,0) (1,0) (1,1) (1,2) (2,2) (4,2) (5,2) (5,3) (5,5) (5,6) (6,6)
  facet 5910: (0,0) (0,1) (1,1) (2,1) (2,2) (4,2) (5,2) (5,3) (5,5) (5,6) (6,6)
  facet 5911: (0,0) (1,0) (1,1) (2,1) (2,2) (4,2) (5,2) (5,3) (5,5) (5,6) (6,6)
  facet 5912: (0,0) (1,0) (2,0) (2,1) (2,2) (4,2) (5,2) (5,3) (5,5) (5,6) (6,6)
  facet 5913: (0,0) (0,1) (1,1) (2,1) (4,1) (4,2) (5,2) (5,3) (5,5) (5,6) (6,6)
  facet 5914: (0,0) (1,0) (1,1) (2,1) (4,1) (4,2) (5,2) (5,3) (5,5) (5,6) (6,6)
  facet 5915: (0,0) (1,0) (2,0) (2,1) (4,1) (4,2) (5,2) (5,3) (5,5) (5,6) (6,6)
  facet 5916: (0,0) (1,0) (2,0) (4,0) (4,1) (4,2) (5,2) (5,3) (5,5) (5,6) (6,6)
  facet 5917: (0,0) (0,1) (1,1) (2,1) (4,1) (5,1) (5,2) (5,3) (5,5) (5,6) (6,6)
  facet 5918: (0,0) (1,0) (1,1) (2,1) (4,1) (5,1) (5,2) (5,3) (5,5) (5,6) (6,6)
  facet 5919: (0,0) (1,0) (2,0) (2,1) (4,1) (5,1) (5,2) (5,3) (5,5) (5,6) (6,6)
  facet 5920: (0,0) (1,0) (2,0) (4,0) (4,1) (5,1) (5,2) (5,3) (5,5) (5,6) (6,6)
  facet 5921: (0,0) (1,0) (2,0) (4,0) (5,0) (5,1) (5,2) (5,3) (5,5) (5,6) (6,6)
  facet 5922: (0,0) (0,1) (0,2) (0,3) (0,5) (1,5) (2,5) (4,5) (5,5) (6,5) (6,6)
  facet 5923: (0,0) (0,1) (0,2) (0,3) (1,3) (1,5) (2,5) (4,5) (5,5) (6,5) (6,6)
  facet 5924: (0,0) (0,1) (0,2) (1,2) (1,3) (1,5) (2,5) (4,5) (5,5) (6,5) (6,6)
  facet 5925: (0,0) (0,1) (1,1) (1,2) (1,3) (1,5) (2,5) (4,5) (5,5) (6,5) (6,6)
  facet 5926: (0,0) (1,0) (1,1) (1,2) (1,3) (1,5) (2,5) (4,5) (5,5) (6,5) (6,6)
  facet 5927: (0,0) (0,1) (0,2) (0,3) (1,3) (2,3) (2,5) (4,5) (5,5) (6,5) (6,6)
  facet 5928: (0,0) (0,1) (0,2) (1,2) (1,3) (2,3) (2,5) (4,5) (5,5) (6,5) (6,6)
  facet 5929: (0,0) (0,1) (1,1) (1,2) (1,3) (2,3) (2,5) (4,5) (5,5) (6,5) (6,6)
  facet 5930: (0,0) (1,0) (1,1) (1,2) (1,3) (2,3) (2,5) (4,5) (5,5) (6,5) (6,6)
  facet 5931: (0,0) (0,1) (0,2) (1,2) (2,2) (2,3) (2,5) (4,5) (5,5) (6,5) (6,6)
  facet 5932: (0,0) (0,1) (1,1) (1,2) (2,2) (2,3) (2,5) (4,5) (5,5) (6,5) (6,6)
  facet 5933: (0,0) (1,0) (1,1) (1,2) (2,2) (2,3) (2,5) (4,5) (5,5) (6,5) (6,6)
  facet 5934: (0,0) (0,1) (1,1) (2,1) (2,2) (2,3) (2,5) (4,5) (5,5) (6,5) (6,6)
  facet 5935: (0,0) (1,0) (1,1) (2,1) (2,2) (2,3) (2,5) (4,5) (5,5) (6,5) (6,6)
  facet 5936: (0,0) (1,0) (2,0) (2,1) (2,2) (2,3) (2,5) (4,5) (5,5) (6,5) (6,6)
  facet 5937: (0,0) (0,1) (0,2) (0,3) (1,3) (2,3) (4,3) (4,5) (5,5) (6,5) (6,6)
  facet 5938: (0,0) (0,1) (0,2) (1,2) (1,3) (2,3) (4,3) (4,5) (5,5) (6,5) (6,6)
  facet 5939: (0,0) (0,1) (1,1) (1,2) (1,3) (2,3) (4,3) (4,5) (5,5) (6,5) (6,6)
  facet 5940: (0,0) (1,0) (1,1) (1,2) (1,3) (2,3) (4,3) (4,5) (5,5) (6,5) (6,6)
  facet 5941: (0,0) (0,1) (0,2) (1,2) (2,2) (2,3) (4,3) (4,5) (5,5) (6,5) (6,6)
  facet 5942: (0,0) (0,1) (1,1) (1,2) (2,2) (2,3) (4,3) (4,5) (5,5) (6,5) (6,6)
  facet 5943: (0,0) (1,0) (1,1) (1,2) (2,2) (2,3) (4,3) (4,5) (5,5) (6,5) (6,6)
  facet 5944: (0,0) (0,1) (1,1) (2,1) (2,2) (2,3) (4,3) (4,5) (5,5) (6,5) (6,6)
  facet 5945: (0,0) (1,0) (1,1) (2,1) (2,2) (2,3) (4,3) (4,5) (5,5) (6,5) (6,6)
  facet 5946: (0,0) (1,0) (2,0) (2,1) (2,2) (2,3) (4,3) (4,5) (5,5) (6,5) (6,6)
  facet 5947: (0,0) (0,1) (0,2) (1,2) (2,2) (4,2) (4,3) (4,5) (5,5) (6,5) (6,6)
  facet 5948: (0,0) (0,1) (1,1) (1,2) (2,2) (4,2) (4,3) (4,5) (5,5) (6,5) (6,6)
  facet 5949: (0,0) (1,0) (1,1) (1,2) (2,2) (4,2) (4,3) (4,5) (5,5) (6,5) (6,6)
  facet 5950: (0,0) (0,1) (1,1) (2,1) (2,2) (4,2) (4,3) (4,5) (5,5) (6,5) (6,6)
  facet 5951: (0,0) (1,0) (1,1) (2,1) (2,2) (4,2) (4,3) (4,5) (5,5) (6,5) (6,6)
  facet 5952: (0,0) (1,0) (2,0) (2,1) (2,2) (4,2) (4,3) (4,5) (5,5) (6,5) (6,6)
  facet 5953: (0,0) (0,1) (1,1) (2,1) (4,1) (4,2) (4,3) (4,5) (5,5) (6,5) (6,6)
  facet 5954: (0,0) (1,0) (1,1) (2,1) (4,1) (4,2) (4,3) (4,5) (5,5) (6,5) (6,6)
  facet 5955: (0,0) (1,0) (2,0) (2,1) (4,1) (4,2) (4,3) (4,5) (5,5) (6,5) (6,6)
  facet 5956: (0,0) (1,0) (2,0) (4,0) (4,1) (4,2) (4,3) (4,5) (5,5) (6,5) (6,6)
  facet 5957: (0,0) (0,1) (0,2) (0,3) (1,3) (2,3) (4,3) (5,3) (5,5) (6,5) (6,6)
  facet 5958: (0,0) (0,1) (0,2) (1,2) (1,3) (2,3) (4,3) (5,3) (5,5) (6,5) (6,6)
  facet 5959: (0,0) (0,1) (1,1) (1,2) (1,3) (2,3) (4,3) (5,3) (5,5) (6,5) (6,6)
  facet 5960: (0,0) (1,0) (1,1) (1,2) (1,3) (2,3) (4,3) (5,3) (5,5) (6,5) (6,6)
  facet 5961: (0,0) (0,1) (0,2) (1,2) (2,2) (2,3) (4,3) (5,3) (5,5) (6,5) (6,6)
  facet 5962: (0,0) (0,1) (1,1) (1,2) (2,2) (2,3) (4,3) (5,3) (5,5) (6,5) (6,6)
  facet 5963: (0,0) (1,0) (1,1) (1,2) (2,2) (2,3) (4,3) (5,3) (5,5) (6,5) (6,6)
  facet 5964: (0,0) (0,1) (1,1) (2,1) (2,2) (2,3) (4,3) (5,3) (5,5) (6,5) (6,6)
  facet 5965: (0,0) (1,0) (1,1) (2,1) (2,2) (2,3) (4,3) (5,3) (5,5) (6,5) (6,6)
  facet 5966: (0,0) (1,0) (2,0) (2,1) (2,2) (2,3) (4,3) (5,3) (5,5) (6,5) (6,6)
  facet 5967: (0,0) (0,1) (0,2) (1,2) (2,2) (4,2) (4,3) (5,3) (5,5) (6,5) (6,6)
  facet 5968: (0,0) (0,1) (1,1) (1,2) (2,2) (4,2) (4,3) (5,3) (5,5) (6,5) (6,6)
  facet 5969: (0,0) (1,0) (1,1) (1,2) (2,2) (4,2) (4,3) (5,3) (5,5) (6,5) (6,6)
  facet 5970: (0,0) (0,1) (1,1) (2,1) (2,2) (4,2) (4,3) (5,3) (5,5) (6,5) (6,6)
  facet 5971: (0,0) (1,0) (1,1) (2,1) (2,2) (4,2) (4,3) (5,3) (5,5) (6,5) (6,6)
  facet 5972: (0,0) (1,0) (2,0) (2,1) (2,2) (4,2) (4,3) (5,3) (5,5) (6,5) (6,6)
  facet 5973: (0,0) (0,1) (1,1) (2,1) (4,1) (4,2) (4,3) (5,3) (5,5) (6,5) (6,6)
  facet 5974: (0,0) (1,0) (1,1) (2,1) (4,1) (4,2) (4,3) (5,3) (5,5) (6,5) (6,6)
  facet 5975: (0,0) (1,0) (2,0) (2,1) (4,1) (4,2) (4,3) (5,3) (5,5) (6,5) (6,6)
  facet 5976: (0,0) (1,0) (2,0) (4,0) (4,1) (4,2) (4,3) (5,3) (5,5) (6,5) (6,6)
  facet 5977: (0,0) (0,1) (0,2) (1,2) (2,2) (4,2) (5,2) (5,3) (5,5) (6,5) (6,6)
  facet 5978: (0,0) (0,1) (1,1) (1,2) (2,2) (4,2) (5,2) (5,3) (5,5) (6,5) (6,6)
  facet 5979: (0,0) (1,0) (1,1) (1,2) (2,2) (4,2) (5,2) (5,3) (5,5) (6,5) (6,6)
  facet 5980: (0,0) (0,1) (1,1) (2,1) (2,2) (4,2) (5,2) (5,3) (5,5) (6,5) (6,6)
  facet 5981: (0,0) (1,0) (1,1) (2,1) (2,2) (4,2) (5,2) (5,3) (5,5) (6,5) (6,6)
  facet 5982: (0,0) (1,0) (2,0) (2,1) (2,2) (4,2) (5,2) (5,3) (5,5) (6,5) (6,6)
  facet 5983: (0,0) (0,1) (1,1) (2,1) (4,1) (4,2) (5,2) (5,3) (5,5) (6,5) (6,6)
  facet 5984: (0,0) (1,0) (1,1) (2,1) (4,1) (4,2) (5,2) (5,3) (5,5) (6,5) (6,6)
  facet 5985: (0,0) (1,0) (2,0) (2,1) (4,1) (4,2) (5,2) (5,3) (5,5) (6,5) (6,6)
  facet 5986: (0,0) (1,0) (2,0) (4,0) (4,1) (4,2) (5,2) (5,3) (5,5) (6,5) (6,6)
  facet 5987: (0,0) (0,1) (1,1) (2,1) (4,1) (5,1) (5,2) (5,3) (5,5) (6,5) (6,6)
  facet 5988: (0,0) (1,0) (1,1) (2,1) (4,1) (5,1) (5,2) (5,3) (5,5) (6,5) (6,6)
  facet 5989: (0,0) (1,0) (2,0) (2,1) (4,1) (5,1) (5,2) (5,3) (5,5) (6,5) (6,6)
  facet 5990: (0,0) (1,0) (2,0) (4,0) (4,1) (5,1) (5,2) (5,3) (5,5) (6,5) (6,6)
  facet 5991: (0,0) (1,0) (2,0) (4,0) (5,0) (5,1) (5,2) (5,3) (5,5) (6,5) (6,6)
  facet 5992: (0,0) (0,1) (0,2) (0,3) (1,3) (2,3) (4,3) (5,3) (6,3) (6,5) (6,6)
  facet 5993: (0,0) (0,1) (0,2) (1,2) (1,3) (2,3) (4,3) (5,3) (6,3) (6,5) (6,6)
  facet 5994: (0,0) (0,1) (1,1) (1,2) (1,3) (2,3) (4,3) (5,3) (6,3) (6,5) (6,6)
  facet 5995: (0,0) (1,0) (1,1) (1,2) (1,3) (2,3) (4,3) (5,3) (6,3) (6,5) (6,6)
  facet 5996: (0,0) (0,1) (0,2) (1,2) (2,2) (2,3) (4,3) (5,3) (6,3) (6,5) (6,6)
  facet 5997: (0,0) (0,1) (1,1) (1,2) (2,2) (2,3) (4,3) (5,3) (6,3) (6,5) (6,6)
  facet 5998: (0,0) (1,0) (1,1) (1,2) (2,2) (2,3) (4,3) (5,3) (6,3) (6,5) (6,6)
  facet 5999: (0,0) (0,1) (1,1) (2,1) (2,2) (2,3) (4,3) (5,3) (6,3) (6,5) (6,6)
  facet 6000: (0,0) (1,0) (1,1) (2,1) (2,2) (2,3) (4,3) (5,3) (6,3) (6,5) (6,6)
  facet 6001: (0,0) (1,0) (2,0) (2,1) (2,2) (2,3) (4,3) (5,3) (6,3) (6,5) (6,6)
  facet 6002: (0,0) (0,1) (0,2) (1,2) (2,2) (4,2) (4,3) (5,3) (6,3) (6,5) (6,6)
  facet 6003: (0,0) (0,1) (1,1) (1,2) (2,2) (4,2) (4,3) (5,3) (6,3) (6,5) (6,6)
  facet 6004: (0,0) (1,0) (1,1) (1,2) (2,2) (4,2) (4,3) (5,3) (6,3) (6,5) (6,6)
  facet 6005: (0,0) (0,1) (1,1) (2,1) (2,2) (4,2) (4,3) (5,3) (6,3) (6,5) (6,6)
  facet 6006: (0,0) (1,0) (1,1) (2,1) (2,2) (4,2) (4,3) (5,3) (6,3) (6,5) (6,6)
  facet 6007: (0,0) (1,0) (2,0) (2,1) (2,2) (4,2) (4,3) (5,3) (6,3) (6,5) (6,6)
  facet 6008: (0,0) (0,1) (1,1) (2,1) (4,1) (4,2) (4,3) (5,3) (6,3) (6,5) (6,6)
  facet 6009: (0,0) (1,0) (1,1) (2,1) (4,1) (4,2) (4,3) (5,3) (6,3) (6,5) (6,6)
  facet 6010: (0,0) (1,0) (2,0) (2,1) (4,1) (4,2) (4,3) (5,3) (6,3) (6,5) (6,6)
  facet 6011: (0,0) (1,0) (2,0) (4,0) (4,1) (4,2) (4,3) (5,3) (6,3) (6,5) (6,6)
  facet 6012: (0,0) (0,1) (0,2) (1,2) (2,2) (4,2) (5,2) (5,3) (6,3) (6,5) (6,6)
  facet 6013: (0,0) (0,1) (1,1) (1,2) (2,2) (4,2) (5,2) (5,3) (6,3) (6,5) (6,6)
  facet 6014: (0,0) (1,0) (1,1) (1,2) (2,2) (4,2) (5,2) (5,3) (6,3) (6,5) (6,6)
  facet 6015: (0,0) (0,1) (1,1) (2,1) (2,2) (4,2) (5,2) (5,3) (6,3) (6,5) (6,6)
  facet 6016: (0,0) (1,0) (1,1) (2,1) (2,2) (4,2) (5,2) (5,3) (6,3) (6,5) (6,6)
  facet 6017: (0,0) (1,0) (2,0) (2,1) (2,2) (4,2) (5,2) (5,3) (6,3) (6,5) (6,6)
  facet 6018: (0,0) (0,1) (1,1) (2,1) (4,1) (4,2) (5,2) (5,3) (6,3) (6,5) (6,6)
  facet 6019: (0,0) (1,0) (1,1) (2,1) (4,1) (4,2) (5,2) (5,3) (6,3) (6,5) (6,6)
  facet 6020: (0,0) (1,0) (2,0) (2,1) (4,1) (4,2) (5,2) (5,3) (6,3) (6,5) (6,6)
  facet 6021: (0,0) (1,0) (2,0) (4,0) (4,1) (4,2) (5,2) (5,3) (6,3) (6,5) (6,6)
  facet 6022: (0,0) (0,1) (1,1) (2,1) (4,1) (5,1) (5,2) (5,3) (6,3) (6,5) (6,6)
  facet 6023: (0,0) (1,0) (1,1) (2,1) (4,1) (5,1) (5,2) (5,3) (6,3) (6,5) (6,6)
  facet 6024: (0,0) (1,0) (2,0) (2,1) (4,1) (5,1) (5,2) (5,3) (6,3) (6,5) (6,6)
  facet 6025: (0,0) (1,0) (2,0) (4,0) (4,1) (5,1) (5,2) (5,3) (6,3) (6,5) (6,6)
  facet 6026: (0,0) (1,0) (2,0) (4,0) (5,0) (5,1) (5,2) (5,3) (6,3) (6,5) (6,6)
  facet 6027: (0,0) (0,1) (0,2) (1,2) (2,2) (4,2) (5,2) (6,2) (6,3) (6,5) (6,6)
  facet 6028: (0,0) (0,1) (1,1) (1,2) (2,2) (4,2) (5,2) (6,2) (6,3) (6,5) (6,6)
  facet 6029: (0,0) (1,0) (1,1) (1,2) (2,2) (4,2) (5,2) (6,2) (6,3) (6,5) (6,6)
  facet 6030: (0,0) (0,1) (1,1) (2,1) (2,2) (4,2) (5,2) (6,2) (6,3) (6,5) (6,6)
  facet 6031: (0,0) (1,0) (1,1) (2,1) (2,2) (4,2) (5,2) (6,2) (6,3) (6,5) (6,6)
  facet 6032: (0,0) (1,0) (2,0) (2,1) (2,2) (4,2) (5,2) (6,2) (6,3) (6,5) (6,6)
  facet 6033: (0,0) (0,1) (1,1) (2,1) (4,1) (4,2) (5,2) (6,2) (6,3) (6,5) (6,6)
  facet 6034: (0,0) (1,0) (1,1) (2,1) (4,1) (4,2) (5,2) (6,2) (6,3) (6,5) (6,6)
  facet 6035: (0,0) (1,0) (2,0) (2,1) (4,1) (4,2) (5,2) (6,2) (6,3) (6,5) (6,6)
  facet 6036: (0,0) (1,0) (2,0) (4,0) (4,1) (4,2) (5,2) (6,2) (6,3) (6,5) (6,6)
  facet 6037: (0,0) (0,1) (1,1) (2,1) (4,1) (5,1) (5,2) (6,2) (6,3) (6,5) (6,6)
  facet 6038: (0,0) (1,0) (1,1) (2,1) (4,1) (5,1) (5,2) (6,2) (6,3) (6,5) (6,6)
  facet 6039: (0,0) (1,0) (2,0) (2,1) (4,1) (5,1) (5,2) (6,2) (6,3) (6,5) (6,6)
  facet 6040: (0,0) (1,0) (2,0) (4,0) (4,1) (5,1) (5,2) (6,2) (6,3) (6,5) (6,6)
  facet 6041: (0,0) (1,0) (2,0) (4,0) (5,0) (5,1) (5,2) (6,2) (6,3) (6,5) (6,6)
  facet 6042: (0,0) (0,1) (1,1) (2,1) (4,1) (5,1) (6,1) (6,2) (6,3) (6,5) (6,6)
  facet 6043: (0,0) (1,0) (1,1) (2,1) (4,1) (5,1) (6,1) (6,2) (6,3) (6,5) (6,6)
  facet 6044: (0,0) (1,0) (2,0) (2,1) (4,1) (5,1) (6,1) (6,2) (6,3) (6,5) (6,6)
  facet 6045: (0,0) (1,0) (2,0) (4,0) (4,1) (5,1) (6,1) (6,2) (6,3) (6,5) (6,6)
  facet 6046: (0,0) (1,0) (2,0) (4,0) (5,0) (5,1) (6,1) (6,2) (6,3) (6,5) (6,6)
  facet 6047: (0,0) (1,0) (2,0) (4,0) (5,0) (6,0) (6,1) (6,2) (6,3) (6,5) (6,6)
  facet 6048: (0,0) (0,1) (0,2) (0,4) (0,5) (0,6) (1,6) (2,6) (4,6) (5,6) (6,6)
  facet 6049: (0,0) (0,1) (0,2) (0,4) (0,5) (1,5) (1,6) (2,6) (4,6) (5,6) (6,6)
  facet 6050: (0,0) (0,1) (0,2) (0,4) (1,4) (1,5) (1,6) (2,6) (4,6) (5,6) (6,6)
  facet 6051: (0,0) (0,1) (0,2) (1,2) (1,4) (1,5) (1,6) (2,6) (4,6) (5,6) (6,6)
  facet 6052: (0,0) (0,1) (1,1) (1,2) (1,4) (1,5) (1,6) (2,6) (4,6) (5,6) (6,6)
  facet 6053: (0,0) (1,0) (1,1) (1,2) (1,4) (1,5) (1,6) (2,6) (4,6) (5,6) (6,6)
  facet 6054: (0,0) (0,1) (0,2) (0,4) (0,5) (1,5) (2,5) (2,6) (4,6) (5,6) (6,6)
  facet 6055: (0,0) (0,1) (0,2) (0,4) (1,4) (1,5) (2,5) (2,6) (4,6) (5,6) (6,6)
  facet 6056: (0,0) (0,1) (0,2) (1,2) (1,4) (1,5) (2,5) (2,6) (4,6) (5,6) (6,6)
  facet 6057: (0,0) (0,1) (1,1) (1,2) (1,4) (1,5) (2,5) (2,6) (4,6) (5,6) (6,6)
  facet 6058: (0,0) (1,0) (1,1) (1,2) (1,4) (1,5) (2,5) (2,6) (4,6) (5,6) (6,6)
  facet 6059: (0,0) (0,1) (0,2) (0,4) (1,4) (2,4) (2,5) (2,6) (4,6) (5,6) (6,6)
  facet 6060: (0,0) (0,1) (0,2) (1,2) (1,4) (2,4) (2,5) (2,6) (4,6) (5,6) (6,6)
  facet 6061: (0,0) (0,1) (1,1) (1,2) (1,4) (2,4) (2,5) (2,6) (4,6) (5,6) (6,6)
  facet 6062: (0,0) (1,0) (1,1) (1,2) (1,4) (2,4) (2,5) (2,6) (4,6) (5,6) (6,6)
  facet 6063: (0,0) (0,1) (0,2) (1,2) (2,2) (2,4) (2,5) (2,6) (4,6) (5,6) (6,6)
  facet 6064: (0,0) (0,1) (1,1) (1,2) (2,2) (2,4) (2,5) (2,6) (4,6) (5,6) (6,6)
  facet 6065: (0,0) (1,0) (1,1) (1,2) (2,2) (2,4) (2,5) (2,6) (4,6) (5,6) (6,6)
  facet 6066: (0,0) (0,1) (1,1) (2,1) (2,2) (2,4) (2,5) (2,6) (4,6) (5,6) (6,6)
  facet 6067: (0,0) (1,0) (1,1) (2,1) (2,2) (2,4) (2,5) (2,6) (4,6) (5,6) (6,6)
  facet 6068: (0,0) (1,0) (2,0) (2,1) (2,2) (2,4) (2,5) (2,6) (4,6) (5,6) (6,6)
  facet 6069: (0,0) (0,1) (0,2) (0,4) (0,5) (1,5) (2,5) (4,5) (4,6) (5,6) (6,6)
  facet 6070: (0,0) (0,1) (0,2) (0,4) (1,4) (1,5) (2,5) (4,5) (4,6) (5,6) (6,6)
  facet 6071: (0,0) (0,1) (0,2) (1,2) (1,4) (1,5) (2,5) (4,5) (4,6) (5,6) (6,6)
  facet 6072: (0,0) (0,1) (1,1) (1,2) (1,4) (1,5) (2,5) (4,5) (4,6) (5,6) (6,6)
  facet 6073: (0,0) (1,0) (1,1) (1,2) (1,4) (1,5) (2,5) (4,5) (4,6) (5,6) (6,6)
  facet 6074: (0,0) (0,1) (0,2) (0,4) (1,4) (2,4) (2,5) (4,5) (4,6) (5,6) (6,6)
  facet 6075: (0,0) (0,1) (0,2) (1,2) (1,4) (2,4) (2,5) (4,5) (4,6) (5,6) (6,6)
  facet 6076: (0,0) (0,1) (1,1) (1,2) (1,4) (2,4) (2,5) (4,5) (4,6) (5,6) (6,6)
  facet 6077: (0,0) (1,0) (1,1) (1,2) (1,4) (2,4) (2,5) (4,5) (4,6) (5,6) (6,6)
  facet 6078: (0,0) (0,1) (0,2) (1,2) (2,2) (2,4) (2,5) (4,5) (4,6) (5,6) (6,6)
  facet 6079: (0,0) (0,1) (1,1) (1,2) (2,2) (2,4) (2,5) (4,5) (4,6) (5,6) (6,6)
  facet 6080: (0,0) (1,0) (1,1) (1,2) (2,2) (2,4) (2,5) (4,5) (4,6) (5,6) (6,6)
  facet 6081: (0,0) (0,1) (1,1) (2,1) (2,2) (2,4) (2,5) (4,5) (4,6) (5,6) (6,6)
  facet 6082: (0,0) (1,0) (1,1) (2,1) (2,2) (2,4) (2,5) (4,5) (4,6) (5,6) (6,6)
  facet 6083: (0,0) (1,0) (2,0) (2,1) (2,2) (2,4) (2,5) (4,5) (4,6) (5,6) (6,6)
  facet 6084: (0,0) (0,1) (0,2) (0,4) (1,4) (2,4) (4,4) (4,5) (4,6) (5,6) (6,6)
  facet 6085: (0,0) (0,1) (0,2) (1,2) (1,4) (2,4) (4,4) (4,5) (4,6) (5,6) (6,6)
  facet 6086: (0,0) (0,1) (1,1) (1,2) (1,4) (2,4) (4,4) (4,5) (4,6) (5,6) (6,6)
  facet 6087: (0,0) (1,0) (1,1) (1,2) (1,4) (2,4) (4,4) (4,5) (4,6) (5,6) (6,6)
  facet 6088: (0,0) (0,1) (0,2) (1,2) (2,2) (2,4) (4,4) (4,5) (4,6) (5,6) (6,6)
  facet 6089: (0,0) (0,1) (1,1) (1,2) (2,2) (2,4) (4,4) (4,5) (4,6) (5,6) (6,6)
  facet 6090: (0,0) (1,0) (1,1) (1,2) (2,2) (2,4) (4,4) (4,5) (4,6) (5,6) (6,6)
  facet 6091: (0,0) (0,1) (1,1) (2,1) (2,2) (2,4) (4,4) (4,5) (4,6) (5,6) (6,6)
  facet 6092: (0,0) (1,0) (1,1) (2,1) (2,2) (2,4) (4,4) (4,5) (4,6) (5,6) (6,6)
  facet 6093: (0,0) (1,0) (2,0) (2,1) (2,2) (2,4) (4,4) (4,5) (4,6) (5,6) (6,6)
  facet 6094: (0,0) (0,1) (0,2) (1,2) (2,2) (4,2) (4,4) (4,5) (4,6) (5,6) (6,6)
  facet 6095: (0,0) (0,1) (1,1) (1,2) (2,2) (4,2) (4,4) (4,5) (4,6) (5,6) (6,6)
  facet 6096: (0,0) (1,0) (1,1) (1,2) (2,2) (4,2) (4,4) (4,5) (4,6) (5,6) (6,6)
  facet 6097: (0,0) (0,1) (1,1) (2,1) (2,2) (4,2) (4,4) (4,5) (4,6) (5,6) (6,6)
  facet 6098: (0,0) (1,0) (1,1) (2,1) (2,2) (4,2) (4,4) (4,5) (4,6) (5,6) (6,6)
  facet 6099: (0,0) (1,0) (2,0) (2,1) (2,2) (4,2) (4,4) (4,5) (4,6) (5,6) (6,6)
  facet 6100: (0,0) (0,1) (1,1) (2,1) (4,1) (4,2) (4,4) (4,5) (4,6) (5,6) (6,6)
  facet 6101: (0,0) (1,0) (1,1) (2,1) (4,1) (4,2) (4,4) (4,5) (4,6) (5,6) (6,6)
  facet 6102: (0,0) (1,0) (2,0) (2,1) (4,1) (4,2) (4,4) (4,5) (4,6) (5,6) (6,6)
  facet 6103: (0,0) (1,0) (2,0) (4,0) (4,1) (4,2) (4,4) (4,5) (4,6) (5,6) (6,6)
  facet 6104: (0,0) (0,1) (0,2) (0,4) (0,5) (1,5) (2,5) (4,5) (5,5) (5,6) (6,6)
  facet 6105: (0,0) (0,1) (0,2) (0,4) (1,4) (1,5) (2,5) (4,5) (5,5) (5,6) (6,6)
  facet 6106: (0,0) (0,1) (0,2) (1,2) (1,4) (1,5) (2,5) (4,5) (5,5) (5,6) (6,6)
  facet 6107: (0,0) (0,1) (1,1) (1,2) (1,4) (1,5) (2,5) (4,5) (5,5) (5,6) (6,6)
  facet 6108: (0,0) (1,0) (1,1) (1,2) (1,4) (1,5) (2,5) (4,5) (5,5) (5,6) (6,6)
  facet 6109: (0,0) (0,1) (0,2) (0,4) (1,4) (2,4) (2,5) (4,5) (5,5) (5,6) (6,6)
  facet 6110: (0,0) (0,1) (0,2) (1,2) (1,4) (2,4) (2,5) (4,5) (5,5) (5,6) (6,6)
  facet 6111: (0,0) (0,1) (1,1) (1,2) (1,4) (2,4) (2,5) (4,5) (5,5) (5,6) (6,6)
  facet 6112: (0,0) (1,0) (1,1) (1,2) (1,4) (2,4) (2,5) (4,5) (5,5) (5,6) (6,6)
  facet 6113: (0,0) (0,1) (0,2) (1,2) (2,2) (2,4) (2,5) (4,5) (5,5) (5,6) (6,6)
  facet 6114: (0,0) (0,1) (1,1) (1,2) (2,2) (2,4) (2,5) (4,5) (5,5) (5,6) (6,6)
  facet 6115: (0,0) (1,0) (1,1) (1,2) (2,2) (2,4) (2,5) (4,5) (5,5) (5,6) (6,6)
  facet 6116: (0,0) (0,1) (1,1) (2,1) (2,2) (2,4) (2,5) (4,5) (5,5) (5,6) (6,6)
  facet 6117: (0,0) (1,0) (1,1) (2,1) (2,2) (2,4) (2,5) (4,5) (5,5) (5,6) (6,6)
  facet 6118: (0,0) (1,0) (2,0) (2,1) (2,2) (2,4) (2,5) (4,5) (5,5) (5,6) (6,6)
  facet 6119: (0,0) (0,1) (0,2) (0,4) (1,4) (2,4) (4,4) (4,5) (5,5) (5,6) (6,6)
  facet 6120: (0,0) (0,1) (0,2) (1,2) (1,4) (2,4) (4,4) (4,5) (5,5) (5,6) (6,6)
  facet 6121: (0,0) (0,1) (1,1) (1,2) (1,4) (2,4) (4,4) (4,5) (5,5) (5,6) (6,6)
  facet 6122: (0,0) (1,0) (1,1) (1,2) (1,4) (2,4) (4,4) (4,5) (5,5) (5,6) (6,6)
  facet 6123: (0,0) (0,1) (0,2) (1,2) (2,2) (2,4) (4,4) (4,5) (5,5) (5,6) (6,6)
  facet 6124: (0,0) (0,1) (1,1) (1,2) (2,2) (2,4) (4,4) (4,5) (5,5) (5,6) (6,6)
  facet 6125: (0,0) (1,0) (1,1) (1,2) (2,2) (2,4) (4,4) (4,5) (5,5) (5,6) (6,6)
  facet 6126: (0,0) (0,1) (1,1) (2,1) (2,2) (2,4) (4,4) (4,5) (5,5) (5,6) (6,6)
  facet 6127: (0,0) (1,0) (1,1) (2,1) (2,2) (2,4) (4,4) (4,5) (5,5) (5,6) (6,6)
  facet 6128: (0,0) (1,0) (2,0) (2,1) (2,2) (2,4) (4,4) (4,5) (5,5) (5,6) (6,6)
  facet 6129: (0,0) (0,1) (0,2) (1,2) (2,2) (4,2) (4,4) (4,5) (5,5) (5,6) (6,6)
  facet 6130: (0,0) (0,1) (1,1) (1,2) (2,2) (4,2) (4,4) (4,5) (5,5) (5,6) (6,6)
  facet 6131: (0,0) (1,0) (1,1) (1,2) (2,2) (4,2) (4,4) (4,5) (5,5) (5,6) (6,6)
  facet 6132: (0,0) (0,1) (1,1) (2,1) (2,2) (4,2) (4,4) (4,5) (5,5) (5,6) (6,6)
  facet 6133: (0,0) (1,0) (1,1) (2,1) (2,2) (4,2) (4,4) (4,5) (5,5) (5,6) (6,6)
  facet 6134: (0,0) (1,0) (2,0) (2,1) (2,2) (4,2) (4,4) (4,5) (5,5) (5,6) (6,6)
  facet 6135: (0,0) (0,1) (1,1) (2,1) (4,1) (4,2) (4,4) (4,5) (5,5) (5,6) (6,6)
  facet 6136: (0,0) (1,0) (1,1) (2,1) (4,1) (4,2) (4,4) (4,5) (5,5) (5,6) (6,6)
  facet 6137: (0,0) (1,0) (2,0) (2,1) (4,1) (4,2) (4,4) (4,5) (5,5) (5,6) (6,6)
  facet 6138: (0,0) (1,0) (2,0) (4,0) (4,1) (4,2) (4,4) (4,5) (5,5) (5,6) (6,6)
  facet 6139: (0,0) (0,1) (0,2) (0,4) (1,4) (2,4) (4,4) (5,4) (5,5) (5,6) (6,6)
  facet 6140: (0,0) (0,1) (0,2) (1,2) (1,4) (2,4) (4,4) (5,4) (5,5) (5,6) (6,6)
  facet 6141: (0,0) (0,1) (1,1) (1,2) (1,4) (2,4) (4,4) (5,4) (5,5) (5,6) (6,6)
  facet 6142: (0,0) (1,0) (1,1) (1,2) (1,4) (2,4) (4,4) (5,4) (5,5) (5,6) (6,6)
  facet 6143: (0,0) (0,1) (0,2) (1,2) (2,2) (2,4) (4,4) (5,4) (5,5) (5,6) (6,6)
  facet 6144: (0,0) (0,1) (1,1) (1,2) (2,2) (2,4) (4,4) (5,4) (5,5) (5,6) (6,6)
  facet 6145: (0,0) (1,0) (1,1) (1,2) (2,2) (2,4) (4,4) (5,4) (5,5) (5,6) (6,6)
  facet 6146: (0,0) (0,1) (1,1) (2,1) (2,2) (2,4) (4,4) (5,4) (5,5) (5,6) (6,6)
  facet 6147: (0,0) (1,0) (1,1) (2,1) (2,2) (2,4) (4,4) (5,4) (5,5) (5,6) (6,6)
  facet 6148: (0,0) (1,0) (2,0) (2,1) (2,2) (2,4) (4,4) (5,4) (5,5) (5,6) (6,6)
  facet 6149: (0,0) (0,1) (0,2) (1,2) (2,2) (4,2) (4,4) (5,4) (5,5) (5,6) (6,6)
  facet 6150: (0,0) (0,1) (1,1) (1,2) (2,2) (4,2) (4,4) (5,4) (5,5) (5,6) (6,6)
  facet 6151: (0,0) (1,0) (1,1) (1,2) (2,2) (4,2) (4,4) (5,4) (5,5) (5,6) (6,6)
  facet 6152: (0,0) (0,1) (1,1) (2,1) (2,2) (4,2) (4,4) (5,4) (5,5) (5,6) (6,6)
  facet 6153: (0,0) (1,0) (1,1) (2,1) (2,2) (4,2) (4,4) (5,4) (5,5) (5,6) (6,6)
  facet 6154: (0,0) (1,0) (2,0) (2,1) (2,2) (4,2) (4,4) (5,4) (5,5) (5,6) (6,6)
  facet 6155: (0,0) (0,1) (1,1) (2,1) (4,1) (4,2) (4,4) (5,4) (5,5) (5,6) (6,6)
  facet 6156: (0,0) (1,0) (1,1) (2,1) (4,1) (4,2) (4,4) (5,4) (5,5) (5,6) (6,6)
  facet 6157: (0,0) (1,0) (2,0) (2,1) (4,1) (4,2) (4,4) (5,4) (5,5) (5,6) (6,6)
  facet 6158: (0,0) (1,0) (2,0) (4,0) (4,1) (4,2) (4,4) (5,4) (5,5) (5,6) (6,6)
  facet 6159: (0,0) (0,1) (0,2) (1,2) (2,2) (4,2) (5,2) (5,4) (5,5) (5,6) (6,6)
  facet 6160: (0,0) (0,1) (1,1) (1,2) (2,2) (4,2) (5,2) (5,4) (5,5) (5,6) (6,6)
  facet 6161: (0,0) (1,0) (1,1) (1,2) (2,2) (4,2) (5,2) (5,4) (5,5) (5,6) (6,6)
  facet 6162: (0,0) (0,1) (1,1) (2,1) (2,2) (4,2) (5,2) (5,4) (5,5) (5,6) (6,6)
  facet 6163: (0,0) (1,0) (1,1) (2,1) (2,2) (4,2) (5,2) (5,4) (5,5) (5,6) (6,6)
  facet 6164: (0,0) (1,0) (2,0) (2,1) (2,2) (4,2) (5,2) (5,4) (5,5) (5,6) (6,6)
  facet 6165: (0,0) (0,1) (1,1) (2,1) (4,1) (4,2) (5,2) (5,4) (5,5) (5,6) (6,6)
  facet 6166: (0,0) (1,0) (1,1) (2,1) (4,1) (4,2) (5,2) (5,4) (5,5) (5,6) (6,6)
  facet 6167: (0,0) (1,0) (2,0) (2,1) (4,1) (4,2) (5,2) (5,4) (5,5) (5,6) (6,6)
  facet 6168: (0,0) (1,0) (2,0) (4,0) (4,1) (4,2) (5,2) (5,4) (5,5) (5,6) (6,6)
  facet 6169: (0,0) (0,1) (1,1) (2,1) (4,1) (5,1) (5,2) (5,4) (5,5) (5,6) (6,6)
  facet 6170: (0,0) (1,0) (1,1) (2,1) (4,1) (5,1) (5,2) (5,4) (5,5) (5,6) (6,6)
  facet 6171: (0,0) (1,0) (2,0) (2,1) (4,1) (5,1) (5,2) (5,4) (5,5) (5,6) (6,6)
  facet 6172: (0,0) (1,0) (2,0) (4,0) (4,1) (5,1) (5,2) (5,4) (5,5) (5,6) (6,6)
  facet 6173: (0,0) (1,0) (2,0) (4,0) (5,0) (5,1) (5,2) (5,4) (5,5) (5,6) (6,6)
  facet 6174: (0,0) (0,1) (0,2) (0,4) (0,5) (1,5) (2,5) (4,5) (5,5) (6,5) (6,6)
  facet 6175: (0,0) (0,1) (0,2) (0,4) (1,4) (1,5) (2,5) (4,5) (5,5) (6,5) (6,6)
  facet 6176: (0,0) (0,1) (0,2) (1,2) (1,4) (1,5) (2,5) (4,5) (5,5) (6,5) (6,6)
  facet 6177: (0,0) (0,1) (1,1) (1,2) (1,4) (1,5) (2,5) (4,5) (5,5) (6,5) (6,6)
  facet 6178: (0,0) (1,0) (1,1) (1,2) (1,4) (1,5) (2,5) (4,5) (5,5) (6,5) (6,6)
  facet 6179: (0,0) (0,1) (0,2) (0,4) (1,4) (2,4) (2,5) (4,5) (5,5) (6,5) (6,6)
  facet 6180: (0,0) (0,1) (0,2) (1,2) (1,4) (2,4) (2,5) (4,5) (5,5) (6,5) (6,6)
  facet 6181: (0,0) (0,1) (1,1) (1,2) (1,4) (2,4) (2,5) (4,5) (5,5) (6,5) (6,6)
  facet 6182: (0,0) (1,0) (1,1) (1,2) (1,4) (2,4) (2,5) (4,5) (5,5) (6,5) (6,6)
  facet 6183: (0,0) (0,1) (0,2) (1,2) (2,2) (2,4) (2,5) (4,5) (5,5) (6,5) (6,6)
  facet 6184: (0,0) (0,1) (1,1) (1,2) (2,2) (2,4) (2,5) (4,5) (5,5) (6,5) (6,6)
  facet 6185: (0,0) (1,0) (1,1) (1,2) (2,2) (2,4) (2,5) (4,5) (5,5) (6,5) (6,6)
  facet 6186: (0,0) (0,1) (1,1) (2,1) (2,2) (2,4) (2,5) (4,5) (5,5) (6,5) (6,6)
  facet 6187: (0,0) (1,0) (1,1) (2,1) (2,2) (2,4) (2,5) (4,5) (5,5) (6,5) (6,6)
  facet 6188: (0,0) (1,0) (2,0) (2,1) (2,2) (2,4) (2,5) (4,5) (5,5) (6,5) (6,6)
  facet 6189: (0,0) (0,1) (0,2) (0,4) (1,4) (2,4) (4,4) (4,5) (5,5) (6,5) (6,6)
  facet 6190: (0,0) (0,1) (0,2) (1,2) (1,4) (2,4) (4,4) (4,5) (5,5) (6,5) (6,6)
  facet 6191: (0,0) (0,1) (1,1) (1,2) (1,4) (2,4) (4,4) (4,5) (5,5) (6,5) (6,6)
  facet 6192: (0,0) (1,0) (1,1) (1,2) (1,4) (2,4) (4,4) (4,5) (5,5) (6,5) (6,6)
  facet 6193: (0,0) (0,1) (0,2) (1,2) (2,2) (2,4) (4,4) (4,5) (5,5) (6,5) (6,6)
  facet 6194: (0,0) (0,1) (1,1) (1,2) (2,2) (2,4) (4,4) (4,5) (5,5) (6,5) (6,6)
  facet 6195: (0,0) (1,0) (1,1) (1,2) (2,2) (2,4) (4,4) (4,5) (5,5) (6,5) (6,6)
  facet 6196: (0,0) (0,1) (1,1) (2,1) (2,2) (2,4) (4,4) (4,5) (5,5) (6,5) (6,6)
  facet 6197: (0,0) (1,0) (1,1) (2,1) (2,2) (2,4) (4,4) (4,5) (5,5) (6,5) (6,6)
  facet 6198: (0,0) (1,0) (2,0) (2,1) (2,2) (2,4) (4,4) (4,5) (5,5) (6,5) (6,6)
  facet 6199: (0,0) (0,1) (0,2) (1,2) (2,2) (4,2) (4,4) (4,5) (5,5) (6,5) (6,6)
  facet 6200: (0,0) (0,1) (1,1) (1,2) (2,2) (4,2) (4,4) (4,5) (5,5) (6,5) (6,6)
  facet 6201: (0,0) (1,0) (1,1) (1,2) (2,2) (4,2) (4,4) (4,5) (5,5) (6,5) (6,6)
  facet 6202: (0,0) (0,1) (1,1) (2,1) (2,2) (4,2) (4,4) (4,5) (5,5) (6,5) (6,6)
  facet 6203: (0,0) (1,0) (1,1) (2,1) (2,2) (4,2) (4,4) (4,5) (5,5) (6,5) (6,6)
  facet 6204: (0,0) (1,0) (2,0) (2,1) (2,2) (4,2) (4,4) (4,5) (5,5) (6,5) (6,6)
  facet 6205: (0,0) (0,1) (1,1) (2,1) (4,1) (4,2) (4,4) (4,5) (5,5) (6,5) (6,6)
  facet 6206: (0,0) (1,0) (1,1) (2,1) (4,1) (4,2) (4,4) (4,5) (5,5) (6,5) (6,6)
  facet 6207: (0,0) (1,0) (2,0) (2,1) (4,1) (4,2) (4,4) (4,5) (5,5) (6,5) (6,6)
  facet 6208: (0,0) (1,0) (2,0) (4,0) (4,1) (4,2) (4,4) (4,5) (5,5) (6,5) (6,6)
  facet 6209: (0,0) (0,1) (0,2) (0,4) (1,4) (2,4) (4,4) (5,4) (5,5) (6,5) (6,6)
  facet 6210: (0,0) (0,1) (0,2) (1,2) (1,4) (2,4) (4,4) (5,4) (5,5) (6,5) (6,6)
  facet 6211: (0,0) (0,1) (1,1) (1,2) (1,4) (2,4) (4,4) (5,4) (5,5) (6,5) (6,6)
  facet 6212: (0,0) (1,0) (1,1) (1,2) (1,4) (2,4) (4,4) (5,4) (5,5) (6,5) (6,6)
  facet 6213: (0,0) (0,1) (0,2) (1,2) (2,2) (2,4) (4,4) (5,4) (5,5) (6,5) (6,6)
  facet 6214: (0,0) (0,1) (1,1) (1,2) (2,2) (2,4) (4,4) (5,4) (5,5) (6,5) (6,6)
  facet 6215: (0,0) (1,0) (1,1) (1,2) (2,2) (2,4) (4,4) (5,4) (5,5) (6,5) (6,6)
  facet 6216: (0,0) (0,1) (1,1) (2,1) (2,2) (2,4) (4,4) (5,4) (5,5) (6,5) (6,6)
  facet 6217: (0,0) (1,0) (1,1) (2,1) (2,2) (2,4) (4,4) (5,4) (5,5) (6,5) (6,6)
  facet 6218: (0,0) (1,0) (2,0) (2,1) (2,2) (2,4) (4,4) (5,4) (5,5) (6,5) (6,6)
  facet 6219: (0,0) (0,1) (0,2) (1,2) (2,2) (4,2) (4,4) (5,4) (5,5) (6,5) (6,6)
  facet 6220: (0,0) (0,1) (1,1) (1,2) (2,2) (4,2) (4,4) (5,4) (5,5) (6,5) (6,6)
  facet 6221: (0,0) (1,0) (1,1) (1,2) (2,2) (4,2) (4,4) (5,4) (5,5) (6,5) (6,6)
  facet 6222: (0,0) (0,1) (1,1) (2,1) (2,2) (4,2) (4,4) (5,4) (5,5) (6,5) (6,6)
  facet 6223: (0,0) (1,0) (1,1) (2,1) (2,2) (4,2) (4,4) (5,4) (5,5) (6,5) (6,6)
  facet 6224: (0,0) (1,0) (2,0) (2,1) (2,2) (4,2) (4,4) (5,4) (5,5) (6,5) (6,6)
  facet 6225: (0,0) (0,1) (1,1) (2,1) (4,1) (4,2) (4,4) (5,4) (5,5) (6,5) (6,6)
  facet 6226: (0,0) (1,0) (1,1) (2,1) (4,1) (4,2) (4,4) (5,4) (5,5) (6,5) (6,6)
  facet 6227: (0,0) (1,0) (2,0) (2,1) (4,1) (4,2) (4,4) (5,4) (5,5) (6,5) (6,6)
  facet 6228: (0,0) (1,0) (2,0) (4,0) (4,1) (4,2) (4,4) (5,4) (5,5) (6,5) (6,6)
  facet 6229: (0,0) (0,1) (0,2) (1,2) (2,2) (4,2) (5,2) (5,4) (5,5) (6,5) (6,6)
  facet 6230: (0,0) (0,1) (1,1) (1,2) (2,2) (4,2) (5,2) (5,4) (5,5) (6,5) (6,6)
  facet 6231: (0,0) (1,0) (1,1) (1,2) (2,2) (4,2) (5,2) (5,4) (5,5) (6,5) (6,6)
  facet 6232: (0,0) (0,1) (1,1) (2,1) (2,2) (4,2) (5,2) (5,4) (5,5) (6,5) (6,6)
  facet 6233: (0,0) (1,0) (1,1) (2,1) (2,2) (4,2) (5,2) (5,4) (5,5) (6,5) (6,6)
  facet 6234: (0,0) (1,0) (2,0) (2,1) (2,2) (4,2) (5,2) (5,4) (5,5) (6,5) (6,6)
  facet 6235: (0,0) (0,1) (1,1) (2,1) (4,1) (4,2) (5,2) (5,4) (5,5) (6,5) (6,6)
  facet 6236: (0,0) (1,0) (1,1) (2,1) (4,1) (4,2) (5,2) (5,4) (5,5) (6,5) (6,6)
  facet 6237: (0,0) (1,0) (2,0) (2,1) (4,1) (4,2) (5,2) (5,4) (5,5) (6,5) (6,6)
  facet 6238: (0,0) (1,0) (2,0) (4,0) (4,1) (4,2) (5,2) (5,4) (5,5) (6,5) (6,6)
  facet 6239: (0,0) (0,1) (1,1) (2,1) (4,1) (5,1) (5,2) (5,4) (5,5) (6,5) (6,6)
  facet 6240: (0,0) (1,0) (1,1) (2,1) (4,1) (5,1) (5,2) (5,4) (5,5) (6,5) (6,6)
  facet 6241: (0,0) (1,0) (2,0) (2,1) (4,1) (5,1) (5,2) (5,4) (5,5) (6,5) (6,6)
  facet 6242: (0,0) (1,0) (2,0) (4,0) (4,1) (5,1) (5,2) (5,4) (5,5) (6,5) (6,6)
  facet 6243: (0,0) (1,0) (2,0) (4,0) (5,0) (5,1) (5,2) (5,4) (5,5) (6,5) (6,6)
  facet 6244: (0,0) (0,1) (0,2) (0,4) (1,4) (2,4) (4,4) (5,4) (6,4) (6,5) (6,6)
  facet 6245: (0,0) (0,1) (0,2) (1,2) (1,4) (2,4) (4,4) (5,4) (6,4) (6,5) (6,6)
  facet 6246: (0,0) (0,1) (1,1) (1,2) (1,4) (2,4) (4,4) (5,4) (6,4) (6,5) (6,6)
  facet 6247: (0,0) (1,0) (1,1) (1,2) (1,4) (2,4) (4,4) (5,4) (6,4) (6,5) (6,6)
  facet 6248: (0,0) (0,1) (0,2) (1,2) (2,2) (2,4) (4,4) (5,4) (6,4) (6,5) (6,6)
  facet 6249: (0,0) (0,1) (1,1) (1,2) (2,2) (2,4) (4,4) (5,4) (6,4) (6,5) (6,6)
  facet 6250: (0,0) (1,0) (1,1) (1,2) (2,2) (2,4) (4,4) (5,4) (6,4) (6,5) (6,6)
  facet 6251: (0,0) (0,1) (1,1) (2,1) (2,2) (2,4) (4,4) (5,4) (6,4) (6,5) (6,6)
  facet 6252: (0,0) (1,0) (1,1) (2,1) (2,2) (2,4) (4,4) (5,4) (6,4) (6,5) (6,6)
  facet 6253: (0,0) (1,0) (2,0) (2,1) (2,2) (2,4) (4,4) (5,4) (6,4) (6,5) (6,6)
  facet 6254: (0,0) (0,1) (0,2) (1,2) (2,2) (4,2) (4,4) (5,4) (6,4) (6,5) (6,6)
  facet 6255: (0,0) (0,1) (1,1) (1,2) (2,2) (4,2) (4,4) (5,4) (6,4) (6,5) (6,6)
  facet 6256: (0,0) (1,0) (1,1) (1,2) (2,2) (4,2) (4,4) (5,4) (6,4) (6,5) (6,6)
  facet 6257: (0,0) (0,1) (1,1) (2,1) (2,2) (4,2) (4,4) (5,4) (6,4) (6,5) (6,6)
  facet 6258: (0,0) (1,0) (1,1) (2,1) (2,2) (4,2) (4,4) (5,4) (6,4) (6,5) (6,6)
  facet 6259: (0,0) (1,0) (2,0) (2,1) (2,2) (4,2) (4,4) (5,4) (6,4) (6,5) (6,6)
  facet 6260: (0,0) (0,1) (1,1) (2,1) (4,1) (4,2) (4,4) (5,4) (6,4) (6,5) (6,6)
  facet 6261: (0,0) (1,0) (1,1) (2,1) (4,1) (4,2) (4,4) (5,4) (6,4) (6,5) (6,6)
  facet 6262: (0,0) (1,0) (2,0) (2,1) (4,1) (4,2) (4,4) (5,4) (6,4) (6,5) (6,6)
  facet 6263: (0,0) (1,0) (2,0) (4,0) (4,1) (4,2) (4,4) (5,4) (6,4) (6,5) (6,6)
  facet 6264: (0,0) (0,1) (0,2) (1,2) (2,2) (4,2) (5,2) (5,4) (6,4) (6,5) (6,6)
  facet 6265: (0,0) (0,1) (1,1) (1,2) (2,2) (4,2) (5,2) (5,4) (6,4) (6,5) (6,6)
  facet 6266: (0,0) (1,0) (1,1) (1,2) (2,2) (4,2) (5,2) (5,4) (6,4) (6,5) (6,6)
  facet 6267: (0,0) (0,1) (1,1) (2,1) (2,2) (4,2) (5,2) (5,4) (6,4) (6,5) (6,6)
  facet 6268: (0,0) (1,0) (1,1) (2,1) (2,2) (4,2) (5,2) (5,4) (6,4) (6,5) (6,6)
  facet 6269: (0,0) (1,0) (2,0) (2,1) (2,2) (4,2) (5,2) (5,4) (6,4) (6,5) (6,6)
  facet 6270: (0,0) (0,1) (1,1) (2,1) (4,1) (4,2) (5,2) (5,4) (6,4) (6,5) (6,6)
  facet 6271: (0,0) (1,0) (1,1) (2,1) (4,1) (4,2) (5,2) (5,4) (6,4) (6,5) (6,6)
  facet 6272: (0,0) (1,0) (2,0) (2,1) (4,1) (4,2) (5,2) (5,4) (6,4) (6,5) (6,6)
  facet 6273: (0,0) (1,0) (2,0) (4,0) (4,1) (4,2) (5,2) (5,4) (6,4) (6,5) (6,6)
  facet 6274: (0,0) (0,1) (1,1) (2,1) (4,1) (5,1) (5,2) (5,4) (6,4) (6,5) (6,6)
  facet 6275: (0,0) (1,0) (1,1) (2,1) (4,1) (5,1) (5,2) (5,4) (6,4) (6,5) (6,6)
  facet 6276: (0,0) (1,0) (2,0) (2,1) (4,1) (5,1) (5,2) (5,4) (6,4) (6,5) (6,6)
  facet 6277: (0,0) (1,0) (2,0) (4,0) (4,1) (5,1) (5,2) (5,4) (6,4) (6,5) (6,6)
  facet 6278: (0,0) (1,0) (2,0) (4,0) (5,0) (5,1) (5,2) (5,4) (6,4) (6,5) (6,6)
  facet 6279: (0,0) (0,1) (0,2) (1,2) (2,2) (4,2) (5,2) (6,2) (6,4) (6,5) (6,6)
  facet 6280: (0,0) (0,1) (1,1) (1,2) (2,2) (4,2) (5,2) (6,2) (6,4) (6,5) (6,6)
  facet 6281: (0,0) (1,0) (1,1) (1,2) (2,2) (4,2) (5,2) (6,2) (6,4) (6,5) (6,6)
  facet 6282: (0,0) (0,1) (1,1) (2,1) (2,2) (4,2) (5,2) (6,2) (6,4) (6,5) (6,6)
  facet 6283: (0,0) (1,0) (1,1) (2,1) (2,2) (4,2) (5,2) (6,2) (6,4) (6,5) (6,6)
  facet 6284: (0,0) (1,0) (2,0) (2,1) (2,2) (4,2) (5,2) (6,2) (6,4) (6,5) (6,6)
  facet 6285: (0,0) (0,1) (1,1) (2,1) (4,1) (4,2) (5,2) (6,2) (6,4) (6,5) (6,6)
  facet 6286: (0,0) (1,0) (1,1) (2,1) (4,1) (4,2) (5,2) (6,2) (6,4) (6,5) (6,6)
  facet 6287: (0,0) (1,0) (2,0) (2,1) (4,1) (4,2) (5,2) (6,2) (6,4) (6,5) (6,6)
  facet 6288: (0,0) (1,0) (2,0) (4,0) (4,1) (4,2) (5,2) (6,2) (6,4) (6,5) (6,6)
  facet 6289: (0,0) (0,1) (1,1) (2,1) (4,1) (5,1) (5,2) (6,2) (6,4) (6,5) (6,6)
  facet 6290: (0,0) (1,0) (1,1) (2,1) (4,1) (5,1) (5,2) (6,2) (6,4) (6,5) (6,6)
  facet 6291: (0,0) (1,0) (2,0) (2,1) (4,1) (5,1) (5,2) (6,2) (6,4) (6,5) (6,6)
  facet 6292: (0,0) (1,0) (2,0) (4,0) (4,1) (5,1) (5,2) (6,2) (6,4) (6,5) (6,6)
  facet 6293: (0,0) (1,0) (2,0) (4,0) (5,0) (5,1) (5,2) (6,2) (6,4) (6,5) (6,6)
  facet 6294: (0,0) (0,1) (1,1) (2,1) (4,1) (5,1) (6,1) (6,2) (6,4) (6,5) (6,6)
  facet 6295: (0,0) (1,0) (1,1) (2,1) (4,1) (5,1) (6,1) (6,2) (6,4) (6,5) (6,6)
  facet 6296: (0,0) (1,0) (2,0) (2,1) (4,1) (5,1) (6,1) (6,2) (6,4) (6,5) (6,6)
  facet 6297: (0,0) (1,0) (2,0) (4,0) (4,1) (5,1) (6,1) (6,2) (6,4) (6,5) (6,6)
  facet 6298: (0,0) (1,0) (2,0) (4,0) (5,0) (5,1) (6,1) (6,2) (6,4) (6,5) (6,6)
  facet 6299: (0,0) (1,0) (2,0) (4,0) (5,0) (6,0) (6,1) (6,2) (6,4) (6,5) (6,6)
  facet 6300: (0,0) (0,1) (0,3) (0,4) (0,5) (0,6) (1,6) (2,6) (4,6) (5,6) (6,6)
  facet 6301: (0,0) (0,1) (0,3) (0,4) (0,5) (1,5) (1,6) (2,6) (4,6) (5,6) (6,6)
  facet 6302: (0,0) (0,1) (0,3) (0,4) (1,4) (1,5) (1,6) (2,6) (4,6) (5,6) (6,6)
  facet 6303: (0,0) (0,1) (0,3) (1,3) (1,4) (1,5) (1,6) (2,6) (4,6) (5,6) (6,6)
  facet 6304: (0,0) (0,1) (1,1) (1,3) (1,4) (1,5) (1,6) (2,6) (4,6) (5,6) (6,6)
  facet 6305: (0,0) (1,0) (1,1) (1,3) (1,4) (1,5) (1,6) (2,6) (4,6) (5,6) (6,6)
  facet 6306: (0,0) (0,1) (0,3) (0,4) (0,5) (1,5) (2,5) (2,6) (4,6) (5,6) (6,6)
  facet 6307: (0,0) (0,1) (0,3) (0,4) (1,4) (1,5) (2,5) (2,6) (4,6) (5,6) (6,6)
  facet 6308: (0,0) (0,1) (0,3) (1,3) (1,4) (1,5) (2,5) (2,6) (4,6) (5,6) (6,6)
  facet 6309: (0,0) (0,1) (1,1) (1,3) (1,4) (1,5) (2,5) (2,6) (4,6) (5,6) (6,6)
  facet 6310: (0,0) (1,0) (1,1) (1,3) (1,4) (1,5) (2,5) (2,6) (4,6) (5,6) (6,6)
  facet 6311: (0,0) (0,1) (0,3) (0,4) (1,4) (2,4) (2,5) (2,6) (4,6) (5,6) (6,6)
  facet 6312: (0,0) (0,1) (0,3) (1,3) (1,4) (2,4) (2,5) (2,6) (4,6) (5,6) (6,6)
  facet 6313: (0,0) (0,1) (1,1) (1,3) (1,4) (2,4) (2,5) (2,6) (4,6) (5,6) (6,6)
  facet 6314: (0,0) (1,0) (1,1) (1,3) (1,4) (2,4) (2,5) (2,6) (4,6) (5,6) (6,6)
  facet 6315: (0,0) (0,1) (0,3) (1,3) (2,3) (2,4) (2,5) (2,6) (4,6) (5,6) (6,6)
  facet 6316: (0,0) (0,1) (1,1) (1,3) (2,3) (2,4) (2,5) (2,6) (4,6) (5,6) (6,6)
  facet 6317: (0,0) (1,0) (1,1) (1,3) (2,3) (2,4) (2,5) (2,6) (4,6) (5,6) (6,6)
  facet 6318: (0,0) (0,1) (1,1) (2,1) (2,3) (2,4) (2,5) (2,6) (4,6) (5,6) (6,6)
  facet 6319: (0,0) (1,0) (1,1) (2,1) (2,3) (2,4) (2,5) (2,6) (4,6) (5,6) (6,6)
  facet 6320: (0,0) (1,0) (2,0) (2,1) (2,3) (2,4) (2,5) (2,6) (4,6) (5,6) (6,6)
  facet 6321: (0,0) (0,1) (0,3) (0,4) (0,5) (1,5) (2,5) (4,5) (4,6) (5,6) (6,6)
  facet 6322: (0,0) (0,1) (0,3) (0,4) (1,4) (1,5) (2,5) (4,5) (4,6) (5,6) (6,6)
  facet 6323: (0,0) (0,1) (0,3) (1,3) (1,4) (1,5) (2,5) (4,5) (4,6) (5,6) (6,6)
  facet 6324: (0,0) (0,1) (1,1) (1,3) (1,4) (1,5) (2,5) (4,5) (4,6) (5,6) (6,6)
  facet 6325: (0,0) (1,0) (1,1) (1,3) (1,4) (1,5) (2,5) (4,5) (4,6) (5,6) (6,6)
  facet 6326: (0,0) (0,1) (0,3) (0,4) (1,4) (2,4) (2,5) (4,5) (4,6) (5,6) (6,6)
  facet 6327: (0,0) (0,1) (0,3) (1,3) (1,4) (2,4) (2,5) (4,5) (4,6) (5,6) (6,6)
  facet 6328: (0,0) (0,1) (1,1) (1,3) (1,4) (2,4) (2,5) (4,5) (4,6) (5,6) (6,6)
  facet 6329: (0,0) (1,0) (1,1) (1,3) (1,4) (2,4) (2,5) (4,5) (4,6) (5,6) (6,6)
  facet 6330: (0,0) (0,1) (0,3) (1,3) (2,3) (2,4) (2,5) (4,5) (4,6) (5,6) (6,6)
  facet 6331: (0,0) (0,1) (1,1) (1,3) (2,3) (2,4) (2,5) (4,5) (4,6) (5,6) (6,6)
  facet 6332: (0,0) (1,0) (1,1) (1,3) (2,3) (2,4) (2,5) (4,5) (4,6) (5,6) (6,6)
  facet 6333: (0,0) (0,1) (1,1) (2,1) (2,3) (2,4) (2,5) (4,5) (4,6) (5,6) (6,6)
  facet 6334: (0,0) (1,0) (1,1) (2,1) (2,3) (2,4) (2,5) (4,5) (4,6) (5,6) (6,6)
  facet 6335: (0,0) (1,0) (2,0) (2,1) (2,3) (2,4) (2,5) (4,5) (4,6) (5,6) (6,6)
  facet 6336: (0,0) (0,1) (0,3) (0,4) (1,4) (2,4) (4,4) (4,5) (4,6) (5,6) (6,6)
  facet 6337: (0,0) (0,1) (0,3) (1,3) (1,4) (2,4) (4,4) (4,5) (4,6) (5,6) (6,6)
  facet 6338: (0,0) (0,1) (1,1) (1,3) (1,4) (2,4) (4,4) (4,5) (4,6) (5,6) (6,6)
  facet 6339: (0,0) (1,0) (1,1) (1,3) (1,4) (2,4) (4,4) (4,5) (4,6) (5,6) (6,6)
  facet 6340: (0,0) (0,1) (0,3) (1,3) (2,3) (2,4) (4,4) (4,5) (4,6) (5,6) (6,6)
  facet 6341: (0,0) (0,1) (1,1) (1,3) (2,3) (2,4) (4,4) (4,5) (4,6) (5,6) (6,6)
  facet 6342: (0,0) (1,0) (1,1) (1,3) (2,3) (2,4) (4,4) (4,5) (4,6) (5,6) (6,6)
  facet 6343: (0,0) (0,1) (1,1) (2,1) (2,3) (2,4) (4,4) (4,5) (4,6) (5,6) (6,6)
  facet 6344: (0,0) (1,0) (1,1) (2,1) (2,3) (2,4) (4,4) (4,5) (4,6) (5,6) (6,6)
  facet 6345: (0,0) (1,0) (2,0) (2,1) (2,3) (2,4) (4,4) (4,5) (4,6) (5,6) (6,6)
  facet 6346: (0,0) (0,1) (0,3) (1,3) (2,3) (4,3) (4,4) (4,5) (4,6) (5,6) (6,6)
  facet 6347: (0,0) (0,1) (1,1) (1,3) (2,3) (4,3) (4,4) (4,5) (4,6) (5,6) (6,6)
  facet 6348: (0,0) (1,0) (1,1) (1,3) (2,3) (4,3) (4,4) (4,5) (4,6) (5,6) (6,6)
  facet 6349: (0,0) (0,1) (1,1) (2,1) (2,3) (4,3) (4,4) (4,5) (4,6) (5,6) (6,6)
  facet 6350: (0,0) (1,0) (1,1) (2,1) (2,3) (4,3) (4,4) (4,5) (4,6) (5,6) (6,6)
  facet 6351: (0,0) (1,0) (2,0) (2,1) (2,3) (4,3) (4,4) (4,5) (4,6) (5,6) (6,6)
  facet 6352: (0,0) (0,1) (1,1) (2,1) (4,1) (4,3) (4,4) (4,5) (4,6) (5,6) (6,6)
  facet 6353: (0,0) (1,0) (1,1) (2,1) (4,1) (4,3) (4,4) (4,5) (4,6) (5,6) (6,6)
  facet 6354: (0,0) (1,0) (2,0) (2,1) (4,1) (4,3) (4,4) (4,5) (4,6) (5,6) (6,6)
  facet 6355: (0,0) (1,0) (2,0) (4,0) (4,1) (4,3) (4,4) (4,5) (4,6) (5,6) (6,6)
  facet 6356: (0,0) (0,1) (0,3) (0,4) (0,5) (1,5) (2,5) (4,5) (5,5) (5,6) (6,6)
  facet 6357: (0,0) (0,1) (0,3) (0,4) (1,4) (1,5) (2,5) (4,5) (5,5) (5,6) (6,6)
  facet 6358: (0,0) (0,1) (0,3) (1,3) (1,4) (1,5) (2,5) (4,5) (5,5) (5,6) (6,6)
  facet 6359: (0,0) (0,1) (1,1) (1,3) (1,4) (1,5) (2,5) (4,5) (5,5) (5,6) (6,6)
  facet 6360: (0,0) (1,0) (1,1) (1,3) (1,4) (1,5) (2,5) (4,5) (5,5) (5,6) (6,6)
  facet 6361: (0,0) (0,1) (0,3) (0,4) (1,4) (2,4) (2,5) (4,5) (5,5) (5,6) (6,6)
  facet 6362: (0,0) (0,1) (0,3) (1,3) (1,4) (2,4) (2,5) (4,5) (5,5) (5,6) (6,6)
  facet 6363: (0,0) (0,1) (1,1) (1,3) (1,4) (2,4) (2,5) (4,5) (5,5) (5,6) (6,6)
  facet 6364: (0,0) (1,0) (1,1) (1,3) (1,4) (2,4) (2,5) (4,5) (5,5) (5,6) (6,6)
  facet 6365: (0,0) (0,1) (0,3) (1,3) (2,3) (2,4) (2,5) (4,5) (5,5) (5,6) (6,6)
  facet 6366: (0,0) (0,1) (1,1) (1,3) (2,3) (2,4) (2,5) (4,5) (5,5) (5,6) (6,6)
  facet 6367: (0,0) (1,0) (1,1) (1,3) (2,3) (2,4) (2,5) (4,5) (5,5) (5,6) (6,6)
  facet 6368: (0,0) (0,1) (1,1) (2,1) (2,3) (2,4) (2,5) (4,5) (5,5) (5,6) (6,6)
  facet 6369: (0,0) (1,0) (1,1) (2,1) (2,3) (2,4) (2,5) (4,5) (5,5) (5,6) (6,6)
  facet 6370: (0,0) (1,0) (2,0) (2,1) (2,3) (2,4) (2,5) (4,5) (5,5) (5,6) (6,6)
  facet 6371: (0,0) (0,1) (0,3) (0,4) (1,4) (2,4) (4,4) (4,5) (5,5) (5,6) (6,6)
  facet 6372: (0,0) (0,1) (0,3) (1,3) (1,4) (2,4) (4,4) (4,5) (5,5) (5,6) (6,6)
  facet 6373: (0,0) (0,1) (1,1) (1,3) (1,4) (2,4) (4,4) (4,5) (5,5) (5,6) (6,6)
  facet 6374: (0,0) (1,0) (1,1) (1,3) (1,4) (2,4) (4,4) (4,5) (5,5) (5,6) (6,6)
  facet 6375: (0,0) (0,1) (0,3) (1,3) (2,3) (2,4) (4,4) (4,5) (5,5) (5,6) (6,6)
  facet 6376: (0,0) (0,1) (1,1) (1,3) (2,3) (2,4) (4,4) (4,5) (5,5) (5,6) (6,6)
  facet 6377: (0,0) (1,0) (1,1) (1,3) (2,3) (2,4) (4,4) (4,5) (5,5) (5,6) (6,6)
  facet 6378: (0,0) (0,1) (1,1) (2,1) (2,3) (2,4) (4,4) (4,5) (5,5) (5,6) (6,6)
  facet 6379: (0,0) (1,0) (1,1) (2,1) (2,3) (2,4) (4,4) (4,5) (5,5) (5,6) (6,6)
  facet 6380: (0,0) (1,0) (2,0) (2,1) (2,3) (2,4) (4,4) (4,5) (5,5) (5,6) (6,6)
  facet 6381: (0,0) (0,1) (0,3) (1,3) (2,3) (4,3) (4,4) (4,5) (5,5) (5,6) (6,6)
  facet 6382: (0,0) (0,1) (1,1) (1,3) (2,3) (4,3) (4,4) (4,5) (5,5) (5,6) (6,6)
  facet 6383: (0,0) (1,0) (1,1) (1,3) (2,3) (4,3) (4,4) (4,5) (5,5) (5,6) (6,6)
  facet 6384: (0,0) (0,1) (1,1) (2,1) (2,3) (4,3) (4,4) (4,5) (5,5) (5,6) (6,6)
  facet 6385: (0,0) (1,0) (1,1) (2,1) (2,3) (4,3) (4,4) (4,5) (5,5) (5,6) (6,6)
  facet 6386: (0,0) (1,0) (2,0) (2,1) (2,3) (4,3) (4,4) (4,5) (5,5) (5,6) (6,6)
  facet 6387: (0,0) (0,1) (1,1) (2,1) (4,1) (4,3) (4,4) (4,5) (5,5) (5,6) (6,6)
  facet 6388: (0,0) (1,0) (1,1) (2,1) (4,1) (4,3) (4,4) (4,5) (5,5) (5,6) (6,6)
  facet 6389: (0,0) (1,0) (2,0) (2,1) (4,1) (4,3) (4,4) (4,5) (5,5) (5,6) (6,6)
  facet 6390: (0,0) (1,0) (2,0) (4,0) (4,1) (4,3) (4,4) (4,5) (5,5) (5,6) (6,6)
  facet 6391: (0,0) (0,1) (0,3) (0,4) (1,4) (2,4) (4,4) (5,4) (5,5) (5,6) (6,6)
  facet 6392: (0,0) (0,1) (0,3) (1,3) (1,4) (2,4) (4,4) (5,4) (5,5) (5,6) (6,6)
  facet 6393: (0,0) (0,1) (1,1) (1,3) (1,4) (2,4) (4,4) (5,4) (5,5) (5,6) (6,6)
  facet 6394: (0,0) (1,0) (1,1) (1,3) (1,4) (2,4) (4,4) (5,4) (5,5) (5,6) (6,6)
  facet 6395: (0,0) (0,1) (0,3) (1,3) (2,3) (2,4) (4,4) (5,4) (5,5) (5,6) (6,6)
  facet 6396: (0,0) (0,1) (1,1) (1,3) (2,3) (2,4) (4,4) (5,4) (5,5) (5,6) (6,6)
  facet 6397: (0,0) (1,0) (1,1) (1,3) (2,3) (2,4) (4,4) (5,4) (5,5) (5,6) (6,6)
  facet 6398: (0,0) (0,1) (1,1) (2,1) (2,3) (2,4) (4,4) (5,4) (5,5) (5,6) (6,6)
  facet 6399: (0,0) (1,0) (1,1) (2,1) (2,3) (2,4) (4,4) (5,4) (5,5) (5,6) (6,6)
  facet 6400: (0,0) (1,0) (2,0) (2,1) (2,3) (2,4) (4,4) (5,4) (5,5) (5,6) (6,6)
  facet 6401: (0,0) (0,1) (0,3) (1,3) (2,3) (4,3) (4,4) (5,4) (5,5) (5,6) (6,6)
  facet 6402: (0,0) (0,1) (1,1) (1,3) (2,3) (4,3) (4,4) (5,4) (5,5) (5,6) (6,6)
  facet 6403: (0,0) (1,0) (1,1) (1,3) (2,3) (4,3) (4,4) (5,4) (5,5) (5,6) (6,6)
  facet 6404: (0,0) (0,1) (1,1) (2,1) (2,3) (4,3) (4,4) (5,4) (5,5) (5,6) (6,6)
  facet 6405: (0,0) (1,0) (1,1) (2,1) (2,3) (4,3) (4,4) (5,4) (5,5) (5,6) (6,6)
  facet 6406: (0,0) (1,0) (2,0) (2,1) (2,3) (4,3) (4,4) (5,4) (5,5) (5,6) (6,6)
  facet 6407: (0,0) (0,1) (1,1) (2,1) (4,1) (4,3) (4,4) (5,4) (5,5) (5,6) (6,6)
  facet 6408: (0,0) (1,0) (1,1) (2,1) (4,1) (4,3) (4,4) (5,4) (5,5) (5,6) (6,6)
  facet 6409: (0,0) (1,0) (2,0) (2,1) (4,1) (4,3) (4,4) (5,4) (5,5) (5,6) (6,6)
  facet 6410: (0,0) (1,0) (2,0) (4,0) (4,1) (4,3) (4,4) (5,4) (5,5) (5,6) (6,6)
  facet 6411: (0,0) (0,1) (0,3) (1,3) (2,3) (4,3) (5,3) (5,4) (5,5) (5,6) (6,6)
  facet 6412: (0,0) (0,1) (1,1) (1,3) (2,3) (4,3) (5,3) (5,4) (5,5) (5,6) (6,6)
  facet 6413: (0,0) (1,0) (1,1) (1,3) (2,3) (4,3) (5,3) (5,4) (5,5) (5,6) (6,6)
  facet 6414: (0,0) (0,1) (1,1) (2,1) (2,3) (4,3) (5,3) (5,4) (5,5) (5,6) (6,6)
  facet 6415: (0,0) (1,0) (1,1) (2,1) (2,3) (4,3) (5,3) (5,4) (5,5) (5,6) (6,6)
  facet 6416: (0,0) (1,0) (2,0) (2,1) (2,3) (4,3) (5,3) (5,4) (5,5) (5,6) (6,6)
  facet 6417: (0,0) (0,1) (1,1) (2,1) (4,1) (4,3) (5,3) (5,4) (5,5) (5,6) (6,6)
  facet 6418: (0,0) (1,0) (1,1) (2,1) (4,1) (4,3) (5,3) (5,4) (5,5) (5,6) (6,6)
  facet 6419: (0,0) (1,0) (2,0) (2,1) (4,1) (4,3) (5,3) (5,4) (5,5) (5,6) (6,6)
  facet 6420: (0,0) (1,0) (2,0) (4,0) (4,1) (4,3) (5,3) (5,4) (5,5) (5,6) (6,6)
  facet 6421: (0,0) (0,1) (1,1) (2,1) (4,1) (5,1) (5,3) (5,4) (5,5) (5,6) (6,6)
  facet 6422: (0,0) (1,0) (1,1) (2,1) (4,1) (5,1) (5,3) (5,4) (5,5) (5,6) (6,6)
  facet 6423: (0,0) (1,0) (2,0) (2,1) (4,1) (5,1) (5,3) (5,4) (5,5) (5,6) (6,6)
  facet 6424: (0,0) (1,0) (2,0) (4,0) (4,1) (5,1) (5,3) (5,4) (5,5) (5,6) (6,6)
  facet 6425: (0,0) (1,0) (2,0) (4,0) (5,0) (5,1) (5,3) (5,4) (5,5) (5,6) (6,6)
  facet 6426: (0,0) (0,1) (0,3) (0,4) (0,5) (1,5) (2,5) (4,5) (5,5) (6,5) (6,6)
  facet 6427: (0,0) (0,1) (0,3) (0,4) (1,4) (1,5) (2,5) (4,5) (5,5) (6,5) (6,6)
  facet 6428: (0,0) (0,1) (0,3) (1,3) (1,4) (1,5) (2,5) (4,5) (5,5) (6,5) (6,6)
  facet 6429: (0,0) (0,1) (1,1) (1,3) (1,4) (1,5) (2,5) (4,5) (5,5) (6,5) (6,6)
  facet 6430: (0,0) (1,0) (1,1) (1,3) (1,4) (1,5) (2,5) (4,5) (5,5) (6,5) (6,6)
  facet 6431: (0,0) (0,1) (0,3) (0,4) (1,4) (2,4) (2,5) (4,5) (5,5) (6,5) (6,6)
  facet 6432: (0,0) (0,1) (0,3) (1,3) (1,4) (2,4) (2,5) (4,5) (5,5) (6,5) (6,6)
  facet 6433: (0,0) (0,1) (1,1) (1,3) (1,4) (2,4) (2,5) (4,5) (5,5) (6,5) (6,6)
  facet 6434: (0,0) (1,0) (1,1) (1,3) (1,4) (2,4) (2,5) (4,5) (5,5) (6,5) (6,6)
  facet 6435: (0,0) (0,1) (0,3) (1,3) (2,3) (2,4) (2,5) (4,5) (5,5) (6,5) (6,6)
  facet 6436: (0,0) (0,1) (1,1) (1,3) (2,3) (2,4) (2,5) (4,5) (5,5) (6,5) (6,6)
  facet 6437: (0,0) (1,0) (1,1) (1,3) (2,3) (2,4) (2,5) (4,5) (5,5) (6,5) (6,6)
  facet 6438: (0,0) (0,1) (1,1) (2,1) (2,3) (2,4) (2,5) (4,5) (5,5) (6,5) (6,6)
  facet 6439: (0,0) (1,0) (1,1) (2,1) (2,3) (2,4) (2,5) (4,5) (5,5) (6,5) (6,6)
  facet 6440: (0,0) (1,0) (2,0) (2,1) (2,3) (2,4) (2,5) (4,5) (5,5) (6,5) (6,6)
  facet 6441: (0,0) (0,1) (0,3) (0,4) (1,4) (2,4) (4,4) (4,5) (5,5) (6,5) (6,6)
  facet 6442: (0,0) (0,1) (0,3) (1,3) (1,4) (2,4) (4,4) (4,5) (5,5) (6,5) (6,6)
  facet 6443: (0,0) (0,1) (1,1) (1,3) (1,4) (2,4) (4,4) (4,5) (5,5) (6,5) (6,6)
  facet 6444: (0,0) (1,0) (1,1) (1,3) (1,4) (2,4) (4,4) (4,5) (5,5) (6,5) (6,6)
  facet 6445: (0,0) (0,1) (0,3) (1,3) (2,3) (2,4) (4,4) (4,5) (5,5) (6,5) (6,6)
  facet 6446: (0,0) (0,1) (1,1) (1,3) (2,3) (2,4) (4,4) (4,5) (5,5) (6,5) (6,6)
  facet 6447: (0,0) (1,0) (1,1) (1,3) (2,3) (2,4) (4,4) (4,5) (5,5) (6,5) (6,6)
  facet 6448: (0,0) (0,1) (1,1) (2,1) (2,3) (2,4) (4,4) (4,5) (5,5) (6,5) (6,6)
  facet 6449: (0,0) (1,0) (1,1) (2,1) (2,3) (2,4) (4,4) (4,5) (5,5) (6,5) (6,6)
  facet 6450: (0,0) (1,0) (2,0) (2,1) (2,3) (2,4) (4,4) (4,5) (5,5) (6,5) (6,6)
  facet 6451: (0,0) (0,1) (0,3) (1,3) (2,3) (4,3) (4,4) (4,5) (5,5) (6,5) (6,6)
  facet 6452: (0,0) (0,1) (1,1) (1,3) (2,3) (4,3) (4,4) (4,5) (5,5) (6,5) (6,6)
  facet 6453: (0,0) (1,0) (1,1) (1,3) (2,3) (4,3) (4,4) (4,5) (5,5) (6,5) (6,6)
  facet 6454: (0,0) (0,1) (1,1) (2,1) (2,3) (4,3) (4,4) (4,5) (5,5) (6,5) (6,6)
  facet 6455: (0,0) (1,0) (1,1) (2,1) (2,3) (4,3) (4,4) (4,5) (5,5) (6,5) (6,6)
  facet 6456: (0,0) (1,0) (2,0) (2,1) (2,3) (4,3) (4,4) (4,5) (5,5) (6,5) (6,6)
  facet 6457: (0,0) (0,1) (1,1) (2,1) (4,1) (4,3) (4,4) (4,5) (5,5) (6,5) (6,6)
  facet 6458: (0,0) (1,0) (1,1) (2,1) (4,1) (4,3) (4,4) (4,5) (5,5) (6,5) (6,6)
  facet 6459: (0,0) (1,0) (2,0) (2,1) (4,1) (4,3) (4,4) (4,5) (5,5) (6,5) (6,6)
  facet 6460: (0,0) (1,0) (2,0) (4,0) (4,1) (4,3) (4,4) (4,5) (5,5) (6,5) (6,6)
  facet 6461: (0,0) (0,1) (0,3) (0,4) (1,4) (2,4) (4,4) (5,4) (5,5) (6,5) (6,6)
  facet 6462: (0,0) (0,1) (0,3) (1,3) (1,4) (2,4) (4,4) (5,4) (5,5) (6,5) (6,6)
  facet 6463: (0,0) (0,1) (1,1) (1,3) (1,4) (2,4) (4,4) (5,4) (5,5) (6,5) (6,6)
  facet 6464: (0,0) (1,0) (1,1) (1,3) (1,4) (2,4) (4,4) (5,4) (5,5) (6,5) (6,6)
  facet 6465: (0,0) (0,1) (0,3) (1,3) (2,3) (2,4) (4,4) (5,4) (5,5) (6,5) (6,6)
  facet 6466: (0,0) (0,1) (1,1) (1,3) (2,3) (2,4) (4,4) (5,4) (5,5) (6,5) (6,6)
  facet 6467: (0,0) (1,0) (1,1) (1,3) (2,3) (2,4) (4,4) (5,4) (5,5) (6,5) (6,6)
  facet 6468: (0,0) (0,1) (1,1) (2,1) (2,3) (2,4) (4,4) (5,4) (5,5) (6,5) (6,6)
  facet 6469: (0,0) (1,0) (1,1) (2,1) (2,3) (2,4) (4,4) (5,4) (5,5) (6,5) (6,6)
  facet 6470: (0,0) (1,0) (2,0) (2,1) (2,3) (2,4) (4,4) (5,4) (5,5) (6,5) (6,6)
  facet 6471: (0,0) (0,1) (0,3) (1,3) (2,3) (4,3) (4,4) (5,4) (5,5) (6,5) (6,6)
  facet 6472: (0,0) (0,1) (1,1) (1,3) (2,3) (4,3) (4,4) (5,4) (5,5) (6,5) (6,6)
  facet 6473: (0,0) (1,0) (1,1) (1,3) (2,3) (4,3) (4,4) (5,4) (5,5) (6,5) (6,6)
  facet 6474: (0,0) (0,1) (1,1) (2,1) (2,3) (4,3) (4,4) (5,4) (5,5) (6,5) (6,6)
  facet 6475: (0,0) (1,0) (1,1) (2,1) (2,3) (4,3) (4,4) (5,4) (5,5) (6,5) (6,6)
  facet 6476: (0,0) (1,0) (2,0) (2,1) (2,3) (4,3) (4,4) (5,4) (5,5) (6,5) (6,6)
  facet 6477: (0,0) (0,1) (1,1) (2,1) (4,1) (4,3) (4,4) (5,4) (5,5) (6,5) (6,6)
  facet 6478: (0,0) (1,0) (1,1) (2,1) (4,1) (4,3) (4,4) (5,4) (5,5) (6,5) (6,6)
  facet 6479: (0,0) (1,0) (2,0) (2,1) (4,1) (4,3) (4,4) (5,4) (5,5) (6,5) (6,6)
  facet 6480: (0,0) (1,0) (2,0) (4,0) (4,1) (4,3) (4,4) (5,4) (5,5) (6,5) (6,6)
  facet 6481: (0,0) (0,1) (0,3) (1,3) (2,3) (4,3) (5,3) (5,4) (5,5) (6,5) (6,6)
  facet 6482: (0,0) (0,1) (1,1) (1,3) (2,3) (4,3) (5,3) (5,4) (5,5) (6,5) (6,6)
  facet 6483: (0,0) (1,0) (1,1) (1,3) (2,3) (4,3) (5,3) (5,4) (5,5) (6,5) (6,6)
  facet 6484: (0,0) (0,1) (1,1) (2,1) (2,3) (4,3) (5,3) (5,4) (5,5) (6,5) (6,6)
  facet 6485: (0,0) (1,0) (1,1) (2,1) (2,3) (4,3) (5,3) (5,4) (5,5) (6,5) (6,6)
  facet 6486: (0,0) (1,0) (2,0) (2,1) (2,3) (4,3) (5,3) (5,4) (5,5) (6,5) (6,6)
  facet 6487: (0,0) (0,1) (1,1) (2,1) (4,1) (4,3) (5,3) (5,4) (5,5) (6,5) (6,6)
  facet 6488: (0,0) (1,0) (1,1) (2,1) (4,1) (4,3) (5,3) (5,4) (5,5) (6,5) (6,6)
  facet 6489: (0,0) (1,0) (2,0) (2,1) (4,1) (4,3) (5,3) (5,4) (5,5) (6,5) (6,6)
  facet 6490: (0,0) (1,0) (2,0) (4,0) (4,1) (4,3) (5,3) (5,4) (5,5) (6,5) (6,6)
  facet 6491: (0,0) (0,1) (1,1) (2,1) (4,1) (5,1) (5,3) (5,4) (5,5) (6,5) (6,6)
  facet 6492: (0,0) (1,0) (1,1) (2,1) (4,1) (5,1) (5,3) (5,4) (5,5) (6,5) (6,6)
  facet 6493: (0,0) (1,0) (2,0) (2,1) (4,1) (5,1) (5,3) (5,4) (5,5) (6,5) (6,6)
  facet 6494: (0,0) (1,0) (2,0) (4,0) (4,1) (5,1) (5,3) (5,4) (5,5) (6,5) (6,6)
  facet 6495: (0,0) (1,0) (2,0) (4,0) (5,0) (5,1) (5,3) (5,4) (5,5) (6,5) (6,6)
  facet 6496: (0,0) (0,1) (0,3) (0,4) (1,4) (2,4) (4,4) (5,4) (6,4) (6,5) (6,6)
  facet 6497: (0,0) (0,1) (0,3) (1,3) (1,4) (2,4) (4,4) (5,4) (6,4) (6,5) (6,6)
  facet 6498: (0,0) (0,1) (1,1) (1,3) (1,4) (2,4) (4,4) (5,4) (6,4) (6,5) (6,6)
  facet 6499: (0,0) (1,0) (1,1) (1,3) (1,4) (2,4) (4,4) (5,4) (6,4) (6,5) (6,6)
  facet 6500: (0,0) (0,1) (0,3) (1,3) (2,3) (2,4) (4,4) (5,4) (6,4) (6,5) (6,6)
  facet 6501: (0,0) (0,1) (1,1) (1,3) (2,3) (2,4) (4,4) (5,4) (6,4) (6,5) (6,6)
  facet 6502: (0,0) (1,0) (1,1) (1,3) (2,3) (2,4) (4,4) (5,4) (6,4) (6,5) (6,6)
  facet 6503: (0,0) (0,1) (1,1) (2,1) (2,3) (2,4) (4,4) (5,4) (6,4) (6,5) (6,6)
  facet 6504: (0,0) (1,0) (1,1) (2,1) (2,3) (2,4) (4,4) (5,4) (6,4) (6,5) (6,6)
  facet 6505: (0,0) (1,0) (2,0) (2,1) (2,3) (2,4) (4,4) (5,4) (6,4) (6,5) (6,6)
  facet 6506: (0,0) (0,1) (0,3) (1,3) (2,3) (4,3) (4,4) (5,4) (6,4) (6,5) (6,6)
  facet 6507: (0,0) (0,1) (1,1) (1,3) (2,3) (4,3) (4,4) (5,4) (6,4) (6,5) (6,6)
  facet 6508: (0,0) (1,0) (1,1) (1,3) (2,3) (4,3) (4,4) (5,4) (6,4) (6,5) (6,6)
  facet 6509: (0,0) (0,1) (1,1) (2,1) (2,3) (4,3) (4,4) (5,4) (6,4) (6,5) (6,6)
  facet 6510: (0,0) (1,0) (1,1) (2,1) (2,3) (4,3) (4,4) (5,4) (6,4) (6,5) (6,6)
  facet 6511: (0,0) (1,0) (2,0) (2,1) (2,3) (4,3) (4,4) (5,4) (6,4) (6,5) (6,6)
  facet 6512: (0,0) (0,1) (1,1) (2,1) (4,1) (4,3) (4,4) (5,4) (6,4) (6,5) (6,6)
  facet 6513: (0,0) (1,0) (1,1) (2,1) (4,1) (4,3) (4,4) (5,4) (6,4) (6,5) (6,6)
  facet 6514: (0,0) (1,0) (2,0) (2,1) (4,1) (4,3) (4,4) (5,4) (6,4) (6,5) (6,6)
  facet 6515: (0,0) (1,0) (2,0) (4,0) (4,1) (4,3) (4,4) (5,4) (6,4) (6,5) (6,6)
  facet 6516: (0,0) (0,1) (0,3) (1,3) (2,3) (4,3) (5,3) (5,4) (6,4) (6,5) (6,6)
  facet 6517: (0,0) (0,1) (1,1) (1,3) (2,3) (4,3) (5,3) (5,4) (6,4) (6,5) (6,6)
  facet 6518: (0,0) (1,0) (1,1) (1,3) (2,3) (4,3) (5,3) (5,4) (6,4) (6,5) (6,6)
  facet 6519: (0,0) (0,1) (1,1) (2,1) (2,3) (4,3) (5,3) (5,4) (6,4) (6,5) (6,6)
  facet 6520: (0,0) (1,0) (1,1) (2,1) (2,3) (4,3) (5,3) (5,4) (6,4) (6,5) (6,6)
  facet 6521: (0,0) (1,0) (2,0) (2,1) (2,3) (4,3) (5,3) (5,4) (6,4) (6,5) (6,6)
  facet 6522: (0,0) (0,1) (1,1) (2,1) (4,1) (4,3) (5,3) (5,4) (6,4) (6,5) (6,6)
  facet 6523: (0,0) (1,0) (1,1) (2,1) (4,1) (4,3) (5,3) (5,4) (6,4) (6,5) (6,6)
  facet 6524: (0,0) (1,0) (2,0) (2,1) (4,1) (4,3) (5,3) (5,4) (6,4) (6,5) (6,6)
  facet 6525: (0,0) (1,0) (2,0) (4,0) (4,1) (4,3) (5,3) (5,4) (6,4) (6,5) (6,6)
  facet 6526: (0,0) (0,1) (1,1) (2,1) (4,1) (5,1) (5,3) (5,4) (6,4) (6,5) (6,6)
  facet 6527: (0,0) (1,0) (1,1) (2,1) (4,1) (5,1) (5,3) (5,4) (6,4) (6,5) (6,6)
  facet 6528: (0,0) (1,0) (2,0) (2,1) (4,1) (5,1) (5,3) (5,4) (6,4) (6,5) (6,6)
  facet 6529: (0,0) (1,0) (2,0) (4,0) (4,1) (5,1) (5,3) (5,4) (6,4) (6,5) (6,6)
  facet 6530: (0,0) (1,0) (2,0) (4,0) (5,0) (5,1) (5,3) (5,4) (6,4) (6,5) (6,6)
  facet 6531: (0,0) (0,1) (0,3) (1,3) (2,3) (4,3) (5,3) (6,3) (6,4) (6,5) (6,6)
  facet 6532: (0,0) (0,1) (1,1) (1,3) (2,3) (4,3) (5,3) (6,3) (6,4) (6,5) (6,6)
  facet 6533: (0,0) (1,0) (1,1) (1,3) (2,3) (4,3) (5,3) (6,3) (6,4) (6,5) (6,6)
  facet 6534: (0,0) (0,1) (1,1) (2,1) (2,3) (4,3) (5,3) (6,3) (6,4) (6,5) (6,6)
  facet 6535: (0,0) (1,0) (1,1) (2,1) (2,3) (4,3) (5,3) (6,3) (6,4) (6,5) (6,6)
  facet 6536: (0,0) (1,0) (2,0) (2,1) (2,3) (4,3) (5,3) (6,3) (6,4) (6,5) (6,6)
  facet 6537: (0,0) (0,1) (1,1) (2,1) (4,1) (4,3) (5,3) (6,3) (6,4) (6,5) (6,6)
  facet 6538: (0,0) (1,0) (1,1) (2,1) (4,1) (4,3) (5,3) (6,3) (6,4) (6,5) (6,6)
  facet 6539: (0,0) (1,0) (2,0) (2,1) (4,1) (4,3) (5,3) (6,3) (6,4) (6,5) (6,6)
  facet 6540: (0,0) (1,0) (2,0) (4,0) (4,1) (4,3) (5,3) (6,3) (6,4) (6,5) (6,6)
  facet 6541: (0,0) (0,1) (1,1) (2,1) (4,1) (5,1) (5,3) (6,3) (6,4) (6,5) (6,6)
  facet 6542: (0,0) (1,0) (1,1) (2,1) (4,1) (5,1) (5,3) (6,3) (6,4) (6,5) (6,6)
  facet 6543: (0,0) (1,0) (2,0) (2,1) (4,1) (5,1) (5,3) (6,3) (6,4) (6,5) (6,6)
  facet 6544: (0,0) (1,0) (2,0) (4,0) (4,1) (5,1) (5,3) (6,3) (6,4) (6,5) (6,6)
  facet 6545: (0,0) (1,0) (2,0) (4,0) (5,0) (5,1) (5,3) (6,3) (6,4) (6,5) (6,6)
  facet 6546: (0,0) (0,1) (1,1) (2,1) (4,1) (5,1) (6,1) (6,3) (6,4) (6,5) (6,6)
  facet 6547: (0,0) (1,0) (1,1) (2,1) (4,1) (5,1) (6,1) (6,3) (6,4) (6,5) (6,6)
  facet 6548: (0,0) (1,0) (2,0) (2,1) (4,1) (5,1) (6,1) (6,3) (6,4) (6,5) (6,6)
  facet 6549: (0,0) (1,0) (2,0) (4,0) (4,1) (5,1) (6,1) (6,3) (6,4) (6,5) (6,6)
  facet 6550: (0,0) (1,0) (2,0) (4,0) (5,0) (5,1) (6,1) (6,3) (6,4) (6,5) (6,6)
  facet 6551: (0,0) (1,0) (2,0) (4,0) (5,0) (6,0) (6,1) (6,3) (6,4) (6,5) (6,6)
  facet 6552: (0,0) (0,2) (0,3) (0,4) (0,5) (0,6) (1,6) (2,6) (4,6) (5,6) (6,6)
  facet 6553: (0,0) (0,2) (0,3) (0,4) (0,5) (1,5) (1,6) (2,6) (4,6) (5,6) (6,6)
  facet 6554: (0,0) (0,2) (0,3) (0,4) (1,4) (1,5) (1,6) (2,6) (4,6) (5,6) (6,6)
  facet 6555: (0,0) (0,2) (0,3) (1,3) (1,4) (1,5) (1,6) (2,6) (4,6) (5,6) (6,6)
  facet 6556: (0,0) (0,2) (1,2) (1,3) (1,4) (1,5) (1,6) (2,6) (4,6) (5,6) (6,6)
  facet 6557: (0,0) (1,0) (1,2) (1,3) (1,4) (1,5) (1,6) (2,6) (4,6) (5,6) (6,6)
  facet 6558: (0,0) (0,2) (0,3) (0,4) (0,5) (1,5) (2,5) (2,6) (4,6) (5,6) (6,6)
  facet 6559: (0,0) (0,2) (0,3) (0,4) (1,4) (1,5) (2,5) (2,6) (4,6) (5,6) (6,6)
  facet 6560: (0,0) (0,2) (0,3) (1,3) (1,4) (1,5) (2,5) (2,6) (4,6) (5,6) (6,6)
  facet 6561: (0,0) (0,2) (1,2) (1,3) (1,4) (1,5) (2,5) (2,6) (4,6) (5,6) (6,6)
  facet 6562: (0,0) (1,0) (1,2) (1,3) (1,4) (1,5) (2,5) (2,6) (4,6) (5,6) (6,6)
  facet 6563: (0,0) (0,2) (0,3) (0,4) (1,4) (2,4) (2,5) (2,6) (4,6) (5,6) (6,6)
  facet 6564: (0,0) (0,2) (0,3) (1,3) (1,4) (2,4) (2,5) (2,6) (4,6) (5,6) (6,6)
  facet 6565: (0,0) (0,2) (1,2) (1,3) (1,4) (2,4) (2,5) (2,6) (4,6) (5,6) (6,6)
  facet 6566: (0,0) (1,0) (1,2) (1,3) (1,4) (2,4) (2,5) (2,6) (4,6) (5,6) (6,6)
  facet 6567: (0,0) (0,2) (0,3) (1,3) (2,3) (2,4) (2,5) (2,6) (4,6) (5,6) (6,6)
  facet 6568: (0,0) (0,2) (1,2) (1,3) (2,3) (2,4) (2,5) (2,6) (4,6) (5,6) (6,6)
  facet 6569: (0,0) (1,0) (1,2) (1,3) (2,3) (2,4) (2,5) (2,6) (4,6) (5,6) (6,6)
  facet 6570: (0,0) (0,2) (1,2) (2,2) (2,3) (2,4) (2,5) (2,6) (4,6) (5,6) (6,6)
  facet 6571: (0,0) (1,0) (1,2) (2,2) (2,3) (2,4) (2,5) (2,6) (4,6) (5,6) (6,6)
  facet 6572: (0,0) (1,0) (2,0) (2,2) (2,3) (2,4) (2,5) (2,6) (4,6) (5,6) (6,6)
  facet 6573: (0,0) (0,2) (0,3) (0,4) (0,5) (1,5) (2,5) (4,5) (4,6) (5,6) (6,6)
  facet 6574: (0,0) (0,2) (0,3) (0,4) (1,4) (1,5) (2,5) (4,5) (4,6) (5,6) (6,6)
  facet 6575: (0,0) (0,2) (0,3) (1,3) (1,4) (1,5) (2,5) (4,5) (4,6) (5,6) (6,6)
  facet 6576: (0,0) (0,2) (1,2) (1,3) (1,4) (1,5) (2,5) (4,5) (4,6) (5,6) (6,6)
  facet 6577: (0,0) (1,0) (1,2) (1,3) (1,4) (1,5) (2,5) (4,5) (4,6) (5,6) (6,6)
  facet 6578: (0,0) (0,2) (0,3) (0,4) (1,4) (2,4) (2,5) (4,5) (4,6) (5,6) (6,6)
  facet 6579: (0,0) (0,2) (0,3) (1,3) (1,4) (2,4) (2,5) (4,5) (4,6) (5,6) (6,6)
  facet 6580: (0,0) (0,2) (1,2) (1,3) (1,4) (2,4) (2,5) (4,5) (4,6) (5,6) (6,6)
  facet 6581: (0,0) (1,0) (1,2) (1,3) (1,4) (2,4) (2,5) (4,5) (4,6) (5,6) (6,6)
  facet 6582: (0,0) (0,2) (0,3) (1,3) (2,3) (2,4) (2,5) (4,5) (4,6) (5,6) (6,6)
  facet 6583: (0,0) (0,2) (1,2) (1,3) (2,3) (2,4) (2,5) (4,5) (4,6) (5,6) (6,6)
  facet 6584: (0,0) (1,0) (1,2) (1,3) (2,3) (2,4) (2,5) (4,5) (4,6) (5,6) (6,6)
  facet 6585: (0,0) (0,2) (1,2) (2,2) (2,3) (2,4) (2,5) (4,5) (4,6) (5,6) (6,6)
  facet 6586: (0,0) (1,0) (1,2) (2,2) (2,3) (2,4) (2,5) (4,5) (4,6) (5,6) (6,6)
  facet 6587: (0,0) (1,0) (2,0) (2,2) (2,3) (2,4) (2,5) (4,5) (4,6) (5,6) (6,6)
  facet 6588: (0,0) (0,2) (0,3) (0,4) (1,4) (2,4) (4,4) (4,5) (4,6) (5,6) (6,6)
  facet 6589: (0,0) (0,2) (0,3) (1,3) (1,4) (2,4) (4,4) (4,5) (4,6) (5,6) (6,6)
  facet 6590: (0,0) (0,2) (1,2) (1,3) (1,4) (2,4) (4,4) (4,5) (4,6) (5,6) (6,6)
  facet 6591: (0,0) (1,0) (1,2) (1,3) (1,4) (2,4) (4,4) (4,5) (4,6) (5,6) (6,6)
  facet 6592: (0,0) (0,2) (0,3) (1,3) (2,3) (2,4) (4,4) (4,5) (4,6) (5,6) (6,6)
  facet 6593: (0,0) (0,2) (1,2) (1,3) (2,3) (2,4) (4,4) (4,5) (4,6) (5,6) (6,6)
  facet 6594: (0,0) (1,0) (1,2) (1,3) (2,3) (2,4) (4,4) (4,5) (4,6) (5,6) (6,6)
  facet 6595: (0,0) (0,2) (1,2) (2,2) (2,3) (2,4) (4,4) (4,5) (4,6) (5,6) (6,6)
  facet 6596: (0,0) (1,0) (1,2) (2,2) (2,3) (2,4) (4,4) (4,5) (4,6) (5,6) (6,6)
  facet 6597: (0,0) (1,0) (2,0) (2,2) (2,3) (2,4) (4,4) (4,5) (4,6) (5,6) (6,6)
  facet 6598: (0,0) (0,2) (0,3) (1,3) (2,3) (4,3) (4,4) (4,5) (4,6) (5,6) (6,6)
  facet 6599: (0,0) (0,2) (1,2) (1,3) (2,3) (4,3) (4,4) (4,5) (4,6) (5,6) (6,6)
  facet 6600: (0,0) (1,0) (1,2) (1,3) (2,3) (4,3) (4,4) (4,5) (4,6) (5,6) (6,6)
  facet 6601: (0,0) (0,2) (1,2) (2,2) (2,3) (4,3) (4,4) (4,5) (4,6) (5,6) (6,6)
  facet 6602: (0,0) (1,0) (1,2) (2,2) (2,3) (4,3) (4,4) (4,5) (4,6) (5,6) (6,6)
  facet 6603: (0,0) (1,0) (2,0) (2,2) (2,3) (4,3) (4,4) (4,5) (4,6) (5,6) (6,6)
  facet 6604: (0,0) (0,2) (1,2) (2,2) (4,2) (4,3) (4,4) (4,5) (4,6) (5,6) (6,6)
  facet 6605: (0,0) (1,0) (1,2) (2,2) (4,2) (4,3) (4,4) (4,5) (4,6) (5,6) (6,6)
  facet 6606: (0,0) (1,0) (2,0) (2,2) (4,2) (4,3) (4,4) (4,5) (4,6) (5,6) (6,6)
  facet 6607: (0,0) (1,0) (2,0) (4,0) (4,2) (4,3) (4,4) (4,5) (4,6) (5,6) (6,6)
  facet 6608: (0,0) (0,2) (0,3) (0,4) (0,5) (1,5) (2,5) (4,5) (5,5) (5,6) (6,6)
  facet 6609: (0,0) (0,2) (0,3) (0,4) (1,4) (1,5) (2,5) (4,5) (5,5) (5,6) (6,6)
  facet 6610: (0,0) (0,2) (0,3) (1,3) (1,4) (1,5) (2,5) (4,5) (5,5) (5,6) (6,6)
  facet 6611: (0,0) (0,2) (1,2) (1,3) (1,4) (1,5) (2,5) (4,5) (5,5) (5,6) (6,6)
  facet 6612: (0,0) (1,0) (1,2) (1,3) (1,4) (1,5) (2,5) (4,5) (5,5) (5,6) (6,6)
  facet 6613: (0,0) (0,2) (0,3) (0,4) (1,4) (2,4) (2,5) (4,5) (5,5) (5,6) (6,6)
  facet 6614: (0,0) (0,2) (0,3) (1,3) (1,4) (2,4) (2,5) (4,5) (5,5) (5,6) (6,6)
  facet 6615: (0,0) (0,2) (1,2) (1,3) (1,4) (2,4) (2,5) (4,5) (5,5) (5,6) (6,6)
  facet 6616: (0,0) (1,0) (1,2) (1,3) (1,4) (2,4) (2,5) (4,5) (5,5) (5,6) (6,6)
  facet 6617: (0,0) (0,2) (0,3) (1,3) (2,3) (2,4) (2,5) (4,5) (5,5) (5,6) (6,6)
  facet 6618: (0,0) (0,2) (1,2) (1,3) (2,3) (2,4) (2,5) (4,5) (5,5) (5,6) (6,6)
  facet 6619: (0,0) (1,0) (1,2) (1,3) (2,3) (2,4) (2,5) (4,5) (5,5) (5,6) (6,6)
  facet 6620: (0,0) (0,2) (1,2) (2,2) (2,3) (2,4) (2,5) (4,5) (5,5) (5,6) (6,6)
  facet 6621: (0,0) (1,0) (1,2) (2,2) (2,3) (2,4) (2,5) (4,5) (5,5) (5,6) (6,6)
  facet 6622: (0,0) (1,0) (2,0) (2,2) (2,3) (2,4) (2,5) (4,5) (5,5) (5,6) (6,6)
  facet 6623: (0,0) (0,2) (0,3) (0,4) (1,4) (2,4) (4,4) (4,5) (5,5) (5,6) (6,6)
  facet 6624: (0,0) (0,2) (0,3) (1,3) (1,4) (2,4) (4,4) (4,5) (5,5) (5,6) (6,6)
  facet 6625: (0,0) (0,2) (1,2) (1,3) (1,4) (2,4) (4,4) (4,5) (5,5) (5,6) (6,6)
  facet 6626: (0,0) (1,0) (1,2) (1,3) (1,4) (2,4) (4,4) (4,5) (5,5) (5,6) (6,6)
  facet 6627: (0,0) (0,2) (0,3) (1,3) (2,3) (2,4) (4,4) (4,5) (5,5) (5,6) (6,6)
  facet 6628: (0,0) (0,2) (1,2) (1,3) (2,3) (2,4) (4,4) (4,5) (5,5) (5,6) (6,6)
  facet 6629: (0,0) (1,0) (1,2) (1,3) (2,3) (2,4) (4,4) (4,5) (5,5) (5,6) (6,6)
  facet 6630: (0,0) (0,2) (1,2) (2,2) (2,3) (2,4) (4,4) (4,5) (5,5) (5,6) (6,6)
  facet 6631: (0,0) (1,0) (1,2) (2,2) (2,3) (2,4) (4,4) (4,5) (5,5) (5,6) (6,6)
  facet 6632: (0,0) (1,0) (2,0) (2,2) (2,3) (2,4) (4,4) (4,5) (5,5) (5,6) (6,6)
  facet 6633: (0,0) (0,2) (0,3) (1,3) (2,3) (4,3) (4,4) (4,5) (5,5) (5,6) (6,6)
  facet 6634: (0,0) (0,2) (1,2) (1,3) (2,3) (4,3) (4,4) (4,5) (5,5) (5,6) (6,6)
  facet 6635: (0,0) (1,0) (1,2) (1,3) (2,3) (4,3) (4,4) (4,5) (5,5) (5,6) (6,6)
  facet 6636: (0,0) (0,2) (1,2) (2,2) (2,3) (4,3) (4,4) (4,5) (5,5) (5,6) (6,6)
  facet 6637: (0,0) (1,0) (1,2) (2,2) (2,3) (4,3) (4,4) (4,5) (5,5) (5,6) (6,6)
  facet 6638: (0,0) (1,0) (2,0) (2,2) (2,3) (4,3) (4,4) (4,5) (5,5) (5,6) (6,6)
  facet 6639: (0,0) (0,2) (1,2) (2,2) (4,2) (4,3) (4,4) (4,5) (5,5) (5,6) (6,6)
  facet 6640: (0,0) (1,0) (1,2) (2,2) (4,2) (4,3) (4,4) (4,5) (5,5) (5,6) (6,6)
  facet 6641: (0,0) (1,0) (2,0) (2,2) (4,2) (4,3) (4,4) (4,5) (5,5) (5,6) (6,6)
  facet 6642: (0,0) (1,0) (2,0) (4,0) (4,2) (4,3) (4,4) (4,5) (5,5) (5,6) (6,6)
  facet 6643: (0,0) (0,2) (0,3) (0,4) (1,4) (2,4) (4,4) (5,4) (5,5) (5,6) (6,6)
  facet 6644: (0,0) (0,2) (0,3) (1,3) (1,4) (2,4) (4,4) (5,4) (5,5) (5,6) (6,6)
  facet 6645: (0,0) (0,2) (1,2) (1,3) (1,4) (2,4) (4,4) (5,4) (5,5) (5,6) (6,6)
  facet 6646: (0,0) (1,0) (1,2) (1,3) (1,4) (2,4) (4,4) (5,4) (5,5) (5,6) (6,6)
  facet 6647: (0,0) (0,2) (0,3) (1,3) (2,3) (2,4) (4,4) (5,4) (5,5) (5,6) (6,6)
  facet 6648: (0,0) (0,2) (1,2) (1,3) (2,3) (2,4) (4,4) (5,4) (5,5) (5,6) (6,6)
  facet 6649: (0,0) (1,0) (1,2) (1,3) (2,3) (2,4) (4,4) (5,4) (5,5) (5,6) (6,6)
  facet 6650: (0,0) (0,2) (1,2) (2,2) (2,3) (2,4) (4,4) (5,4) (5,5) (5,6) (6,6)
  facet 6651: (0,0) (1,0) (1,2) (2,2) (2,3) (2,4) (4,4) (5,4) (5,5) (5,6) (6,6)
  facet 6652: (0,0) (1,0) (2,0) (2,2) (2,3) (2,4) (4,4) (5,4) (5,5) (5,6) (6,6)
  facet 6653: (0,0) (0,2) (0,3) (1,3) (2,3) (4,3) (4,4) (5,4) (5,5) (5,6) (6,6)
  facet 6654: (0,0) (0,2) (1,2) (1,3) (2,3) (4,3) (4,4) (5,4) (5,5) (5,6) (6,6)
  facet 6655: (0,0) (1,0) (1,2) (1,3) (2,3) (4,3) (4,4) (5,4) (5,5) (5,6) (6,6)
  facet 6656: (0,0) (0,2) (1,2) (2,2) (2,3) (4,3) (4,4) (5,4) (5,5) (5,6) (6,6)
  facet 6657: (0,0) (1,0) (1,2) (2,2) (2,3) (4,3) (4,4) (5,4) (5,5) (5,6) (6,6)
  facet 6658: (0,0) (1,0) (2,0) (2,2) (2,3) (4,3) (4,4) (5,4) (5,5) (5,6) (6,6)
  facet 6659: (0,0) (0,2) (1,2) (2,2) (4,2) (4,3) (4,4) (5,4) (5,5) (5,6) (6,6)
  facet 6660: (0,0) (1,0) (1,2) (2,2) (4,2) (4,3) (4,4) (5,4) (5,5) (5,6) (6,6)
  facet 6661: (0,0) (1,0) (2,0) (2,2) (4,2) (4,3) (4,4) (5,4) (5,5) (5,6) (6,6)
  facet 6662: (0,0) (1,0) (2,0) (4,0) (4,2) (4,3) (4,4) (5,4) (5,5) (5,6) (6,6)
  facet 6663: (0,0) (0,2) (0,3) (1,3) (2,3) (4,3) (5,3) (5,4) (5,5) (5,6) (6,6)
  facet 6664: (0,0) (0,2) (1,2) (1,3) (2,3) (4,3) (5,3) (5,4) (5,5) (5,6) (6,6)
  facet 6665: (0,0) (1,0) (1,2) (1,3) (2,3) (4,3) (5,3) (5,4) (5,5) (5,6) (6,6)
  facet 6666: (0,0) (0,2) (1,2) (2,2) (2,3) (4,3) (5,3) (5,4) (5,5) (5,6) (6,6)
  facet 6667: (0,0) (1,0) (1,2) (2,2) (2,3) (4,3) (5,3) (5,4) (5,5) (5,6) (6,6)
  facet 6668: (0,0) (1,0) (2,0) (2,2) (2,3) (4,3) (5,3) (5,4) (5,5) (5,6) (6,6)
  facet 6669: (0,0) (0,2) (1,2) (2,2) (4,2) (4,3) (5,3) (5,4) (5,5) (5,6) (6,6)
  facet 6670: (0,0) (1,0) (1,2) (2,2) (4,2) (4,3) (5,3) (5,4) (5,5) (5,6) (6,6)
  facet 6671: (0,0) (1,0) (2,0) (2,2) (4,2) (4,3) (5,3) (5,4) (5,5) (5,6) (6,6)
  facet 6672: (0,0) (1,0) (2,0) (4,0) (4,2) (4,3) (5,3) (5,4) (5,5) (5,6) (6,6)
  facet 6673: (0,0) (0,2) (1,2) (2,2) (4,2) (5,2) (5,3) (5,4) (5,5) (5,6) (6,6)
  facet 6674: (0,0) (1,0) (1,2) (2,2) (4,2) (5,2) (5,3) (5,4) (5,5) (5,6) (6,6)
  facet 6675: (0,0) (1,0) (2,0) (2,2) (4,2) (5,2) (5,3) (5,4) (5,5) (5,6) (6,6)
  facet 6676: (0,0) (1,0) (2,0) (4,0) (4,2) (5,2) (5,3) (5,4) (5,5) (5,6) (6,6)
  facet 6677: (0,0) (1,0) (2,0) (4,0) (5,0) (5,2) (5,3) (5,4) (5,5) (5,6) (6,6)
  facet 6678: (0,0) (0,2) (0,3) (0,4) (0,5) (1,5) (2,5) (4,5) (5,5) (6,5) (6,6)
  facet 6679: (0,0) (0,2) (0,3) (0,4) (1,4) (1,5) (2,5) (4,5) (5,5) (6,5) (6,6)
  facet 6680: (0,0) (0,2) (0,3) (1,3) (1,4) (1,5) (2,5) (4,5) (5,5) (6,5) (6,6)
  facet 6681: (0,0) (0,2) (1,2) (1,3) (1,4) (1,5) (2,5) (4,5) (5,5) (6,5) (6,6)
  facet 6682: (0,0) (1,0) (1,2) (1,3) (1,4) (1,5) (2,5) (4,5) (5,5) (6,5) (6,6)
  facet 6683: (0,0) (0,2) (0,3) (0,4) (1,4) (2,4) (2,5) (4,5) (5,5) (6,5) (6,6)
  facet 6684: (0,0) (0,2) (0,3) (1,3) (1,4) (2,4) (2,5) (4,5) (5,5) (6,5) (6,6)
  facet 6685: (0,0) (0,2) (1,2) (1,3) (1,4) (2,4) (2,5) (4,5) (5,5) (6,5) (6,6)
  facet 6686: (0,0) (1,0) (1,2) (1,3) (1,4) (2,4) (2,5) (4,5) (5,5) (6,5) (6,6)
  facet 6687: (0,0) (0,2) (0,3) (1,3) (2,3) (2,4) (2,5) (4,5) (5,5) (6,5) (6,6)
  facet 6688: (0,0) (0,2) (1,2) (1,3) (2,3) (2,4) (2,5) (4,5) (5,5) (6,5) (6,6)
  facet 6689: (0,0) (1,0) (1,2) (1,3) (2,3) (2,4) (2,5) (4,5) (5,5) (6,5) (6,6)
  facet 6690: (0,0) (0,2) (1,2) (2,2) (2,3) (2,4) (2,5) (4,5) (5,5) (6,5) (6,6)
  facet 6691: (0,0) (1,0) (1,2) (2,2) (2,3) (2,4) (2,5) (4,5) (5,5) (6,5) (6,6)
  facet 6692: (0,0) (1,0) (2,0) (2,2) (2,3) (2,4) (2,5) (4,5) (5,5) (6,5) (6,6)
  facet 6693: (0,0) (0,2) (0,3) (0,4) (1,4) (2,4) (4,4) (4,5) (5,5) (6,5) (6,6)
  facet 6694: (0,0) (0,2) (0,3) (1,3) (1,4) (2,4) (4,4) (4,5) (5,5) (6,5) (6,6)
  facet 6695: (0,0) (0,2) (1,2) (1,3) (1,4) (2,4) (4,4) (4,5) (5,5) (6,5) (6,6)
  facet 6696: (0,0) (1,0) (1,2) (1,3) (1,4) (2,4) (4,4) (4,5) (5,5) (6,5) (6,6)
  facet 6697: (0,0) (0,2) (0,3) (1,3) (2,3) (2,4) (4,4) (4,5) (5,5) (6,5) (6,6)
  facet 6698: (0,0) (0,2) (1,2) (1,3) (2,3) (2,4) (4,4) (4,5) (5,5) (6,5) (6,6)
  facet 6699: (0,0) (1,0) (1,2) (1,3) (2,3) (2,4) (4,4) (4,5) (5,5) (6,5) (6,6)
  facet 6700: (0,0) (0,2) (1,2) (2,2) (2,3) (2,4) (4,4) (4,5) (5,5) (6,5) (6,6)
  facet 6701: (0,0) (1,0) (1,2) (2,2) (2,3) (2,4) (4,4) (4,5) (5,5) (6,5) (6,6)
  facet 6702: (0,0) (1,0) (2,0) (2,2) (2,3) (2,4) (4,4) (4,5) (5,5) (6,5) (6,6)
  facet 6703: (0,0) (0,2) (0,3) (1,3) (2,3) (4,3) (4,4) (4,5) (5,5) (6,5) (6,6)
  facet 6704: (0,0) (0,2) (1,2) (1,3) (2,3) (4,3) (4,4) (4,5) (5,5) (6,5) (6,6)
  facet 6705: (0,0) (1,0) (1,2) (1,3) (2,3) (4,3) (4,4) (4,5) (5,5) (6,5) (6,6)
  facet 6706: (0,0) (0,2) (1,2) (2,2) (2,3) (4,3) (4,4) (4,5) (5,5) (6,5) (6,6)
  facet 6707: (0,0) (1,0) (1,2) (2,2) (2,3) (4,3) (4,4) (4,5) (5,5) (6,5) (6,6)
  facet 6708: (0,0) (1,0) (2,0) (2,2) (2,3) (4,3) (4,4) (4,5) (5,5) (6,5) (6,6)
  facet 6709: (0,0) (0,2) (1,2) (2,2) (4,2) (4,3) (4,4) (4,5) (5,5) (6,5) (6,6)
  facet 6710: (0,0) (1,0) (1,2) (2,2) (4,2) (4,3) (4,4) (4,5) (5,5) (6,5) (6,6)
  facet 6711: (0,0) (1,0) (2,0) (2,2) (4,2) (4,3) (4,4) (4,5) (5,5) (6,5) (6,6)
  facet 6712: (0,0) (1,0) (2,0) (4,0) (4,2) (4,3) (4,4) (4,5) (5,5) (6,5) (6,6)
  facet 6713: (0,0) (0,2) (0,3) (0,4) (1,4) (2,4) (4,4) (5,4) (5,5) (6,5) (6,6)
  facet 6714: (0,0) (0,2) (0,3) (1,3) (1,4) (2,4) (4,4) (5,4) (5,5) (6,5) (6,6)
  facet 6715: (0,0) (0,2) (1,2) (1,3) (1,4) (2,4) (4,4) (5,4) (5,5) (6,5) (6,6)
  facet 6716: (0,0) (1,0) (1,2) (1,3) (1,4) (2,4) (4,4) (5,4) (5,5) (6,5) (6,6)
  facet 6717: (0,0) (0,2) (0,3) (1,3) (2,3) (2,4) (4,4) (5,4) (5,5) (6,5) (6,6)
  facet 6718: (0,0) (0,2) (1,2) (1,3) (2,3) (2,4) (4,4) (5,4) (5,5) (6,5) (6,6)
  facet 6719: (0,0) (1,0) (1,2) (1,3) (2,3) (2,4) (4,4) (5,4) (5,5) (6,5) (6,6)
  facet 6720: (0,0) (0,2) (1,2) (2,2) (2,3) (2,4) (4,4) (5,4) (5,5) (6,5) (6,6)
  facet 6721: (0,0) (1,0) (1,2) (2,2) (2,3) (2,4) (4,4) (5,4) (5,5) (6,5) (6,6)
  facet 6722: (0,0) (1,0) (2,0) (2,2) (2,3) (2,4) (4,4) (5,4) (5,5) (6,5) (6,6)
  facet 6723: (0,0) (0,2) (0,3) (1,3) (2,3) (4,3) (4,4) (5,4) (5,5) (6,5) (6,6)
  facet 6724: (0,0) (0,2) (1,2) (1,3) (2,3) (4,3) (4,4) (5,4) (5,5) (6,5) (6,6)
  facet 6725: (0,0) (1,0) (1,2) (1,3) (2,3) (4,3) (4,4) (5,4) (5,5) (6,5) (6,6)
  facet 6726: (0,0) (0,2) (1,2) (2,2) (2,3) (4,3) (4,4) (5,4) (5,5) (6,5) (6,6)
  facet 6727: (0,0) (1,0) (1,2) (2,2) (2,3) (4,3) (4,4) (5,4) (5,5) (6,5) (6,6)
  facet 6728: (0,0) (1,0) (2,0) (2,2) (2,3) (4,3) (4,4) (5,4) (5,5) (6,5) (6,6)
  facet 6729: (0,0) (0,2) (1,2) (2,2) (4,2) (4,3) (4,4) (5,4) (5,5) (6,5) (6,6)
  facet 6730: (0,0) (1,0) (1,2) (2,2) (4,2) (4,3) (4,4) (5,4) (5,5) (6,5) (6,6)
  facet 6731: (0,0) (1,0) (2,0) (2,2) (4,2) (4,3) (4,4) (5,4) (5,5) (6,5) (6,6)
  facet 6732: (0,0) (1,0) (2,0) (4,0) (4,2) (4,3) (4,4) (5,4) (5,5) (6,5) (6,6)
  facet 6733: (0,0) (0,2) (0,3) (1,3) (2,3) (4,3) (5,3) (5,4) (5,5) (6,5) (6,6)
  facet 6734: (0,0) (0,2) (1,2) (1,3) (2,3) (4,3) (5,3) (5,4) (5,5) (6,5) (6,6)
  facet 6735: (0,0) (1,0) (1,2) (1,3) (2,3) (4,3) (5,3) (5,4) (5,5) (6,5) (6,6)
  facet 6736: (0,0) (0,2) (1,2) (2,2) (2,3) (4,3) (5,3) (5,4) (5,5) (6,5) (6,6)
  facet 6737: (0,0) (1,0) (1,2) (2,2) (2,3) (4,3) (5,3) (5,4) (5,5) (6,5) (6,6)
  facet 6738: (0,0) (1,0) (2,0) (2,2) (2,3) (4,3) (5,3) (5,4) (5,5) (6,5) (6,6)
  facet 6739: (0,0) (0,2) (1,2) (2,2) (4,2) (4,3) (5,3) (5,4) (5,5) (6,5) (6,6)
  facet 6740: (0,0) (1,0) (1,2) (2,2) (4,2) (4,3) (5,3) (5,4) (5,5) (6,5) (6,6)
  facet 6741: (0,0) (1,0) (2,0) (2,2) (4,2) (4,3) (5,3) (5,4) (5,5) (6,5) (6,6)
  facet 6742: (0,0) (1,0) (2,0) (4,0) (4,2) (4,3) (5,3) (5,4) (5,5) (6,5) (6,6)
  facet 6743: (0,0) (0,2) (1,2) (2,2) (4,2) (5,2) (5,3) (5,4) (5,5) (6,5) (6,6)
  facet 6744: (0,0) (1,0) (1,2) (2,2) (4,2) (5,2) (5,3) (5,4) (5,5) (6,5) (6,6)
  facet 6745: (0,0) (1,0) (2,0) (2,2) (4,2) (5,2) (5,3) (5,4) (5,5) (6,5) (6,6)
  facet 6746: (0,0) (1,0) (2,0) (4,0) (4,2) (5,2) (5,3) (5,4) (5,5) (6,5) (6,6)
  facet 6747: (0,0) (1,0) (2,0) (4,0) (5,0) (5,2) (5,3) (5,4) (5,5) (6,5) (6,6)
  facet 6748: (0,0) (0,2) (0,3) (0,4) (1,4) (2,4) (4,4) (5,4) (6,4) (6,5) (6,6)
  facet 6749: (0,0) (0,2) (0,3) (1,3) (1,4) (2,4) (4,4) (5,4) (6,4) (6,5) (6,6)
  facet 6750: (0,0) (0,2) (1,2) (1,3) (1,4) (2,4) (4,4) (5,4) (6,4) (6,5) (6,6)
  facet 6751: (0,0) (1,0) (1,2) (1,3) (1,4) (2,4) (4,4) (5,4) (6,4) (6,5) (6,6)
  facet 6752: (0,0) (0,2) (0,3) (1,3) (2,3) (2,4) (4,4) (5,4) (6,4) (6,5) (6,6)
  facet 6753: (0,0) (0,2) (1,2) (1,3) (2,3) (2,4) (4,4) (5,4) (6,4) (6,5) (6,6)
  facet 6754: (0,0) (1,0) (1,2) (1,3) (2,3) (2,4) (4,4) (5,4) (6,4) (6,5) (6,6)
  facet 6755: (0,0) (0,2) (1,2) (2,2) (2,3) (2,4) (4,4) (5,4) (6,4) (6,5) (6,6)
  facet 6756: (0,0) (1,0) (1,2) (2,2) (2,3) (2,4) (4,4) (5,4) (6,4) (6,5) (6,6)
  facet 6757: (0,0) (1,0) (2,0) (2,2) (2,3) (2,4) (4,4) (5,4) (6,4) (6,5) (6,6)
  facet 6758: (0,0) (0,2) (0,3) (1,3) (2,3) (4,3) (4,4) (5,4) (6,4) (6,5) (6,6)
  facet 6759: (0,0) (0,2) (1,2) (1,3) (2,3) (4,3) (4,4) (5,4) (6,4) (6,5) (6,6)
  facet 6760: (0,0) (1,0) (1,2) (1,3) (2,3) (4,3) (4,4) (5,4) (6,4) (6,5) (6,6)
  facet 6761: (0,0) (0,2) (1,2) (2,2) (2,3) (4,3) (4,4) (5,4) (6,4) (6,5) (6,6)
  facet 6762: (0,0) (1,0) (1,2) (2,2) (2,3) (4,3) (4,4) (5,4) (6,4) (6,5) (6,6)
  facet 6763: (0,0) (1,0) (2,0) (2,2) (2,3) (4,3) (4,4) (5,4) (6,4) (6,5) (6,6)
  facet 6764: (0,0) (0,2) (1,2) (2,2) (4,2) (4,3) (4,4) (5,4) (6,4) (6,5) (6,6)
  facet 6765: (0,0) (1,0) (1,2) (2,2) (4,2) (4,3) (4,4) (5,4) (6,4) (6,5) (6,6)
  facet 6766: (0,0) (1,0) (2,0) (2,2) (4,2) (4,3) (4,4) (5,4) (6,4) (6,5) (6,6)
  facet 6767: (0,0) (1,0) (2,0) (4,0) (4,2) (4,3) (4,4) (5,4) (6,4) (6,5) (6,6)
  facet 6768: (0,0) (0,2) (0,3) (1,3) (2,3) (4,3) (5,3) (5,4) (6,4) (6,5) (6,6)
  facet 6769: (0,0) (0,2) (1,2) (1,3) (2,3) (4,3) (5,3) (5,4) (6,4) (6,5) (6,6)
  facet 6770: (0,0) (1,0) (1,2) (1,3) (2,3) (4,3) (5,3) (5,4) (6,4) (6,5) (6,6)
  facet 6771: (0,0) (0,2) (1,2) (2,2) (2,3) (4,3) (5,3) (5,4) (6,4) (6,5) (6,6)
  facet 6772: (0,0) (1,0) (1,2) (2,2) (2,3) (4,3) (5,3) (5,4) (6,4) (6,5) (6,6)
  facet 6773: (0,0) (1,0) (2,0) (2,2) (2,3) (4,3) (5,3) (5,4) (6,4) (6,5) (6,6)
  facet 6774: (0,0) (0,2) (1,2) (2,2) (4,2) (4,3) (5,3) (5,4) (6,4) (6,5) (6,6)
  facet 6775: (0,0) (1,0) (1,2) (2,2) (4,2) (4,3) (5,3) (5,4) (6,4) (6,5) (6,6)
  facet 6776: (0,0) (1,0) (2,0) (2,2) (4,2) (4,3) (5,3) (5,4) (6,4) (6,5) (6,6)
  facet 6777: (0,0) (1,0) (2,0) (4,0) (4,2) (4,3) (5,3) (5,4) (6,4) (6,5) (6,6)
  facet 6778: (0,0) (0,2) (1,2) (2,2) (4,2) (5,2) (5,3) (5,4) (6,4) (6,5) (6,6)
  facet 6779: (0,0) (1,0) (1,2) (2,2) (4,2) (5,2) (5,3) (5,4) (6,4) (6,5) (6,6)
  facet 6780: (0,0) (1,0) (2,0) (2,2) (4,2) (5,2) (5,3) (5,4) (6,4) (6,5) (6,6)
  facet 6781: (0,0) (1,0) (2,0) (4,0) (4,2) (5,2) (5,3) (5,4) (6,4) (6,5) (6,6)
  facet 6782: (0,0) (1,0) (2,0) (4,0) (5,0) (5,2) (5,3) (5,4) (6,4) (6,5) (6,6)
  facet 6783: (0,0) (0,2) (0,3) (1,3) (2,3) (4,3) (5,3) (6,3) (6,4) (6,5) (6,6)
  facet 6784: (0,0) (0,2) (1,2) (1,3) (2,3) (4,3) (5,3) (6,3) (6,4) (6,5) (6,6)
  facet 6785: (0,0) (1,0) (1,2) (1,3) (2,3) (4,3) (5,3) (6,3) (6,4) (6,5) (6,6)
  facet 6786: (0,0) (0,2) (1,2) (2,2) (2,3) (4,3) (5,3) (6,3) (6,4) (6,5) (6,6)
  facet 6787: (0,0) (1,0) (1,2) (2,2) (2,3) (4,3) (5,3) (6,3) (6,4) (6,5) (6,6)
  facet 6788: (0,0) (1,0) (2,0) (2,2) (2,3) (4,3) (5,3) (6,3) (6,4) (6,5) (6,6)
  facet 6789: (0,0) (0,2) (1,2) (2,2) (4,2) (4,3) (5,3) (6,3) (6,4) (6,5) (6,6)
  facet 6790: (0,0) (1,0) (1,2) (2,2) (4,2) (4,3) (5,3) (6,3) (6,4) (6,5) (6,6)
  facet 6791: (0,0) (1,0) (2,0) (2,2) (4,2) (4,3) (5,3) (6,3) (6,4) (6,5) (6,6)
  facet 6792: (0,0) (1,0) (2,0) (4,0) (4,2) (4,3) (5,3) (6,3) (6,4) (6,5) (6,6)
  facet 6793: (0,0) (0,2) (1,2) (2,2) (4,2) (5,2) (5,3) (6,3) (6,4) (6,5) (6,6)
  facet 6794: (0,0) (1,0) (1,2) (2,2) (4,2) (5,2) (5,3) (6,3) (6,4) (6,5) (6,6)
  facet 6795: (0,0) (1,0) (2,0) (2,2) (4,2) (5,2) (5,3) (6,3) (6,4) (6,5) (6,6)
  facet 6796: (0,0) (1,0) (2,0) (4,0) (4,2) (5,2) (5,3) (6,3) (6,4) (6,5) (6,6)
  facet 6797: (0,0) (1,0) (2,0) (4,0) (5,0) (5,2) (5,3) (6,3) (6,4) (6,5) (6,6)
  facet 6798: (0,0) (0,2) (1,2) (2,2) (4,2) (5,2) (6,2) (6,3) (6,4) (6,5) (6,6)
  facet 6799: (0,0) (1,0) (1,2) (2,2) (4,2) (5,2) (6,2) (6,3) (6,4) (6,5) (6,6)
  facet 6800: (0,0) (1,0) (2,0) (2,2) (4,2) (5,2) (6,2) (6,3) (6,4) (6,5) (6,6)
  facet 6801: (0,0) (1,0) (2,0) (4,0) (4,2) (5,2) (6,2) (6,3) (6,4) (6,5) (6,6)
  facet 6802: (0,0) (1,0) (2,0) (4,0) (5,0) (5,2) (6,2) (6,3) (6,4) (6,5) (6,6)
  facet 6803: (0,0) (1,0) (2,0) (4,0) (5,0) (6,0) (6,2) (6,3) (6,4) (6,5) (6,6)
  facet 7056: (0,0) (0,1) (0,2) (0,3) (0,4) (0,5) (1,5) (3,5) (4,5) (5,5) (6,5)
  facet 7057: (0,0) (0,1) (0,2) (0,3) (0,4) (1,4) (1,5) (3,5) (4,5) (5,5) (6,5)
  facet 7058: (0,0) (0,1) (0,2) (0,3) (1,3) (1,4) (1,5) (3,5) (4,5) (5,5) (6,5)
  facet 7059: (0,0) (0,1) (0,2) (1,2) (1,3) (1,4) (1,5) (3,5) (4,5) (5,5) (6,5)
  facet 7060: (0,0) (0,1) (1,1) (1,2) (1,3) (1,4) (1,5) (3,5) (4,5) (5,5) (6,5)
  facet 7061: (0,0) (1,0) (1,1) (1,2) (1,3) (1,4) (1,5) (3,5) (4,5) (5,5) (6,5)
  facet 7062: (0,0) (0,1) (0,2) (0,3) (0,4) (1,4) (3,4) (3,5) (4,5) (5,5) (6,5)
  facet 7063: (0,0) (0,1) (0,2) (0,3) (1,3) (1,4) (3,4) (3,5) (4,5) (5,5) (6,5)
  facet 7064: (0,0) (0,1) (0,2) (1,2) (1,3) (1,4) (3,4) (3,5) (4,5) (5,5) (6,5)
  facet 7065: (0,0) (0,1) (1,1) (1,2) (1,3) (1,4) (3,4) (3,5) (4,5) (5,5) (6,5)
  facet 7066: (0,0) (1,0) (1,1) (1,2) (1,3) (1,4) (3,4) (3,5) (4,5) (5,5) (6,5)
  facet 7067: (0,0) (0,1) (0,2) (0,3) (1,3) (3,3) (3,4) (3,5) (4,5) (5,5) (6,5)
  facet 7068: (0,0) (0,1) (0,2) (1,2) (1,3) (3,3) (3,4) (3,5) (4,5) (5,5) (6,5)
  facet 7069: (0,0) (0,1) (1,1) (1,2) (1,3) (3,3) (3,4) (3,5) (4,5) (5,5) (6,5)
  facet 7070: (0,0) (1,0) (1,1) (1,2) (1,3) (3,3) (3,4) (3,5) (4,5) (5,5) (6,5)
  facet 7071: (0,0) (0,1) (0,2) (1,2) (3,2) (3,3) (3,4) (3,5) (4,5) (5,5) (6,5)
  facet 7072: (0,0) (0,1) (1,1) (1,2) (3,2) (3,3) (3,4) (3,5) (4,5) (5,5) (6,5)
  facet 7073: (0,0) (1,0) (1,1) (1,2) (3,2) (3,3) (3,4) (3,5) (4,5) (5,5) (6,5)
  facet 7074: (0,0) (0,1) (1,1) (3,1) (3,2) (3,3) (3,4) (3,5) (4,5) (5,5) (6,5)
  facet 7075: (0,0) (1,0) (1,1) (3,1) (3,2) (3,3) (3,4) (3,5) (4,5) (5,5) (6,5)
  facet 7076: (0,0) (1,0) (3,0) (3,1) (3,2) (3,3) (3,4) (3,5) (4,5) (5,5) (6,5)
  facet 7077: (0,0) (0,1) (0,2) (0,3) (0,4) (1,4) (3,4) (4,4) (4,5) (5,5) (6,5)
  facet 7078: (0,0) (0,1) (0,2) (0,3) (1,3) (1,4) (3,4) (4,4) (4,5) (5,5) (6,5)
  facet 7079: (0,0) (0,1) (0,2) (1,2) (1,3) (1,4) (3,4) (4,4) (4,5) (5,5) (6,5)
  facet 7080: (0,0) (0,1) (1,1) (1,2) (1,3) (1,4) (3,4) (4,4) (4,5) (5,5) (6,5)
  facet 7081: (0,0) (1,0) (1,1) (1,2) (1,3) (1,4) (3,4) (4,4) (4,5) (5,5) (6,5)
  facet 7082: (0,0) (0,1) (0,2) (0,3) (1,3) (3,3) (3,4) (4,4) (4,5) (5,5) (6,5)
  facet 7083: (0,0) (0,1) (0,2) (1,2) (1,3) (3,3) (3,4) (4,4) (4,5) (5,5) (6,5)
  facet 7084: (0,0) (0,1) (1,1) (1,2) (1,3) (3,3) (3,4) (4,4) (4,5) (5,5) (6,5)
  facet 7085: (0,0) (1,0) (1,1) (1,2) (1,3) (3,3) (3,4) (4,4) (4,5) (5,5) (6,5)
  facet 7086: (0,0) (0,1) (0,2) (1,2) (3,2) (3,3) (3,4) (4,4) (4,5) (5,5) (6,5)
  facet 7087: (0,0) (0,1) (1,1) (1,2) (3,2) (3,3) (3,4) (4,4) (4,5) (5,5) (6,5)
  facet 7088: (0,0) (1,0) (1,1) (1,2) (3,2) (3,3) (3,4) (4,4) (4,5) (5,5) (6,5)
  facet 7089: (0,0) (0,1) (1,1) (3,1) (3,2) (3,3) (3,4) (4,4) (4,5) (5,5) (6,5)
  facet 7090: (0,0) (1,0) (1,1) (3,1) (3,2) (3,3) (3,4) (4,4) (4,5) (5,5) (6,5)
  facet 7091: (0,0) (1,0) (3,0) (3,1) (3,2) (3,3) (3,4) (4,4) (4,5) (5,5) (6,5)
  facet 7092: (0,0) (0,1) (0,2) (0,3) (1,3) (3,3) (4,3) (4,4) (4,5) (5,5) (6,5)
  facet 7093: (0,0) (0,1) (0,2) (1,2) (1,3) (3,3) (4,3) (4,4) (4,5) (5,5) (6,5)
  facet 7094: (0,0) (0,1) (1,1) (1,2) (1,3) (3,3) (4,3) (4,4) (4,5) (5,5) (6,5)
  facet 7095: (0,0) (1,0) (1,1) (1,2) (1,3) (3,3) (4,3) (4,4) (4,5) (5,5) (6,5)
  facet 7096: (0,0) (0,1) (0,2) (1,2) (3,2) (3,3) (4,3) (4,4) (4,5) (5,5) (6,5)
  facet 7097: (0,0) (0,1) (1,1) (1,2) (3,2) (3,3) (4,3) (4,4) (4,5) (5,5) (6,5)
  facet 7098: (0,0) (1,0) (1,1) (1,2) (3,2) (3,3) (4,3) (4,4) (4,5) (5,5) (6,5)
  facet 7099: (0,0) (0,1) (1,1) (3,1) (3,2) (3,3) (4,3) (4,4) (4,5) (5,5) (6,5)
  facet 7100: (0,0) (1,0) (1,1) (3,1) (3,2) (3,3) (4,3) (4,4) (4,5) (5,5) (6,5)
  facet 7101: (0,0) (1,0) (3,0) (3,1) (3,2) (3,3) (4,3) (4,4) (4,5) (5,5) (6,5)
  facet 7102: (0,0) (0,1) (0,2) (1,2) (3,2) (4,2) (4,3) (4,4) (4,5) (5,5) (6,5)
  facet 7103: (0,0) (0,1) (1,1) (1,2) (3,2) (4,2) (4,3) (4,4) (4,5) (5,5) (6,5)
  facet 7104: (0,0) (1,0) (1,1) (1,2) (3,2) (4,2) (4,3) (4,4) (4,5) (5,5) (6,5)
  facet 7105: (0,0) (0,1) (1,1) (3,1) (3,2) (4,2) (4,3) (4,4) (4,5) (5,5) (6,5)
  facet 7106: (0,0) (1,0) (1,1) (3,1) (3,2) (4,2) (4,3) (4,4) (4,5) (5,5) (6,5)
  facet 7107: (0,0) (1,0) (3,0) (3,1) (3,2) (4,2) (4,3) (4,4) (4,5) (5,5) (6,5)
  facet 7108: (0,0) (0,1) (1,1) (3,1) (4,1) (4,2) (4,3) (4,4) (4,5) (5,5) (6,5)
  facet 7109: (0,0) (1,0) (1,1) (3,1) (4,1) (4,2) (4,3) (4,4) (4,5) (5,5) (6,5)
  facet 7110: (0,0) (1,0) (3,0) (3,1) (4,1) (4,2) (4,3) (4,4) (4,5) (5,5) (6,5)
  facet 7111: (0,0) (1,0) (3,0) (4,0) (4,1) (4,2) (4,3) (4,4) (4,5) (5,5) (6,5)
  facet 7112: (0,0) (0,1) (0,2) (0,3) (0,4) (1,4) (3,4) (4,4) (5,4) (5,5) (6,5)
  facet 7113: (0,0) (0,1) (0,2) (0,3) (1,3) (1,4) (3,4) (4,4) (5,4) (5,5) (6,5)
  facet 7114: (0,0) (0,1) (0,2) (1,2) (1,3) (1,4) (3,4) (4,4) (5,4) (5,5) (6,5)
  facet 7115: (0,0) (0,1) (1,1) (1,2) (1,3) (1,4) (3,4) (4,4) (5,4) (5,5) (6,5)
  facet 7116: (0,0) (1,0) (1,1) (1,2) (1,3) (1,4) (3,4) (4,4) (5,4) (5,5) (6,5)
  facet 7117: (0,0) (0,1) (0,2) (0,3) (1,3) (3,3) (3,4) (4,4) (5,4) (5,5) (6,5)
  facet 7118: (0,0) (0,1) (0,2) (1,2) (1,3) (3,3) (3,4) (4,4) (5,4) (5,5) (6,5)
  facet 7119: (0,0) (0,1) (1,1) (1,2) (1,3) (3,3) (3,4) (4,4) (5,4) (5,5) (6,5)
  facet 7120: (0,0) (1,0) (1,1) (1,2) (1,3) (3,3) (3,4) (4,4) (5,4) (5,5) (6,5)
  facet 7121: (0,0) (0,1) (0,2) (1,2) (3,2) (3,3) (3,4) (4,4) (5,4) (5,5) (6,5)
  facet 7122: (0,0) (0,1) (1,1) (1,2) (3,2) (3,3) (3,4) (4,4) (5,4) (5,5) (6,5)
  facet 7123: (0,0) (1,0) (1,1) (1,2) (3,2) (3,3) (3,4) (4,4) (5,4) (5,5) (6,5)
  facet 7124: (0,0) (0,1) (1,1) (3,1) (3,2) (3,3) (3,4) (4,4) (5,4) (5,5) (6,5)
  facet 7125: (0,0) (1,0) (1,1) (3,1) (3,2) (3,3) (3,4) (4,4) (5,4) (5,5) (6,5)
  facet 7126: (0,0) (1,0) (3,0) (3,1) (3,2) (3,3) (3,4) (4,4) (5,4) (5,5) (6,5)
  facet 7127: (0,0) (0,1) (0,2) (0,3) (1,3) (3,3) (4,3) (4,4) (5,4) (5,5) (6,5)
  facet 7128: (0,0) (0,1) (0,2) (1,2) (1,3) (3,3) (4,3) (4,4) (5,4) (5,5) (6,5)
  facet 7129: (0,0) (0,1) (1,1) (1,2) (1,3) (3,3) (4,3) (4,4) (5,4) (5,5) (6,5)
  facet 7130: (0,0) (1,0) (1,1) (1,2) (1,3) (3,3) (4,3) (4,4) (5,4) (5,5) (6,5)
  facet 7131: (0,0) (0,1) (0,2) (1,2) (3,2) (3,3) (4,3) (4,4) (5,4) (5,5) (6,5)
  facet 7132: (0,0) (0,1) (1,1) (1,2) (3,2) (3,3) (4,3) (4,4) (5,4) (5,5) (6,5)
  facet 7133: (0,0) (1,0) (1,1) (1,2) (3,2) (3,3) (4,3) (4,4) (5,4) (5,5) (6,5)
  facet 7134: (0,0) (0,1) (1,1) (3,1) (3,2) (3,3) (4,3) (4,4) (5,4) (5,5) (6,5)
  facet 7135: (0,0) (1,0) (1,1) (3,1) (3,2) (3,3) (4,3) (4,4) (5,4) (5,5) (6,5)
  facet 7136: (0,0) (1,0) (3,0) (3,1) (3,2) (3,3) (4,3) (4,4) (5,4) (5,5) (6,5)
  facet 7137: (0,0) (0,1) (0,2) (1,2) (3,2) (4,2) (4,3) (4,4) (5,4) (5,5) (6,5)
  facet 7138: (0,0) (0,1) (1,1) (1,2) (3,2) (4,2) (4,3) (4,4) (5,4) (5,5) (6,5)
  facet 7139: (0,0) (1,0) (1,1) (1,2) (3,2) (4,2) (4,3) (4,4) (5,4) (5,5) (6,5)
  facet 7140: (0,0) (0,1) (1,1) (3,1) (3,2) (4,2) (4,3) (4,4) (5,4) (5,5) (6,5)
  facet 7141: (0,0) (1,0) (1,1) (3,1) (3,2) (4,2) (4,3) (4,4) (5,4) (5,5) (6,5)
  facet 7142: (0,0) (1,0) (3,0) (3,1) (3,2) (4,2) (4,3) (4,4) (5,4) (5,5) (6,5)
  facet 7143: (0,0) (0,1) (1,1) (3,1) (4,1) (4,2) (4,3) (4,4) (5,4) (5,5) (6,5)
  facet 7144: (0,0) (1,0) (1,1) (3,1) (4,1) (4,2) (4,3) (4,4) (5,4) (5,5) (6,5)
  facet 7145: (0,0) (1,0) (3,0) (3,1) (4,1) (4,2) (4,3) (4,4) (5,4) (5,5) (6,5)
  facet 7146: (0,0) (1,0) (3,0) (4,0) (4,1) (4,2) (4,3) (4,4) (5,4) (5,5) (6,5)
  facet 7147: (0,0) (0,1) (0,2) (0,3) (1,3) (3,3) (4,3) (5,3) (5,4) (5,5) (6,5)
  facet 7148: (0,0) (0,1) (0,2) (1,2) (1,3) (3,3) (4,3) (5,3) (5,4) (5,5) (6,5)
  facet 7149: (0,0) (0,1) (1,1) (1,2) (1,3) (3,3) (4,3) (5,3) (5,4) (5,5) (6,5)
  facet 7150: (0,0) (1,0) (1,1) (1,2) (1,3) (3,3) (4,3) (5,3) (5,4) (5,5) (6,5)
  facet 7151: (0,0) (0,1) (0,2) (1,2) (3,2) (3,3) (4,3) (5,3) (5,4) (5,5) (6,5)
  facet 7152: (0,0) (0,1) (1,1) (1,2) (3,2) (3,3) (4,3) (5,3) (5,4) (5,5) (6,5)
  facet 7153: (0,0) (1,0) (1,1) (1,2) (3,2) (3,3) (4,3) (5,3) (5,4) (5,5) (6,5)
  facet 7154: (0,0) (0,1) (1,1) (3,1) (3,2) (3,3) (4,3) (5,3) (5,4) (5,5) (6,5)
  facet 7155: (0,0) (1,0) (1,1) (3,1) (3,2) (3,3) (4,3) (5,3) (5,4) (5,5) (6,5)
  facet 7156: (0,0) (1,0) (3,0) (3,1) (3,2) (3,3) (4,3) (5,3) (5,4) (5,5) (6,5)
  facet 7157: (0,0) (0,1) (0,2) (1,2) (3,2) (4,2) (4,3) (5,3) (5,4) (5,5) (6,5)
  facet 7158: (0,0) (0,1) (1,1) (1,2) (3,2) (4,2) (4,3) (5,3) (5,4) (5,5) (6,5)
  facet 7159: (0,0) (1,0) (1,1) (1,2) (3,2) (4,2) (4,3) (5,3) (5,4) (5,5) (6,5)
  facet 7160: (0,0) (0,1) (1,1) (3,1) (3,2) (4,2) (4,3) (5,3) (5,4) (5,5) (6,5)
  facet 7161: (0,0) (1,0) (1,1) (3,1) (3,2) (4,2) (4,3) (5,3) (5,4) (5,5) (6,5)
  facet 7162: (0,0) (1,0) (3,0) (3,1) (3,2) (4,2) (4,3) (5,3) (5,4) (5,5) (6,5)
  facet 7163: (0,0) (0,1) (1,1) (3,1) (4,1) (4,2) (4,3) (5,3) (5,4) (5,5) (6,5)
  facet 7164: (0,0) (1,0) (1,1) (3,1) (4,1) (4,2) (4,3) (5,3) (5,4) (5,5) (6,5)
  facet 7165: (0,0) (1,0) (3,0) (3,1) (4,1) (4,2) (4,3) (5,3) (5,4) (5,5) (6,5)
  facet 7166: (0,0) (1,0) (3,0) (4,0) (4,1) (4,2) (4,3) (5,3) (5,4) (5,5) (6,5)
  facet 7167: (0,0) (0,1) (0,2) (1,2) (3,2) (4,2) (5,2) (5,3) (5,4) (5,5) (6,5)
  facet 7168: (0,0) (0,1) (1,1) (1,2) (3,2) (4,2) (5,2) (5,3) (5,4) (5,5) (6,5)
  facet 7169: (0,0) (1,0) (1,1) (1,2) (3,2) (4,2) (5,2) (5,3) (5,4) (5,5) (6,5)
  facet 7170: (0,0) (0,1) (1,1) (3,1) (3,2) (4,2) (5,2) (5,3) (5,4) (5,5) (6,5)
  facet 7171: (0,0) (1,0) (1,1) (3,1) (3,2) (4,2) (5,2) (5,3) (5,4) (5,5) (6,5)
  facet 7172: (0,0) (1,0) (3,0) (3,1) (3,2) (4,2) (5,2) (5,3) (5,4) (5,5) (6,5)
  facet 7173: (0,0) (0,1) (1,1) (3,1) (4,1) (4,2) (5,2) (5,3) (5,4) (5,5) (6,5)
  facet 7174: (0,0) (1,0) (1,1) (3,1) (4,1) (4,2) (5,2) (5,3) (5,4) (5,5) (6,5)
  facet 7175: (0,0) (1,0) (3,0) (3,1) (4,1) (4,2) (5,2) (5,3) (5,4) (5,5) (6,5)
  facet 7176: (0,0) (1,0) (3,0) (4,0) (4,1) (4,2) (5,2) (5,3) (5,4) (5,5) (6,5)
  facet 7177: (0,0) (0,1) (1,1) (3,1) (4,1) (5,1) (5,2) (5,3) (5,4) (5,5) (6,5)
  facet 7178: (0,0) (1,0) (1,1) (3,1) (4,1) (5,1) (5,2) (5,3) (5,4) (5,5) (6,5)
  facet 7179: (0,0) (1,0) (3,0) (3,1) (4,1) (5,1) (5,2) (5,3) (5,4) (5,5) (6,5)
  facet 7180: (0,0) (1,0) (3,0) (4,0) (4,1) (5,1) (5,2) (5,3) (5,4) (5,5) (6,5)
  facet 7181: (0,0) (1,0) (3,0) (4,0) (5,0) (5,1) (5,2) (5,3) (5,4) (5,5) (6,5)
  facet 7182: (0,0) (0,1) (0,2) (0,3) (0,4) (1,4) (3,4) (4,4) (5,4) (6,4) (6,5)
  facet 7183: (0,0) (0,1) (0,2) (0,3) (1,3) (1,4) (3,4) (4,4) (5,4) (6,4) (6,5)
  facet 7184: (0,0) (0,1) (0,2) (1,2) (1,3) (1,4) (3,4) (4,4) (5,4) (6,4) (6,5)
  facet 7185: (0,0) (0,1) (1,1) (1,2) (1,3) (1,4) (3,4) (4,4) (5,4) (6,4) (6,5)
  facet 7186: (0,0) (1,0) (1,1) (1,2) (1,3) (1,4) (3,4) (4,4) (5,4) (6,4) (6,5)
  facet 7187: (0,0) (0,1) (0,2) (0,3) (1,3) (3,3) (3,4) (4,4) (5,4) (6,4) (6,5)
  facet 7188: (0,0) (0,1) (0,2) (1,2) (1,3) (3,3) (3,4) (4,4) (5,4) (6,4) (6,5)
  facet 7189: (0,0) (0,1) (1,1) (1,2) (1,3) (3,3) (3,4) (4,4) (5,4) (6,4) (6,5)
  facet 7190: (0,0) (1,0) (1,1) (1,2) (1,3) (3,3) (3,4) (4,4) (5,4) (6,4) (6,5)
  facet 7191: (0,0) (0,1) (0,2) (1,2) (3,2) (3,3) (3,4) (4,4) (5,4) (6,4) (6,5)
  facet 7192: (0,0) (0,1) (1,1) (1,2) (3,2) (3,3) (3,4) (4,4) (5,4) (6,4) (6,5)
  facet 7193: (0,0) (1,0) (1,1) (1,2) (3,2) (3,3) (3,4) (4,4) (5,4) (6,4) (6,5)
  facet 7194: (0,0) (0,1) (1,1) (3,1) (3,2) (3,3) (3,4) (4,4) (5,4) (6,4) (6,5)
  facet 7195: (0,0) (1,0) (1,1) (3,1) (3,2) (3,3) (3,4) (4,4) (5,4) (6,4) (6,5)
  facet 7196: (0,0) (1,0) (3,0) (3,1) (3,2) (3,3) (3,4) (4,4) (5,4) (6,4) (6,5)
  facet 7197: (0,0) (0,1) (0,2) (0,3) (1,3) (3,3) (4,3) (4,4) (5,4) (6,4) (6,5)
  facet 7198: (0,0) (0,1) (0,2) (1,2) (1,3) (3,3) (4,3) (4,4) (5,4) (6,4) (6,5)
  facet 7199: (0,0) (0,1) (1,1) (1,2) (1,3) (3,3) (4,3) (4,4) (5,4) (6,4) (6,5)
  facet 7200: (0,0) (1,0) (1,1) (1,2) (1,3) (3,3) (4,3) (4,4) (5,4) (6,4) (6,5)
  facet 7201: (0,0) (0,1) (0,2) (1,2) (3,2) (3,3) (4,3) (4,4) (5,4) (6,4) (6,5)
  facet 7202: (0,0) (0,1) (1,1) (1,2) (3,2) (3,3) (4,3) (4,4) (5,4) (6,4) (6,5)
  facet 7203: (0,0) (1,0) (1,1) (1,2) (3,2) (3,3) (4,3) (4,4) (5,4) (6,4) (6,5)
  facet 7204: (0,0) (0,1) (1,1) (3,1) (3,2) (3,3) (4,3) (4,4) (5,4) (6,4) (6,5)
  facet 7205: (0,0) (1,0) (1,1) (3,1) (3,2) (3,3) (4,3) (4,4) (5,4) (6,4) (6,5)
  facet 7206: (0,0) (1,0) (3,0) (3,1) (3,2) (3,3) (4,3) (4,4) (5,4) (6,4) (6,5)
  facet 7207: (0,0) (0,1) (0,2) (1,2) (3,2) (4,2) (4,3) (4,4) (5,4) (6,4) (6,5)
  facet 7208: (0,0) (0,1) (1,1) (1,2) (3,2) (4,2) (4,3) (4,4) (5,4) (6,4) (6,5)
  facet 7209: (0,0) (1,0) (1,1) (1,2) (3,2) (4,2) (4,3) (4,4) (5,4) (6,4) (6,5)
  facet 7210: (0,0) (0,1) (1,1) (3,1) (3,2) (4,2) (4,3) (4,4) (5,4) (6,4) (6,5)
  facet 7211: (0,0) (1,0) (1,1) (3,1) (3,2) (4,2) (4,3) (4,4) (5,4) (6,4) (6,5)
  facet 7212: (0,0) (1,0) (3,0) (3,1) (3,2) (4,2) (4,3) (4,4) (5,4) (6,4) (6,5)
  facet 7213: (0,0) (0,1) (1,1) (3,1) (4,1) (4,2) (4,3) (4,4) (5,4) (6,4) (6,5)
  facet 7214: (0,0) (1,0) (1,1) (3,1) (4,1) (4,2) (4,3) (4,4) (5,4) (6,4) (6,5)
  facet 7215: (0,0) (1,0) (3,0) (3,1) (4,1) (4,2) (4,3) (4,4) (5,4) (6,4) (6,5)
  facet 7216: (0,0) (1,0) (3,0) (4,0) (4,1) (4,2) (4,3) (4,4) (5,4) (6,4) (6,5)
  facet 7217: (0,0) (0,1) (0,2) (0,3) (1,3) (3,3) (4,3) (5,3) (5,4) (6,4) (6,5)
  facet 7218: (0,0) (0,1) (0,2) (1,2) (1,3) (3,3) (4,3) (5,3) (5,4) (6,4) (6,5)
  facet 7219: (0,0) (0,1) (1,1) (1,2) (1,3) (3,3) (4,3) (5,3) (5,4) (6,4) (6,5)
  facet 7220: (0,0) (1,0) (1,1) (1,2) (1,3) (3,3) (4,3) (5,3) (5,4) (6,4) (6,5)
  facet 7221: (0,0) (0,1) (0,2) (1,2) (3,2) (3,3) (4,3) (5,3) (5,4) (6,4) (6,5)
  facet 7222: (0,0) (0,1) (1,1) (1,2) (3,2) (3,3) (4,3) (5,3) (5,4) (6,4) (6,5)
  facet 7223: (0,0) (1,0) (1,1) (1,2) (3,2) (3,3) (4,3) (5,3) (5,4) (6,4) (6,5)
  facet 7224: (0,0) (0,1) (1,1) (3,1) (3,2) (3,3) (4,3) (5,3) (5,4) (6,4) (6,5)
  facet 7225: (0,0) (1,0) (1,1) (3,1) (3,2) (3,3) (4,3) (5,3) (5,4) (6,4) (6,5)
  facet 7226: (0,0) (1,0) (3,0) (3,1) (3,2) (3,3) (4,3) (5,3) (5,4) (6,4) (6,5)
  facet 7227: (0,0) (0,1) (0,2) (1,2) (3,2) (4,2) (4,3) (5,3) (5,4) (6,4) (6,5)
  facet 7228: (0,0) (0,1) (1,1) (1,2) (3,2) (4,2) (4,3) (5,3) (5,4) (6,4) (6,5)
  facet 7229: (0,0) (1,0) (1,1) (1,2) (3,2) (4,2) (4,3) (5,3) (5,4) (6,4) (6,5)
  facet 7230: (0,0) (0,1) (1,1) (3,1) (3,2) (4,2) (4,3) (5,3) (5,4) (6,4) (6,5)
  facet 7231: (0,0) (1,0) (1,1) (3,1) (3,2) (4,2) (4,3) (5,3) (5,4) (6,4) (6,5)
  facet 7232: (0,0) (1,0) (3,0) (3,1) (3,2) (4,2) (4,3) (5,3) (5,4) (6,4) (6,5)
  facet 7233: (0,0) (0,1) (1,1) (3,1) (4,1) (4,2) (4,3) (5,3) (5,4) (6,4) (6,5)
  facet 7234: (0,0) (1,0) (1,1) (3,1) (4,1) (4,2) (4,3) (5,3) (5,4) (6,4) (6,5)
  facet 7235: (0,0) (1,0) (3,0) (3,1) (4,1) (4,2) (4,3) (5,3) (5,4) (6,4) (6,5)
  facet 7236: (0,0) (1,0) (3,0) (4,0) (4,1) (4,2) (4,3) (5,3) (5,4) (6,4) (6,5)
  facet 7237: (0,0) (0,1) (0,2) (1,2) (3,2) (4,2) (5,2) (5,3) (5,4) (6,4) (6,5)
  facet 7238: (0,0) (0,1) (1,1) (1,2) (3,2) (4,2) (5,2) (5,3) (5,4) (6,4) (6,5)
  facet 7239: (0,0) (1,0) (1,1) (1,2) (3,2) (4,2) (5,2) (5,3) (5,4) (6,4) (6,5)
  facet 7240: (0,0) (0,1) (1,1) (3,1) (3,2) (4,2) (5,2) (5,3) (5,4) (6,4) (6,5)
  facet 7241: (0,0) (1,0) (1,1) (3,1) (3,2) (4,2) (5,2) (5,3) (5,4) (6,4) (6,5)
  facet 7242: (0,0) (1,0) (3,0) (3,1) (3,2) (4,2) (5,2) (5,3) (5,4) (6,4) (6,5)
  facet 7243: (0,0) (0,1) (1,1) (3,1) (4,1) (4,2) (5,2) (5,3) (5,4) (6,4) (6,5)
  facet 7244: (0,0) (1,0) (1,1) (3,1) (4,1) (4,2) (5,2) (5,3) (5,4) (6,4) (6,5)
  facet 7245: (0,0) (1,0) (3,0) (3,1) (4,1) (4,2) (5,2) (5,3) (5,4) (6,4) (6,5)
  facet 7246: (0,0) (1,0) (3,0) (4,0) (4,1) (4,2) (5,2) (5,3) (5,4) (6,4) (6,5)
  facet 7247: (0,0) (0,1) (1,1) (3,1) (4,1) (5,1) (5,2) (5,3) (5,4) (6,4) (6,5)
  facet 7248: (0,0) (1,0) (1,1) (3,1) (4,1) (5,1) (5,2) (5,3) (5,4) (6,4) (6,5)
  facet 7249: (0,0) (1,0) (3,0) (3,1) (4,1) (5,1) (5,2) (5,3) (5,4) (6,4) (6,5)
  facet 7250: (0,0) (1,0) (3,0) (4,0) (4,1) (5,1) (5,2) (5,3) (5,4) (6,4) (6,5)
  facet 7251: (0,0) (1,0) (3,0) (4,0) (5,0) (5,1) (5,2) (5,3) (5,4) (6,4) (6,5)
  facet 7252: (0,0) (0,1) (0,2) (0,3) (1,3) (3,3) (4,3) (5,3) (6,3) (6,4) (6,5)
  facet 7253: (0,0) (0,1) (0,2) (1,2) (1,3) (3,3) (4,3) (5,3) (6,3) (6,4) (6,5)
  facet 7254: (0,0) (0,1) (1,1) (1,2) (1,3) (3,3) (4,3) (5,3) (6,3) (6,4) (6,5)
  facet 7255: (0,0) (1,0) (1,1) (1,2) (1,3) (3,3) (4,3) (5,3) (6,3) (6,4) (6,5)
  facet 7256: (0,0) (0,1) (0,2) (1,2) (3,2) (3,3) (4,3) (5,3) (6,3) (6,4) (6,5)
  facet 7257: (0,0) (0,1) (1,1) (1,2) (3,2) (3,3) (4,3) (5,3) (6,3) (6,4) (6,5)
  facet 7258: (0,0) (1,0) (1,1) (1,2) (3,2) (3,3) (4,3) (5,3) (6,3) (6,4) (6,5)
  facet 7259: (0,0) (0,1) (1,1) (3,1) (3,2) (3,3) (4,3) (5,3) (6,3) (6,4) (6,5)
  facet 7260: (0,0) (1,0) (1,1) (3,1) (3,2) (3,3) (4,3) (5,3) (6,3) (6,4) (6,5)
  facet 7261: (0,0) (1,0) (3,0) (3,1) (3,2) (3,3) (4,3) (5,3) (6,3) (6,4) (6,5)
  facet 7262: (0,0) (0,1) (0,2) (1,2) (3,2) (4,2) (4,3) (5,3) (6,3) (6,4) (6,5)
  facet 7263: (0,0) (0,1) (1,1) (1,2) (3,2) (4,2) (4,3) (5,3) (6,3) (6,4) (6,5)
  facet 7264: (0,0) (1,0) (1,1) (1,2) (3,2) (4,2) (4,3) (5,3) (6,3) (6,4) (6,5)
  facet 7265: (0,0) (0,1) (1,1) (3,1) (3,2) (4,2) (4,3) (5,3) (6,3) (6,4) (6,5)
  facet 7266: (0,0) (1,0) (1,1) (3,1) (3,2) (4,2) (4,3) (5,3) (6,3) (6,4) (6,5)
  facet 7267: (0,0) (1,0) (3,0) (3,1) (3,2) (4,2) (4,3) (5,3) (6,3) (6,4) (6,5)
  facet 7268: (0,0) (0,1) (1,1) (3,1) (4,1) (4,2) (4,3) (5,3) (6,3) (6,4) (6,5)
  facet 7269: (0,0) (1,0) (1,1) (3,1) (4,1) (4,2) (4,3) (5,3) (6,3) (6,4) (6,5)
  facet 7270: (0,0) (1,0) (3,0) (3,1) (4,1) (4,2) (4,3) (5,3) (6,3) (6,4) (6,5)
  facet 7271: (0,0) (1,0) (3,0) (4,0) (4,1) (4,2) (4,3) (5,3) (6,3) (6,4) (6,5)
  facet 7272: (0,0) (0,1) (0,2) (1,2) (3,2) (4,2) (5,2) (5,3) (6,3) (6,4) (6,5)
  facet 7273: (0,0) (0,1) (1,1) (1,2) (3,2) (4,2) (5,2) (5,3) (6,3) (6,4) (6,5)
  facet 7274: (0,0) (1,0) (1,1) (1,2) (3,2) (4,2) (5,2) (5,3) (6,3) (6,4) (6,5)
  facet 7275: (0,0) (0,1) (1,1) (3,1) (3,2) (4,2) (5,2) (5,3) (6,3) (6,4) (6,5)
  facet 7276: (0,0) (1,0) (1,1) (3,1) (3,2) (4,2) (5,2) (5,3) (6,3) (6,4) (6,5)
  facet 7277: (0,0) (1,0) (3,0) (3,1) (3,2) (4,2) (5,2) (5,3) (6,3) (6,4) (6,5)
  facet 7278: (0,0) (0,1) (1,1) (3,1) (4,1) (4,2) (5,2) (5,3) (6,3) (6,4) (6,5)
  facet 7279: (0,0) (1,0) (1,1) (3,1) (4,1) (4,2) (5,2) (5,3) (6,3) (6,4) (6,5)
  facet 7280: (0,0) (1,0) (3,0) (3,1) (4,1) (4,2) (5,2) (5,3) (6,3) (6,4) (6,5)
  facet 7281: (0,0) (1,0) (3,0) (4,0) (4,1) (4,2) (5,2) (5,3) (6,3) (6,4) (6,5)
  facet 7282: (0,0) (0,1) (1,1) (3,1) (4,1) (5,1) (5,2) (5,3) (6,3) (6,4) (6,5)
  facet 7283: (0,0) (1,0) (1,1) (3,1) (4,1) (5,1) (5,2) (5,3) (6,3) (6,4) (6,5)
  facet 7284: (0,0) (1,0) (3,0) (3,1) (4,1) (5,1) (5,2) (5,3) (6,3) (6,4) (6,5)
  facet 7285: (0,0) (1,0) (3,0) (4,0) (4,1) (5,1) (5,2) (5,3) (6,3) (6,4) (6,5)
  facet 7286: (0,0) (1,0) (3,0) (4,0) (5,0) (5,1) (5,2) (5,3) (6,3) (6,4) (6,5)
  facet 7287: (0,0) (0,1) (0,2) (1,2) (3,2) (4,2) (5,2) (6,2) (6,3) (6,4) (6,5)
  facet 7288: (0,0) (0,1) (1,1) (1,2) (3,2) (4,2) (5,2) (6,2) (6,3) (6,4) (6,5)
  facet 7289: (0,0) (1,0) (1,1) (1,2) (3,2) (4,2) (5,2) (6,2) (6,3) (6,4) (6,5)
  facet 7290: (0,0) (0,1) (1,1) (3,1) (3,2) (4,2) (5,2) (6,2) (6,3) (6,4) (6,5)
  facet 7291: (0,0) (1,0) (1,1) (3,1) (3,2) (4,2) (5,2) (6,2) (6,3) (6,4) (6,5)
  facet 7292: (0,0) (1,0) (3,0) (3,1) (3,2) (4,2) (5,2) (6,2) (6,3) (6,4) (6,5)
  facet 7293: (0,0) (0,1) (1,1) (3,1) (4,1) (4,2) (5,2) (6,2) (6,3) (6,4) (6,5)
  facet 7294: (0,0) (1,0) (1,1) (3,1) (4,1) (4,2) (5,2) (6,2) (6,3) (6,4) (6,5)
  facet 7295: (0,0) (1,0) (3,0) (3,1) (4,1) (4,2) (5,2) (6,2) (6,3) (6,4) (6,5)
  facet 7296: (0,0) (1,0) (3,0) (4,0) (4,1) (4,2) (5,2) (6,2) (6,3) (6,4) (6,5)
  facet 7297: (0,0) (0,1) (1,1) (3,1) (4,1) (5,1) (5,2) (6,2) (6,3) (6,4) (6,5)
  facet 7298: (0,0) (1,0) (1,1) (3,1) (4,1) (5,1) (5,2) (6,2) (6,3) (6,4) (6,5)
  facet 7299: (0,0) (1,0) (3,0) (3,1) (4,1) (5,1) (5,2) (6,2) (6,3) (6,4) (6,5)
  facet 7300: (0,0) (1,0) (3,0) (4,0) (4,1) (5,1) (5,2) (6,2) (6,3) (6,4) (6,5)
  facet 7301: (0,0) (1,0) (3,0) (4,0) (5,0) (5,1) (5,2) (6,2) (6,3) (6,4) (6,5)
  facet 7302: (0,0) (0,1) (1,1) (3,1) (4,1) (5,1) (6,1) (6,2) (6,3) (6,4) (6,5)
  facet 7303: (0,0) (1,0) (1,1) (3,1) (4,1) (5,1) (6,1) (6,2) (6,3) (6,4) (6,5)
  facet 7304: (0,0) (1,0) (3,0) (3,1) (4,1) (5,1) (6,1) (6,2) (6,3) (6,4) (6,5)
  facet 7305: (0,0) (1,0) (3,0) (4,0) (4,1) (5,1) (6,1) (6,2) (6,3) (6,4) (6,5)
  facet 7306: (0,0) (1,0) (3,0) (4,0) (5,0) (5,1) (6,1) (6,2) (6,3) (6,4) (6,5)
  facet 7307: (0,0) (1,0) (3,0) (4,0) (5,0) (6,0) (6,1) (6,2) (6,3) (6,4) (6,5)
  facet 7308: (0,0) (0,1) (0,2) (0,3) (0,4) (0,6) (1,6) (3,6) (4,6) (5,6) (6,6)
  facet 7309: (0,0) (0,1) (0,2) (0,3) (0,4) (1,4) (1,6) (3,6) (4,6) (5,6) (6,6)
  facet 7310: (0,0) (0,1) (0,2) (0,3) (1,3) (1,4) (1,6) (3,6) (4,6) (5,6) (6,6)
  facet 7311: (0,0) (0,1) (0,2) (1,2) (1,3) (1,4) (1,6) (3,6) (4,6) (5,6) (6,6)
  facet 7312: (0,0) (0,1) (1,1) (1,2) (1,3) (1,4) (1,6) (3,6) (4,6) (5,6) (6,6)
  facet 7313: (0,0) (1,0) (1,1) (1,2) (1,3) (1,4) (1,6) (3,6) (4,6) (5,6) (6,6)
  facet 7314: (0,0) (0,1) (0,2) (0,3) (0,4) (1,4) (3,4) (3,6) (4,6) (5,6) (6,6)
  facet 7315: (0,0) (0,1) (0,2) (0,3) (1,3) (1,4) (3,4) (3,6) (4,6) (5,6) (6,6)
  facet 7316: (0,0) (0,1) (0,2) (1,2) (1,3) (1,4) (3,4) (3,6) (4,6) (5,6) (6,6)
  facet 7317: (0,0) (0,1) (1,1) (1,2) (1,3) (1,4) (3,4) (3,6) (4,6) (5,6) (6,6)
  facet 7318: (0,0) (1,0) (1,1) (1,2) (1,3) (1,4) (3,4) (3,6) (4,6) (5,6) (6,6)
  facet 7319: (0,0) (0,1) (0,2) (0,3) (1,3) (3,3) (3,4) (3,6) (4,6) (5,6) (6,6)
  facet 7320: (0,0) (0,1) (0,2) (1,2) (1,3) (3,3) (3,4) (3,6) (4,6) (5,6) (6,6)
  facet 7321: (0,0) (0,1) (1,1) (1,2) (1,3) (3,3) (3,4) (3,6) (4,6) (5,6) (6,6)
  facet 7322: (0,0) (1,0) (1,1) (1,2) (1,3) (3,3) (3,4) (3,6) (4,6) (5,6) (6,6)
  facet 7323: (0,0) (0,1) (0,2) (1,2) (3,2) (3,3) (3,4) (3,6) (4,6) (5,6) (6,6)
  facet 7324: (0,0) (0,1) (1,1) (1,2) (3,2) (3,3) (3,4) (3,6) (4,6) (5,6) (6,6)
  facet 7325: (0,0) (1,0) (1,1) (1,2) (3,2) (3,3) (3,4) (3,6) (4,6) (5,6) (6,6)
  facet 7326: (0,0) (0,1) (1,1) (3,1) (3,2) (3,3) (3,4) (3,6) (4,6) (5,6) (6,6)
  facet 7327: (0,0) (1,0) (1,1) (3,1) (3,2) (3,3) (3,4) (3,6) (4,6) (5,6) (6,6)
  facet 7328: (0,0) (1,0) (3,0) (3,1) (3,2) (3,3) (3,4) (3,6) (4,6) (5,6) (6,6)
  facet 7329: (0,0) (0,1) (0,2) (0,3) (0,4) (1,4) (3,4) (4,4) (4,6) (5,6) (6,6)
  facet 7330: (0,0) (0,1) (0,2) (0,3) (1,3) (1,4) (3,4) (4,4) (4,6) (5,6) (6,6)
  facet 7331: (0,0) (0,1) (0,2) (1,2) (1,3) (1,4) (3,4) (4,4) (4,6) (5,6) (6,6)
  facet 7332: (0,0) (0,1) (1,1) (1,2) (1,3) (1,4) (3,4) (4,4) (4,6) (5,6) (6,6)
  facet 7333: (0,0) (1,0) (1,1) (1,2) (1,3) (1,4) (3,4) (4,4) (4,6) (5,6) (6,6)
  facet 7334: (0,0) (0,1) (0,2) (0,3) (1,3) (3,3) (3,4) (4,4) (4,6) (5,6) (6,6)
  facet 7335: (0,0) (0,1) (0,2) (1,2) (1,3) (3,3) (3,4) (4,4) (4,6) (5,6) (6,6)
  facet 7336: (0,0) (0,1) (1,1) (1,2) (1,3) (3,3) (3,4) (4,4) (4,6) (5,6) (6,6)
  facet 7337: (0,0) (1,0) (1,1) (1,2) (1,3) (3,3) (3,4) (4,4) (4,6) (5,6) (6,6)
  facet 7338: (0,0) (0,1) (0,2) (1,2) (3,2) (3,3) (3,4) (4,4) (4,6) (5,6) (6,6)
  facet 7339: (0,0) (0,1) (1,1) (1,2) (3,2) (3,3) (3,4) (4,4) (4,6) (5,6) (6,6)
  facet 7340: (0,0) (1,0) (1,1) (1,2) (3,2) (3,3) (3,4) (4,4) (4,6) (5,6) (6,6)
  facet 7341: (0,0) (0,1) (1,1) (3,1) (3,2) (3,3) (3,4) (4,4) (4,6) (5,6) (6,6)
  facet 7342: (0,0) (1,0) (1,1) (3,1) (3,2) (3,3) (3,4) (4,4) (4,6) (5,6) (6,6)
  facet 7343: (0,0) (1,0) (3,0) (3,1) (3,2) (3,3) (3,4) (4,4) (4,6) (5,6) (6,6)
  facet 7344: (0,0) (0,1) (0,2) (0,3) (1,3) (3,3) (4,3) (4,4) (4,6) (5,6) (6,6)
  facet 7345: (0,0) (0,1) (0,2) (1,2) (1,3) (3,3) (4,3) (4,4) (4,6) (5,6) (6,6)
  facet 7346: (0,0) (0,1) (1,1) (1,2) (1,3) (3,3) (4,3) (4,4) (4,6) (5,6) (6,6)
  facet 7347: (0,0) (1,0) (1,1) (1,2) (1,3) (3,3) (4,3) (4,4) (4,6) (5,6) (6,6)
  facet 7348: (0,0) (0,1) (0,2) (1,2) (3,2) (3,3) (4,3) (4,4) (4,6) (5,6) (6,6)
  facet 7349: (0,0) (0,1) (1,1) (1,2) (3,2) (3,3) (4,3) (4,4) (4,6) (5,6) (6,6)
  facet 7350: (0,0) (1,0) (1,1) (1,2) (3,2) (3,3) (4,3) (4,4) (4,6) (5,6) (6,6)
  facet 7351: (0,0) (0,1) (1,1) (3,1) (3,2) (3,3) (4,3) (4,4) (4,6) (5,6) (6,6)
  facet 7352: (0,0) (1,0) (1,1) (3,1) (3,2) (3,3) (4,3) (4,4) (4,6) (5,6) (6,6)
  facet 7353: (0,0) (1,0) (3,0) (3,1) (3,2) (3,3) (4,3) (4,4) (4,6) (5,6) (6,6)
  facet 7354: (0,0) (0,1) (0,2) (1,2) (3,2) (4,2) (4,3) (4,4) (4,6) (5,6) (6,6)
  facet 7355: (0,0) (0,1) (1,1) (1,2) (3,2) (4,2) (4,3) (4,4) (4,6) (5,6) (6,6)
  facet 7356: (0,0) (1,0) (1,1) (1,2) (3,2) (4,2) (4,3) (4,4) (4,6) (5,6) (6,6)
  facet 7357: (0,0) (0,1) (1,1) (3,1) (3,2) (4,2) (4,3) (4,4) (4,6) (5,6) (6,6)
  facet 7358: (0,0) (1,0) (1,1) (3,1) (3,2) (4,2) (4,3) (4,4) (4,6) (5,6) (6,6)
  facet 7359: (0,0) (1,0) (3,0) (3,1) (3,2) (4,2) (4,3) (4,4) (4,6) (5,6) (6,6)
  facet 7360: (0,0) (0,1) (1,1) (3,1) (4,1) (4,2) (4,3) (4,4) (4,6) (5,6) (6,6)
  facet 7361: (0,0) (1,0) (1,1) (3,1) (4,1) (4,2) (4,3) (4,4) (4,6) (5,6) (6,6)
  facet 7362: (0,0) (1,0) (3,0) (3,1) (4,1) (4,2) (4,3) (4,4) (4,6) (5,6) (6,6)
  facet 7363: (0,0) (1,0) (3,0) (4,0) (4,1) (4,2) (4,3) (4,4) (4,6) (5,6) (6,6)
  facet 7364: (0,0) (0,1) (0,2) (0,3) (0,4) (1,4) (3,4) (4,4) (5,4) (5,6) (6,6)
  facet 7365: (0,0) (0,1) (0,2) (0,3) (1,3) (1,4) (3,4) (4,4) (5,4) (5,6) (6,6)
  facet 7366: (0,0) (0,1) (0,2) (1,2) (1,3) (1,4) (3,4) (4,4) (5,4) (5,6) (6,6)
  facet 7367: (0,0) (0,1) (1,1) (1,2) (1,3) (1,4) (3,4) (4,4) (5,4) (5,6) (6,6)
  facet 7368: (0,0) (1,0) (1,1) (1,2) (1,3) (1,4) (3,4) (4,4) (5,4) (5,6) (6,6)
  facet 7369: (0,0) (0,1) (0,2) (0,3) (1,3) (3,3) (3,4) (4,4) (5,4) (5,6) (6,6)
  facet 7370: (0,0) (0,1) (0,2) (1,2) (1,3) (3,3) (3,4) (4,4) (5,4) (5,6) (6,6)
  facet 7371: (0,0) (0,1) (1,1) (1,2) (1,3) (3,3) (3,4) (4,4) (5,4) (5,6) (6,6)
  facet 7372: (0,0) (1,0) (1,1) (1,2) (1,3) (3,3) (3,4) (4,4) (5,4) (5,6) (6,6)
  facet 7373: (0,0) (0,1) (0,2) (1,2) (3,2) (3,3) (3,4) (4,4) (5,4) (5,6) (6,6)
  facet 7374: (0,0) (0,1) (1,1) (1,2) (3,2) (3,3) (3,4) (4,4) (5,4) (5,6) (6,6)
  facet 7375: (0,0) (1,0) (1,1) (1,2) (3,2) (3,3) (3,4) (4,4) (5,4) (5,6) (6,6)
  facet 7376: (0,0) (0,1) (1,1) (3,1) (3,2) (3,3) (3,4) (4,4) (5,4) (5,6) (6,6)
  facet 7377: (0,0) (1,0) (1,1) (3,1) (3,2) (3,3) (3,4) (4,4) (5,4) (5,6) (6,6)
  facet 7378: (0,0) (1,0) (3,0) (3,1) (3,2) (3,3) (3,4) (4,4) (5,4) (5,6) (6,6)
  facet 7379: (0,0) (0,1) (0,2) (0,3) (1,3) (3,3) (4,3) (4,4) (5,4) (5,6) (6,6)
  facet 7380: (0,0) (0,1) (0,2) (1,2) (1,3) (3,3) (4,3) (4,4) (5,4) (5,6) (6,6)
  facet 7381: (0,0) (0,1) (1,1) (1,2) (1,3) (3,3) (4,3) (4,4) (5,4) (5,6) (6,6)
  facet 7382: (0,0) (1,0) (1,1) (1,2) (1,3) (3,3) (4,3) (4,4) (5,4) (5,6) (6,6)
  facet 7383: (0,0) (0,1) (0,2) (1,2) (3,2) (3,3) (4,3) (4,4) (5,4) (5,6) (6,6)
  facet 7384: (0,0) (0,1) (1,1) (1,2) (3,2) (3,3) (4,3) (4,4) (5,4) (5,6) (6,6)
  facet 7385: (0,0) (1,0) (1,1) (1,2) (3,2) (3,3) (4,3) (4,4) (5,4) (5,6) (6,6)
  facet 7386: (0,0) (0,1) (1,1) (3,1) (3,2) (3,3) (4,3) (4,4) (5,4) (5,6) (6,6)
  facet 7387: (0,0) (1,0) (1,1) (3,1) (3,2) (3,3) (4,3) (4,4) (5,4) (5,6) (6,6)
  facet 7388: (0,0) (1,0) (3,0) (3,1) (3,2) (3,3) (4,3) (4,4) (5,4) (5,6) (6,6)
  facet 7389: (0,0) (0,1) (0,2) (1,2) (3,2) (4,2) (4,3) (4,4) (5,4) (5,6) (6,6)
  facet 7390: (0,0) (0,1) (1,1) (1,2) (3,2) (4,2) (4,3) (4,4) (5,4) (5,6) (6,6)
  facet 7391: (0,0) (1,0) (1,1) (1,2) (3,2) (4,2) (4,3) (4,4) (5,4) (5,6) (6,6)
  facet 7392: (0,0) (0,1) (1,1) (3,1) (3,2) (4,2) (4,3) (4,4) (5,4) (5,6) (6,6)
  facet 7393: (0,0) (1,0) (1,1) (3,1) (3,2) (4,2) (4,3) (4,4) (5,4) (5,6) (6,6)
  facet 7394: (0,0) (1,0) (3,0) (3,1) (3,2) (4,2) (4,3) (4,4) (5,4) (5,6) (6,6)
  facet 7395: (0,0) (0,1) (1,1) (3,1) (4,1) (4,2) (4,3) (4,4) (5,4) (5,6) (6,6)
  facet 7396: (0,0) (1,0) (1,1) (3,1) (4,1) (4,2) (4,3) (4,4) (5,4) (5,6) (6,6)
  facet 7397: (0,0) (1,0) (3,0) (3,1) (4,1) (4,2) (4,3) (4,4) (5,4) (5,6) (6,6)
  facet 7398: (0,0) (1,0) (3,0) (4,0) (4,1) (4,2) (4,3) (4,4) (5,4) (5,6) (6,6)
  facet 7399: (0,0) (0,1) (0,2) (0,3) (1,3) (3,3) (4,3) (5,3) (5,4) (5,6) (6,6)
  facet 7400: (0,0) (0,1) (0,2) (1,2) (1,3) (3,3) (4,3) (5,3) (5,4) (5,6) (6,6)
  facet 7401: (0,0) (0,1) (1,1) (1,2) (1,3) (3,3) (4,3) (5,3) (5,4) (5,6) (6,6)
  facet 7402: (0,0) (1,0) (1,1) (1,2) (1,3) (3,3) (4,3) (5,3) (5,4) (5,6) (6,6)
  facet 7403: (0,0) (0,1) (0,2) (1,2) (3,2) (3,3) (4,3) (5,3) (5,4) (5,6) (6,6)
  facet 7404: (0,0) (0,1) (1,1) (1,2) (3,2) (3,3) (4,3) (5,3) (5,4) (5,6) (6,6)
  facet 7405: (0,0) (1,0) (1,1) (1,2) (3,2) (3,3) (4,3) (5,3) (5,4) (5,6) (6,6)
  facet 7406: (0,0) (0,1) (1,1) (3,1) (3,2) (3,3) (4,3) (5,3) (5,4) (5,6) (6,6)
  facet 7407: (0,0) (1,0) (1,1) (3,1) (3,2) (3,3) (4,3) (5,3) (5,4) (5,6) (6,6)
  facet 7408: (0,0) (1,0) (3,0) (3,1) (3,2) (3,3) (4,3) (5,3) (5,4) (5,6) (6,6)
  facet 7409: (0,0) (0,1) (0,2) (1,2) (3,2) (4,2) (4,3) (5,3) (5,4) (5,6) (6,6)
  facet 7410: (0,0) (0,1) (1,1) (1,2) (3,2) (4,2) (4,3) (5,3) (5,4) (5,6) (6,6)
  facet 7411: (0,0) (1,0) (1,1) (1,2) (3,2) (4,2) (4,3) (5,3) (5,4) (5,6) (6,6)
  facet 7412: (0,0) (0,1) (1,1) (3,1) (3,2) (4,2) (4,3) (5,3) (5,4) (5,6) (6,6)
  facet 7413: (0,0) (1,0) (1,1) (3,1) (3,2) (4,2) (4,3) (5,3) (5,4) (5,6) (6,6)
  facet 7414: (0,0) (1,0) (3,0) (3,1) (3,2) (4,2) (4,3) (5,3) (5,4) (5,6) (6,6)
  facet 7415: (0,0) (0,1) (1,1) (3,1) (4,1) (4,2) (4,3) (5,3) (5,4) (5,6) (6,6)
  facet 7416: (0,0) (1,0) (1,1) (3,1) (4,1) (4,2) (4,3) (5,3) (5,4) (5,6) (6,6)
  facet 7417: (0,0) (1,0) (3,0) (3,1) (4,1) (4,2) (4,3) (5,3) (5,4) (5,6) (6,6)
  facet 7418: (0,0) (1,0) (3,0) (4,0) (4,1) (4,2) (4,3) (5,3) (5,4) (5,6) (6,6)
  facet 7419: (0,0) (0,1) (0,2) (1,2) (3,2) (4,2) (5,2) (5,3) (5,4) (5,6) (6,6)
  facet 7420: (0,0) (0,1) (1,1) (1,2) (3,2) (4,2) (5,2) (5,3) (5,4) (5,6) (6,6)
  facet 7421: (0,0) (1,0) (1,1) (1,2) (3,2) (4,2) (5,2) (5,3) (5,4) (5,6) (6,6)
  facet 7422: (0,0) (0,1) (1,1) (3,1) (3,2) (4,2) (5,2) (5,3) (5,4) (5,6) (6,6)
  facet 7423: (0,0) (1,0) (1,1) (3,1) (3,2) (4,2) (5,2) (5,3) (5,4) (5,6) (6,6)
  facet 7424: (0,0) (1,0) (3,0) (3,1) (3,2) (4,2) (5,2) (5,3) (5,4) (5,6) (6,6)
  facet 7425: (0,0) (0,1) (1,1) (3,1) (4,1) (4,2) (5,2) (5,3) (5,4) (5,6) (6,6)
  facet 7426: (0,0) (1,0) (1,1) (3,1) (4,1) (4,2) (5,2) (5,3) (5,4) (5,6) (6,6)
  facet 7427: (0,0) (1,0) (3,0) (3,1) (4,1) (4,2) (5,2) (5,3) (5,4) (5,6) (6,6)
  facet 7428: (0,0) (1,0) (3,0) (4,0) (4,1) (4,2) (5,2) (5,3) (5,4) (5,6) (6,6)
  facet 7429: (0,0) (0,1) (1,1) (3,1) (4,1) (5,1) (5,2) (5,3) (5,4) (5,6) (6,6)
  facet 7430: (0,0) (1,0) (1,1) (3,1) (4,1) (5,1) (5,2) (5,3) (5,4) (5,6) (6,6)
  facet 7431: (0,0) (1,0) (3,0) (3,1) (4,1) (5,1) (5,2) (5,3) (5,4) (5,6) (6,6)
  facet 7432: (0,0) (1,0) (3,0) (4,0) (4,1) (5,1) (5,2) (5,3) (5,4) (5,6) (6,6)
  facet 7433: (0,0) (1,0) (3,0) (4,0) (5,0) (5,1) (5,2) (5,3) (5,4) (5,6) (6,6)
  facet 7434: (0,0) (0,1) (0,2) (0,3) (0,4) (1,4) (3,4) (4,4) (5,4) (6,4) (6,6)
  facet 7435: (0,0) (0,1) (0,2) (0,3) (1,3) (1,4) (3,4) (4,4) (5,4) (6,4) (6,6)
  facet 7436: (0,0) (0,1) (0,2) (1,2) (1,3) (1,4) (3,4) (4,4) (5,4) (6,4) (6,6)
  facet 7437: (0,0) (0,1) (1,1) (1,2) (1,3) (1,4) (3,4) (4,4) (5,4) (6,4) (6,6)
  facet 7438: (0,0) (1,0) (1,1) (1,2) (1,3) (1,4) (3,4) (4,4) (5,4) (6,4) (6,6)
  facet 7439: (0,0) (0,1) (0,2) (0,3) (1,3) (3,3) (3,4) (4,4) (5,4) (6,4) (6,6)
  facet 7440: (0,0) (0,1) (0,2) (1,2) (1,3) (3,3) (3,4) (4,4) (5,4) (6,4) (6,6)
  facet 7441: (0,0) (0,1) (1,1) (1,2) (1,3) (3,3) (3,4) (4,4) (5,4) (6,4) (6,6)
  facet 7442: (0,0) (1,0) (1,1) (1,2) (1,3) (3,3) (3,4) (4,4) (5,4) (6,4) (6,6)
  facet 7443: (0,0) (0,1) (0,2) (1,2) (3,2) (3,3) (3,4) (4,4) (5,4) (6,4) (6,6)
  facet 7444: (0,0) (0,1) (1,1) (1,2) (3,2) (3,3) (3,4) (4,4) (5,4) (6,4) (6,6)
  facet 7445: (0,0) (1,0) (1,1) (1,2) (3,2) (3,3) (3,4) (4,4) (5,4) (6,4) (6,6)
  facet 7446: (0,0) (0,1) (1,1) (3,1) (3,2) (3,3) (3,4) (4,4) (5,4) (6,4) (6,6)
  facet 7447: (0,0) (1,0) (1,1) (3,1) (3,2) (3,3) (3,4) (4,4) (5,4) (6,4) (6,6)
  facet 7448: (0,0) (1,0) (3,0) (3,1) (3,2) (3,3) (3,4) (4,4) (5,4) (6,4) (6,6)
  facet 7449: (0,0) (0,1) (0,2) (0,3) (1,3) (3,3) (4,3) (4,4) (5,4) (6,4) (6,6)
  facet 7450: (0,0) (0,1) (0,2) (1,2) (1,3) (3,3) (4,3) (4,4) (5,4) (6,4) (6,6)
  facet 7451: (0,0) (0,1) (1,1) (1,2) (1,3) (3,3) (4,3) (4,4) (5,4) (6,4) (6,6)
  facet 7452: (0,0) (1,0) (1,1) (1,2) (1,3) (3,3) (4,3) (4,4) (5,4) (6,4) (6,6)
  facet 7453: (0,0) (0,1) (0,2) (1,2) (3,2) (3,3) (4,3) (4,4) (5,4) (6,4) (6,6)
  facet 7454: (0,0) (0,1) (1,1) (1,2) (3,2) (3,3) (4,3) (4,4) (5,4) (6,4) (6,6)
  facet 7455: (0,0) (1,0) (1,1) (1,2) (3,2) (3,3) (4,3) (4,4) (5,4) (6,4) (6,6)
  facet 7456: (0,0) (0,1) (1,1) (3,1) (3,2) (3,3) (4,3) (4,4) (5,4) (6,4) (6,6)
  facet 7457: (0,0) (1,0) (1,1) (3,1) (3,2) (3,3) (4,3) (4,4) (5,4) (6,4) (6,6)
  facet 7458: (0,0) (1,0) (3,0) (3,1) (3,2) (3,3) (4,3) (4,4) (5,4) (6,4) (6,6)
  facet 7459: (0,0) (0,1) (0,2) (1,2) (3,2) (4,2) (4,3) (4,4) (5,4) (6,4) (6,6)
  facet 7460: (0,0) (0,1) (1,1) (1,2) (3,2) (4,2) (4,3) (4,4) (5,4) (6,4) (6,6)
  facet 7461: (0,0) (1,0) (1,1) (1,2) (3,2) (4,2) (4,3) (4,4) (5,4) (6,4) (6,6)
  facet 7462: (0,0) (0,1) (1,1) (3,1) (3,2) (4,2) (4,3) (4,4) (5,4) (6,4) (6,6)
  facet 7463: (0,0) (1,0) (1,1) (3,1) (3,2) (4,2) (4,3) (4,4) (5,4) (6,4) (6,6)
  facet 7464: (0,0) (1,0) (3,0) (3,1) (3,2) (4,2) (4,3) (4,4) (5,4) (6,4) (6,6)
  facet 7465: (0,0) (0,1) (1,1) (3,1) (4,1) (4,2) (4,3) (4,4) (5,4) (6,4) (6,6)
  facet 7466: (0,0) (1,0) (1,1) (3,1) (4,1) (4,2) (4,3) (4,4) (5,4) (6,4) (6,6)
  facet 7467: (0,0) (1,0) (3,0) (3,1) (4,1) (4,2) (4,3) (4,4) (5,4) (6,4) (6,6)
  facet 7468: (0,0) (1,0) (3,0) (4,0) (4,1) (4,2) (4,3) (4,4) (5,4) (6,4) (6,6)
  facet 7469: (0,0) (0,1) (0,2) (0,3) (1,3) (3,3) (4,3) (5,3) (5,4) (6,4) (6,6)
  facet 7470: (0,0) (0,1) (0,2) (1,2) (1,3) (3,3) (4,3) (5,3) (5,4) (6,4) (6,6)
  facet 7471: (0,0) (0,1) (1,1) (1,2) (1,3) (3,3) (4,3) (5,3) (5,4) (6,4) (6,6)
  facet 7472: (0,0) (1,0) (1,1) (1,2) (1,3) (3,3) (4,3) (5,3) (5,4) (6,4) (6,6)
  facet 7473: (0,0) (0,1) (0,2) (1,2) (3,2) (3,3) (4,3) (5,3) (5,4) (6,4) (6,6)
  facet 7474: (0,0) (0,1) (1,1) (1,2) (3,2) (3,3) (4,3) (5,3) (5,4) (6,4) (6,6)
  facet 7475: (0,0) (1,0) (1,1) (1,2) (3,2) (3,3) (4,3) (5,3) (5,4) (6,4) (6,6)
  facet 7476: (0,0) (0,1) (1,1) (3,1) (3,2) (3,3) (4,3) (5,3) (5,4) (6,4) (6,6)
  facet 7477: (0,0) (1,0) (1,1) (3,1) (3,2) (3,3) (4,3) (5,3) (5,4) (6,4) (6,6)
  facet 7478: (0,0) (1,0) (3,0) (3,1) (3,2) (3,3) (4,3) (5,3) (5,4) (6,4) (6,6)
  facet 7479: (0,0) (0,1) (0,2) (1,2) (3,2) (4,2) (4,3) (5,3) (5,4) (6,4) (6,6)
  facet 7480: (0,0) (0,1) (1,1) (1,2) (3,2) (4,2) (4,3) (5,3) (5,4) (6,4) (6,6)
  facet 7481: (0,0) (1,0) (1,1) (1,2) (3,2) (4,2) (4,3) (5,3) (5,4) (6,4) (6,6)
  facet 7482: (0,0) (0,1) (1,1) (3,1) (3,2) (4,2) (4,3) (5,3) (5,4) (6,4) (6,6)
  facet 7483: (0,0) (1,0) (1,1) (3,1) (3,2) (4,2) (4,3) (5,3) (5,4) (6,4) (6,6)
  facet 7484: (0,0) (1,0) (3,0) (3,1) (3,2) (4,2) (4,3) (5,3) (5,4) (6,4) (6,6)
  facet 7485: (0,0) (0,1) (1,1) (3,1) (4,1) (4,2) (4,3) (5,3) (5,4) (6,4) (6,6)
  facet 7486: (0,0) (1,0) (1,1) (3,1) (4,1) (4,2) (4,3) (5,3) (5,4) (6,4) (6,6)
  facet 7487: (0,0) (1,0) (3,0) (3,1) (4,1) (4,2) (4,3) (5,3) (5,4) (6,4) (6,6)
  facet 7488: (0,0) (1,0) (3,0) (4,0) (4,1) (4,2) (4,3) (5,3) (5,4) (6,4) (6,6)
  facet 7489: (0,0) (0,1) (0,2) (1,2) (3,2) (4,2) (5,2) (5,3) (5,4) (6,4) (6,6)
  facet 7490: (0,0) (0,1) (1,1) (1,2) (3,2) (4,2) (5,2) (5,3) (5,4) (6,4) (6,6)
  facet 7491: (0,0) (1,0) (1,1) (1,2) (3,2) (4,2) (5,2) (5,3) (5,4) (6,4) (6,6)
  facet 7492: (0,0) (0,1) (1,1) (3,1) (3,2) (4,2) (5,2) (5,3) (5,4) (6,4) (6,6)
  facet 7493: (0,0) (1,0) (1,1) (3,1) (3,2) (4,2) (5,2) (5,3) (5,4) (6,4) (6,6)
  facet 7494: (0,0) (1,0) (3,0) (3,1) (3,2) (4,2) (5,2) (5,3) (5,4) (6,4) (6,6)
  facet 7495: (0,0) (0,1) (1,1) (3,1) (4,1) (4,2) (5,2) (5,3) (5,4) (6,4) (6,6)
  facet 7496: (0,0) (1,0) (1,1) (3,1) (4,1) (4,2) (5,2) (5,3) (5,4) (6,4) (6,6)
  facet 7497: (0,0) (1,0) (3,0) (3,1) (4,1) (4,2) (5,2) (5,3) (5,4) (6,4) (6,6)
  facet 7498: (0,0) (1,0) (3,0) (4,0) (4,1) (4,2) (5,2) (5,3) (5,4) (6,4) (6,6)
  facet 7499: (0,0) (0,1) (1,1) (3,1) (4,1) (5,1) (5,2) (5,3) (5,4) (6,4) (6,6)
  facet 7500: (0,0) (1,0) (1,1) (3,1) (4,1) (5,1) (5,2) (5,3) (5,4) (6,4) (6,6)
  facet 7501: (0,0) (1,0) (3,0) (3,1) (4,1) (5,1) (5,2) (5,3) (5,4) (6,4) (6,6)
  facet 7502: (0,0) (1,0) (3,0) (4,0) (4,1) (5,1) (5,2) (5,3) (5,4) (6,4) (6,6)
  facet 7503: (0,0) (1,0) (3,0) (4,0) (5,0) (5,1) (5,2) (5,3) (5,4) (6,4) (6,6)
  facet 7504: (0,0) (0,1) (0,2) (0,3) (1,3) (3,3) (4,3) (5,3) (6,3) (6,4) (6,6)
  facet 7505: (0,0) (0,1) (0,2) (1,2) (1,3) (3,3) (4,3) (5,3) (6,3) (6,4) (6,6)
  facet 7506: (0,0) (0,1) (1,1) (1,2) (1,3) (3,3) (4,3) (5,3) (6,3) (6,4) (6,6)
  facet 7507: (0,0) (1,0) (1,1) (1,2) (1,3) (3,3) (4,3) (5,3) (6,3) (6,4) (6,6)
  facet 7508: (0,0) (0,1) (0,2) (1,2) (3,2) (3,3) (4,3) (5,3) (6,3) (6,4) (6,6)
  facet 7509: (0,0) (0,1) (1,1) (1,2) (3,2) (3,3) (4,3) (5,3) (6,3) (6,4) (6,6)
  facet 7510: (0,0) (1,0) (1,1) (1,2) (3,2) (3,3) (4,3) (5,3) (6,3) (6,4) (6,6)
  facet 7511: (0,0) (0,1) (1,1) (3,1) (3,2) (3,3) (4,3) (5,3) (6,3) (6,4) (6,6)
  facet 7512: (0,0) (1,0) (1,1) (3,1) (3,2) (3,3) (4,3) (5,3) (6,3) (6,4) (6,6)
  facet 7513: (0,0) (1,0) (3,0) (3,1) (3,2) (3,3) (4,3) (5,3) (6,3) (6,4) (6,6)
  facet 7514: (0,0) (0,1) (0,2) (1,2) (3,2) (4,2) (4,3) (5,3) (6,3) (6,4) (6,6)
  facet 7515: (0,0) (0,1) (1,1) (1,2) (3,2) (4,2) (4,3) (5,3) (6,3) (6,4) (6,6)
  facet 7516: (0,0) (1,0) (1,1) (1,2) (3,2) (4,2) (4,3) (5,3) (6,3) (6,4) (6,6)
  facet 7517: (0,0) (0,1) (1,1) (3,1) (3,2) (4,2) (4,3) (5,3) (6,3) (6,4) (6,6)
  facet 7518: (0,0) (1,0) (1,1) (3,1) (3,2) (4,2) (4,3) (5,3) (6,3) (6,4) (6,6)
  facet 7519: (0,0) (1,0) (3,0) (3,1) (3,2) (4,2) (4,3) (5,3) (6,3) (6,4) (6,6)
  facet 7520: (0,0) (0,1) (1,1) (3,1) (4,1) (4,2) (4,3) (5,3) (6,3) (6,4) (6,6)
  facet 7521: (0,0) (1,0) (1,1) (3,1) (4,1) (4,2) (4,3) (5,3) (6,3) (6,4) (6,6)
  facet 7522: (0,0) (1,0) (3,0) (3,1) (4,1) (4,2) (4,3) (5,3) (6,3) (6,4) (6,6)
  facet 7523: (0,0) (1,0) (3,0) (4,0) (4,1) (4,2) (4,3) (5,3) (6,3) (6,4) (6,6)
  facet 7524: (0,0) (0,1) (0,2) (1,2) (3,2) (4,2) (5,2) (5,3) (6,3) (6,4) (6,6)
  facet 7525: (0,0) (0,1) (1,1) (1,2) (3,2) (4,2) (5,2) (5,3) (6,3) (6,4) (6,6)
  facet 7526: (0,0) (1,0) (1,1) (1,2) (3,2) (4,2) (5,2) (5,3) (6,3) (6,4) (6,6)
  facet 7527: (0,0) (0,1) (1,1) (3,1) (3,2) (4,2) (5,2) (5,3) (6,3) (6,4) (6,6)
  facet 7528: (0,0) (1,0) (1,1) (3,1) (3,2) (4,2) (5,2) (5,3) (6,3) (6,4) (6,6)
  facet 7529: (0,0) (1,0) (3,0) (3,1) (3,2) (4,2) (5,2) (5,3) (6,3) (6,4) (6,6)
  facet 7530: (0,0) (0,1) (1,1) (3,1) (4,1) (4,2) (5,2) (5,3) (6,3) (6,4) (6,6)
  facet 7531: (0,0) (1,0) (1,1) (3,1) (4,1) (4,2) (5,2) (5,3) (6,3) (6,4) (6,6)
  facet 7532: (0,0) (1,0) (3,0) (3,1) (4,1) (4,2) (5,2) (5,3) (6,3) (6,4) (6,6)
  facet 7533: (0,0) (1,0) (3,0) (4,0) (4,1) (4,2) (5,2) (5,3) (6,3) (6,4) (6,6)
  facet 7534: (0,0) (0,1) (1,1) (3,1) (4,1) (5,1) (5,2) (5,3) (6,3) (6,4) (6,6)
  facet 7535: (0,0) (1,0) (1,1) (3,1) (4,1) (5,1) (5,2) (5,3) (6,3) (6,4) (6,6)
  facet 7536: (0,0) (1,0) (3,0) (3,1) (4,1) (5,1) (5,2) (5,3) (6,3) (6,4) (6,6)
  facet 7537: (0,0) (1,0) (3,0) (4,0) (4,1) (5,1) (5,2) (5,3) (6,3) (6,4) (6,6)
  facet 7538: (0,0) (1,0) (3,0) (4,0) (5,0) (5,1) (5,2) (5,3) (6,3) (6,4) (6,6)
  facet 7539: (0,0) (0,1) (0,2) (1,2) (3,2) (4,2) (5,2) (6,2) (6,3) (6,4) (6,6)
  facet 7540: (0,0) (0,1) (1,1) (1,2) (3,2) (4,2) (5,2) (6,2) (6,3) (6,4) (6,6)
  facet 7541: (0,0) (1,0) (1,1) (1,2) (3,2) (4,2) (5,2) (6,2) (6,3) (6,4) (6,6)
  facet 7542: (0,0) (0,1) (1,1) (3,1) (3,2) (4,2) (5,2) (6,2) (6,3) (6,4) (6,6)
  facet 7543: (0,0) (1,0) (1,1) (3,1) (3,2) (4,2) (5,2) (6,2) (6,3) (6,4) (6,6)
  facet 7544: (0,0) (1,0) (3,0) (3,1) (3,2) (4,2) (5,2) (6,2) (6,3) (6,4) (6,6)
  facet 7545: (0,0) (0,1) (1,1) (3,1) (4,1) (4,2) (5,2) (6,2) (6,3) (6,4) (6,6)
  facet 7546: (0,0) (1,0) (1,1) (3,1) (4,1) (4,2) (5,2) (6,2) (6,3) (6,4) (6,6)
  facet 7547: (0,0) (1,0) (3,0) (3,1) (4,1) (4,2) (5,2) (6,2) (6,3) (6,4) (6,6)
  facet 7548: (0,0) (1,0) (3,0) (4,0) (4,1) (4,2) (5,2) (6,2) (6,3) (6,4) (6,6)
  facet 7549: (0,0) (0,1) (1,1) (3,1) (4,1) (5,1) (5,2) (6,2) (6,3) (6,4) (6,6)
  facet 7550: (0,0) (1,0) (1,1) (3,1) (4,1) (5,1) (5,2) (6,2) (6,3) (6,4) (6,6)
  facet 7551: (0,0) (1,0) (3,0) (3,1) (4,1) (5,1) (5,2) (6,2) (6,3) (6,4) (6,6)
  facet 7552: (0,0) (1,0) (3,0) (4,0) (4,1) (5,1) (5,2) (6,2) (6,3) (6,4) (6,6)
  facet 7553: (0,0) (1,0) (3,0) (4,0) (5,0) (5,1) (5,2) (6,2) (6,3) (6,4) (6,6)
  facet 7554: (0,0) (0,1) (1,1) (3,1) (4,1) (5,1) (6,1) (6,2) (6,3) (6,4) (6,6)
  facet 7555: (0,0) (1,0) (1,1) (3,1) (4,1) (5,1) (6,1) (6,2) (6,3) (6,4) (6,6)
  facet 7556: (0,0) (1,0) (3,0) (3,1) (4,1) (5,1) (6,1) (6,2) (6,3) (6,4) (6,6)
  facet 7557: (0,0) (1,0) (3,0) (4,0) (4,1) (5,1) (6,1) (6,2) (6,3) (6,4) (6,6)
  facet 7558: (0,0) (1,0) (3,0) (4,0) (5,0) (5,1) (6,1) (6,2) (6,3) (6,4) (6,6)
  facet 7559: (0,0) (1,0) (3,0) (4,0) (5,0) (6,0) (6,1) (6,2) (6,3) (6,4) (6,6)
  facet 7560: (0,0) (0,1) (0,2) (0,3) (0,5) (0,6) (1,6) (3,6) (4,6) (5,6) (6,6)
  facet 7561: (0,0) (0,1) (0,2) (0,3) (0,5) (1,5) (1,6) (3,6) (4,6) (5,6) (6,6)
  facet 7562: (0,0) (0,1) (0,2) (0,3) (1,3) (1,5) (1,6) (3,6) (4,6) (5,6) (6,6)
  facet 7563: (0,0) (0,1) (0,2) (1,2) (1,3) (1,5) (1,6) (3,6) (4,6) (5,6) (6,6)
  facet 7564: (0,0) (0,1) (1,1) (1,2) (1,3) (1,5) (1,6) (3,6) (4,6) (5,6) (6,6)
  facet 7565: (0,0) (1,0) (1,1) (1,2) (1,3) (1,5) (1,6) (3,6) (4,6) (5,6) (6,6)
  facet 7566: (0,0) (0,1) (0,2) (0,3) (0,5) (1,5) (3,5) (3,6) (4,6) (5,6) (6,6)
  facet 7567: (0,0) (0,1) (0,2) (0,3) (1,3) (1,5) (3,5) (3,6) (4,6) (5,6) (6,6)
  facet 7568: (0,0) (0,1) (0,2) (1,2) (1,3) (1,5) (3,5) (3,6) (4,6) (5,6) (6,6)
  facet 7569: (0,0) (0,1) (1,1) (1,2) (1,3) (1,5) (3,5) (3,6) (4,6) (5,6) (6,6)
  facet 7570: (0,0) (1,0) (1,1) (1,2) (1,3) (1,5) (3,5) (3,6) (4,6) (5,6) (6,6)
  facet 7571: (0,0) (0,1) (0,2) (0,3) (1,3) (3,3) (3,5) (3,6) (4,6) (5,6) (6,6)
  facet 7572: (0,0) (0,1) (0,2) (1,2) (1,3) (3,3) (3,5) (3,6) (4,6) (5,6) (6,6)
  facet 7573: (0,0) (0,1) (1,1) (1,2) (1,3) (3,3) (3,5) (3,6) (4,6) (5,6) (6,6)
  facet 7574: (0,0) (1,0) (1,1) (1,2) (1,3) (3,3) (3,5) (3,6) (4,6) (5,6) (6,6)
  facet 7575: (0,0) (0,1) (0,2) (1,2) (3,2) (3,3) (3,5) (3,6) (4,6) (5,6) (6,6)
  facet 7576: (0,0) (0,1) (1,1) (1,2) (3,2) (3,3) (3,5) (3,6) (4,6) (5,6) (6,6)
  facet 7577: (0,0) (1,0) (1,1) (1,2) (3,2) (3,3) (3,5) (3,6) (4,6) (5,6) (6,6)
  facet 7578: (0,0) (0,1) (1,1) (3,1) (3,2) (3,3) (3,5) (3,6) (4,6) (5,6) (6,6)
  facet 7579: (0,0) (1,0) (1,1) (3,1) (3,2) (3,3) (3,5) (3,6) (4,6) (5,6) (6,6)
  facet 7580: (0,0) (1,0) (3,0) (3,1) (3,2) (3,3) (3,5) (3,6) (4,6) (5,6) (6,6)
  facet 7581: (0,0) (0,1) (0,2) (0,3) (0,5) (1,5) (3,5) (4,5) (4,6) (5,6) (6,6)
  facet 7582: (0,0) (0,1) (0,2) (0,3) (1,3) (1,5) (3,5) (4,5) (4,6) (5,6) (6,6)
  facet 7583: (0,0) (0,1) (0,2) (1,2) (1,3) (1,5) (3,5) (4,5) (4,6) (5,6) (6,6)
  facet 7584: (0,0) (0,1) (1,1) (1,2) (1,3) (1,5) (3,5) (4,5) (4,6) (5,6) (6,6)
  facet 7585: (0,0) (1,0) (1,1) (1,2) (1,3) (1,5) (3,5) (4,5) (4,6) (5,6) (6,6)
  facet 7586: (0,0) (0,1) (0,2) (0,3) (1,3) (3,3) (3,5) (4,5) (4,6) (5,6) (6,6)
  facet 7587: (0,0) (0,1) (0,2) (1,2) (1,3) (3,3) (3,5) (4,5) (4,6) (5,6) (6,6)
  facet 7588: (0,0) (0,1) (1,1) (1,2) (1,3) (3,3) (3,5) (4,5) (4,6) (5,6) (6,6)
  facet 7589: (0,0) (1,0) (1,1) (1,2) (1,3) (3,3) (3,5) (4,5) (4,6) (5,6) (6,6)
  facet 7590: (0,0) (0,1) (0,2) (1,2) (3,2) (3,3) (3,5) (4,5) (4,6) (5,6) (6,6)
  facet 7591: (0,0) (0,1) (1,1) (1,2) (3,2) (3,3) (3,5) (4,5) (4,6) (5,6) (6,6)
  facet 7592: (0,0) (1,0) (1,1) (1,2) (3,2) (3,3) (3,5) (4,5) (4,6) (5,6) (6,6)
  facet 7593: (0,0) (0,1) (1,1) (3,1) (3,2) (3,3) (3,5) (4,5) (4,6) (5,6) (6,6)
  facet 7594: (0,0) (1,0) (1,1) (3,1) (3,2) (3,3) (3,5) (4,5) (4,6) (5,6) (6,6)
  facet 7595: (0,0) (1,0) (3,0) (3,1) (3,2) (3,3) (3,5) (4,5) (4,6) (5,6) (6,6)
  facet 7596: (0,0) (0,1) (0,2) (0,3) (1,3) (3,3) (4,3) (4,5) (4,6) (5,6) (6,6)
  facet 7597: (0,0) (0,1) (0,2) (1,2) (1,3) (3,3) (4,3) (4,5) (4,6) (5,6) (6,6)
  facet 7598: (0,0) (0,1) (1,1) (1,2) (1,3) (3,3) (4,3) (4,5) (4,6) (5,6) (6,6)
  facet 7599: (0,0) (1,0) (1,1) (1,2) (1,3) (3,3) (4,3) (4,5) (4,6) (5,6) (6,6)
  facet 7600: (0,0) (0,1) (0,2) (1,2) (3,2) (3,3) (4,3) (4,5) (4,6) (5,6) (6,6)
  facet 7601: (0,0) (0,1) (1,1) (1,2) (3,2) (3,3) (4,3) (4,5) (4,6) (5,6) (6,6)
  facet 7602: (0,0) (1,0) (1,1) (1,2) (3,2) (3,3) (4,3) (4,5) (4,6) (5,6) (6,6)
  facet 7603: (0,0) (0,1) (1,1) (3,1) (3,2) (3,3) (4,3) (4,5) (4,6) (5,6) (6,6)
  facet 7604: (0,0) (1,0) (1,1) (3,1) (3,2) (3,3) (4,3) (4,5) (4,6) (5,6) (6,6)
  facet 7605: (0,0) (1,0) (3,0) (3,1) (3,2) (3,3) (4,3) (4,5) (4,6) (5,6) (6,6)
  facet 7606: (0,0) (0,1) (0,2) (1,2) (3,2) (4,2) (4,3) (4,5) (4,6) (5,6) (6,6)
  facet 7607: (0,0) (0,1) (1,1) (1,2) (3,2) (4,2) (4,3) (4,5) (4,6) (5,6) (6,6)
  facet 7608: (0,0) (1,0) (1,1) (1,2) (3,2) (4,2) (4,3) (4,5) (4,6) (5,6) (6,6)
  facet 7609: (0,0) (0,1) (1,1) (3,1) (3,2) (4,2) (4,3) (4,5) (4,6) (5,6) (6,6)
  facet 7610: (0,0) (1,0) (1,1) (3,1) (3,2) (4,2) (4,3) (4,5) (4,6) (5,6) (6,6)
  facet 7611: (0,0) (1,0) (3,0) (3,1) (3,2) (4,2) (4,3) (4,5) (4,6) (5,6) (6,6)
  facet 7612: (0,0) (0,1) (1,1) (3,1) (4,1) (4,2) (4,3) (4,5) (4,6) (5,6) (6,6)
  facet 7613: (0,0) (1,0) (1,1) (3,1) (4,1) (4,2) (4,3) (4,5) (4,6) (5,6) (6,6)
  facet 7614: (0,0) (1,0) (3,0) (3,1) (4,1) (4,2) (4,3) (4,5) (4,6) (5,6) (6,6)
  facet 7615: (0,0) (1,0) (3,0) (4,0) (4,1) (4,2) (4,3) (4,5) (4,6) (5,6) (6,6)
  facet 7616: (0,0) (0,1) (0,2) (0,3) (0,5) (1,5) (3,5) (4,5) (5,5) (5,6) (6,6)
  facet 7617: (0,0) (0,1) (0,2) (0,3) (1,3) (1,5) (3,5) (4,5) (5,5) (5,6) (6,6)
  facet 7618: (0,0) (0,1) (0,2) (1,2) (1,3) (1,5) (3,5) (4,5) (5,5) (5,6) (6,6)
  facet 7619: (0,0) (0,1) (1,1) (1,2) (1,3) (1,5) (3,5) (4,5) (5,5) (5,6) (6,6)
  facet 7620: (0,0) (1,0) (1,1) (1,2) (1,3) (1,5) (3,5) (4,5) (5,5) (5,6) (6,6)
  facet 7621: (0,0) (0,1) (0,2) (0,3) (1,3) (3,3) (3,5) (4,5) (5,5) (5,6) (6,6)
  facet 7622: (0,0) (0,1) (0,2) (1,2) (1,3) (3,3) (3,5) (4,5) (5,5) (5,6) (6,6)
  facet 7623: (0,0) (0,1) (1,1) (1,2) (1,3) (3,3) (3,5) (4,5) (5,5) (5,6) (6,6)
  facet 7624: (0,0) (1,0) (1,1) (1,2) (1,3) (3,3) (3,5) (4,5) (5,5) (5,6) (6,6)
  facet 7625: (0,0) (0,1) (0,2) (1,2) (3,2) (3,3) (3,5) (4,5) (5,5) (5,6) (6,6)
  facet 7626: (0,0) (0,1) (1,1) (1,2) (3,2) (3,3) (3,5) (4,5) (5,5) (5,6) (6,6)
  facet 7627: (0,0) (1,0) (1,1) (1,2) (3,2) (3,3) (3,5) (4,5) (5,5) (5,6) (6,6)
  facet 7628: (0,0) (0,1) (1,1) (3,1) (3,2) (3,3) (3,5) (4,5) (5,5) (5,6) (6,6)
  facet 7629: (0,0) (1,0) (1,1) (3,1) (3,2) (3,3) (3,5) (4,5) (5,5) (5,6) (6,6)
  facet 7630: (0,0) (1,0) (3,0) (3,1) (3,2) (3,3) (3,5) (4,5) (5,5) (5,6) (6,6)
  facet 7631: (0,0) (0,1) (0,2) (0,3) (1,3) (3,3) (4,3) (4,5) (5,5) (5,6) (6,6)
  facet 7632: (0,0) (0,1) (0,2) (1,2) (1,3) (3,3) (4,3) (4,5) (5,5) (5,6) (6,6)
  facet 7633: (0,0) (0,1) (1,1) (1,2) (1,3) (3,3) (4,3) (4,5) (5,5) (5,6) (6,6)
  facet 7634: (0,0) (1,0) (1,1) (1,2) (1,3) (3,3) (4,3) (4,5) (5,5) (5,6) (6,6)
  facet 7635: (0,0) (0,1) (0,2) (1,2) (3,2) (3,3) (4,3) (4,5) (5,5) (5,6) (6,6)
  facet 7636: (0,0) (0,1) (1,1) (1,2) (3,2) (3,3) (4,3) (4,5) (5,5) (5,6) (6,6)
  facet 7637: (0,0) (1,0) (1,1) (1,2) (3,2) (3,3) (4,3) (4,5) (5,5) (5,6) (6,6)
  facet 7638: (0,0) (0,1) (1,1) (3,1) (3,2) (3,3) (4,3) (4,5) (5,5) (5,6) (6,6)
  facet 7639: (0,0) (1,0) (1,1) (3,1) (3,2) (3,3) (4,3) (4,5) (5,5) (5,6) (6,6)
  facet 7640: (0,0) (1,0) (3,0) (3,1) (3,2) (3,3) (4,3) (4,5) (5,5) (5,6) (6,6)
  facet 7641: (0,0) (0,1) (0,2) (1,2) (3,2) (4,2) (4,3) (4,5) (5,5) (5,6) (6,6)
  facet 7642: (0,0) (0,1) (1,1) (1,2) (3,2) (4,2) (4,3) (4,5) (5,5) (5,6) (6,6)
  facet 7643: (0,0) (1,0) (1,1) (1,2) (3,2) (4,2) (4,3) (4,5) (5,5) (5,6) (6,6)
  facet 7644: (0,0) (0,1) (1,1) (3,1) (3,2) (4,2) (4,3) (4,5) (5,5) (5,6) (6,6)
  facet 7645: (0,0) (1,0) (1,1) (3,1) (3,2) (4,2) (4,3) (4,5) (5,5) (5,6) (6,6)
  facet 7646: (0,0) (1,0) (3,0) (3,1) (3,2) (4,2) (4,3) (4,5) (5,5) (5,6) (6,6)
  facet 7647: (0,0) (0,1) (1,1) (3,1) (4,1) (4,2) (4,3) (4,5) (5,5) (5,6) (6,6)
  facet 7648: (0,0) (1,0) (1,1) (3,1) (4,1) (4,2) (4,3) (4,5) (5,5) (5,6) (6,6)
  facet 7649: (0,0) (1,0) (3,0) (3,1) (4,1) (4,2) (4,3) (4,5) (5,5) (5,6) (6,6)
  facet 7650: (0,0) (1,0) (3,0) (4,0) (4,1) (4,2) (4,3) (4,5) (5,5) (5,6) (6,6)
  facet 7651: (0,0) (0,1) (0,2) (0,3) (1,3) (3,3) (4,3) (5,3) (5,5) (5,6) (6,6)
  facet 7652: (0,0) (0,1) (0,2) (1,2) (1,3) (3,3) (4,3) (5,3) (5,5) (5,6) (6,6)
  facet 7653: (0,0) (0,1) (1,1) (1,2) (1,3) (3,3) (4,3) (5,3) (5,5) (5,6) (6,6)
  facet 7654: (0,0) (1,0) (1,1) (1,2) (1,3) (3,3) (4,3) (5,3) (5,5) (5,6) (6,6)
  facet 7655: (0,0) (0,1) (0,2) (1,2) (3,2) (3,3) (4,3) (5,3) (5,5) (5,6) (6,6)
  facet 7656: (0,0) (0,1) (1,1) (1,2) (3,2) (3,3) (4,3) (5,3) (5,5) (5,6) (6,6)
  facet 7657: (0,0) (1,0) (1,1) (1,2) (3,2) (3,3) (4,3) (5,3) (5,5) (5,6) (6,6)
  facet 7658: (0,0) (0,1) (1,1) (3,1) (3,2) (3,3) (4,3) (5,3) (5,5) (5,6) (6,6)
  facet 7659: (0,0) (1,0) (1,1) (3,1) (3,2) (3,3) (4,3) (5,3) (5,5) (5,6) (6,6)
  facet 7660: (0,0) (1,0) (3,0) (3,1) (3,2) (3,3) (4,3) (5,3) (5,5) (5,6) (6,6)
  facet 7661: (0,0) (0,1) (0,2) (1,2) (3,2) (4,2) (4,3) (5,3) (5,5) (5,6) (6,6)
  facet 7662: (0,0) (0,1) (1,1) (1,2) (3,2) (4,2) (4,3) (5,3) (5,5) (5,6) (6,6)
  facet 7663: (0,0) (1,0) (1,1) (1,2) (3,2) (4,2) (4,3) (5,3) (5,5) (5,6) (6,6)
  facet 7664: (0,0) (0,1) (1,1) (3,1) (3,2) (4,2) (4,3) (5,3) (5,5) (5,6) (6,6)
  facet 7665: (0,0) (1,0) (1,1) (3,1) (3,2) (4,2) (4,3) (5,3) (5,5) (5,6) (6,6)
  facet 7666: (0,0) (1,0) (3,0) (3,1) (3,2) (4,2) (4,3) (5,3) (5,5) (5,6) (6,6)
  facet 7667: (0,0) (0,1) (1,1) (3,1) (4,1) (4,2) (4,3) (5,3) (5,5) (5,6) (6,6)
  facet 7668: (0,0) (1,0) (1,1) (3,1) (4,1) (4,2) (4,3) (5,3) (5,5) (5,6) (6,6)
  facet 7669: (0,0) (1,0) (3,0) (3,1) (4,1) (4,2) (4,3) (5,3) (5,5) (5,6) (6,6)
  facet 7670: (0,0) (1,0) (3,0) (4,0) (4,1) (4,2) (4,3) (5,3) (5,5) (5,6) (6,6)
  facet 7671: (0,0) (0,1) (0,2) (1,2) (3,2) (4,2) (5,2) (5,3) (5,5) (5,6) (6,6)
  facet 7672: (0,0) (0,1) (1,1) (1,2) (3,2) (4,2) (5,2) (5,3) (5,5) (5,6) (6,6)
  facet 7673: (0,0) (1,0) (1,1) (1,2) (3,2) (4,2) (5,2) (5,3) (5,5) (5,6) (6,6)
  facet 7674: (0,0) (0,1) (1,1) (3,1) (3,2) (4,2) (5,2) (5,3) (5,5) (5,6) (6,6)
  facet 7675: (0,0) (1,0) (1,1) (3,1) (3,2) (4,2) (5,2) (5,3) (5,5) (5,6) (6,6)
  facet 7676: (0,0) (1,0) (3,0) (3,1) (3,2) (4,2) (5,2) (5,3) (5,5) (5,6) (6,6)
  facet 7677: (0,0) (0,1) (1,1) (3,1) (4,1) (4,2) (5,2) (5,3) (5,5) (5,6) (6,6)
  facet 7678: (0,0) (1,0) (1,1) (3,1) (4,1) (4,2) (5,2) (5,3) (5,5) (5,6) (6,6)
  facet 7679: (0,0) (1,0) (3,0) (3,1) (4,1) (4,2) (5,2) (5,3) (5,5) (5,6) (6,6)
  facet 7680: (0,0) (1,0) (3,0) (4,0) (4,1) (4,2) (5,2) (5,3) (5,5) (5,6) (6,6)
  facet 7681: (0,0) (0,1) (1,1) (3,1) (4,1) (5,1) (5,2) (5,3) (5,5) (5,6) (6,6)
  facet 7682: (0,0) (1,0) (1,1) (3,1) (4,1) (5,1) (5,2) (5,3) (5,5) (5,6) (6,6)
  facet 7683: (0,0) (1,0) (3,0) (3,1) (4,1) (5,1) (5,2) (5,3) (5,5) (5,6) (6,6)
  facet 7684: (0,0) (1,0) (3,0) (4,0) (4,1) (5,1) (5,2) (5,3) (5,5) (5,6) (6,6)
  facet 7685: (0,0) (1,0) (3,0) (4,0) (5,0) (5,1) (5,2) (5,3) (5,5) (5,6) (6,6)
  facet 7686: (0,0) (0,1) (0,2) (0,3) (0,5) (1,5) (3,5) (4,5) (5,5) (6,5) (6,6)
  facet 7687: (0,0) (0,1) (0,2) (0,3) (1,3) (1,5) (3,5) (4,5) (5,5) (6,5) (6,6)
  facet 7688: (0,0) (0,1) (0,2) (1,2) (1,3) (1,5) (3,5) (4,5) (5,5) (6,5) (6,6)
  facet 7689: (0,0) (0,1) (1,1) (1,2) (1,3) (1,5) (3,5) (4,5) (5,5) (6,5) (6,6)
  facet 7690: (0,0) (1,0) (1,1) (1,2) (1,3) (1,5) (3,5) (4,5) (5,5) (6,5) (6,6)
  facet 7691: (0,0) (0,1) (0,2) (0,3) (1,3) (3,3) (3,5) (4,5) (5,5) (6,5) (6,6)
  facet 7692: (0,0) (0,1) (0,2) (1,2) (1,3) (3,3) (3,5) (4,5) (5,5) (6,5) (6,6)
  facet 7693: (0,0) (0,1) (1,1) (1,2) (1,3) (3,3) (3,5) (4,5) (5,5) (6,5) (6,6)
  facet 7694: (0,0) (1,0) (1,1) (1,2) (1,3) (3,3) (3,5) (4,5) (5,5) (6,5) (6,6)
  facet 7695: (0,0) (0,1) (0,2) (1,2) (3,2) (3,3) (3,5) (4,5) (5,5) (6,5) (6,6)
  facet 7696: (0,0) (0,1) (1,1) (1,2) (3,2) (3,3) (3,5) (4,5) (5,5) (6,5) (6,6)
  facet 7697: (0,0) (1,0) (1,1) (1,2) (3,2) (3,3) (3,5) (4,5) (5,5) (6,5) (6,6)
  facet 7698: (0,0) (0,1) (1,1) (3,1) (3,2) (3,3) (3,5) (4,5) (5,5) (6,5) (6,6)
  facet 7699: (0,0) (1,0) (1,1) (3,1) (3,2) (3,3) (3,5) (4,5) (5,5) (6,5) (6,6)
  facet 7700: (0,0) (1,0) (3,0) (3,1) (3,2) (3,3) (3,5) (4,5) (5,5) (6,5) (6,6)
  facet 7701: (0,0) (0,1) (0,2) (0,3) (1,3) (3,3) (4,3) (4,5) (5,5) (6,5) (6,6)
  facet 7702: (0,0) (0,1) (0,2) (1,2) (1,3) (3,3) (4,3) (4,5) (5,5) (6,5) (6,6)
  facet 7703: (0,0) (0,1) (1,1) (1,2) (1,3) (3,3) (4,3) (4,5) (5,5) (6,5) (6,6)
  facet 7704: (0,0) (1,0) (1,1) (1,2) (1,3) (3,3) (4,3) (4,5) (5,5) (6,5) (6,6)
  facet 7705: (0,0) (0,1) (0,2) (1,2) (3,2) (3,3) (4,3) (4,5) (5,5) (6,5) (6,6)
  facet 7706: (0,0) (0,1) (1,1) (1,2) (3,2) (3,3) (4,3) (4,5) (5,5) (6,5) (6,6)
  facet 7707: (0,0) (1,0) (1,1) (1,2) (3,2) (3,3) (4,3) (4,5) (5,5) (6,5) (6,6)
  facet 7708: (0,0) (0,1) (1,1) (3,1) (3,2) (3,3) (4,3) (4,5) (5,5) (6,5) (6,6)
  facet 7709: (0,0) (1,0) (1,1) (3,1) (3,2) (3,3) (4,3) (4,5) (5,5) (6,5) (6,6)
  facet 7710: (0,0) (1,0) (3,0) (3,1) (3,2) (3,3) (4,3) (4,5) (5,5) (6,5) (6,6)
  facet 7711: (0,0) (0,1) (0,2) (1,2) (3,2) (4,2) (4,3) (4,5) (5,5) (6,5) (6,6)
  facet 7712: (0,0) (0,1) (1,1) (1,2) (3,2) (4,2) (4,3) (4,5) (5,5) (6,5) (6,6)
  facet 7713: (0,0) (1,0) (1,1) (1,2) (3,2) (4,2) (4,3) (4,5) (5,5) (6,5) (6,6)
  facet 7714: (0,0) (0,1) (1,1) (3,1) (3,2) (4,2) (4,3) (4,5) (5,5) (6,5) (6,6)
  facet 7715: (0,0) (1,0) (1,1) (3,1) (3,2) (4,2) (4,3) (4,5) (5,5) (6,5) (6,6)
  facet 7716: (0,0) (1,0) (3,0) (3,1) (3,2) (4,2) (4,3) (4,5) (5,5) (6,5) (6,6)
  facet 7717: (0,0) (0,1) (1,1) (3,1) (4,1) (4,2) (4,3) (4,5) (5,5) (6,5) (6,6)
  facet 7718: (0,0) (1,0) (1,1) (3,1) (4,1) (4,2) (4,3) (4,5) (5,5) (6,5) (6,6)
  facet 7719: (0,0) (1,0) (3,0) (3,1) (4,1) (4,2) (4,3) (4,5) (5,5) (6,5) (6,6)
  facet 7720: (0,0) (1,0) (3,0) (4,0) (4,1) (4,2) (4,3) (4,5) (5,5) (6,5) (6,6)
  facet 7721: (0,0) (0,1) (0,2) (0,3) (1,3) (3,3) (4,3) (5,3) (5,5) (6,5) (6,6)
  facet 7722: (0,0) (0,1) (0,2) (1,2) (1,3) (3,3) (4,3) (5,3) (5,5) (6,5) (6,6)
  facet 7723: (0,0) (0,1) (1,1) (1,2) (1,3) (3,3) (4,3) (5,3) (5,5) (6,5) (6,6)
  facet 7724: (0,0) (1,0) (1,1) (1,2) (1,3) (3,3) (4,3) (5,3) (5,5) (6,5) (6,6)
  facet 7725: (0,0) (0,1) (0,2) (1,2) (3,2) (3,3) (4,3) (5,3) (5,5) (6,5) (6,6)
  facet 7726: (0,0) (0,1) (1,1) (1,2) (3,2) (3,3) (4,3) (5,3) (5,5) (6,5) (6,6)
  facet 7727: (0,0) (1,0) (1,1) (1,2) (3,2) (3,3) (4,3) (5,3) (5,5) (6,5) (6,6)
  facet 7728: (0,0) (0,1) (1,1) (3,1) (3,2) (3,3) (4,3) (5,3) (5,5) (6,5) (6,6)
  facet 7729: (0,0) (1,0) (1,1) (3,1) (3,2) (3,3) (4,3) (5,3) (5,5) (6,5) (6,6)
  facet 7730: (0,0) (1,0) (3,0) (3,1) (3,2) (3,3) (4,3) (5,3) (5,5) (6,5) (6,6)
  facet 7731: (0,0) (0,1) (0,2) (1,2) (3,2) (4,2) (4,3) (5,3) (5,5) (6,5) (6,6)
  facet 7732: (0,0) (0,1) (1,1) (1,2) (3,2) (4,2) (4,3) (5,3) (5,5) (6,5) (6,6)
  facet 7733: (0,0) (1,0) (1,1) (1,2) (3,2) (4,2) (4,3) (5,3) (5,5) (6,5) (6,6)
  facet 7734: (0,0) (0,1) (1,1) (3,1) (3,2) (4,2) (4,3) (5,3) (5,5) (6,5) (6,6)
  facet 7735: (0,0) (1,0) (1,1) (3,1) (3,2) (4,2) (4,3) (5,3) (5,5) (6,5) (6,6)
  facet 7736: (0,0) (1,0) (3,0) (3,1) (3,2) (4,2) (4,3) (5,3) (5,5) (6,5) (6,6)
  facet 7737: (0,0) (0,1) (1,1) (3,1) (4,1) (4,2) (4,3) (5,3) (5,5) (6,5) (6,6)
  facet 7738: (0,0) (1,0) (1,1) (3,1) (4,1) (4,2) (4,3) (5,3) (5,5) (6,5) (6,6)
  facet 7739: (0,0) (1,0) (3,0) (3,1) (4,1) (4,2) (4,3) (5,3) (5,5) (6,5) (6,6)
  facet 7740: (0,0) (1,0) (3,0) (4,0) (4,1) (4,2) (4,3) (5,3) (5,5) (6,5) (6,6)
  facet 7741: (0,0) (0,1) (0,2) (1,2) (3,2) (4,2) (5,2) (5,3) (5,5) (6,5) (6,6)
  facet 7742: (0,0) (0,1) (1,1) (1,2) (3,2) (4,2) (5,2) (5,3) (5,5) (6,5) (6,6)
  facet 7743: (0,0) (1,0) (1,1) (1,2) (3,2) (4,2) (5,2) (5,3) (5,5) (6,5) (6,6)
  facet 7744: (0,0) (0,1) (1,1) (3,1) (3,2) (4,2) (5,2) (5,3) (5,5) (6,5) (6,6)
  facet 7745: (0,0) (1,0) (1,1) (3,1) (3,2) (4,2) (5,2) (5,3) (5,5) (6,5) (6,6)
  facet 7746: (0,0) (1,0) (3,0) (3,1) (3,2) (4,2) (5,2) (5,3) (5,5) (6,5) (6,6)
  facet 7747: (0,0) (0,1) (1,1) (3,1) (4,1) (4,2) (5,2) (5,3) (5,5) (6,5) (6,6)
  facet 7748: (0,0) (1,0) (1,1) (3,1) (4,1) (4,2) (5,2) (5,3) (5,5) (6,5) (6,6)
  facet 7749: (0,0) (1,0) (3,0) (3,1) (4,1) (4,2) (5,2) (5,3) (5,5) (6,5) (6,6)
  facet 7750: (0,0) (1,0) (3,0) (4,0) (4,1) (4,2) (5,2) (5,3) (5,5) (6,5) (6,6)
  facet 7751: (0,0) (0,1) (1,1) (3,1) (4,1) (5,1) (5,2) (5,3) (5,5) (6,5) (6,6)
  facet 7752: (0,0) (1,0) (1,1) (3,1) (4,1) (5,1) (5,2) (5,3) (5,5) (6,5) (6,6)
  facet 7753: (0,0) (1,0) (3,0) (3,1) (4,1) (5,1) (5,2) (5,3) (5,5) (6,5) (6,6)
  facet 7754: (0,0) (1,0) (3,0) (4,0) (4,1) (5,1) (5,2) (5,3) (5,5) (6,5) (6,6)
  facet 7755: (0,0) (1,0) (3,0) (4,0) (5,0) (5,1) (5,2) (5,3) (5,5) (6,5) (6,6)
  facet 7756: (0,0) (0,1) (0,2) (0,3) (1,3) (3,3) (4,3) (5,3) (6,3) (6,5) (6,6)
  facet 7757: (0,0) (0,1) (0,2) (1,2) (1,3) (3,3) (4,3) (5,3) (6,3) (6,5) (6,6)
  facet 7758: (0,0) (0,1) (1,1) (1,2) (1,3) (3,3) (4,3) (5,3) (6,3) (6,5) (6,6)
  facet 7759: (0,0) (1,0) (1,1) (1,2) (1,3) (3,3) (4,3) (5,3) (6,3) (6,5) (6,6)
  facet 7760: (0,0) (0,1) (0,2) (1,2) (3,2) (3,3) (4,3) (5,3) (6,3) (6,5) (6,6)
  facet 7761: (0,0) (0,1) (1,1) (1,2) (3,2) (3,3) (4,3) (5,3) (6,3) (6,5) (6,6)
  facet 7762: (0,0) (1,0) (1,1) (1,2) (3,2) (3,3) (4,3) (5,3) (6,3) (6,5) (6,6)
  facet 7763: (0,0) (0,1) (1,1) (3,1) (3,2) (3,3) (4,3) (5,3) (6,3) (6,5) (6,6)
  facet 7764: (0,0) (1,0) (1,1) (3,1) (3,2) (3,3) (4,3) (5,3) (6,3) (6,5) (6,6)
  facet 7765: (0,0) (1,0) (3,0) (3,1) (3,2) (3,3) (4,3) (5,3) (6,3) (6,5) (6,6)
  facet 7766: (0,0) (0,1) (0,2) (1,2) (3,2) (4,2) (4,3) (5,3) (6,3) (6,5) (6,6)
  facet 7767: (0,0) (0,1) (1,1) (1,2) (3,2) (4,2) (4,3) (5,3) (6,3) (6,5) (6,6)
  facet 7768: (0,0) (1,0) (1,1) (1,2) (3,2) (4,2) (4,3) (5,3) (6,3) (6,5) (6,6)
  facet 7769: (0,0) (0,1) (1,1) (3,1) (3,2) (4,2) (4,3) (5,3) (6,3) (6,5) (6,6)
  facet 7770: (0,0) (1,0) (1,1) (3,1) (3,2) (4,2) (4,3) (5,3) (6,3) (6,5) (6,6)
  facet 7771: (0,0) (1,0) (3,0) (3,1) (3,2) (4,2) (4,3) (5,3) (6,3) (6,5) (6,6)
  facet 7772: (0,0) (0,1) (1,1) (3,1) (4,1) (4,2) (4,3) (5,3) (6,3) (6,5) (6,6)
  facet 7773: (0,0) (1,0) (1,1) (3,1) (4,1) (4,2) (4,3) (5,3) (6,3) (6,5) (6,6)
  facet 7774: (0,0) (1,0) (3,0) (3,1) (4,1) (4,2) (4,3) (5,3) (6,3) (6,5) (6,6)
  facet 7775: (0,0) (1,0) (3,0) (4,0) (4,1) (4,2) (4,3) (5,3) (6,3) (6,5) (6,6)
  facet 7776: (0,0) (0,1) (0,2) (1,2) (3,2) (4,2) (5,2) (5,3) (6,3) (6,5) (6,6)
  facet 7777: (0,0) (0,1) (1,1) (1,2) (3,2) (4,2) (5,2) (5,3) (6,3) (6,5) (6,6)
  facet 7778: (0,0) (1,0) (1,1) (1,2) (3,2) (4,2) (5,2) (5,3) (6,3) (6,5) (6,6)
  facet 7779: (0,0) (0,1) (1,1) (3,1) (3,2) (4,2) (5,2) (5,3) (6,3) (6,5) (6,6)
  facet 7780: (0,0) (1,0) (1,1) (3,1) (3,2) (4,2) (5,2) (5,3) (6,3) (6,5) (6,6)
  facet 7781: (0,0) (1,0) (3,0) (3,1) (3,2) (4,2) (5,2) (5,3) (6,3) (6,5) (6,6)
  facet 7782: (0,0) (0,1) (1,1) (3,1) (4,1) (4,2) (5,2) (5,3) (6,3) (6,5) (6,6)
  facet 7783: (0,0) (1,0) (1,1) (3,1) (4,1) (4,2) (5,2) (5,3) (6,3) (6,5) (6,6)
  facet 7784: (0,0) (1,0) (3,0) (3,1) (4,1) (4,2) (5,2) (5,3) (6,3) (6,5) (6,6)
  facet 7785: (0,0) (1,0) (3,0) (4,0) (4,1) (4,2) (5,2) (5,3) (6,3) (6,5) (6,6)
  facet 7786: (0,0) (0,1) (1,1) (3,1) (4,1) (5,1) (5,2) (5,3) (6,3) (6,5) (6,6)
  facet 7787: (0,0) (1,0) (1,1) (3,1) (4,1) (5,1) (5,2) (5,3) (6,3) (6,5) (6,6)
  facet 7788: (0,0) (1,0) (3,0) (3,1) (4,1) (5,1) (5,2) (5,3) (6,3) (6,5) (6,6)
  facet 7789: (0,0) (1,0) (3,0) (4,0) (4,1) (5,1) (5,2) (5,3) (6,3) (6,5) (6,6)
  facet 7790: (0,0) (1,0) (3,0) (4,0) (5,0) (5,1) (5,2) (5,3) (6,3) (6,5) (6,6)
  facet 7791: (0,0) (0,1) (0,2) (1,2) (3,2) (4,2) (5,2) (6,2) (6,3) (6,5) (6,6)
  facet 7792: (0,0) (0,1) (1,1) (1,2) (3,2) (4,2) (5,2) (6,2) (6,3) (6,5) (6,6)
  facet 7793: (0,0) (1,0) (1,1) (1,2) (3,2) (4,2) (5,2) (6,2) (6,3) (6,5) (6,6)
  facet 7794: (0,0) (0,1) (1,1) (3,1) (3,2) (4,2) (5,2) (6,2) (6,3) (6,5) (6,6)
  facet 7795: (0,0) (1,0) (1,1) (3,1) (3,2) (4,2) (5,2) (6,2) (6,3) (6,5) (6,6)
  facet 7796: (0,0) (1,0) (3,0) (3,1) (3,2) (4,2) (5,2) (6,2) (6,3) (6,5) (6,6)
  facet 7797: (0,0) (0,1) (1,1) (3,1) (4,1) (4,2) (5,2) (6,2) (6,3) (6,5) (6,6)
  facet 7798: (0,0) (1,0) (1,1) (3,1) (4,1) (4,2) (5,2) (6,2) (6,3) (6,5) (6,6)
  facet 7799: (0,0) (1,0) (3,0) (3,1) (4,1) (4,2) (5,2) (6,2) (6,3) (6,5) (6,6)
  facet 7800: (0,0) (1,0) (3,0) (4,0) (4,1) (4,2) (5,2) (6,2) (6,3) (6,5) (6,6)
  facet 7801: (0,0) (0,1) (1,1) (3,1) (4,1) (5,1) (5,2) (6,2) (6,3) (6,5) (6,6)
  facet 7802: (0,0) (1,0) (1,1) (3,1) (4,1) (5,1) (5,2) (6,2) (6,3) (6,5) (6,6)
  facet 7803: (0,0) (1,0) (3,0) (3,1) (4,1) (5,1) (5,2) (6,2) (6,3) (6,5) (6,6)
  facet 7804: (0,0) (1,0) (3,0) (4,0) (4,1) (5,1) (5,2) (6,2) (6,3) (6,5) (6,6)
  facet 7805: (0,0) (1,0) (3,0) (4,0) (5,0) (5,1) (5,2) (6,2) (6,3) (6,5) (6,6)
  facet 7806: (0,0) (0,1) (1,1) (3,1) (4,1) (5,1) (6,1) (6,2) (6,3) (6,5) (6,6)
  facet 7807: (0,0) (1,0) (1,1) (3,1) (4,1) (5,1) (6,1) (6,2) (6,3) (6,5) (6,6)
  facet 7808: (0,0) (1,0) (3,0) (3,1) (4,1) (5,1) (6,1) (6,2) (6,3) (6,5) (6,6)
  facet 7809: (0,0) (1,0) (3,0) (4,0) (4,1) (5,1) (6,1) (6,2) (6,3) (6,5) (6,6)
  facet 7810: (0,0) (1,0) (3,0) (4,0) (5,0) (5,1) (6,1) (6,2) (6,3) (6,5) (6,6)
  facet 7811: (0,0) (1,0) (3,0) (4,0) (5,0) (6,0) (6,1) (6,2) (6,3) (6,5) (6,6)
  facet 7812: (0,0) (0,1) (0,2) (0,4) (0,5) (0,6) (1,6) (3,6) (4,6) (5,6) (6,6)
  facet 7813: (0,0) (0,1) (0,2) (0,4) (0,5) (1,5) (1,6) (3,6) (4,6) (5,6) (6,6)
  facet 7814: (0,0) (0,1) (0,2) (0,4) (1,4) (1,5) (1,6) (3,6) (4,6) (5,6) (6,6)
  facet 7815: (0,0) (0,1) (0,2) (1,2) (1,4) (1,5) (1,6) (3,6) (4,6) (5,6) (6,6)
  facet 7816: (0,0) (0,1) (1,1) (1,2) (1,4) (1,5) (1,6) (3,6) (4,6) (5,6) (6,6)
  facet 7817: (0,0) (1,0) (1,1) (1,2) (1,4) (1,5) (1,6) (3,6) (4,6) (5,6) (6,6)
  facet 7818: (0,0) (0,1) (0,2) (0,4) (0,5) (1,5) (3,5) (3,6) (4,6) (5,6) (6,6)
  facet 7819: (0,0) (0,1) (0,2) (0,4) (1,4) (1,5) (3,5) (3,6) (4,6) (5,6) (6,6)
  facet 7820: (0,0) (0,1) (0,2) (1,2) (1,4) (1,5) (3,5) (3,6) (4,6) (5,6) (6,6)
  facet 7821: (0,0) (0,1) (1,1) (1,2) (1,4) (1,5) (3,5) (3,6) (4,6) (5,6) (6,6)
  facet 7822: (0,0) (1,0) (1,1) (1,2) (1,4) (1,5) (3,5) (3,6) (4,6) (5,6) (6,6)
  facet 7823: (0,0) (0,1) (0,2) (0,4) (1,4) (3,4) (3,5) (3,6) (4,6) (5,6) (6,6)
  facet 7824: (0,0) (0,1) (0,2) (1,2) (1,4) (3,4) (3,5) (3,6) (4,6) (5,6) (6,6)
  facet 7825: (0,0) (0,1) (1,1) (1,2) (1,4) (3,4) (3,5) (3,6) (4,6) (5,6) (6,6)
  facet 7826: (0,0) (1,0) (1,1) (1,2) (1,4) (3,4) (3,5) (3,6) (4,6) (5,6) (6,6)
  facet 7827: (0,0) (0,1) (0,2) (1,2) (3,2) (3,4) (3,5) (3,6) (4,6) (5,6) (6,6)
  facet 7828: (0,0) (0,1) (1,1) (1,2) (3,2) (3,4) (3,5) (3,6) (4,6) (5,6) (6,6)
  facet 7829: (0,0) (1,0) (1,1) (1,2) (3,2) (3,4) (3,5) (3,6) (4,6) (5,6) (6,6)
  facet 7830: (0,0) (0,1) (1,1) (3,1) (3,2) (3,4) (3,5) (3,6) (4,6) (5,6) (6,6)
  facet 7831: (0,0) (1,0) (1,1) (3,1) (3,2) (3,4) (3,5) (3,6) (4,6) (5,6) (6,6)
  facet 7832: (0,0) (1,0) (3,0) (3,1) (3,2) (3,4) (3,5) (3,6) (4,6) (5,6) (6,6)
  facet 7833: (0,0) (0,1) (0,2) (0,4) (0,5) (1,5) (3,5) (4,5) (4,6) (5,6) (6,6)
  facet 7834: (0,0) (0,1) (0,2) (0,4) (1,4) (1,5) (3,5) (4,5) (4,6) (5,6) (6,6)
  facet 7835: (0,0) (0,1) (0,2) (1,2) (1,4) (1,5) (3,5) (4,5) (4,6) (5,6) (6,6)
  facet 7836: (0,0) (0,1) (1,1) (1,2) (1,4) (1,5) (3,5) (4,5) (4,6) (5,6) (6,6)
  facet 7837: (0,0) (1,0) (1,1) (1,2) (1,4) (1,5) (3,5) (4,5) (4,6) (5,6) (6,6)
  facet 7838: (0,0) (0,1) (0,2) (0,4) (1,4) (3,4) (3,5) (4,5) (4,6) (5,6) (6,6)
  facet 7839: (0,0) (0,1) (0,2) (1,2) (1,4) (3,4) (3,5) (4,5) (4,6) (5,6) (6,6)
  facet 7840: (0,0) (0,1) (1,1) (1,2) (1,4) (3,4) (3,5) (4,5) (4,6) (5,6) (6,6)
  facet 7841: (0,0) (1,0) (1,1) (1,2) (1,4) (3,4) (3,5) (4,5) (4,6) (5,6) (6,6)
  facet 7842: (0,0) (0,1) (0,2) (1,2) (3,2) (3,4) (3,5) (4,5) (4,6) (5,6) (6,6)
  facet 7843: (0,0) (0,1) (1,1) (1,2) (3,2) (3,4) (3,5) (4,5) (4,6) (5,6) (6,6)
  facet 7844: (0,0) (1,0) (1,1) (1,2) (3,2) (3,4) (3,5) (4,5) (4,6) (5,6) (6,6)
  facet 7845: (0,0) (0,1) (1,1) (3,1) (3,2) (3,4) (3,5) (4,5) (4,6) (5,6) (6,6)
  facet 7846: (0,0) (1,0) (1,1) (3,1) (3,2) (3,4) (3,5) (4,5) (4,6) (5,6) (6,6)
  facet 7847: (0,0) (1,0) (3,0) (3,1) (3,2) (3,4) (3,5) (4,5) (4,6) (5,6) (6,6)
  facet 7848: (0,0) (0,1) (0,2) (0,4) (1,4) (3,4) (4,4) (4,5) (4,6) (5,6) (6,6)
  facet 7849: (0,0) (0,1) (0,2) (1,2) (1,4) (3,4) (4,4) (4,5) (4,6) (5,6) (6,6)
  facet 7850: (0,0) (0,1) (1,1) (1,2) (1,4) (3,4) (4,4) (4,5) (4,6) (5,6) (6,6)
  facet 7851: (0,0) (1,0) (1,1) (1,2) (1,4) (3,4) (4,4) (4,5) (4,6) (5,6) (6,6)
  facet 7852: (0,0) (0,1) (0,2) (1,2) (3,2) (3,4) (4,4) (4,5) (4,6) (5,6) (6,6)
  facet 7853: (0,0) (0,1) (1,1) (1,2) (3,2) (3,4) (4,4) (4,5) (4,6) (5,6) (6,6)
  facet 7854: (0,0) (1,0) (1,1) (1,2) (3,2) (3,4) (4,4) (4,5) (4,6) (5,6) (6,6)
  facet 7855: (0,0) (0,1) (1,1) (3,1) (3,2) (3,4) (4,4) (4,5) (4,6) (5,6) (6,6)
  facet 7856: (0,0) (1,0) (1,1) (3,1) (3,2) (3,4) (4,4) (4,5) (4,6) (5,6) (6,6)
  facet 7857: (0,0) (1,0) (3,0) (3,1) (3,2) (3,4) (4,4) (4,5) (4,6) (5,6) (6,6)
  facet 7858: (0,0) (0,1) (0,2) (1,2) (3,2) (4,2) (4,4) (4,5) (4,6) (5,6) (6,6)
  facet 7859: (0,0) (0,1) (1,1) (1,2) (3,2) (4,2) (4,4) (4,5) (4,6) (5,6) (6,6)
  facet 7860: (0,0) (1,0) (1,1) (1,2) (3,2) (4,2) (4,4) (4,5) (4,6) (5,6) (6,6)
  facet 7861: (0,0) (0,1) (1,1) (3,1) (3,2) (4,2) (4,4) (4,5) (4,6) (5,6) (6,6)
  facet 7862: (0,0) (1,0) (1,1) (3,1) (3,2) (4,2) (4,4) (4,5) (4,6) (5,6) (6,6)
  facet 7863: (0,0) (1,0) (3,0) (3,1) (3,2) (4,2) (4,4) (4,5) (4,6) (5,6) (6,6)
  facet 7864: (0,0) (0,1) (1,1) (3,1) (4,1) (4,2) (4,4) (4,5) (4,6) (5,6) (6,6)
  facet 7865: (0,0) (1,0) (1,1) (3,1) (4,1) (4,2) (4,4) (4,5) (4,6) (5,6) (6,6)
  facet 7866: (0,0) (1,0) (3,0) (3,1) (4,1) (4,2) (4,4) (4,5) (4,6) (5,6) (6,6)
  facet 7867: (0,0) (1,0) (3,0) (4,0) (4,1) (4,2) (4,4) (4,5) (4,6) (5,6) (6,6)
  facet 7868: (0,0) (0,1) (0,2) (0,4) (0,5) (1,5) (3,5) (4,5) (5,5) (5,6) (6,6)
  facet 7869: (0,0) (0,1) (0,2) (0,4) (1,4) (1,5) (3,5) (4,5) (5,5) (5,6) (6,6)
  facet 7870: (0,0) (0,1) (0,2) (1,2) (1,4) (1,5) (3,5) (4,5) (5,5) (5,6) (6,6)
  facet 7871: (0,0) (0,1) (1,1) (1,2) (1,4) (1,5) (3,5) (4,5) (5,5) (5,6) (6,6)
  facet 7872: (0,0) (1,0) (1,1) (1,2) (1,4) (1,5) (3,5) (4,5) (5,5) (5,6) (6,6)
  facet 7873: (0,0) (0,1) (0,2) (0,4) (1,4) (3,4) (3,5) (4,5) (5,5) (5,6) (6,6)
  facet 7874: (0,0) (0,1) (0,2) (1,2) (1,4) (3,4) (3,5) (4,5) (5,5) (5,6) (6,6)
  facet 7875: (0,0) (0,1) (1,1) (1,2) (1,4) (3,4) (3,5) (4,5) (5,5) (5,6) (6,6)
  facet 7876: (0,0) (1,0) (1,1) (1,2) (1,4) (3,4) (3,5) (4,5) (5,5) (5,6) (6,6)
  facet 7877: (0,0) (0,1) (0,2) (1,2) (3,2) (3,4) (3,5) (4,5) (5,5) (5,6) (6,6)
  facet 7878: (0,0) (0,1) (1,1) (1,2) (3,2) (3,4) (3,5) (4,5) (5,5) (5,6) (6,6)
  facet 7879: (0,0) (1,0) (1,1) (1,2) (3,2) (3,4) (3,5) (4,5) (5,5) (5,6) (6,6)
  facet 7880: (0,0) (0,1) (1,1) (3,1) (3,2) (3,4) (3,5) (4,5) (5,5) (5,6) (6,6)
  facet 7881: (0,0) (1,0) (1,1) (3,1) (3,2) (3,4) (3,5) (4,5) (5,5) (5,6) (6,6)
  facet 7882: (0,0) (1,0) (3,0) (3,1) (3,2) (3,4) (3,5) (4,5) (5,5) (5,6) (6,6)
  facet 7883: (0,0) (0,1) (0,2) (0,4) (1,4) (3,4) (4,4) (4,5) (5,5) (5,6) (6,6)
  facet 7884: (0,0) (0,1) (0,2) (1,2) (1,4) (3,4) (4,4) (4,5) (5,5) (5,6) (6,6)
  facet 7885: (0,0) (0,1) (1,1) (1,2) (1,4) (3,4) (4,4) (4,5) (5,5) (5,6) (6,6)
  facet 7886: (0,0) (1,0) (1,1) (1,2) (1,4) (3,4) (4,4) (4,5) (5,5) (5,6) (6,6)
  facet 7887: (0,0) (0,1) (0,2) (1,2) (3,2) (3,4) (4,4) (4,5) (5,5) (5,6) (6,6)
  facet 7888: (0,0) (0,1) (1,1) (1,2) (3,2) (3,4) (4,4) (4,5) (5,5) (5,6) (6,6)
  facet 7889: (0,0) (1,0) (1,1) (1,2) (3,2) (3,4) (4,4) (4,5) (5,5) (5,6) (6,6)
  facet 7890: (0,0) (0,1) (1,1) (3,1) (3,2) (3,4) (4,4) (4,5) (5,5) (5,6) (6,6)
  facet 7891: (0,0) (1,0) (1,1) (3,1) (3,2) (3,4) (4,4) (4,5) (5,5) (5,6) (6,6)
  facet 7892: (0,0) (1,0) (3,0) (3,1) (3,2) (3,4) (4,4) (4,5) (5,5) (5,6) (6,6)
  facet 7893: (0,0) (0,1) (0,2) (1,2) (3,2) (4,2) (4,4) (4,5) (5,5) (5,6) (6,6)
  facet 7894: (0,0) (0,1) (1,1) (1,2) (3,2) (4,2) (4,4) (4,5) (5,5) (5,6) (6,6)
  facet 7895: (0,0) (1,0) (1,1) (1,2) (3,2) (4,2) (4,4) (4,5) (5,5) (5,6) (6,6)
  facet 7896: (0,0) (0,1) (1,1) (3,1) (3,2) (4,2) (4,4) (4,5) (5,5) (5,6) (6,6)
  facet 7897: (0,0) (1,0) (1,1) (3,1) (3,2) (4,2) (4,4) (4,5) (5,5) (5,6) (6,6)
  facet 7898: (0,0) (1,0) (3,0) (3,1) (3,2) (4,2) (4,4) (4,5) (5,5) (5,6) (6,6)
  facet 7899: (0,0) (0,1) (1,1) (3,1) (4,1) (4,2) (4,4) (4,5) (5,5) (5,6) (6,6)
  facet 7900: (0,0) (1,0) (1,1) (3,1) (4,1) (4,2) (4,4) (4,5) (5,5) (5,6) (6,6)
  facet 7901: (0,0) (1,0) (3,0) (3,1) (4,1) (4,2) (4,4) (4,5) (5,5) (5,6) (6,6)
  facet 7902: (0,0) (1,0) (3,0) (4,0) (4,1) (4,2) (4,4) (4,5) (5,5) (5,6) (6,6)
  facet 7903: (0,0) (0,1) (0,2) (0,4) (1,4) (3,4) (4,4) (5,4) (5,5) (5,6) (6,6)
  facet 7904: (0,0) (0,1) (0,2) (1,2) (1,4) (3,4) (4,4) (5,4) (5,5) (5,6) (6,6)
  facet 7905: (0,0) (0,1) (1,1) (1,2) (1,4) (3,4) (4,4) (5,4) (5,5) (5,6) (6,6)
  facet 7906: (0,0) (1,0) (1,1) (1,2) (1,4) (3,4) (4,4) (5,4) (5,5) (5,6) (6,6)
  facet 7907: (0,0) (0,1) (0,2) (1,2) (3,2) (3,4) (4,4) (5,4) (5,5) (5,6) (6,6)
  facet 7908: (0,0) (0,1) (1,1) (1,2) (3,2) (3,4) (4,4) (5,4) (5,5) (5,6) (6,6)
  facet 7909: (0,0) (1,0) (1,1) (1,2) (3,2) (3,4) (4,4) (5,4) (5,5) (5,6) (6,6)
  facet 7910: (0,0) (0,1) (1,1) (3,1) (3,2) (3,4) (4,4) (5,4) (5,5) (5,6) (6,6)
  facet 7911: (0,0) (1,0) (1,1) (3,1) (3,2) (3,4) (4,4) (5,4) (5,5) (5,6) (6,6)
  facet 7912: (0,0) (1,0) (3,0) (3,1) (3,2) (3,4) (4,4) (5,4) (5,5) (5,6) (6,6)
  facet 7913: (0,0) (0,1) (0,2) (1,2) (3,2) (4,2) (4,4) (5,4) (5,5) (5,6) (6,6)
  facet 7914: (0,0) (0,1) (1,1) (1,2) (3,2) (4,2) (4,4) (5,4) (5,5) (5,6) (6,6)
  facet 7915: (0,0) (1,0) (1,1) (1,2) (3,2) (4,2) (4,4) (5,4) (5,5) (5,6) (6,6)
  facet 7916: (0,0) (0,1) (1,1) (3,1) (3,2) (4,2) (4,4) (5,4) (5,5) (5,6) (6,6)
  facet 7917: (0,0) (1,0) (1,1) (3,1) (3,2) (4,2) (4,4) (5,4) (5,5) (5,6) (6,6)
  facet 7918: (0,0) (1,0) (3,0) (3,1) (3,2) (4,2) (4,4) (5,4) (5,5) (5,6) (6,6)
  facet 7919: (0,0) (0,1) (1,1) (3,1) (4,1) (4,2) (4,4) (5,4) (5,5) (5,6) (6,6)
  facet 7920: (0,0) (1,0) (1,1) (3,1) (4,1) (4,2) (4,4) (5,4) (5,5) (5,6) (6,6)
  facet 7921: (0,0) (1,0) (3,0) (3,1) (4,1) (4,2) (4,4) (5,4) (5,5) (5,6) (6,6)
  facet 7922: (0,0) (1,0) (3,0) (4,0) (4,1) (4,2) (4,4) (5,4) (5,5) (5,6) (6,6)
  facet 7923: (0,0) (0,1) (0,2) (1,2) (3,2) (4,2) (5,2) (5,4) (5,5) (5,6) (6,6)
  facet 7924: (0,0) (0,1) (1,1) (1,2) (3,2) (4,2) (5,2) (5,4) (5,5) (5,6) (6,6)
  facet 7925: (0,0) (1,0) (1,1) (1,2) (3,2) (4,2) (5,2) (5,4) (5,5) (5,6) (6,6)
  facet 7926: (0,0) (0,1) (1,1) (3,1) (3,2) (4,2) (5,2) (5,4) (5,5) (5,6) (6,6)
  facet 7927: (0,0) (1,0) (1,1) (3,1) (3,2) (4,2) (5,2) (5,4) (5,5) (5,6) (6,6)
  facet 7928: (0,0) (1,0) (3,0) (3,1) (3,2) (4,2) (5,2) (5,4) (5,5) (5,6) (6,6)
  facet 7929: (0,0) (0,1) (1,1) (3,1) (4,1) (4,2) (5,2) (5,4) (5,5) (5,6) (6,6)
  facet 7930: (0,0) (1,0) (1,1) (3,1) (4,1) (4,2) (5,2) (5,4) (5,5) (5,6) (6,6)
  facet 7931: (0,0) (1,0) (3,0) (3,1) (4,1) (4,2) (5,2) (5,4) (5,5) (5,6) (6,6)
  facet 7932: (0,0) (1,0) (3,0) (4,0) (4,1) (4,2) (5,2) (5,4) (5,5) (5,6) (6,6)
  facet 7933: (0,0) (0,1) (1,1) (3,1) (4,1) (5,1) (5,2) (5,4) (5,5) (5,6) (6,6)
  facet 7934: (0,0) (1,0) (1,1) (3,1) (4,1) (5,1) (5,2) (5,4) (5,5) (5,6) (6,6)
  facet 7935: (0,0) (1,0) (3,0) (3,1) (4,1) (5,1) (5,2) (5,4) (5,5) (5,6) (6,6)
  facet 7936: (0,0) (1,0) (3,0) (4,0) (4,1) (5,1) (5,2) (5,4) (5,5) (5,6) (6,6)
  facet 7937: (0,0) (1,0) (3,0) (4,0) (5,0) (5,1) (5,2) (5,4) (5,5) (5,6) (6,6)
  facet 7938: (0,0) (0,1) (0,2) (0,4) (0,5) (1,5) (3,5) (4,5) (5,5) (6,5) (6,6)
  facet 7939: (0,0) (0,1) (0,2) (0,4) (1,4) (1,5) (3,5) (4,5) (5,5) (6,5) (6,6)
  facet 7940: (0,0) (0,1) (0,2) (1,2) (1,4) (1,5) (3,5) (4,5) (5,5) (6,5) (6,6)
  facet 7941: (0,0) (0,1) (1,1) (1,2) (1,4) (1,5) (3,5) (4,5) (5,5) (6,5) (6,6)
  facet 7942: (0,0) (1,0) (1,1) (1,2) (1,4) (1,5) (3,5) (4,5) (5,5) (6,5) (6,6)
  facet 7943: (0,0) (0,1) (0,2) (0,4) (1,4) (3,4) (3,5) (4,5) (5,5) (6,5) (6,6)
  facet 7944: (0,0) (0,1) (0,2) (1,2) (1,4) (3,4) (3,5) (4,5) (5,5) (6,5) (6,6)
  facet 7945: (0,0) (0,1) (1,1) (1,2) (1,4) (3,4) (3,5) (4,5) (5,5) (6,5) (6,6)
  facet 7946: (0,0) (1,0) (1,1) (1,2) (1,4) (3,4) (3,5) (4,5) (5,5) (6,5) (6,6)
  facet 7947: (0,0) (0,1) (0,2) (1,2) (3,2) (3,4) (3,5) (4,5) (5,5) (6,5) (6,6)
  facet 7948: (0,0) (0,1) (1,1) (1,2) (3,2) (3,4) (3,5) (4,5) (5,5) (6,5) (6,6)
  facet 7949: (0,0) (1,0) (1,1) (1,2) (3,2) (3,4) (3,5) (4,5) (5,5) (6,5) (6,6)
  facet 7950: (0,0) (0,1) (1,1) (3,1) (3,2) (3,4) (3,5) (4,5) (5,5) (6,5) (6,6)
  facet 7951: (0,0) (1,0) (1,1) (3,1) (3,2) (3,4) (3,5) (4,5) (5,5) (6,5) (6,6)
  facet 7952: (0,0) (1,0) (3,0) (3,1) (3,2) (3,4) (3,5) (4,5) (5,5) (6,5) (6,6)
  facet 7953: (0,0) (0,1) (0,2) (0,4) (1,4) (3,4) (4,4) (4,5) (5,5) (6,5) (6,6)
  facet 7954: (0,0) (0,1) (0,2) (1,2) (1,4) (3,4) (4,4) (4,5) (5,5) (6,5) (6,6)
  facet 7955: (0,0) (0,1) (1,1) (1,2) (1,4) (3,4) (4,4) (4,5) (5,5) (6,5) (6,6)
  facet 7956: (0,0) (1,0) (1,1) (1,2) (1,4) (3,4) (4,4) (4,5) (5,5) (6,5) (6,6)
  facet 7957: (0,0) (0,1) (0,2) (1,2) (3,2) (3,4) (4,4) (4,5) (5,5) (6,5) (6,6)
  facet 7958: (0,0) (0,1) (1,1) (1,2) (3,2) (3,4) (4,4) (4,5) (5,5) (6,5) (6,6)
  facet 7959: (0,0) (1,0) (1,1) (1,2) (3,2) (3,4) (4,4) (4,5) (5,5) (6,5) (6,6)
  facet 7960: (0,0) (0,1) (1,1) (3,1) (3,2) (3,4) (4,4) (4,5) (5,5) (6,5) (6,6)
  facet 7961: (0,0) (1,0) (1,1) (3,1) (3,2) (3,4) (4,4) (4,5) (5,5) (6,5) (6,6)
  facet 7962: (0,0) (1,0) (3,0) (3,1) (3,2) (3,4) (4,4) (4,5) (5,5) (6,5) (6,6)
  facet 7963: (0,0) (0,1) (0,2) (1,2) (3,2) (4,2) (4,4) (4,5) (5,5) (6,5) (6,6)
  facet 7964: (0,0) (0,1) (1,1) (1,2) (3,2) (4,2) (4,4) (4,5) (5,5) (6,5) (6,6)
  facet 7965: (0,0) (1,0) (1,1) (1,2) (3,2) (4,2) (4,4) (4,5) (5,5) (6,5) (6,6)
  facet 7966: (0,0) (0,1) (1,1) (3,1) (3,2) (4,2) (4,4) (4,5) (5,5) (6,5) (6,6)
  facet 7967: (0,0) (1,0) (1,1) (3,1) (3,2) (4,2) (4,4) (4,5) (5,5) (6,5) (6,6)
  facet 7968: (0,0) (1,0) (3,0) (3,1) (3,2) (4,2) (4,4) (4,5) (5,5) (6,5) (6,6)
  facet 7969: (0,0) (0,1) (1,1) (3,1) (4,1) (4,2) (4,4) (4,5) (5,5) (6,5) (6,6)
  facet 7970: (0,0) (1,0) (1,1) (3,1) (4,1) (4,2) (4,4) (4,5) (5,5) (6,5) (6,6)
  facet 7971: (0,0) (1,0) (3,0) (3,1) (4,1) (4,2) (4,4) (4,5) (5,5) (6,5) (6,6)
  facet 7972: (0,0) (1,0) (3,0) (4,0) (4,1) (4,2) (4,4) (4,5) (5,5) (6,5) (6,6)
  facet 7973: (0,0) (0,1) (0,2) (0,4) (1,4) (3,4) (4,4) (5,4) (5,5) (6,5) (6,6)
  facet 7974: (0,0) (0,1) (0,2) (1,2) (1,4) (3,4) (4,4) (5,4) (5,5) (6,5) (6,6)
  facet 7975: (0,0) (0,1) (1,1) (1,2) (1,4) (3,4) (4,4) (5,4) (5,5) (6,5) (6,6)
  facet 7976: (0,0) (1,0) (1,1) (1,2) (1,4) (3,4) (4,4) (5,4) (5,5) (6,5) (6,6)
  facet 7977: (0,0) (0,1) (0,2) (1,2) (3,2) (3,4) (4,4) (5,4) (5,5) (6,5) (6,6)
  facet 7978: (0,0) (0,1) (1,1) (1,2) (3,2) (3,4) (4,4) (5,4) (5,5) (6,5) (6,6)
  facet 7979: (0,0) (1,0) (1,1) (1,2) (3,2) (3,4) (4,4) (5,4) (5,5) (6,5) (6,6)
  facet 7980: (0,0) (0,1) (1,1) (3,1) (3,2) (3,4) (4,4) (5,4) (5,5) (6,5) (6,6)
  facet 7981: (0,0) (1,0) (1,1) (3,1) (3,2) (3,4) (4,4) (5,4) (5,5) (6,5) (6,6)
  facet 7982: (0,0) (1,0) (3,0) (3,1) (3,2) (3,4) (4,4) (5,4) (5,5) (6,5) (6,6)
  facet 7983: (0,0) (0,1) (0,2) (1,2) (3,2) (4,2) (4,4) (5,4) (5,5) (6,5) (6,6)
  facet 7984: (0,0) (0,1) (1,1) (1,2) (3,2) (4,2) (4,4) (5,4) (5,5) (6,5) (6,6)
  facet 7985: (0,0) (1,0) (1,1) (1,2) (3,2) (4,2) (4,4) (5,4) (5,5) (6,5) (6,6)
  facet 7986: (0,0) (0,1) (1,1) (3,1) (3,2) (4,2) (4,4) (5,4) (5,5) (6,5) (6,6)
  facet 7987: (0,0) (1,0) (1,1) (3,1) (3,2) (4,2) (4,4) (5,4) (5,5) (6,5) (6,6)
  facet 7988: (0,0) (1,0) (3,0) (3,1) (3,2) (4,2) (4,4) (5,4) (5,5) (6,5) (6,6)
  facet 7989: (0,0) (0,1) (1,1) (3,1) (4,1) (4,2) (4,4) (5,4) (5,5) (6,5) (6,6)
  facet 7990: (0,0) (1,0) (1,1) (3,1) (4,1) (4,2) (4,4) (5,4) (5,5) (6,5) (6,6)
  facet 7991: (0,0) (1,0) (3,0) (3,1) (4,1) (4,2) (4,4) (5,4) (5,5) (6,5) (6,6)
  facet 7992: (0,0) (1,0) (3,0) (4,0) (4,1) (4,2) (4,4) (5,4) (5,5) (6,5) (6,6)
  facet 7993: (0,0) (0,1) (0,2) (1,2) (3,2) (4,2) (5,2) (5,4) (5,5) (6,5) (6,6)
  facet 7994: (0,0) (0,1) (1,1) (1,2) (3,2) (4,2) (5,2) (5,4) (5,5) (6,5) (6,6)
  facet 7995: (0,0) (1,0) (1,1) (1,2) (3,2) (4,2) (5,2) (5,4) (5,5) (6,5) (6,6)
  facet 7996: (0,0) (0,1) (1,1) (3,1) (3,2) (4,2) (5,2) (5,4) (5,5) (6,5) (6,6)
  facet 7997: (0,0) (1,0) (1,1) (3,1) (3,2) (4,2) (5,2) (5,4) (5,5) (6,5) (6,6)
  facet 7998: (0,0) (1,0) (3,0) (3,1) (3,2) (4,2) (5,2) (5,4) (5,5) (6,5) (6,6)
  facet 7999: (0,0) (0,1) (1,1) (3,1) (4,1) (4,2) (5,2) (5,4) (5,5) (6,5) (6,6)
  facet 8000: (0,0) (1,0) (1,1) (3,1) (4,1) (4,2) (5,2) (5,4) (5,5) (6,5) (6,6)
  facet 8001: (0,0) (1,0) (3,0) (3,1) (4,1) (4,2) (5,2) (5,4) (5,5) (6,5) (6,6)
  facet 8002: (0,0) (1,0) (3,0) (4,0) (4,1) (4,2) (5,2) (5,4) (5,5) (6,5) (6,6)
  facet 8003: (0,0) (0,1) (1,1) (3,1) (4,1) (5,1) (5,2) (5,4) (5,5) (6,5) (6,6)
  facet 8004: (0,0) (1,0) (1,1) (3,1) (4,1) (5,1) (5,2) (5,4) (5,5) (6,5) (6,6)
  facet 8005: (0,0) (1,0) (3,0) (3,1) (4,1) (5,1) (5,2) (5,4) (5,5) (6,5) (6,6)
  facet 8006: (0,0) (1,0) (3,0) (4,0) (4,1) (5,1) (5,2) (5,4) (5,5) (6,5) (6,6)
  facet 8007: (0,0) (1,0) (3,0) (4,0) (5,0) (5,1) (5,2) (5,4) (5,5) (6,5) (6,6)
  facet 8008: (0,0) (0,1) (0,2) (0,4) (1,4) (3,4) (4,4) (5,4) (6,4) (6,5) (6,6)
  facet 8009: (0,0) (0,1) (0,2) (1,2) (1,4) (3,4) (4,4) (5,4) (6,4) (6,5) (6,6)
  facet 8010: (0,0) (0,1) (1,1) (1,2) (1,4) (3,4) (4,4) (5,4) (6,4) (6,5) (6,6)
  facet 8011: (0,0) (1,0) (1,1) (1,2) (1,4) (3,4) (4,4) (5,4) (6,4) (6,5) (6,6)
  facet 8012: (0,0) (0,1) (0,2) (1,2) (3,2) (3,4) (4,4) (5,4) (6,4) (6,5) (6,6)
  facet 8013: (0,0) (0,1) (1,1) (1,2) (3,2) (3,4) (4,4) (5,4) (6,4) (6,5) (6,6)
  facet 8014: (0,0) (1,0) (1,1) (1,2) (3,2) (3,4) (4,4) (5,4) (6,4) (6,5) (6,6)
  facet 8015: (0,0) (0,1) (1,1) (3,1) (3,2) (3,4) (4,4) (5,4) (6,4) (6,5) (6,6)
  facet 8016: (0,0) (1,0) (1,1) (3,1) (3,2) (3,4) (4,4) (5,4) (6,4) (6,5) (6,6)
  facet 8017: (0,0) (1,0) (3,0) (3,1) (3,2) (3,4) (4,4) (5,4) (6,4) (6,5) (6,6)
  facet 8018: (0,0) (0,1) (0,2) (1,2) (3,2) (4,2) (4,4) (5,4) (6,4) (6,5) (6,6)
  facet 8019: (0,0) (0,1) (1,1) (1,2) (3,2) (4,2) (4,4) (5,4) (6,4) (6,5) (6,6)
  facet 8020: (0,0) (1,0) (1,1) (1,2) (3,2) (4,2) (4,4) (5,4) (6,4) (6,5) (6,6)
  facet 8021: (0,0) (0,1) (1,1) (3,1) (3,2) (4,2) (4,4) (5,4) (6,4) (6,5) (6,6)
  facet 8022: (0,0) (1,0) (1,1) (3,1) (3,2) (4,2) (4,4) (5,4) (6,4) (6,5) (6,6)
  facet 8023: (0,0) (1,0) (3,0) (3,1) (3,2) (4,2) (4,4) (5,4) (6,4) (6,5) (6,6)
  facet 8024: (0,0) (0,1) (1,1) (3,1) (4,1) (4,2) (4,4) (5,4) (6,4) (6,5) (6,6)
  facet 8025: (0,0) (1,0) (1,1) (3,1) (4,1) (4,2) (4,4) (5,4) (6,4) (6,5) (6,6)
  facet 8026: (0,0) (1,0) (3,0) (3,1) (4,1) (4,2) (4,4) (5,4) (6,4) (6,5) (6,6)
  facet 8027: (0,0) (1,0) (3,0) (4,0) (4,1) (4,2) (4,4) (5,4) (6,4) (6,5) (6,6)
  facet 8028: (0,0) (0,1) (0,2) (1,2) (3,2) (4,2) (5,2) (5,4) (6,4) (6,5) (6,6)
  facet 8029: (0,0) (0,1) (1,1) (1,2) (3,2) (4,2) (5,2) (5,4) (6,4) (6,5) (6,6)
  facet 8030: (0,0) (1,0) (1,1) (1,2) (3,2) (4,2) (5,2) (5,4) (6,4) (6,5) (6,6)
  facet 8031: (0,0) (0,1) (1,1) (3,1) (3,2) (4,2) (5,2) (5,4) (6,4) (6,5) (6,6)
  facet 8032: (0,0) (1,0) (1,1) (3,1) (3,2) (4,2) (5,2) (5,4) (6,4) (6,5) (6,6)
  facet 8033: (0,0) (1,0) (3,0) (3,1) (3,2) (4,2) (5,2) (5,4) (6,4) (6,5) (6,6)
  facet 8034: (0,0) (0,1) (1,1) (3,1) (4,1) (4,2) (5,2) (5,4) (6,4) (6,5) (6,6)
  facet 8035: (0,0) (1,0) (1,1) (3,1) (4,1) (4,2) (5,2) (5,4) (6,4) (6,5) (6,6)
  facet 8036: (0,0) (1,0) (3,0) (3,1) (4,1) (4,2) (5,2) (5,4) (6,4) (6,5) (6,6)
  facet 8037: (0,0) (1,0) (3,0) (4,0) (4,1) (4,2) (5,2) (5,4) (6,4) (6,5) (6,6)
  facet 8038: (0,0) (0,1) (1,1) (3,1) (4,1) (5,1) (5,2) (5,4) (6,4) (6,5) (6,6)
  facet 8039: (0,0) (1,0) (1,1) (3,1) (4,1) (5,1) (5,2) (5,4) (6,4) (6,5) (6,6)
  facet 8040: (0,0) (1,0) (3,0) (3,1) (4,1) (5,1) (5,2) (5,4) (6,4) (6,5) (6,6)
  facet 8041: (0,0) (1,0) (3,0) (4,0) (4,1) (5,1) (5,2) (5,4) (6,4) (6,5) (6,6)
  facet 8042: (0,0) (1,0) (3,0) (4,0) (5,0) (5,1) (5,2) (5,4) (6,4) (6,5) (6,6)
  facet 8043: (0,0) (0,1) (0,2) (1,2) (3,2) (4,2) (5,2) (6,2) (6,4) (6,5) (6,6)
  facet 8044: (0,0) (0,1) (1,1) (1,2) (3,2) (4,2) (5,2) (6,2) (6,4) (6,5) (6,6)
  facet 8045: (0,0) (1,0) (1,1) (1,2) (3,2) (4,2) (5,2) (6,2) (6,4) (6,5) (6,6)
  facet 8046: (0,0) (0,1) (1,1) (3,1) (3,2) (4,2) (5,2) (6,2) (6,4) (6,5) (6,6)
  facet 8047: (0,0) (1,0) (1,1) (3,1) (3,2) (4,2) (5,2) (6,2) (6,4) (6,5) (6,6)
  facet 8048: (0,0) (1,0) (3,0) (3,1) (3,2) (4,2) (5,2) (6,2) (6,4) (6,5) (6,6)
  facet 8049: (0,0) (0,1) (1,1) (3,1) (4,1) (4,2) (5,2) (6,2) (6,4) (6,5) (6,6)
  facet 8050: (0,0) (1,0) (1,1) (3,1) (4,1) (4,2) (5,2) (6,2) (6,4) (6,5) (6,6)
  facet 8051: (0,0) (1,0) (3,0) (3,1) (4,1) (4,2) (5,2) (6,2) (6,4) (6,5) (6,6)
  facet 8052: (0,0) (1,0) (3,0) (4,0) (4,1) (4,2) (5,2) (6,2) (6,4) (6,5) (6,6)
  facet 8053: (0,0) (0,1) (1,1) (3,1) (4,1) (5,1) (5,2) (6,2) (6,4) (6,5) (6,6)
  facet 8054: (0,0) (1,0) (1,1) (3,1) (4,1) (5,1) (5,2) (6,2) (6,4) (6,5) (6,6)
  facet 8055: (0,0) (1,0) (3,0) (3,1) (4,1) (5,1) (5,2) (6,2) (6,4) (6,5) (6,6)
  facet 8056: (0,0) (1,0) (3,0) (4,0) (4,1) (5,1) (5,2) (6,2) (6,4) (6,5) (6,6)
  facet 8057: (0,0) (1,0) (3,0) (4,0) (5,0) (5,1) (5,2) (6,2) (6,4) (6,5) (6,6)
  facet 8058: (0,0) (0,1) (1,1) (3,1) (4,1) (5,1) (6,1) (6,2) (6,4) (6,5) (6,6)
  facet 8059: (0,0) (1,0) (1,1) (3,1) (4,1) (5,1) (6,1) (6,2) (6,4) (6,5) (6,6)
  facet 8060: (0,0) (1,0) (3,0) (3,1) (4,1) (5,1) (6,1) (6,2) (6,4) (6,5) (6,6)
  facet 8061: (0,0) (1,0) (3,0) (4,0) (4,1) (5,1) (6,1) (6,2) (6,4) (6,5) (6,6)
  facet 8062: (0,0) (1,0) (3,0) (4,0) (5,0) (5,1) (6,1) (6,2) (6,4) (6,5) (6,6)
  facet 8063: (0,0) (1,0) (3,0) (4,0) (5,0) (6,0) (6,1) (6,2) (6,4) (6,5) (6,6)
  facet 8064: (0,0) (0,1) (0,3) (0,4) (0,5) (0,6) (1,6) (3,6) (4,6) (5,6) (6,6)
  facet 8065: (0,0) (0,1) (0,3) (0,4) (0,5) (1,5) (1,6) (3,6) (4,6) (5,6) (6,6)
  facet 8066: (0,0) (0,1) (0,3) (0,4) (1,4) (1,5) (1,6) (3,6) (4,6) (5,6) (6,6)
  facet 8067: (0,0) (0,1) (0,3) (1,3) (1,4) (1,5) (1,6) (3,6) (4,6) (5,6) (6,6)
  facet 8068: (0,0) (0,1) (1,1) (1,3) (1,4) (1,5) (1,6) (3,6) (4,6) (5,6) (6,6)
  facet 8069: (0,0) (1,0) (1,1) (1,3) (1,4) (1,5) (1,6) (3,6) (4,6) (5,6) (6,6)
  facet 8070: (0,0) (0,1) (0,3) (0,4) (0,5) (1,5) (3,5) (3,6) (4,6) (5,6) (6,6)
  facet 8071: (0,0) (0,1) (0,3) (0,4) (1,4) (1,5) (3,5) (3,6) (4,6) (5,6) (6,6)
  facet 8072: (0,0) (0,1) (0,3) (1,3) (1,4) (1,5) (3,5) (3,6) (4,6) (5,6) (6,6)
  facet 8073: (0,0) (0,1) (1,1) (1,3) (1,4) (1,5) (3,5) (3,6) (4,6) (5,6) (6,6)
  facet 8074: (0,0) (1,0) (1,1) (1,3) (1,4) (1,5) (3,5) (3,6) (4,6) (5,6) (6,6)
  facet 8075: (0,0) (0,1) (0,3) (0,4) (1,4) (3,4) (3,5) (3,6) (4,6) (5,6) (6,6)
  facet 8076: (0,0) (0,1) (0,3) (1,3) (1,4) (3,4) (3,5) (3,6) (4,6) (5,6) (6,6)
  facet 8077: (0,0) (0,1) (1,1) (1,3) (1,4) (3,4) (3,5) (3,6) (4,6) (5,6) (6,6)
  facet 8078: (0,0) (1,0) (1,1) (1,3) (1,4) (3,4) (3,5) (3,6) (4,6) (5,6) (6,6)
  facet 8079: (0,0) (0,1) (0,3) (1,3) (3,3) (3,4) (3,5) (3,6) (4,6) (5,6) (6,6)
  facet 8080: (0,0) (0,1) (1,1) (1,3) (3,3) (3,4) (3,5) (3,6) (4,6) (5,6) (6,6)
  facet 8081: (0,0) (1,0) (1,1) (1,3) (3,3) (3,4) (3,5) (3,6) (4,6) (5,6) (6,6)
  facet 8082: (0,0) (0,1) (1,1) (3,1) (3,3) (3,4) (3,5) (3,6) (4,6) (5,6) (6,6)
  facet 8083: (0,0) (1,0) (1,1) (3,1) (3,3) (3,4) (3,5) (3,6) (4,6) (5,6) (6,6)
  facet 8084: (0,0) (1,0) (3,0) (3,1) (3,3) (3,4) (3,5) (3,6) (4,6) (5,6) (6,6)
  facet 8085: (0,0) (0,1) (0,3) (0,4) (0,5) (1,5) (3,5) (4,5) (4,6) (5,6) (6,6)
  facet 8086: (0,0) (0,1) (0,3) (0,4) (1,4) (1,5) (3,5) (4,5) (4,6) (5,6) (6,6)
  facet 8087: (0,0) (0,1) (0,3) (1,3) (1,4) (1,5) (3,5) (4,5) (4,6) (5,6) (6,6)
  facet 8088: (0,0) (0,1) (1,1) (1,3) (1,4) (1,5) (3,5) (4,5) (4,6) (5,6) (6,6)
  facet 8089: (0,0) (1,0) (1,1) (1,3) (1,4) (1,5) (3,5) (4,5) (4,6) (5,6) (6,6)
  facet 8090: (0,0) (0,1) (0,3) (0,4) (1,4) (3,4) (3,5) (4,5) (4,6) (5,6) (6,6)
  facet 8091: (0,0) (0,1) (0,3) (1,3) (1,4) (3,4) (3,5) (4,5) (4,6) (5,6) (6,6)
  facet 8092: (0,0) (0,1) (1,1) (1,3) (1,4) (3,4) (3,5) (4,5) (4,6) (5,6) (6,6)
  facet 8093: (0,0) (1,0) (1,1) (1,3) (1,4) (3,4) (3,5) (4,5) (4,6) (5,6) (6,6)
  facet 8094: (0,0) (0,1) (0,3) (1,3) (3,3) (3,4) (3,5) (4,5) (4,6) (5,6) (6,6)
  facet 8095: (0,0) (0,1) (1,1) (1,3) (3,3) (3,4) (3,5) (4,5) (4,6) (5,6) (6,6)
  facet 8096: (0,0) (1,0) (1,1) (1,3) (3,3) (3,4) (3,5) (4,5) (4,6) (5,6) (6,6)
  facet 8097: (0,0) (0,1) (1,1) (3,1) (3,3) (3,4) (3,5) (4,5) (4,6) (5,6) (6,6)
  facet 8098: (0,0) (1,0) (1,1) (3,1) (3,3) (3,4) (3,5) (4,5) (4,6) (5,6) (6,6)
  facet 8099: (0,0) (1,0) (3,0) (3,1) (3,3) (3,4) (3,5) (4,5) (4,6) (5,6) (6,6)
  facet 8100: (0,0) (0,1) (0,3) (0,4) (1,4) (3,4) (4,4) (4,5) (4,6) (5,6) (6,6)
  facet 8101: (0,0) (0,1) (0,3) (1,3) (1,4) (3,4) (4,4) (4,5) (4,6) (5,6) (6,6)
  facet 8102: (0,0) (0,1) (1,1) (1,3) (1,4) (3,4) (4,4) (4,5) (4,6) (5,6) (6,6)
  facet 8103: (0,0) (1,0) (1,1) (1,3) (1,4) (3,4) (4,4) (4,5) (4,6) (5,6) (6,6)
  facet 8104: (0,0) (0,1) (0,3) (1,3) (3,3) (3,4) (4,4) (4,5) (4,6) (5,6) (6,6)
  facet 8105: (0,0) (0,1) (1,1) (1,3) (3,3) (3,4) (4,4) (4,5) (4,6) (5,6) (6,6)
  facet 8106: (0,0) (1,0) (1,1) (1,3) (3,3) (3,4) (4,4) (4,5) (4,6) (5,6) (6,6)
  facet 8107: (0,0) (0,1) (1,1) (3,1) (3,3) (3,4) (4,4) (4,5) (4,6) (5,6) (6,6)
  facet 8108: (0,0) (1,0) (1,1) (3,1) (3,3) (3,4) (4,4) (4,5) (4,6) (5,6) (6,6)
  facet 8109: (0,0) (1,0) (3,0) (3,1) (3,3) (3,4) (4,4) (4,5) (4,6) (5,6) (6,6)
  facet 8110: (0,0) (0,1) (0,3) (1,3) (3,3) (4,3) (4,4) (4,5) (4,6) (5,6) (6,6)
  facet 8111: (0,0) (0,1) (1,1) (1,3) (3,3) (4,3) (4,4) (4,5) (4,6) (5,6) (6,6)
  facet 8112: (0,0) (1,0) (1,1) (1,3) (3,3) (4,3) (4,4) (4,5) (4,6) (5,6) (6,6)
  facet 8113: (0,0) (0,1) (1,1) (3,1) (3,3) (4,3) (4,4) (4,5) (4,6) (5,6) (6,6)
  facet 8114: (0,0) (1,0) (1,1) (3,1) (3,3) (4,3) (4,4) (4,5) (4,6) (5,6) (6,6)
  facet 8115: (0,0) (1,0) (3,0) (3,1) (3,3) (4,3) (4,4) (4,5) (4,6) (5,6) (6,6)
  facet 8116: (0,0) (0,1) (1,1) (3,1) (4,1) (4,3) (4,4) (4,5) (4,6) (5,6) (6,6)
  facet 8117: (0,0) (1,0) (1,1) (3,1) (4,1) (4,3) (4,4) (4,5) (4,6) (5,6) (6,6)
  facet 8118: (0,0) (1,0) (3,0) (3,1) (4,1) (4,3) (4,4) (4,5) (4,6) (5,6) (6,6)
  facet 8119: (0,0) (1,0) (3,0) (4,0) (4,1) (4,3) (4,4) (4,5) (4,6) (5,6) (6,6)
  facet 8120: (0,0) (0,1) (0,3) (0,4) (0,5) (1,5) (3,5) (4,5) (5,5) (5,6) (6,6)
  facet 8121: (0,0) (0,1) (0,3) (0,4) (1,4) (1,5) (3,5) (4,5) (5,5) (5,6) (6,6)
  facet 8122: (0,0) (0,1) (0,3) (1,3) (1,4) (1,5) (3,5) (4,5) (5,5) (5,6) (6,6)
  facet 8123: (0,0) (0,1) (1,1) (1,3) (1,4) (1,5) (3,5) (4,5) (5,5) (5,6) (6,6)
  facet 8124: (0,0) (1,0) (1,1) (1,3) (1,4) (1,5) (3,5) (4,5) (5,5) (5,6) (6,6)
  facet 8125: (0,0) (0,1) (0,3) (0,4) (1,4) (3,4) (3,5) (4,5) (5,5) (5,6) (6,6)
  facet 8126: (0,0) (0,1) (0,3) (1,3) (1,4) (3,4) (3,5) (4,5) (5,5) (5,6) (6,6)
  facet 8127: (0,0) (0,1) (1,1) (1,3) (1,4) (3,4) (3,5) (4,5) (5,5) (5,6) (6,6)
  facet 8128: (0,0) (1,0) (1,1) (1,3) (1,4) (3,4) (3,5) (4,5) (5,5) (5,6) (6,6)
  facet 8129: (0,0) (0,1) (0,3) (1,3) (3,3) (3,4) (3,5) (4,5) (5,5) (5,6) (6,6)
  facet 8130: (0,0) (0,1) (1,1) (1,3) (3,3) (3,4) (3,5) (4,5) (5,5) (5,6) (6,6)
  facet 8131: (0,0) (1,0) (1,1) (1,3) (3,3) (3,4) (3,5) (4,5) (5,5) (5,6) (6,6)
  facet 8132: (0,0) (0,1) (1,1) (3,1) (3,3) (3,4) (3,5) (4,5) (5,5) (5,6) (6,6)
  facet 8133: (0,0) (1,0) (1,1) (3,1) (3,3) (3,4) (3,5) (4,5) (5,5) (5,6) (6,6)
  facet 8134: (0,0) (1,0) (3,0) (3,1) (3,3) (3,4) (3,5) (4,5) (5,5) (5,6) (6,6)
  facet 8135: (0,0) (0,1) (0,3) (0,4) (1,4) (3,4) (4,4) (4,5) (5,5) (5,6) (6,6)
  facet 8136: (0,0) (0,1) (0,3) (1,3) (1,4) (3,4) (4,4) (4,5) (5,5) (5,6) (6,6)
  facet 8137: (0,0) (0,1) (1,1) (1,3) (1,4) (3,4) (4,4) (4,5) (5,5) (5,6) (6,6)
  facet 8138: (0,0) (1,0) (1,1) (1,3) (1,4) (3,4) (4,4) (4,5) (5,5) (5,6) (6,6)
  facet 8139: (0,0) (0,1) (0,3) (1,3) (3,3) (3,4) (4,4) (4,5) (5,5) (5,6) (6,6)
  facet 8140: (0,0) (0,1) (1,1) (1,3) (3,3) (3,4) (4,4) (4,5) (5,5) (5,6) (6,6)
  facet 8141: (0,0) (1,0) (1,1) (1,3) (3,3) (3,4) (4,4) (4,5) (5,5) (5,6) (6,6)
  facet 8142: (0,0) (0,1) (1,1) (3,1) (3,3) (3,4) (4,4) (4,5) (5,5) (5,6) (6,6)
  facet 8143: (0,0) (1,0) (1,1) (3,1) (3,3) (3,4) (4,4) (4,5) (5,5) (5,6) (6,6)
  facet 8144: (0,0) (1,0) (3,0) (3,1) (3,3) (3,4) (4,4) (4,5) (5,5) (5,6) (6,6)
  facet 8145: (0,0) (0,1) (0,3) (1,3) (3,3) (4,3) (4,4) (4,5) (5,5) (5,6) (6,6)
  facet 8146: (0,0) (0,1) (1,1) (1,3) (3,3) (4,3) (4,4) (4,5) (5,5) (5,6) (6,6)
  facet 8147: (0,0) (1,0) (1,1) (1,3) (3,3) (4,3) (4,4) (4,5) (5,5) (5,6) (6,6)
  facet 8148: (0,0) (0,1) (1,1) (3,1) (3,3) (4,3) (4,4) (4,5) (5,5) (5,6) (6,6)
  facet 8149: (0,0) (1,0) (1,1) (3,1) (3,3) (4,3) (4,4) (4,5) (5,5) (5,6) (6,6)
  facet 8150: (0,0) (1,0) (3,0) (3,1) (3,3) (4,3) (4,4) (4,5) (5,5) (5,6) (6,6)
  facet 8151: (0,0) (0,1) (1,1) (3,1) (4,1) (4,3) (4,4) (4,5) (5,5) (5,6) (6,6)
  facet 8152: (0,0) (1,0) (1,1) (3,1) (4,1) (4,3) (4,4) (4,5) (5,5) (5,6) (6,6)
  facet 8153: (0,0) (1,0) (3,0) (3,1) (4,1) (4,3) (4,4) (4,5) (5,5) (5,6) (6,6)
  facet 8154: (0,0) (1,0) (3,0) (4,0) (4,1) (4,3) (4,4) (4,5) (5,5) (5,6) (6,6)
  facet 8155: (0,0) (0,1) (0,3) (0,4) (1,4) (3,4) (4,4) (5,4) (5,5) (5,6) (6,6)
  facet 8156: (0,0) (0,1) (0,3) (1,3) (1,4) (3,4) (4,4) (5,4) (5,5) (5,6) (6,6)
  facet 8157: (0,0) (0,1) (1,1) (1,3) (1,4) (3,4) (4,4) (5,4) (5,5) (5,6) (6,6)
  facet 8158: (0,0) (1,0) (1,1) (1,3) (1,4) (3,4) (4,4) (5,4) (5,5) (5,6) (6,6)
  facet 8159: (0,0) (0,1) (0,3) (1,3) (3,3) (3,4) (4,4) (5,4) (5,5) (5,6) (6,6)
  facet 8160: (0,0) (0,1) (1,1) (1,3) (3,3) (3,4) (4,4) (5,4) (5,5) (5,6) (6,6)
  facet 8161: (0,0) (1,0) (1,1) (1,3) (3,3) (3,4) (4,4) (5,4) (5,5) (5,6) (6,6)
  facet 8162: (0,0) (0,1) (1,1) (3,1) (3,3) (3,4) (4,4) (5,4) (5,5) (5,6) (6,6)
  facet 8163: (0,0) (1,0) (1,1) (3,1) (3,3) (3,4) (4,4) (5,4) (5,5) (5,6) (6,6)
  facet 8164: (0,0) (1,0) (3,0) (3,1) (3,3) (3,4) (4,4) (5,4) (5,5) (5,6) (6,6)
  facet 8165: (0,0) (0,1) (0,3) (1,3) (3,3) (4,3) (4,4) (5,4) (5,5) (5,6) (6,6)
  facet 8166: (0,0) (0,1) (1,1) (1,3) (3,3) (4,3) (4,4) (5,4) (5,5) (5,6) (6,6)
  facet 8167: (0,0) (1,0) (1,1) (1,3) (3,3) (4,3) (4,4) (5,4) (5,5) (5,6) (6,6)
  facet 8168: (0,0) (0,1) (1,1) (3,1) (3,3) (4,3) (4,4) (5,4) (5,5) (5,6) (6,6)
  facet 8169: (0,0) (1,0) (1,1) (3,1) (3,3) (4,3) (4,4) (5,4) (5,5) (5,6) (6,6)
  facet 8170: (0,0) (1,0) (3,0) (3,1) (3,3) (4,3) (4,4) (5,4) (5,5) (5,6) (6,6)
  facet 8171: (0,0) (0,1) (1,1) (3,1) (4,1) (4,3) (4,4) (5,4) (5,5) (5,6) (6,6)
  facet 8172: (0,0) (1,0) (1,1) (3,1) (4,1) (4,3) (4,4) (5,4) (5,5) (5,6) (6,6)
  facet 8173: (0,0) (1,0) (3,0) (3,1) (4,1) (4,3) (4,4) (5,4) (5,5) (5,6) (6,6)
  facet 8174: (0,0) (1,0) (3,0) (4,0) (4,1) (4,3) (4,4) (5,4) (5,5) (5,6) (6,6)
  facet 8175: (0,0) (0,1) (0,3) (1,3) (3,3) (4,3) (5,3) (5,4) (5,5) (5,6) (6,6)
  facet 8176: (0,0) (0,1) (1,1) (1,3) (3,3) (4,3) (5,3) (5,4) (5,5) (5,6) (6,6)
  facet 8177: (0,0) (1,0) (1,1) (1,3) (3,3) (4,3) (5,3) (5,4) (5,5) (5,6) (6,6)
  facet 8178: (0,0) (0,1) (1,1) (3,1) (3,3) (4,3) (5,3) (5,4) (5,5) (5,6) (6,6)
  facet 8179: (0,0) (1,0) (1,1) (3,1) (3,3) (4,3) (5,3) (5,4) (5,5) (5,6) (6,6)
  facet 8180: (0,0) (1,0) (3,0) (3,1) (3,3) (4,3) (5,3) (5,4) (5,5) (5,6) (6,6)
  facet 8181: (0,0) (0,1) (1,1) (3,1) (4,1) (4,3) (5,3) (5,4) (5,5) (5,6) (6,6)
  facet 8182: (0,0) (1,0) (1,1) (3,1) (4,1) (4,3) (5,3) (5,4) (5,5) (5,6) (6,6)
  facet 8183: (0,0) (1,0) (3,0) (3,1) (4,1) (4,3) (5,3) (5,4) (5,5) (5,6) (6,6)
  facet 8184: (0,0) (1,0) (3,0) (4,0) (4,1) (4,3) (5,3) (5,4) (5,5) (5,6) (6,6)
  facet 8185: (0,0) (0,1) (1,1) (3,1) (4,1) (5,1) (5,3) (5,4) (5,5) (5,6) (6,6)
  facet 8186: (0,0) (1,0) (1,1) (3,1) (4,1) (5,1) (5,3) (5,4) (5,5) (5,6) (6,6)
  facet 8187: (0,0) (1,0) (3,0) (3,1) (4,1) (5,1) (5,3) (5,4) (5,5) (5,6) (6,6)
  facet 8188: (0,0) (1,0) (3,0) (4,0) (4,1) (5,1) (5,3) (5,4) (5,5) (5,6) (6,6)
  facet 8189: (0,0) (1,0) (3,0) (4,0) (5,0) (5,1) (5,3) (5,4) (5,5) (5,6) (6,6)
  facet 8190: (0,0) (0,1) (0,3) (0,4) (0,5) (1,5) (3,5) (4,5) (5,5) (6,5) (6,6)
  facet 8191: (0,0) (0,1) (0,3) (0,4) (1,4) (1,5) (3,5) (4,5) (5,5) (6,5) (6,6)
  facet 8192: (0,0) (0,1) (0,3) (1,3) (1,4) (1,5) (3,5) (4,5) (5,5) (6,5) (6,6)
  facet 8193: (0,0) (0,1) (1,1) (1,3) (1,4) (1,5) (3,5) (4,5) (5,5) (6,5) (6,6)
  facet 8194: (0,0) (1,0) (1,1) (1,3) (1,4) (1,5) (3,5) (4,5) (5,5) (6,5) (6,6)
  facet 8195: (0,0) (0,1) (0,3) (0,4) (1,4) (3,4) (3,5) (4,5) (5,5) (6,5) (6,6)
  facet 8196: (0,0) (0,1) (0,3) (1,3) (1,4) (3,4) (3,5) (4,5) (5,5) (6,5) (6,6)
  facet 8197: (0,0) (0,1) (1,1) (1,3) (1,4) (3,4) (3,5) (4,5) (5,5) (6,5) (6,6)
  facet 8198: (0,0) (1,0) (1,1) (1,3) (1,4) (3,4) (3,5) (4,5) (5,5) (6,5) (6,6)
  facet 8199: (0,0) (0,1) (0,3) (1,3) (3,3) (3,4) (3,5) (4,5) (5,5) (6,5) (6,6)
  facet 8200: (0,0) (0,1) (1,1) (1,3) (3,3) (3,4) (3,5) (4,5) (5,5) (6,5) (6,6)
  facet 8201: (0,0) (1,0) (1,1) (1,3) (3,3) (3,4) (3,5) (4,5) (5,5) (6,5) (6,6)
  facet 8202: (0,0) (0,1) (1,1) (3,1) (3,3) (3,4) (3,5) (4,5) (5,5) (6,5) (6,6)
  facet 8203: (0,0) (1,0) (1,1) (3,1) (3,3) (3,4) (3,5) (4,5) (5,5) (6,5) (6,6)
  facet 8204: (0,0) (1,0) (3,0) (3,1) (3,3) (3,4) (3,5) (4,5) (5,5) (6,5) (6,6)
  facet 8205: (0,0) (0,1) (0,3) (0,4) (1,4) (3,4) (4,4) (4,5) (5,5) (6,5) (6,6)
  facet 8206: (0,0) (0,1) (0,3) (1,3) (1,4) (3,4) (4,4) (4,5) (5,5) (6,5) (6,6)
  facet 8207: (0,0) (0,1) (1,1) (1,3) (1,4) (3,4) (4,4) (4,5) (5,5) (6,5) (6,6)
  facet 8208: (0,0) (1,0) (1,1) (1,3) (1,4) (3,4) (4,4) (4,5) (5,5) (6,5) (6,6)
  facet 8209: (0,0) (0,1) (0,3) (1,3) (3,3) (3,4) (4,4) (4,5) (5,5) (6,5) (6,6)
  facet 8210: (0,0) (0,1) (1,1) (1,3) (3,3) (3,4) (4,4) (4,5) (5,5) (6,5) (6,6)
  facet 8211: (0,0) (1,0) (1,1) (1,3) (3,3) (3,4) (4,4) (4,5) (5,5) (6,5) (6,6)
  facet 8212: (0,0) (0,1) (1,1) (3,1) (3,3) (3,4) (4,4) (4,5) (5,5) (6,5) (6,6)
  facet 8213: (0,0) (1,0) (1,1) (3,1) (3,3) (3,4) (4,4) (4,5) (5,5) (6,5) (6,6)
  facet 8214: (0,0) (1,0) (3,0) (3,1) (3,3) (3,4) (4,4) (4,5) (5,5) (6,5) (6,6)
  facet 8215: (0,0) (0,1) (0,3) (1,3) (3,3) (4,3) (4,4) (4,5) (5,5) (6,5) (6,6)
  facet 8216: (0,0) (0,1) (1,1) (1,3) (3,3) (4,3) (4,4) (4,5) (5,5) (6,5) (6,6)
  facet 8217: (0,0) (1,0) (1,1) (1,3) (3,3) (4,3) (4,4) (4,5) (5,5) (6,5) (6,6)
  facet 8218: (0,0) (0,1) (1,1) (3,1) (3,3) (4,3) (4,4) (4,5) (5,5) (6,5) (6,6)
  facet 8219: (0,0) (1,0) (1,1) (3,1) (3,3) (4,3) (4,4) (4,5) (5,5) (6,5) (6,6)
  facet 8220: (0,0) (1,0) (3,0) (3,1) (3,3) (4,3) (4,4) (4,5) (5,5) (6,5) (6,6)
  facet 8221: (0,0) (0,1) (1,1) (3,1) (4,1) (4,3) (4,4) (4,5) (5,5) (6,5) (6,6)
  facet 8222: (0,0) (1,0) (1,1) (3,1) (4,1) (4,3) (4,4) (4,5) (5,5) (6,5) (6,6)
  facet 8223: (0,0) (1,0) (3,0) (3,1) (4,1) (4,3) (4,4) (4,5) (5,5) (6,5) (6,6)
  facet 8224: (0,0) (1,0) (3,0) (4,0) (4,1) (4,3) (4,4) (4,5) (5,5) (6,5) (6,6)
  facet 8225: (0,0) (0,1) (0,3) (0,4) (1,4) (3,4) (4,4) (5,4) (5,5) (6,5) (6,6)
  facet 8226: (0,0) (0,1) (0,3) (1,3) (1,4) (3,4) (4,4) (5,4) (5,5) (6,5) (6,6)
  facet 8227: (0,0) (0,1) (1,1) (1,3) (1,4) (3,4) (4,4) (5,4) (5,5) (6,5) (6,6)
  facet 8228: (0,0) (1,0) (1,1) (1,3) (1,4) (3,4) (4,4) (5,4) (5,5) (6,5) (6,6)
  facet 8229: (0,0) (0,1) (0,3) (1,3) (3,3) (3,4) (4,4) (5,4) (5,5) (6,5) (6,6)
  facet 8230: (0,0) (0,1) (1,1) (1,3) (3,3) (3,4) (4,4) (5,4) (5,5) (6,5) (6,6)
  facet 8231: (0,0) (1,0) (1,1) (1,3) (3,3) (3,4) (4,4) (5,4) (5,5) (6,5) (6,6)
  facet 8232: (0,0) (0,1) (1,1) (3,1) (3,3) (3,4) (4,4) (5,4) (5,5) (6,5) (6,6)
  facet 8233: (0,0) (1,0) (1,1) (3,1) (3,3) (3,4) (4,4) (5,4) (5,5) (6,5) (6,6)
  facet 8234: (0,0) (1,0) (3,0) (3,1) (3,3) (3,4) (4,4) (5,4) (5,5) (6,5) (6,6)
  facet 8235: (0,0) (0,1) (0,3) (1,3) (3,3) (4,3) (4,4) (5,4) (5,5) (6,5) (6,6)
  facet 8236: (0,0) (0,1) (1,1) (1,3) (3,3) (4,3) (4,4) (5,4) (5,5) (6,5) (6,6)
  facet 8237: (0,0) (1,0) (1,1) (1,3) (3,3) (4,3) (4,4) (5,4) (5,5) (6,5) (6,6)
  facet 8238: (0,0) (0,1) (1,1) (3,1) (3,3) (4,3) (4,4) (5,4) (5,5) (6,5) (6,6)
  facet 8239: (0,0) (1,0) (1,1) (3,1) (3,3) (4,3) (4,4) (5,4) (5,5) (6,5) (6,6)
  facet 8240: (0,0) (1,0) (3,0) (3,1) (3,3) (4,3) (4,4) (5,4) (5,5) (6,5) (6,6)
  facet 8241: (0,0) (0,1) (1,1) (3,1) (4,1) (4,3) (4,4) (5,4) (5,5) (6,5) (6,6)
  facet 8242: (0,0) (1,0) (1,1) (3,1) (4,1) (4,3) (4,4) (5,4) (5,5) (6,5) (6,6)
  facet 8243: (0,0) (1,0) (3,0) (3,1) (4,1) (4,3) (4,4) (5,4) (5,5) (6,5) (6,6)
  facet 8244: (0,0) (1,0) (3,0) (4,0) (4,1) (4,3) (4,4) (5,4) (5,5) (6,5) (6,6)
  facet 8245: (0,0) (0,1) (0,3) (1,3) (3,3) (4,3) (5,3) (5,4) (5,5) (6,5) (6,6)
  facet 8246: (0,0) (0,1) (1,1) (1,3) (3,3) (4,3) (5,3) (5,4) (5,5) (6,5) (6,6)
  facet 8247: (0,0) (1,0) (1,1) (1,3) (3,3) (4,3) (5,3) (5,4) (5,5) (6,5) (6,6)
  facet 8248: (0,0) (0,1) (1,1) (3,1) (3,3) (4,3) (5,3) (5,4) (5,5) (6,5) (6,6)
  facet 8249: (0,0) (1,0) (1,1) (3,1) (3,3) (4,3) (5,3) (5,4) (5,5) (6,5) (6,6)
  facet 8250: (0,0) (1,0) (3,0) (3,1) (3,3) (4,3) (5,3) (5,4) (5,5) (6,5) (6,6)
  facet 8251: (0,0) (0,1) (1,1) (3,1) (4,1) (4,3) (5,3) (5,4) (5,5) (6,5) (6,6)
  facet 8252: (0,0) (1,0) (1,1) (3,1) (4,1) (4,3) (5,3) (5,4) (5,5) (6,5) (6,6)
  facet 8253: (0,0) (1,0) (3,0) (3,1) (4,1) (4,3) (5,3) (5,4) (5,5) (6,5) (6,6)
  facet 8254: (0,0) (1,0) (3,0) (4,0) (4,1) (4,3) (5,3) (5,4) (5,5) (6,5) (6,6)
  facet 8255: (0,0) (0,1) (1,1) (3,1) (4,1) (5,1) (5,3) (5,4) (5,5) (6,5) (6,6)
  facet 8256: (0,0) (1,0) (1,1) (3,1) (4,1) (5,1) (5,3) (5,4) (5,5) (6,5) (6,6)
  facet 8257: (0,0) (1,0) (3,0) (3,1) (4,1) (5,1) (5,3) (5,4) (5,5) (6,5) (6,6)
  facet 8258: (0,0) (1,0) (3,0) (4,0) (4,1) (5,1) (5,3) (5,4) (5,5) (6,5) (6,6)
  facet 8259: (0,0) (1,0) (3,0) (4,0) (5,0) (5,1) (5,3) (5,4) (5,5) (6,5) (6,6)
  facet 8260: (0,0) (0,1) (0,3) (0,4) (1,4) (3,4) (4,4) (5,4) (6,4) (6,5) (6,6)
  facet 8261: (0,0) (0,1) (0,3) (1,3) (1,4) (3,4) (4,4) (5,4) (6,4) (6,5) (6,6)
  facet 8262: (0,0) (0,1) (1,1) (1,3) (1,4) (3,4) (4,4) (5,4) (6,4) (6,5) (6,6)
  facet 8263: (0,0) (1,0) (1,1) (1,3) (1,4) (3,4) (4,4) (5,4) (6,4) (6,5) (6,6)
  facet 8264: (0,0) (0,1) (0,3) (1,3) (3,3) (3,4) (4,4) (5,4) (6,4) (6,5) (6,6)
  facet 8265: (0,0) (0,1) (1,1) (1,3) (3,3) (3,4) (4,4) (5,4) (6,4) (6,5) (6,6)
  facet 8266: (0,0) (1,0) (1,1) (1,3) (3,3) (3,4) (4,4) (5,4) (6,4) (6,5) (6,6)
  facet 8267: (0,0) (0,1) (1,1) (3,1) (3,3) (3,4) (4,4) (5,4) (6,4) (6,5) (6,6)
  facet 8268: (0,0) (1,0) (1,1) (3,1) (3,3) (3,4) (4,4) (5,4) (6,4) (6,5) (6,6)
  facet 8269: (0,0) (1,0) (3,0) (3,1) (3,3) (3,4) (4,4) (5,4) (6,4) (6,5) (6,6)
  facet 8270: (0,0) (0,1) (0,3) (1,3) (3,3) (4,3) (4,4) (5,4) (6,4) (6,5) (6,6)
  facet 8271: (0,0) (0,1) (1,1) (1,3) (3,3) (4,3) (4,4) (5,4) (6,4) (6,5) (6,6)
  facet 8272: (0,0) (1,0) (1,1) (1,3) (3,3) (4,3) (4,4) (5,4) (6,4) (6,5) (6,6)
  facet 8273: (0,0) (0,1) (1,1) (3,1) (3,3) (4,3) (4,4) (5,4) (6,4) (6,5) (6,6)
  facet 8274: (0,0) (1,0) (1,1) (3,1) (3,3) (4,3) (4,4) (5,4) (6,4) (6,5) (6,6)
  facet 8275: (0,0) (1,0) (3,0) (3,1) (3,3) (4,3) (4,4) (5,4) (6,4) (6,5) (6,6)
  facet 8276: (0,0) (0,1) (1,1) (3,1) (4,1) (4,3) (4,4) (5,4) (6,4) (6,5) (6,6)
  facet 8277: (0,0) (1,0) (1,1) (3,1) (4,1) (4,3) (4,4) (5,4) (6,4) (6,5) (6,6)
  facet 8278: (0,0) (1,0) (3,0) (3,1) (4,1) (4,3) (4,4) (5,4) (6,4) (6,5) (6,6)
  facet 8279: (0,0) (1,0) (3,0) (4,0) (4,1) (4,3) (4,4) (5,4) (6,4) (6,5) (6,6)
  facet 8280: (0,0) (0,1) (0,3) (1,3) (3,3) (4,3) (5,3) (5,4) (6,4) (6,5) (6,6)
  facet 8281: (0,0) (0,1) (1,1) (1,3) (3,3) (4,3) (5,3) (5,4) (6,4) (6,5) (6,6)
  facet 8282: (0,0) (1,0) (1,1) (1,3) (3,3) (4,3) (5,3) (5,4) (6,4) (6,5) (6,6)
  facet 8283: (0,0) (0,1) (1,1) (3,1) (3,3) (4,3) (5,3) (5,4) (6,4) (6,5) (6,6)
  facet 8284: (0,0) (1,0) (1,1) (3,1) (3,3) (4,3) (5,3) (5,4) (6,4) (6,5) (6,6)
  facet 8285: (0,0) (1,0) (3,0) (3,1) (3,3) (4,3) (5,3) (5,4) (6,4) (6,5) (6,6)
  facet 8286: (0,0) (0,1) (1,1) (3,1) (4,1) (4,3) (5,3) (5,4) (6,4) (6,5) (6,6)
  facet 8287: (0,0) (1,0) (1,1) (3,1) (4,1) (4,3) (5,3) (5,4) (6,4) (6,5) (6,6)
  facet 8288: (0,0) (1,0) (3,0) (3,1) (4,1) (4,3) (5,3) (5,4) (6,4) (6,5) (6,6)
  facet 8289: (0,0) (1,0) (3,0) (4,0) (4,1) (4,3) (5,3) (5,4) (6,4) (6,5) (6,6)
  facet 8290: (0,0) (0,1) (1,1) (3,1) (4,1) (5,1) (5,3) (5,4) (6,4) (6,5) (6,6)
  facet 8291: (0,0) (1,0) (1,1) (3,1) (4,1) (5,1) (5,3) (5,4) (6,4) (6,5) (6,6)
  facet 8292: (0,0) (1,0) (3,0) (3,1) (4,1) (5,1) (5,3) (5,4) (6,4) (6,5) (6,6)
  facet 8293: (0,0) (1,0) (3,0) (4,0) (4,1) (5,1) (5,3) (5,4) (6,4) (6,5) (6,6)
  facet 8294: (0,0) (1,0) (3,0) (4,0) (5,0) (5,1) (5,3) (5,4) (6,4) (6,5) (6,6)
  facet 8295: (0,0) (0,1) (0,3) (1,3) (3,3) (4,3) (5,3) (6,3) (6,4) (6,5) (6,6)
  facet 8296: (0,0) (0,1) (1,1) (1,3) (3,3) (4,3) (5,3) (6,3) (6,4) (6,5) (6,6)
  facet 8297: (0,0) (1,0) (1,1) (1,3) (3,3) (4,3) (5,3) (6,3) (6,4) (6,5) (6,6)
  facet 8298: (0,0) (0,1) (1,1) (3,1) (3,3) (4,3) (5,3) (6,3) (6,4) (6,5) (6,6)
  facet 8299: (0,0) (1,0) (1,1) (3,1) (3,3) (4,3) (5,3) (6,3) (6,4) (6,5) (6,6)
  facet 8300: (0,0) (1,0) (3,0) (3,1) (3,3) (4,3) (5,3) (6,3) (6,4) (6,5) (6,6)
  facet 8301: (0,0) (0,1) (1,1) (3,1) (4,1) (4,3) (5,3) (6,3) (6,4) (6,5) (6,6)
  facet 8302: (0,0) (1,0) (1,1) (3,1) (4,1) (4,3) (5,3) (6,3) (6,4) (6,5) (6,6)
  facet 8303: (0,0) (1,0) (3,0) (3,1) (4,1) (4,3) (5,3) (6,3) (6,4) (6,5) (6,6)
  facet 8304: (0,0) (1,0) (3,0) (4,0) (4,1) (4,3) (5,3) (6,3) (6,4) (6,5) (6,6)
  facet 8305: (0,0) (0,1) (1,1) (3,1) (4,1) (5,1) (5,3) (6,3) (6,4) (6,5) (6,6)
  facet 8306: (0,0) (1,0) (1,1) (3,1) (4,1) (5,1) (5,3) (6,3) (6,4) (6,5) (6,6)
  facet 8307: (0,0) (1,0) (3,0) (3,1) (4,1) (5,1) (5,3) (6,3) (6,4) (6,5) (6,6)
  facet 8308: (0,0) (1,0) (3,0) (4,0) (4,1) (5,1) (5,3) (6,3) (6,4) (6,5) (6,6)
  facet 8309: (0,0) (1,0) (3,0) (4,0) (5,0) (5,1) (5,3) (6,3) (6,4) (6,5) (6,6)
  facet 8310: (0,0) (0,1) (1,1) (3,1) (4,1) (5,1) (6,1) (6,3) (6,4) (6,5) (6,6)
  facet 8311: (0,0) (1,0) (1,1) (3,1) (4,1) (5,1) (6,1) (6,3) (6,4) (6,5) (6,6)
  facet 8312: (0,0) (1,0) (3,0) (3,1) (4,1) (5,1) (6,1) (6,3) (6,4) (6,5) (6,6)
  facet 8313: (0,0) (1,0) (3,0) (4,0) (4,1) (5,1) (6,1) (6,3) (6,4) (6,5) (6,6)
  facet 8314: (0,0) (1,0) (3,0) (4,0) (5,0) (5,1) (6,1) (6,3) (6,4) (6,5) (6,6)
  facet 8315: (0,0) (1,0) (3,0) (4,0) (5,0) (6,0) (6,1) (6,3) (6,4) (6,5) (6,6)
  facet 8316: (0,0) (0,2) (0,3) (0,4) (0,5) (0,6) (1,6) (3,6) (4,6) (5,6) (6,6)
  facet 8317: (0,0) (0,2) (0,3) (0,4) (0,5) (1,5) (1,6) (3,6) (4,6) (5,6) (6,6)
  facet 8318: (0,0) (0,2) (0,3) (0,4) (1,4) (1,5) (1,6) (3,6) (4,6) (5,6) (6,6)
  facet 8319: (0,0) (0,2) (0,3) (1,3) (1,4) (1,5) (1,6) (3,6) (4,6) (5,6) (6,6)
  facet 8320: (0,0) (0,2) (1,2) (1,3) (1,4) (1,5) (1,6) (3,6) (4,6) (5,6) (6,6)
  facet 8321: (0,0) (1,0) (1,2) (1,3) (1,4) (1,5) (1,6) (3,6) (4,6) (5,6) (6,6)
  facet 8322: (0,0) (0,2) (0,3) (0,4) (0,5) (1,5) (3,5) (3,6) (4,6) (5,6) (6,6)
  facet 8323: (0,0) (0,2) (0,3) (0,4) (1,4) (1,5) (3,5) (3,6) (4,6) (5,6) (6,6)
  facet 8324: (0,0) (0,2) (0,3) (1,3) (1,4) (1,5) (3,5) (3,6) (4,6) (5,6) (6,6)
  facet 8325: (0,0) (0,2) (1,2) (1,3) (1,4) (1,5) (3,5) (3,6) (4,6) (5,6) (6,6)
  facet 8326: (0,0) (1,0) (1,2) (1,3) (1,4) (1,5) (3,5) (3,6) (4,6) (5,6) (6,6)
  facet 8327: (0,0) (0,2) (0,3) (0,4) (1,4) (3,4) (3,5) (3,6) (4,6) (5,6) (6,6)
  facet 8328: (0,0) (0,2) (0,3) (1,3) (1,4) (3,4) (3,5) (3,6) (4,6) (5,6) (6,6)
  facet 8329: (0,0) (0,2) (1,2) (1,3) (1,4) (3,4) (3,5) (3,6) (4,6) (5,6) (6,6)
  facet 8330: (0,0) (1,0) (1,2) (1,3) (1,4) (3,4) (3,5) (3,6) (4,6) (5,6) (6,6)
  facet 8331: (0,0) (0,2) (0,3) (1,3) (3,3) (3,4) (3,5) (3,6) (4,6) (5,6) (6,6)
  facet 8332: (0,0) (0,2) (1,2) (1,3) (3,3) (3,4) (3,5) (3,6) (4,6) (5,6) (6,6)
  facet 8333: (0,0) (1,0) (1,2) (1,3) (3,3) (3,4) (3,5) (3,6) (4,6) (5,6) (6,6)
  facet 8334: (0,0) (0,2) (1,2) (3,2) (3,3) (3,4) (3,5) (3,6) (4,6) (5,6) (6,6)
  facet 8335: (0,0) (1,0) (1,2) (3,2) (3,3) (3,4) (3,5) (3,6) (4,6) (5,6) (6,6)
  facet 8336: (0,0) (1,0) (3,0) (3,2) (3,3) (3,4) (3,5) (3,6) (4,6) (5,6) (6,6)
  facet 8337: (0,0) (0,2) (0,3) (0,4) (0,5) (1,5) (3,5) (4,5) (4,6) (5,6) (6,6)
  facet 8338: (0,0) (0,2) (0,3) (0,4) (1,4) (1,5) (3,5) (4,5) (4,6) (5,6) (6,6)
  facet 8339: (0,0) (0,2) (0,3) (1,3) (1,4) (1,5) (3,5) (4,5) (4,6) (5,6) (6,6)
  facet 8340: (0,0) (0,2) (1,2) (1,3) (1,4) (1,5) (3,5) (4,5) (4,6) (5,6) (6,6)
  facet 8341: (0,0) (1,0) (1,2) (1,3) (1,4) (1,5) (3,5) (4,5) (4,6) (5,6) (6,6)
  facet 8342: (0,0) (0,2) (0,3) (0,4) (1,4) (3,4) (3,5) (4,5) (4,6) (5,6) (6,6)
  facet 8343: (0,0) (0,2) (0,3) (1,3) (1,4) (3,4) (3,5) (4,5) (4,6) (5,6) (6,6)
  facet 8344: (0,0) (0,2) (1,2) (1,3) (1,4) (3,4) (3,5) (4,5) (4,6) (5,6) (6,6)
  facet 8345: (0,0) (1,0) (1,2) (1,3) (1,4) (3,4) (3,5) (4,5) (4,6) (5,6) (6,6)
  facet 8346: (0,0) (0,2) (0,3) (1,3) (3,3) (3,4) (3,5) (4,5) (4,6) (5,6) (6,6)
  facet 8347: (0,0) (0,2) (1,2) (1,3) (3,3) (3,4) (3,5) (4,5) (4,6) (5,6) (6,6)
  facet 8348: (0,0) (1,0) (1,2) (1,3) (3,3) (3,4) (3,5) (4,5) (4,6) (5,6) (6,6)
  facet 8349: (0,0) (0,2) (1,2) (3,2) (3,3) (3,4) (3,5) (4,5) (4,6) (5,6) (6,6)
  facet 8350: (0,0) (1,0) (1,2) (3,2) (3,3) (3,4) (3,5) (4,5) (4,6) (5,6) (6,6)
  facet 8351: (0,0) (1,0) (3,0) (3,2) (3,3) (3,4) (3,5) (4,5) (4,6) (5,6) (6,6)
  facet 8352: (0,0) (0,2) (0,3) (0,4) (1,4) (3,4) (4,4) (4,5) (4,6) (5,6) (6,6)
  facet 8353: (0,0) (0,2) (0,3) (1,3) (1,4) (3,4) (4,4) (4,5) (4,6) (5,6) (6,6)
  facet 8354: (0,0) (0,2) (1,2) (1,3) (1,4) (3,4) (4,4) (4,5) (4,6) (5,6) (6,6)
  facet 8355: (0,0) (1,0) (1,2) (1,3) (1,4) (3,4) (4,4) (4,5) (4,6) (5,6) (6,6)
  facet 8356: (0,0) (0,2) (0,3) (1,3) (3,3) (3,4) (4,4) (4,5) (4,6) (5,6) (6,6)
  facet 8357: (0,0) (0,2) (1,2) (1,3) (3,3) (3,4) (4,4) (4,5) (4,6) (5,6) (6,6)
  facet 8358: (0,0) (1,0) (1,2) (1,3) (3,3) (3,4) (4,4) (4,5) (4,6) (5,6) (6,6)
  facet 8359: (0,0) (0,2) (1,2) (3,2) (3,3) (3,4) (4,4) (4,5) (4,6) (5,6) (6,6)
  facet 8360: (0,0) (1,0) (1,2) (3,2) (3,3) (3,4) (4,4) (4,5) (4,6) (5,6) (6,6)
  facet 8361: (0,0) (1,0) (3,0) (3,2) (3,3) (3,4) (4,4) (4,5) (4,6) (5,6) (6,6)
  facet 8362: (0,0) (0,2) (0,3) (1,3) (3,3) (4,3) (4,4) (4,5) (4,6) (5,6) (6,6)
  facet 8363: (0,0) (0,2) (1,2) (1,3) (3,3) (4,3) (4,4) (4,5) (4,6) (5,6) (6,6)
  facet 8364: (0,0) (1,0) (1,2) (1,3) (3,3) (4,3) (4,4) (4,5) (4,6) (5,6) (6,6)
  facet 8365: (0,0) (0,2) (1,2) (3,2) (3,3) (4,3) (4,4) (4,5) (4,6) (5,6) (6,6)
  facet 8366: (0,0) (1,0) (1,2) (3,2) (3,3) (4,3) (4,4) (4,5) (4,6) (5,6) (6,6)
  facet 8367: (0,0) (1,0) (3,0) (3,2) (3,3) (4,3) (4,4) (4,5) (4,6) (5,6) (6,6)
  facet 8368: (0,0) (0,2) (1,2) (3,2) (4,2) (4,3) (4,4) (4,5) (4,6) (5,6) (6,6)
  facet 8369: (0,0) (1,0) (1,2) (3,2) (4,2) (4,3) (4,4) (4,5) (4,6) (5,6) (6,6)
  facet 8370: (0,0) (1,0) (3,0) (3,2) (4,2) (4,3) (4,4) (4,5) (4,6) (5,6) (6,6)
  facet 8371: (0,0) (1,0) (3,0) (4,0) (4,2) (4,3) (4,4) (4,5) (4,6) (5,6) (6,6)
  facet 8372: (0,0) (0,2) (0,3) (0,4) (0,5) (1,5) (3,5) (4,5) (5,5) (5,6) (6,6)
  facet 8373: (0,0) (0,2) (0,3) (0,4) (1,4) (1,5) (3,5) (4,5) (5,5) (5,6) (6,6)
  facet 8374: (0,0) (0,2) (0,3) (1,3) (1,4) (1,5) (3,5) (4,5) (5,5) (5,6) (6,6)
  facet 8375: (0,0) (0,2) (1,2) (1,3) (1,4) (1,5) (3,5) (4,5) (5,5) (5,6) (6,6)
  facet 8376: (0,0) (1,0) (1,2) (1,3) (1,4) (1,5) (3,5) (4,5) (5,5) (5,6) (6,6)
  facet 8377: (0,0) (0,2) (0,3) (0,4) (1,4) (3,4) (3,5) (4,5) (5,5) (5,6) (6,6)
  facet 8378: (0,0) (0,2) (0,3) (1,3) (1,4) (3,4) (3,5) (4,5) (5,5) (5,6) (6,6)
  facet 8379: (0,0) (0,2) (1,2) (1,3) (1,4) (3,4) (3,5) (4,5) (5,5) (5,6) (6,6)
  facet 8380: (0,0) (1,0) (1,2) (1,3) (1,4) (3,4) (3,5) (4,5) (5,5) (5,6) (6,6)
  facet 8381: (0,0) (0,2) (0,3) (1,3) (3,3) (3,4) (3,5) (4,5) (5,5) (5,6) (6,6)
  facet 8382: (0,0) (0,2) (1,2) (1,3) (3,3) (3,4) (3,5) (4,5) (5,5) (5,6) (6,6)
  facet 8383: (0,0) (1,0) (1,2) (1,3) (3,3) (3,4) (3,5) (4,5) (5,5) (5,6) (6,6)
  facet 8384: (0,0) (0,2) (1,2) (3,2) (3,3) (3,4) (3,5) (4,5) (5,5) (5,6) (6,6)
  facet 8385: (0,0) (1,0) (1,2) (3,2) (3,3) (3,4) (3,5) (4,5) (5,5) (5,6) (6,6)
  facet 8386: (0,0) (1,0) (3,0) (3,2) (3,3) (3,4) (3,5) (4,5) (5,5) (5,6) (6,6)
  facet 8387: (0,0) (0,2) (0,3) (0,4) (1,4) (3,4) (4,4) (4,5) (5,5) (5,6) (6,6)
  facet 8388: (0,0) (0,2) (0,3) (1,3) (1,4) (3,4) (4,4) (4,5) (5,5) (5,6) (6,6)
  facet 8389: (0,0) (0,2) (1,2) (1,3) (1,4) (3,4) (4,4) (4,5) (5,5) (5,6) (6,6)
  facet 8390: (0,0) (1,0) (1,2) (1,3) (1,4) (3,4) (4,4) (4,5) (5,5) (5,6) (6,6)
  facet 8391: (0,0) (0,2) (0,3) (1,3) (3,3) (3,4) (4,4) (4,5) (5,5) (5,6) (6,6)
  facet 8392: (0,0) (0,2) (1,2) (1,3) (3,3) (3,4) (4,4) (4,5) (5,5) (5,6) (6,6)
  facet 8393: (0,0) (1,0) (1,2) (1,3) (3,3) (3,4) (4,4) (4,5) (5,5) (5,6) (6,6)
  facet 8394: (0,0) (0,2) (1,2) (3,2) (3,3) (3,4) (4,4) (4,5) (5,5) (5,6) (6,6)
  facet 8395: (0,0) (1,0) (1,2) (3,2) (3,3) (3,4) (4,4) (4,5) (5,5) (5,6) (6,6)
  facet 8396: (0,0) (1,0) (3,0) (3,2) (3,3) (3,4) (4,4) (4,5) (5,5) (5,6) (6,6)
  facet 8397: (0,0) (0,2) (0,3) (1,3) (3,3) (4,3) (4,4) (4,5) (5,5) (5,6) (6,6)
  facet 8398: (0,0) (0,2) (1,2) (1,3) (3,3) (4,3) (4,4) (4,5) (5,5) (5,6) (6,6)
  facet 8399: (0,0) (1,0) (1,2) (1,3) (3,3) (4,3) (4,4) (4,5) (5,5) (5,6) (6,6)
  facet 8400: (0,0) (0,2) (1,2) (3,2) (3,3) (4,3) (4,4) (4,5) (5,5) (5,6) (6,6)
  facet 8401: (0,0) (1,0) (1,2) (3,2) (3,3) (4,3) (4,4) (4,5) (5,5) (5,6) (6,6)
  facet 8402: (0,0) (1,0) (3,0) (3,2) (3,3) (4,3) (4,4) (4,5) (5,5) (5,6) (6,6)
  facet 8403: (0,0) (0,2) (1,2) (3,2) (4,2) (4,3) (4,4) (4,5) (5,5) (5,6) (6,6)
  facet 8404: (0,0) (1,0) (1,2) (3,2) (4,2) (4,3) (4,4) (4,5) (5,5) (5,6) (6,6)
  facet 8405: (0,0) (1,0) (3,0) (3,2) (4,2) (4,3) (4,4) (4,5) (5,5) (5,6) (6,6)
  facet 8406: (0,0) (1,0) (3,0) (4,0) (4,2) (4,3) (4,4) (4,5) (5,5) (5,6) (6,6)
  facet 8407: (0,0) (0,2) (0,3) (0,4) (1,4) (3,4) (4,4) (5,4) (5,5) (5,6) (6,6)
  facet 8408: (0,0) (0,2) (0,3) (1,3) (1,4) (3,4) (4,4) (5,4) (5,5) (5,6) (6,6)
  facet 8409: (0,0) (0,2) (1,2) (1,3) (1,4) (3,4) (4,4) (5,4) (5,5) (5,6) (6,6)
  facet 8410: (0,0) (1,0) (1,2) (1,3) (1,4) (3,4) (4,4) (5,4) (5,5) (5,6) (6,6)
  facet 8411: (0,0) (0,2) (0,3) (1,3) (3,3) (3,4) (4,4) (5,4) (5,5) (5,6) (6,6)
  facet 8412: (0,0) (0,2) (1,2) (1,3) (3,3) (3,4) (4,4) (5,4) (5,5) (5,6) (6,6)
  facet 8413: (0,0) (1,0) (1,2) (1,3) (3,3) (3,4) (4,4) (5,4) (5,5) (5,6) (6,6)
  facet 8414: (0,0) (0,2) (1,2) (3,2) (3,3) (3,4) (4,4) (5,4) (5,5) (5,6) (6,6)
  facet 8415: (0,0) (1,0) (1,2) (3,2) (3,3) (3,4) (4,4) (5,4) (5,5) (5,6) (6,6)
  facet 8416: (0,0) (1,0) (3,0) (3,2) (3,3) (3,4) (4,4) (5,4) (5,5) (5,6) (6,6)
  facet 8417: (0,0) (0,2) (0,3) (1,3) (3,3) (4,3) (4,4) (5,4) (5,5) (5,6) (6,6)
  facet 8418: (0,0) (0,2) (1,2) (1,3) (3,3) (4,3) (4,4) (5,4) (5,5) (5,6) (6,6)
  facet 8419: (0,0) (1,0) (1,2) (1,3) (3,3) (4,3) (4,4) (5,4) (5,5) (5,6) (6,6)
  facet 8420: (0,0) (0,2) (1,2) (3,2) (3,3) (4,3) (4,4) (5,4) (5,5) (5,6) (6,6)
  facet 8421: (0,0) (1,0) (1,2) (3,2) (3,3) (4,3) (4,4) (5,4) (5,5) (5,6) (6,6)
  facet 8422: (0,0) (1,0) (3,0) (3,2) (3,3) (4,3) (4,4) (5,4) (5,5) (5,6) (6,6)
  facet 8423: (0,0) (0,2) (1,2) (3,2) (4,2) (4,3) (4,4) (5,4) (5,5) (5,6) (6,6)
  facet 8424: (0,0) (1,0) (1,2) (3,2) (4,2) (4,3) (4,4) (5,4) (5,5) (5,6) (6,6)
  facet 8425: (0,0) (1,0) (3,0) (3,2) (4,2) (4,3) (4,4) (5,4) (5,5) (5,6) (6,6)
  facet 8426: (0,0) (1,0) (3,0) (4,0) (4,2) (4,3) (4,4) (5,4) (5,5) (5,6) (6,6)
  facet 8427: (0,0) (0,2) (0,3) (1,3) (3,3) (4,3) (5,3) (5,4) (5,5) (5,6) (6,6)
  facet 8428: (0,0) (0,2) (1,2) (1,3) (3,3) (4,3) (5,3) (5,4) (5,5) (5,6) (6,6)
  facet 8429: (0,0) (1,0) (1,2) (1,3) (3,3) (4,3) (5,3) (5,4) (5,5) (5,6) (6,6)
  facet 8430: (0,0) (0,2) (1,2) (3,2) (3,3) (4,3) (5,3) (5,4) (5,5) (5,6) (6,6)
  facet 8431: (0,0) (1,0) (1,2) (3,2) (3,3) (4,3) (5,3) (5,4) (5,5) (5,6) (6,6)
  facet 8432: (0,0) (1,0) (3,0) (3,2) (3,3) (4,3) (5,3) (5,4) (5,5) (5,6) (6,6)
  facet 8433: (0,0) (0,2) (1,2) (3,2) (4,2) (4,3) (5,3) (5,4) (5,5) (5,6) (6,6)
  facet 8434: (0,0) (1,0) (1,2) (3,2) (4,2) (4,3) (5,3) (5,4) (5,5) (5,6) (6,6)
  facet 8435: (0,0) (1,0) (3,0) (3,2) (4,2) (4,3) (5,3) (5,4) (5,5) (5,6) (6,6)
  facet 8436: (0,0) (1,0) (3,0) (4,0) (4,2) (4,3) (5,3) (5,4) (5,5) (5,6) (6,6)
  facet 8437: (0,0) (0,2) (1,2) (3,2) (4,2) (5,2) (5,3) (5,4) (5,5) (5,6) (6,6)
  facet 8438: (0,0) (1,0) (1,2) (3,2) (4,2) (5,2) (5,3) (5,4) (5,5) (5,6) (6,6)
  facet 8439: (0,0) (1,0) (3,0) (3,2) (4,2) (5,2) (5,3) (5,4) (5,5) (5,6) (6,6)
  facet 8440: (0,0) (1,0) (3,0) (4,0) (4,2) (5,2) (5,3) (5,4) (5,5) (5,6) (6,6)
  facet 8441: (0,0) (1,0) (3,0) (4,0) (5,0) (5,2) (5,3) (5,4) (5,5) (5,6) (6,6)
  facet 8442: (0,0) (0,2) (0,3) (0,4) (0,5) (1,5) (3,5) (4,5) (5,5) (6,5) (6,6)
  facet 8443: (0,0) (0,2) (0,3) (0,4) (1,4) (1,5) (3,5) (4,5) (5,5) (6,5) (6,6)
  facet 8444: (0,0) (0,2) (0,3) (1,3) (1,4) (1,5) (3,5) (4,5) (5,5) (6,5) (6,6)
  facet 8445: (0,0) (0,2) (1,2) (1,3) (1,4) (1,5) (3,5) (4,5) (5,5) (6,5) (6,6)
  facet 8446: (0,0) (1,0) (1,2) (1,3) (1,4) (1,5) (3,5) (4,5) (5,5) (6,5) (6,6)
  facet 8447: (0,0) (0,2) (0,3) (0,4) (1,4) (3,4) (3,5) (4,5) (5,5) (6,5) (6,6)
  facet 8448: (0,0) (0,2) (0,3) (1,3) (1,4) (3,4) (3,5) (4,5) (5,5) (6,5) (6,6)
  facet 8449: (0,0) (0,2) (1,2) (1,3) (1,4) (3,4) (3,5) (4,5) (5,5) (6,5) (6,6)
  facet 8450: (0,0) (1,0) (1,2) (1,3) (1,4) (3,4) (3,5) (4,5) (5,5) (6,5) (6,6)
  facet 8451: (0,0) (0,2) (0,3) (1,3) (3,3) (3,4) (3,5) (4,5) (5,5) (6,5) (6,6)
  facet 8452: (0,0) (0,2) (1,2) (1,3) (3,3) (3,4) (3,5) (4,5) (5,5) (6,5) (6,6)
  facet 8453: (0,0) (1,0) (1,2) (1,3) (3,3) (3,4) (3,5) (4,5) (5,5) (6,5) (6,6)
  facet 8454: (0,0) (0,2) (1,2) (3,2) (3,3) (3,4) (3,5) (4,5) (5,5) (6,5) (6,6)
  facet 8455: (0,0) (1,0) (1,2) (3,2) (3,3) (3,4) (3,5) (4,5) (5,5) (6,5) (6,6)
  facet 8456: (0,0) (1,0) (3,0) (3,2) (3,3) (3,4) (3,5) (4,5) (5,5) (6,5) (6,6)
  facet 8457: (0,0) (0,2) (0,3) (0,4) (1,4) (3,4) (4,4) (4,5) (5,5) (6,5) (6,6)
  facet 8458: (0,0) (0,2) (0,3) (1,3) (1,4) (3,4) (4,4) (4,5) (5,5) (6,5) (6,6)
  facet 8459: (0,0) (0,2) (1,2) (1,3) (1,4) (3,4) (4,4) (4,5) (5,5) (6,5) (6,6)
  facet 8460: (0,0) (1,0) (1,2) (1,3) (1,4) (3,4) (4,4) (4,5) (5,5) (6,5) (6,6)
  facet 8461: (0,0) (0,2) (0,3) (1,3) (3,3) (3,4) (4,4) (4,5) (5,5) (6,5) (6,6)
  facet 8462: (0,0) (0,2) (1,2) (1,3) (3,3) (3,4) (4,4) (4,5) (5,5) (6,5) (6,6)
  facet 8463: (0,0) (1,0) (1,2) (1,3) (3,3) (3,4) (4,4) (4,5) (5,5) (6,5) (6,6)
  facet 8464: (0,0) (0,2) (1,2) (3,2) (3,3) (3,4) (4,4) (4,5) (5,5) (6,5) (6,6)
  facet 8465: (0,0) (1,0) (1,2) (3,2) (3,3) (3,4) (4,4) (4,5) (5,5) (6,5) (6,6)
  facet 8466: (0,0) (1,0) (3,0) (3,2) (3,3) (3,4) (4,4) (4,5) (5,5) (6,5) (6,6)
  facet 8467: (0,0) (0,2) (0,3) (1,3) (3,3) (4,3) (4,4) (4,5) (5,5) (6,5) (6,6)
  facet 8468: (0,0) (0,2) (1,2) (1,3) (3,3) (4,3) (4,4) (4,5) (5,5) (6,5) (6,6)
  facet 8469: (0,0) (1,0) (1,2) (1,3) (3,3) (4,3) (4,4) (4,5) (5,5) (6,5) (6,6)
  facet 8470: (0,0) (0,2) (1,2) (3,2) (3,3) (4,3) (4,4) (4,5) (5,5) (6,5) (6,6)
  facet 8471: (0,0) (1,0) (1,2) (3,2) (3,3) (4,3) (4,4) (4,5) (5,5) (6,5) (6,6)
  facet 8472: (0,0) (1,0) (3,0) (3,2) (3,3) (4,3) (4,4) (4,5) (5,5) (6,5) (6,6)
  facet 8473: (0,0) (0,2) (1,2) (3,2) (4,2) (4,3) (4,4) (4,5) (5,5) (6,5) (6,6)
  facet 8474: (0,0) (1,0) (1,2) (3,2) (4,2) (4,3) (4,4) (4,5) (5,5) (6,5) (6,6)
  facet 8475: (0,0) (1,0) (3,0) (3,2) (4,2) (4,3) (4,4) (4,5) (5,5) (6,5) (6,6)
  facet 8476: (0,0) (1,0) (3,0) (4,0) (4,2) (4,3) (4,4) (4,5) (5,5) (6,5) (6,6)
  facet 8477: (0,0) (0,2) (0,3) (0,4) (1,4) (3,4) (4,4) (5,4) (5,5) (6,5) (6,6)
  facet 8478: (0,0) (0,2) (0,3) (1,3) (1,4) (3,4) (4,4) (5,4) (5,5) (6,5) (6,6)
  facet 8479: (0,0) (0,2) (1,2) (1,3) (1,4) (3,4) (4,4) (5,4) (5,5) (6,5) (6,6)
  facet 8480: (0,0) (1,0) (1,2) (1,3) (1,4) (3,4) (4,4) (5,4) (5,5) (6,5) (6,6)
  facet 8481: (0,0) (0,2) (0,3) (1,3) (3,3) (3,4) (4,4) (5,4) (5,5) (6,5) (6,6)
  facet 8482: (0,0) (0,2) (1,2) (1,3) (3,3) (3,4) (4,4) (5,4) (5,5) (6,5) (6,6)
  facet 8483: (0,0) (1,0) (1,2) (1,3) (3,3) (3,4) (4,4) (5,4) (5,5) (6,5) (6,6)
  facet 8484: (0,0) (0,2) (1,2) (3,2) (3,3) (3,4) (4,4) (5,4) (5,5) (6,5) (6,6)
  facet 8485: (0,0) (1,0) (1,2) (3,2) (3,3) (3,4) (4,4) (5,4) (5,5) (6,5) (6,6)
  facet 8486: (0,0) (1,0) (3,0) (3,2) (3,3) (3,4) (4,4) (5,4) (5,5) (6,5) (6,6)
  facet 8487: (0,0) (0,2) (0,3) (1,3) (3,3) (4,3) (4,4) (5,4) (5,5) (6,5) (6,6)
  facet 8488: (0,0) (0,2) (1,2) (1,3) (3,3) (4,3) (4,4) (5,4) (5,5) (6,5) (6,6)
  facet 8489: (0,0) (1,0) (1,2) (1,3) (3,3) (4,3) (4,4) (5,4) (5,5) (6,5) (6,6)
  facet 8490: (0,0) (0,2) (1,2) (3,2) (3,3) (4,3) (4,4) (5,4) (5,5) (6,5) (6,6)
  facet 8491: (0,0) (1,0) (1,2) (3,2) (3,3) (4,3) (4,4) (5,4) (5,5) (6,5) (6,6)
  facet 8492: (0,0) (1,0) (3,0) (3,2) (3,3) (4,3) (4,4) (5,4) (5,5) (6,5) (6,6)
  facet 8493: (0,0) (0,2) (1,2) (3,2) (4,2) (4,3) (4,4) (5,4) (5,5) (6,5) (6,6)
  facet 8494: (0,0) (1,0) (1,2) (3,2) (4,2) (4,3) (4,4) (5,4) (5,5) (6,5) (6,6)
  facet 8495: (0,0) (1,0) (3,0) (3,2) (4,2) (4,3) (4,4) (5,4) (5,5) (6,5) (6,6)
  facet 8496: (0,0) (1,0) (3,0) (4,0) (4,2) (4,3) (4,4) (5,4) (5,5) (6,5) (6,6)
  facet 8497: (0,0) (0,2) (0,3) (1,3) (3,3) (4,3) (5,3) (5,4) (5,5) (6,5) (6,6)
  facet 8498: (0,0) (0,2) (1,2) (1,3) (3,3) (4,3) (5,3) (5,4) (5,5) (6,5) (6,6)
  facet 8499: (0,0) (1,0) (1,2) (1,3) (3,3) (4,3) (5,3) (5,4) (5,5) (6,5) (6,6)
  facet 8500: (0,0) (0,2) (1,2) (3,2) (3,3) (4,3) (5,3) (5,4) (5,5) (6,5) (6,6)
  facet 8501: (0,0) (1,0) (1,2) (3,2) (3,3) (4,3) (5,3) (5,4) (5,5) (6,5) (6,6)
  facet 8502: (0,0) (1,0) (3,0) (3,2) (3,3) (4,3) (5,3) (5,4) (5,5) (6,5) (6,6)
  facet 8503: (0,0) (0,2) (1,2) (3,2) (4,2) (4,3) (5,3) (5,4) (5,5) (6,5) (6,6)
  facet 8504: (0,0) (1,0) (1,2) (3,2) (4,2) (4,3) (5,3) (5,4) (5,5) (6,5) (6,6)
  facet 8505: (0,0) (1,0) (3,0) (3,2) (4,2) (4,3) (5,3) (5,4) (5,5) (6,5) (6,6)
  facet 8506: (0,0) (1,0) (3,0) (4,0) (4,2) (4,3) (5,3) (5,4) (5,5) (6,5) (6,6)
  facet 8507: (0,0) (0,2) (1,2) (3,2) (4,2) (5,2) (5,3) (5,4) (5,5) (6,5) (6,6)
  facet 8508: (0,0) (1,0) (1,2) (3,2) (4,2) (5,2) (5,3) (5,4) (5,5) (6,5) (6,6)
  facet 8509: (0,0) (1,0) (3,0) (3,2) (4,2) (5,2) (5,3) (5,4) (5,5) (6,5) (6,6)
  facet 8510: (0,0) (1,0) (3,0) (4,0) (4,2) (5,2) (5,3) (5,4) (5,5) (6,5) (6,6)
  facet 8511: (0,0) (1,0) (3,0) (4,0) (5,0) (5,2) (5,3) (5,4) (5,5) (6,5) (6,6)
  facet 8512: (0,0) (0,2) (0,3) (0,4) (1,4) (3,4) (4,4) (5,4) (6,4) (6,5) (6,6)
  facet 8513: (0,0) (0,2) (0,3) (1,3) (1,4) (3,4) (4,4) (5,4) (6,4) (6,5) (6,6)
  facet 8514: (0,0) (0,2) (1,2) (1,3) (1,4) (3,4) (4,4) (5,4) (6,4) (6,5) (6,6)
  facet 8515: (0,0) (1,0) (1,2) (1,3) (1,4) (3,4) (4,4) (5,4) (6,4) (6,5) (6,6)
  facet 8516: (0,0) (0,2) (0,3) (1,3) (3,3) (3,4) (4,4) (5,4) (6,4) (6,5) (6,6)
  facet 8517: (0,0) (0,2) (1,2) (1,3) (3,3) (3,4) (4,4) (5,4) (6,4) (6,5) (6,6)
  facet 8518: (0,0) (1,0) (1,2) (1,3) (3,3) (3,4) (4,4) (5,4) (6,4) (6,5) (6,6)
  facet 8519: (0,0) (0,2) (1,2) (3,2) (3,3) (3,4) (4,4) (5,4) (6,4) (6,5) (6,6)
  facet 8520: (0,0) (1,0) (1,2) (3,2) (3,3) (3,4) (4,4) (5,4) (6,4) (6,5) (6,6)
  facet 8521: (0,0) (1,0) (3,0) (3,2) (3,3) (3,4) (4,4) (5,4) (6,4) (6,5) (6,6)
  facet 8522: (0,0) (0,2) (0,3) (1,3) (3,3) (4,3) (4,4) (5,4) (6,4) (6,5) (6,6)
  facet 8523: (0,0) (0,2) (1,2) (1,3) (3,3) (4,3) (4,4) (5,4) (6,4) (6,5) (6,6)
  facet 8524: (0,0) (1,0) (1,2) (1,3) (3,3) (4,3) (4,4) (5,4) (6,4) (6,5) (6,6)
  facet 8525: (0,0) (0,2) (1,2) (3,2) (3,3) (4,3) (4,4) (5,4) (6,4) (6,5) (6,6)
  facet 8526: (0,0) (1,0) (1,2) (3,2) (3,3) (4,3) (4,4) (5,4) (6,4) (6,5) (6,6)
  facet 8527: (0,0) (1,0) (3,0) (3,2) (3,3) (4,3) (4,4) (5,4) (6,4) (6,5) (6,6)
  facet 8528: (0,0) (0,2) (1,2) (3,2) (4,2) (4,3) (4,4) (5,4) (6,4) (6,5) (6,6)
  facet 8529: (0,0) (1,0) (1,2) (3,2) (4,2) (4,3) (4,4) (5,4) (6,4) (6,5) (6,6)
  facet 8530: (0,0) (1,0) (3,0) (3,2) (4,2) (4,3) (4,4) (5,4) (6,4) (6,5) (6,6)
  facet 8531: (0,0) (1,0) (3,0) (4,0) (4,2) (4,3) (4,4) (5,4) (6,4) (6,5) (6,6)
  facet 8532: (0,0) (0,2) (0,3) (1,3) (3,3) (4,3) (5,3) (5,4) (6,4) (6,5) (6,6)
  facet 8533: (0,0) (0,2) (1,2) (1,3) (3,3) (4,3) (5,3) (5,4) (6,4) (6,5) (6,6)
  facet 8534: (0,0) (1,0) (1,2) (1,3) (3,3) (4,3) (5,3) (5,4) (6,4) (6,5) (6,6)
  facet 8535: (0,0) (0,2) (1,2) (3,2) (3,3) (4,3) (5,3) (5,4) (6,4) (6,5) (6,6)
  facet 8536: (0,0) (1,0) (1,2) (3,2) (3,3) (4,3) (5,3) (5,4) (6,4) (6,5) (6,6)
  facet 8537: (0,0) (1,0) (3,0) (3,2) (3,3) (4,3) (5,3) (5,4) (6,4) (6,5) (6,6)
  facet 8538: (0,0) (0,2) (1,2) (3,2) (4,2) (4,3) (5,3) (5,4) (6,4) (6,5) (6,6)
  facet 8539: (0,0) (1,0) (1,2) (3,2) (4,2) (4,3) (5,3) (5,4) (6,4) (6,5) (6,6)
  facet 8540: (0,0) (1,0) (3,0) (3,2) (4,2) (4,3) (5,3) (5,4) (6,4) (6,5) (6,6)
  facet 8541: (0,0) (1,0) (3,0) (4,0) (4,2) (4,3) (5,3) (5,4) (6,4) (6,5) (6,6)
  facet 8542: (0,0) (0,2) (1,2) (3,2) (4,2) (5,2) (5,3) (5,4) (6,4) (6,5) (6,6)
  facet 8543: (0,0) (1,0) (1,2) (3,2) (4,2) (5,2) (5,3) (5,4) (6,4) (6,5) (6,6)
  facet 8544: (0,0) (1,0) (3,0) (3,2) (4,2) (5,2) (5,3) (5,4) (6,4) (6,5) (6,6)
  facet 8545: (0,0) (1,0) (3,0) (4,0) (4,2) (5,2) (5,3) (5,4) (6,4) (6,5) (6,6)
  facet 8546: (0,0) (1,0) (3,0) (4,0) (5,0) (5,2) (5,3) (5,4) (6,4) (6,5) (6,6)
  facet 8547: (0,0) (0,2) (0,3) (1,3) (3,3) (4,3) (5,3) (6,3) (6,4) (6,5) (6,6)
  facet 8548: (0,0) (0,2) (1,2) (1,3) (3,3) (4,3) (5,3) (6,3) (6,4) (6,5) (6,6)
  facet 8549: (0,0) (1,0) (1,2) (1,3) (3,3) (4,3) (5,3) (6,3) (6,4) (6,5) (6,6)
  facet 8550: (0,0) (0,2) (1,2) (3,2) (3,3) (4,3) (5,3) (6,3) (6,4) (6,5) (6,6)
  facet 8551: (0,0) (1,0) (1,2) (3,2) (3,3) (4,3) (5,3) (6,3) (6,4) (6,5) (6,6)
  facet 8552: (0,0) (1,0) (3,0) (3,2) (3,3) (4,3) (5,3) (6,3) (6,4) (6,5) (6,6)
  facet 8553: (0,0) (0,2) (1,2) (3,2) (4,2) (4,3) (5,3) (6,3) (6,4) (6,5) (6,6)
  facet 8554: (0,0) (1,0) (1,2) (3,2) (4,2) (4,3) (5,3) (6,3) (6,4) (6,5) (6,6)
  facet 8555: (0,0) (1,0) (3,0) (3,2) (4,2) (4,3) (5,3) (6,3) (6,4) (6,5) (6,6)
  facet 8556: (0,0) (1,0) (3,0) (4,0) (4,2) (4,3) (5,3) (6,3) (6,4) (6,5) (6,6)
  facet 8557: (0,0) (0,2) (1,2) (3,2) (4,2) (5,2) (5,3) (6,3) (6,4) (6,5) (6,6)
  facet 8558: (0,0) (1,0) (1,2) (3,2) (4,2) (5,2) (5,3) (6,3) (6,4) (6,5) (6,6)
  facet 8559: (0,0) (1,0) (3,0) (3,2) (4,2) (5,2) (5,3) (6,3) (6,4) (6,5) (6,6)
  facet 8560: (0,0) (1,0) (3,0) (4,0) (4,2) (5,2) (5,3) (6,3) (6,4) (6,5) (6,6)
  facet 8561: (0,0) (1,0) (3,0) (4,0) (5,0) (5,2) (5,3) (6,3) (6,4) (6,5) (6,6)
  facet 8562: (0,0) (0,2) (1,2) (3,2) (4,2) (5,2) (6,2) (6,3) (6,4) (6,5) (6,6)
  facet 8563: (0,0) (1,0) (1,2) (3,2) (4,2) (5,2) (6,2) (6,3) (6,4) (6,5) (6,6)
  facet 8564: (0,0) (1,0) (3,0) (3,2) (4,2) (5,2) (6,2) (6,3) (6,4) (6,5) (6,6)
  facet 8565: (0,0) (1,0) (3,0) (4,0) (4,2) (5,2) (6,2) (6,3) (6,4) (6,5) (6,6)
  facet 8566: (0,0) (1,0) (3,0) (4,0) (5,0) (5,2) (6,2) (6,3) (6,4) (6,5) (6,6)
  facet 8567: (0,0) (1,0) (3,0) (4,0) (5,0) (6,0) (6,2) (6,3) (6,4) (6,5) (6,6)
  facet 8820: (0,0) (0,1) (0,2) (0,3) (0,4) (0,5) (2,5) (3,5) (4,5) (5,5) (6,5)
  facet 8821: (0,0) (0,1) (0,2) (0,3) (0,4) (2,4) (2,5) (3,5) (4,5) (5,5) (6,5)
  facet 8822: (0,0) (0,1) (0,2) (0,3) (2,3) (2,4) (2,5) (3,5) (4,5) (5,5) (6,5)
  facet 8823: (0,0) (0,1) (0,2) (2,2) (2,3) (2,4) (2,5) (3,5) (4,5) (5,5) (6,5)
  facet 8824: (0,0) (0,1) (2,1) (2,2) (2,3) (2,4) (2,5) (3,5) (4,5) (5,5) (6,5)
  facet 8825: (0,0) (2,0) (2,1) (2,2) (2,3) (2,4) (2,5) (3,5) (4,5) (5,5) (6,5)
  facet 8826: (0,0) (0,1) (0,2) (0,3) (0,4) (2,4) (3,4) (3,5) (4,5) (5,5) (6,5)
  facet 8827: (0,0) (0,1) (0,2) (0,3) (2,3) (2,4) (3,4) (3,5) (4,5) (5,5) (6,5)
  facet 8828: (0,0) (0,1) (0,2) (2,2) (2,3) (2,4) (3,4) (3,5) (4,5) (5,5) (6,5)
  facet 8829: (0,0) (0,1) (2,1) (2,2) (2,3) (2,4) (3,4) (3,5) (4,5) (5,5) (6,5)
  facet 8830: (0,0) (2,0) (2,1) (2,2) (2,3) (2,4) (3,4) (3,5) (4,5) (5,5) (6,5)
  facet 8831: (0,0) (0,1) (0,2) (0,3) (2,3) (3,3) (3,4) (3,5) (4,5) (5,5) (6,5)
  facet 8832: (0,0) (0,1) (0,2) (2,2) (2,3) (3,3) (3,4) (3,5) (4,5) (5,5) (6,5)
  facet 8833: (0,0) (0,1) (2,1) (2,2) (2,3) (3,3) (3,4) (3,5) (4,5) (5,5) (6,5)
  facet 8834: (0,0) (2,0) (2,1) (2,2) (2,3) (3,3) (3,4) (3,5) (4,5) (5,5) (6,5)
  facet 8835: (0,0) (0,1) (0,2) (2,2) (3,2) (3,3) (3,4) (3,5) (4,5) (5,5) (6,5)
  facet 8836: (0,0) (0,1) (2,1) (2,2) (3,2) (3,3) (3,4) (3,5) (4,5) (5,5) (6,5)
  facet 8837: (0,0) (2,0) (2,1) (2,2) (3,2) (3,3) (3,4) (3,5) (4,5) (5,5) (6,5)
  facet 8838: (0,0) (0,1) (2,1) (3,1) (3,2) (3,3) (3,4) (3,5) (4,5) (5,5) (6,5)
  facet 8839: (0,0) (2,0) (2,1) (3,1) (3,2) (3,3) (3,4) (3,5) (4,5) (5,5) (6,5)
  facet 8840: (0,0) (2,0) (3,0) (3,1) (3,2) (3,3) (3,4) (3,5) (4,5) (5,5) (6,5)
  facet 8841: (0,0) (0,1) (0,2) (0,3) (0,4) (2,4) (3,4) (4,4) (4,5) (5,5) (6,5)
  facet 8842: (0,0) (0,1) (0,2) (0,3) (2,3) (2,4) (3,4) (4,4) (4,5) (5,5) (6,5)
  facet 8843: (0,0) (0,1) (0,2) (2,2) (2,3) (2,4) (3,4) (4,4) (4,5) (5,5) (6,5)
  facet 8844: (0,0) (0,1) (2,1) (2,2) (2,3) (2,4) (3,4) (4,4) (4,5) (5,5) (6,5)
  facet 8845: (0,0) (2,0) (2,1) (2,2) (2,3) (2,4) (3,4) (4,4) (4,5) (5,5) (6,5)
  facet 8846: (0,0) (0,1) (0,2) (0,3) (2,3) (3,3) (3,4) (4,4) (4,5) (5,5) (6,5)
  facet 8847: (0,0) (0,1) (0,2) (2,2) (2,3) (3,3) (3,4) (4,4) (4,5) (5,5) (6,5)
  facet 8848: (0,0) (0,1) (2,1) (2,2) (2,3) (3,3) (3,4) (4,4) (4,5) (5,5) (6,5)
  facet 8849: (0,0) (2,0) (2,1) (2,2) (2,3) (3,3) (3,4) (4,4) (4,5) (5,5) (6,5)
  facet 8850: (0,0) (0,1) (0,2) (2,2) (3,2) (3,3) (3,4) (4,4) (4,5) (5,5) (6,5)
  facet 8851: (0,0) (0,1) (2,1) (2,2) (3,2) (3,3) (3,4) (4,4) (4,5) (5,5) (6,5)
  facet 8852: (0,0) (2,0) (2,1) (2,2) (3,2) (3,3) (3,4) (4,4) (4,5) (5,5) (6,5)
  facet 8853: (0,0) (0,1) (2,1) (3,1) (3,2) (3,3) (3,4) (4,4) (4,5) (5,5) (6,5)
  facet 8854: (0,0) (2,0) (2,1) (3,1) (3,2) (3,3) (3,4) (4,4) (4,5) (5,5) (6,5)
  facet 8855: (0,0) (2,0) (3,0) (3,1) (3,2) (3,3) (3,4) (4,4) (4,5) (5,5) (6,5)
  facet 8856: (0,0) (0,1) (0,2) (0,3) (2,3) (3,3) (4,3) (4,4) (4,5) (5,5) (6,5)
  facet 8857: (0,0) (0,1) (0,2) (2,2) (2,3) (3,3) (4,3) (4,4) (4,5) (5,5) (6,5)
  facet 8858: (0,0) (0,1) (2,1) (2,2) (2,3) (3,3) (4,3) (4,4) (4,5) (5,5) (6,5)
  facet 8859: (0,0) (2,0) (2,1) (2,2) (2,3) (3,3) (4,3) (4,4) (4,5) (5,5) (6,5)
  facet 8860: (0,0) (0,1) (0,2) (2,2) (3,2) (3,3) (4,3) (4,4) (4,5) (5,5) (6,5)
  facet 8861: (0,0) (0,1) (2,1) (2,2) (3,2) (3,3) (4,3) (4,4) (4,5) (5,5) (6,5)
  facet 8862: (0,0) (2,0) (2,1) (2,2) (3,2) (3,3) (4,3) (4,4) (4,5) (5,5) (6,5)
  facet 8863: (0,0) (0,1) (2,1) (3,1) (3,2) (3,3) (4,3) (4,4) (4,5) (5,5) (6,5)
  facet 8864: (0,0) (2,0) (2,1) (3,1) (3,2) (3,3) (4,3) (4,4) (4,5) (5,5) (6,5)
  facet 8865: (0,0) (2,0) (3,0) (3,1) (3,2) (3,3) (4,3) (4,4) (4,5) (5,5) (6,5)
  facet 8866: (0,0) (0,1) (0,2) (2,2) (3,2) (4,2) (4,3) (4,4) (4,5) (5,5) (6,5)
  facet 8867: (0,0) (0,1) (2,1) (2,2) (3,2) (4,2) (4,3) (4,4) (4,5) (5,5) (6,5)
  facet 8868: (0,0) (2,0) (2,1) (2,2) (3,2) (4,2) (4,3) (4,4) (4,5) (5,5) (6,5)
  facet 8869: (0,0) (0,1) (2,1) (3,1) (3,2) (4,2) (4,3) (4,4) (4,5) (5,5) (6,5)
  facet 8870: (0,0) (2,0) (2,1) (3,1) (3,2) (4,2) (4,3) (4,4) (4,5) (5,5) (6,5)
  facet 8871: (0,0) (2,0) (3,0) (3,1) (3,2) (4,2) (4,3) (4,4) (4,5) (5,5) (6,5)
  facet 8872: (0,0) (0,1) (2,1) (3,1) (4,1) (4,2) (4,3) (4,4) (4,5) (5,5) (6,5)
  facet 8873: (0,0) (2,0) (2,1) (3,1) (4,1) (4,2) (4,3) (4,4) (4,5) (5,5) (6,5)
  facet 8874: (0,0) (2,0) (3,0) (3,1) (4,1) (4,2) (4,3) (4,4) (4,5) (5,5) (6,5)
  facet 8875: (0,0) (2,0) (3,0) (4,0) (4,1) (4,2) (4,3) (4,4) (4,5) (5,5) (6,5)
  facet 8876: (0,0) (0,1) (0,2) (0,3) (0,4) (2,4) (3,4) (4,4) (5,4) (5,5) (6,5)
  facet 8877: (0,0) (0,1) (0,2) (0,3) (2,3) (2,4) (3,4) (4,4) (5,4) (5,5) (6,5)
  facet 8878: (0,0) (0,1) (0,2) (2,2) (2,3) (2,4) (3,4) (4,4) (5,4) (5,5) (6,5)
  facet 8879: (0,0) (0,1) (2,1) (2,2) (2,3) (2,4) (3,4) (4,4) (5,4) (5,5) (6,5)
  facet 8880: (0,0) (2,0) (2,1) (2,2) (2,3) (2,4) (3,4) (4,4) (5,4) (5,5) (6,5)
  facet 8881: (0,0) (0,1) (0,2) (0,3) (2,3) (3,3) (3,4) (4,4) (5,4) (5,5) (6,5)
  facet 8882: (0,0) (0,1) (0,2) (2,2) (2,3) (3,3) (3,4) (4,4) (5,4) (5,5) (6,5)
  facet 8883: (0,0) (0,1) (2,1) (2,2) (2,3) (3,3) (3,4) (4,4) (5,4) (5,5) (6,5)
  facet 8884: (0,0) (2,0) (2,1) (2,2) (2,3) (3,3) (3,4) (4,4) (5,4) (5,5) (6,5)
  facet 8885: (0,0) (0,1) (0,2) (2,2) (3,2) (3,3) (3,4) (4,4) (5,4) (5,5) (6,5)
  facet 8886: (0,0) (0,1) (2,1) (2,2) (3,2) (3,3) (3,4) (4,4) (5,4) (5,5) (6,5)
  facet 8887: (0,0) (2,0) (2,1) (2,2) (3,2) (3,3) (3,4) (4,4) (5,4) (5,5) (6,5)
  facet 8888: (0,0) (0,1) (2,1) (3,1) (3,2) (3,3) (3,4) (4,4) (5,4) (5,5) (6,5)
  facet 8889: (0,0) (2,0) (2,1) (3,1) (3,2) (3,3) (3,4) (4,4) (5,4) (5,5) (6,5)
  facet 8890: (0,0) (2,0) (3,0) (3,1) (3,2) (3,3) (3,4) (4,4) (5,4) (5,5) (6,5)
  facet 8891: (0,0) (0,1) (0,2) (0,3) (2,3) (3,3) (4,3) (4,4) (5,4) (5,5) (6,5)
  facet 8892: (0,0) (0,1) (0,2) (2,2) (2,3) (3,3) (4,3) (4,4) (5,4) (5,5) (6,5)
  facet 8893: (0,0) (0,1) (2,1) (2,2) (2,3) (3,3) (4,3) (4,4) (5,4) (5,5) (6,5)
  facet 8894: (0,0) (2,0) (2,1) (2,2) (2,3) (3,3) (4,3) (4,4) (5,4) (5,5) (6,5)
  facet 8895: (0,0) (0,1) (0,2) (2,2) (3,2) (3,3) (4,3) (4,4) (5,4) (5,5) (6,5)
  facet 8896: (0,0) (0,1) (2,1) (2,2) (3,2) (3,3) (4,3) (4,4) (5,4) (5,5) (6,5)
  facet 8897: (0,0) (2,0) (2,1) (2,2) (3,2) (3,3) (4,3) (4,4) (5,4) (5,5) (6,5)
  facet 8898: (0,0) (0,1) (2,1) (3,1) (3,2) (3,3) (4,3) (4,4) (5,4) (5,5) (6,5)
  facet 8899: (0,0) (2,0) (2,1) (3,1) (3,2) (3,3) (4,3) (4,4) (5,4) (5,5) (6,5)
  facet 8900: (0,0) (2,0) (3,0) (3,1) (3,2) (3,3) (4,3) (4,4) (5,4) (5,5) (6,5)
  facet 8901: (0,0) (0,1) (0,2) (2,2) (3,2) (4,2) (4,3) (4,4) (5,4) (5,5) (6,5)
  facet 8902: (0,0) (0,1) (2,1) (2,2) (3,2) (4,2) (4,3) (4,4) (5,4) (5,5) (6,5)
  facet 8903: (0,0) (2,0) (2,1) (2,2) (3,2) (4,2) (4,3) (4,4) (5,4) (5,5) (6,5)
  facet 8904: (0,0) (0,1) (2,1) (3,1) (3,2) (4,2) (4,3) (4,4) (5,4) (5,5) (6,5)
  facet 8905: (0,0) (2,0) (2,1) (3,1) (3,2) (4,2) (4,3) (4,4) (5,4) (5,5) (6,5)
  facet 8906: (0,0) (2,0) (3,0) (3,1) (3,2) (4,2) (4,3) (4,4) (5,4) (5,5) (6,5)
  facet 8907: (0,0) (0,1) (2,1) (3,1) (4,1) (4,2) (4,3) (4,4) (5,4) (5,5) (6,5)
  facet 8908: (0,0) (2,0) (2,1) (3,1) (4,1) (4,2) (4,3) (4,4) (5,4) (5,5) (6,5)
  facet 8909: (0,0) (2,0) (3,0) (3,1) (4,1) (4,2) (4,3) (4,4) (5,4) (5,5) (6,5)
  facet 8910: (0,0) (2,0) (3,0) (4,0) (4,1) (4,2) (4,3) (4,4) (5,4) (5,5) (6,5)
  facet 8911: (0,0) (0,1) (0,2) (0,3) (2,3) (3,3) (4,3) (5,3) (5,4) (5,5) (6,5)
  facet 8912: (0,0) (0,1) (0,2) (2,2) (2,3) (3,3) (4,3) (5,3) (5,4) (5,5) (6,5)
  facet 8913: (0,0) (0,1) (2,1) (2,2) (2,3) (3,3) (4,3) (5,3) (5,4) (5,5) (6,5)
  facet 8914: (0,0) (2,0) (2,1) (2,2) (2,3) (3,3) (4,3) (5,3) (5,4) (5,5) (6,5)
  facet 8915: (0,0) (0,1) (0,2) (2,2) (3,2) (3,3) (4,3) (5,3) (5,4) (5,5) (6,5)
  facet 8916: (0,0) (0,1) (2,1) (2,2) (3,2) (3,3) (4,3) (5,3) (5,4) (5,5) (6,5)
  facet 8917: (0,0) (2,0) (2,1) (2,2) (3,2) (3,3) (4,3) (5,3) (5,4) (5,5) (6,5)
  facet 8918: (0,0) (0,1) (2,1) (3,1) (3,2) (3,3) (4,3) (5,3) (5,4) (5,5) (6,5)
  facet 8919: (0,0) (2,0) (2,1) (3,1) (3,2) (3,3) (4,3) (5,3) (5,4) (5,5) (6,5)
  facet 8920: (0,0) (2,0) (3,0) (3,1) (3,2) (3,3) (4,3) (5,3) (5,4) (5,5) (6,5)
  facet 8921: (0,0) (0,1) (0,2) (2,2) (3,2) (4,2) (4,3) (5,3) (5,4) (5,5) (6,5)
  facet 8922: (0,0) (0,1) (2,1) (2,2) (3,2) (4,2) (4,3) (5,3) (5,4) (5,5) (6,5)
  facet 8923: (0,0) (2,0) (2,1) (2,2) (3,2) (4,2) (4,3) (5,3) (5,4) (5,5) (6,5)
  facet 8924: (0,0) (0,1) (2,1) (3,1) (3,2) (4,2) (4,3) (5,3) (5,4) (5,5) (6,5)
  facet 8925: (0,0) (2,0) (2,1) (3,1) (3,2) (4,2) (4,3) (5,3) (5,4) (5,5) (6,5)
  facet 8926: (0,0) (2,0) (3,0) (3,1) (3,2) (4,2) (4,3) (5,3) (5,4) (5,5) (6,5)
  facet 8927: (0,0) (0,1) (2,1) (3,1) (4,1) (4,2) (4,3) (5,3) (5,4) (5,5) (6,5)
  facet 8928: (0,0) (2,0) (2,1) (3,1) (4,1) (4,2) (4,3) (5,3) (5,4) (5,5) (6,5)
  facet 8929: (0,0) (2,0) (3,0) (3,1) (4,1) (4,2) (4,3) (5,3) (5,4) (5,5) (6,5)
  facet 8930: (0,0) (2,0) (3,0) (4,0) (4,1) (4,2) (4,3) (5,3) (5,4) (5,5) (6,5)
  facet 8931: (0,0) (0,1) (0,2) (2,2) (3,2) (4,2) (5,2) (5,3) (5,4) (5,5) (6,5)
  facet 8932: (0,0) (0,1) (2,1) (2,2) (3,2) (4,2) (5,2) (5,3) (5,4) (5,5) (6,5)
  facet 8933: (0,0) (2,0) (2,1) (2,2) (3,2) (4,2) (5,2) (5,3) (5,4) (5,5) (6,5)
  facet 8934: (0,0) (0,1) (2,1) (3,1) (3,2) (4,2) (5,2) (5,3) (5,4) (5,5) (6,5)
  facet 8935: (0,0) (2,0) (2,1) (3,1) (3,2) (4,2) (5,2) (5,3) (5,4) (5,5) (6,5)
  facet 8936: (0,0) (2,0) (3,0) (3,1) (3,2) (4,2) (5,2) (5,3) (5,4) (5,5) (6,5)
  facet 8937: (0,0) (0,1) (2,1) (3,1) (4,1) (4,2) (5,2) (5,3) (5,4) (5,5) (6,5)
  facet 8938: (0,0) (2,0) (2,1) (3,1) (4,1) (4,2) (5,2) (5,3) (5,4) (5,5) (6,5)
  facet 8939: (0,0) (2,0) (3,0) (3,1) (4,1) (4,2) (5,2) (5,3) (5,4) (5,5) (6,5)
  facet 8940: (0,0) (2,0) (3,0) (4,0) (4,1) (4,2) (5,2) (5,3) (5,4) (5,5) (6,5)
  facet 8941: (0,0) (0,1) (2,1) (3,1) (4,1) (5,1) (5,2) (5,3) (5,4) (5,5) (6,5)
  facet 8942: (0,0) (2,0) (2,1) (3,1) (4,1) (5,1) (5,2) (5,3) (5,4) (5,5) (6,5)
  facet 8943: (0,0) (2,0) (3,0) (3,1) (4,1) (5,1) (5,2) (5,3) (5,4) (5,5) (6,5)
  facet 8944: (0,0) (2,0) (3,0) (4,0) (4,1) (5,1) (5,2) (5,3) (5,4) (5,5) (6,5)
  facet 8945: (0,0) (2,0) (3,0) (4,0) (5,0) (5,1) (5,2) (5,3) (5,4) (5,5) (6,5)
  facet 8946: (0,0) (0,1) (0,2) (0,3) (0,4) (2,4) (3,4) (4,4) (5,4) (6,4) (6,5)
  facet 8947: (0,0) (0,1) (0,2) (0,3) (2,3) (2,4) (3,4) (4,4) (5,4) (6,4) (6,5)
  facet 8948: (0,0) (0,1) (0,2) (2,2) (2,3) (2,4) (3,4) (4,4) (5,4) (6,4) (6,5)
  facet 8949: (0,0) (0,1) (2,1) (2,2) (2,3) (2,4) (3,4) (4,4) (5,4) (6,4) (6,5)
  facet 8950: (0,0) (2,0) (2,1) (2,2) (2,3) (2,4) (3,4) (4,4) (5,4) (6,4) (6,5)
  facet 8951: (0,0) (0,1) (0,2) (0,3) (2,3) (3,3) (3,4) (4,4) (5,4) (6,4) (6,5)
  facet 8952: (0,0) (0,1) (0,2) (2,2) (2,3) (3,3) (3,4) (4,4) (5,4) (6,4) (6,5)
  facet 8953: (0,0) (0,1) (2,1) (2,2) (2,3) (3,3) (3,4) (4,4) (5,4) (6,4) (6,5)
  facet 8954: (0,0) (2,0) (2,1) (2,2) (2,3) (3,3) (3,4) (4,4) (5,4) (6,4) (6,5)
  facet 8955: (0,0) (0,1) (0,2) (2,2) (3,2) (3,3) (3,4) (4,4) (5,4) (6,4) (6,5)
  facet 8956: (0,0) (0,1) (2,1) (2,2) (3,2) (3,3) (3,4) (4,4) (5,4) (6,4) (6,5)
  facet 8957: (0,0) (2,0) (2,1) (2,2) (3,2) (3,3) (3,4) (4,4) (5,4) (6,4) (6,5)
  facet 8958: (0,0) (0,1) (2,1) (3,1) (3,2) (3,3) (3,4) (4,4) (5,4) (6,4) (6,5)
  facet 8959: (0,0) (2,0) (2,1) (3,1) (3,2) (3,3) (3,4) (4,4) (5,4) (6,4) (6,5)
  facet 8960: (0,0) (2,0) (3,0) (3,1) (3,2) (3,3) (3,4) (4,4) (5,4) (6,4) (6,5)
  facet 8961: (0,0) (0,1) (0,2) (0,3) (2,3) (3,3) (4,3) (4,4) (5,4) (6,4) (6,5)
  facet 8962: (0,0) (0,1) (0,2) (2,2) (2,3) (3,3) (4,3) (4,4) (5,4) (6,4) (6,5)
  facet 8963: (0,0) (0,1) (2,1) (2,2) (2,3) (3,3) (4,3) (4,4) (5,4) (6,4) (6,5)
  facet 8964: (0,0) (2,0) (2,1) (2,2) (2,3) (3,3) (4,3) (4,4) (5,4) (6,4) (6,5)
  facet 8965: (0,0) (0,1) (0,2) (2,2) (3,2) (3,3) (4,3) (4,4) (5,4) (6,4) (6,5)
  facet 8966: (0,0) (0,1) (2,1) (2,2) (3,2) (3,3) (4,3) (4,4) (5,4) (6,4) (6,5)
  facet 8967: (0,0) (2,0) (2,1) (2,2) (3,2) (3,3) (4,3) (4,4) (5,4) (6,4) (6,5)
  facet 8968: (0,0) (0,1) (2,1) (3,1) (3,2) (3,3) (4,3) (4,4) (5,4) (6,4) (6,5)
  facet 8969: (0,0) (2,0) (2,1) (3,1) (3,2) (3,3) (4,3) (4,4) (5,4) (6,4) (6,5)
  facet 8970: (0,0) (2,0) (3,0) (3,1) (3,2) (3,3) (4,3) (4,4) (5,4) (6,4) (6,5)
  facet 8971: (0,0) (0,1) (0,2) (2,2) (3,2) (4,2) (4,3) (4,4) (5,4) (6,4) (6,5)
  facet 8972: (0,0) (0,1) (2,1) (2,2) (3,2) (4,2) (4,3) (4,4) (5,4) (6,4) (6,5)
  facet 8973: (0,0) (2,0) (2,1) (2,2) (3,2) (4,2) (4,3) (4,4) (5,4) (6,4) (6,5)
  facet 8974: (0,0) (0,1) (2,1) (3,1) (3,2) (4,2) (4,3) (4,4) (5,4) (6,4) (6,5)
  facet 8975: (0,0) (2,0) (2,1) (3,1) (3,2) (4,2) (4,3) (4,4) (5,4) (6,4) (6,5)
  facet 8976: (0,0) (2,0) (3,0) (3,1) (3,2) (4,2) (4,3) (4,4) (5,4) (6,4) (6,5)
  facet 8977: (0,0) (0,1) (2,1) (3,1) (4,1) (4,2) (4,3) (4,4) (5,4) (6,4) (6,5)
  facet 8978: (0,0) (2,0) (2,1) (3,1) (4,1) (4,2) (4,3) (4,4) (5,4) (6,4) (6,5)
  facet 8979: (0,0) (2,0) (3,0) (3,1) (4,1) (4,2) (4,3) (4,4) (5,4) (6,4) (6,5)
  facet 8980: (0,0) (2,0) (3,0) (4,0) (4,1) (4,2) (4,3) (4,4) (5,4) (6,4) (6,5)
  facet 8981: (0,0) (0,1) (0,2) (0,3) (2,3) (3,3) (4,3) (5,3) (5,4) (6,4) (6,5)
  facet 8982: (0,0) (0,1) (0,2) (2,2) (2,3) (3,3) (4,3) (5,3) (5,4) (6,4) (6,5)
  facet 8983: (0,0) (0,1) (2,1) (2,2) (2,3) (3,3) (4,3) (5,3) (5,4) (6,4) (6,5)
  facet 8984: (0,0) (2,0) (2,1) (2,2) (2,3) (3,3) (4,3) (5,3) (5,4) (6,4) (6,5)
  facet 8985: (0,0) (0,1) (0,2) (2,2) (3,2) (3,3) (4,3) (5,3) (5,4) (6,4) (6,5)
  facet 8986: (0,0) (0,1) (2,1) (2,2) (3,2) (3,3) (4,3) (5,3) (5,4) (6,4) (6,5)
  facet 8987: (0,0) (2,0) (2,1) (2,2) (3,2) (3,3) (4,3) (5,3) (5,4) (6,4) (6,5)
  facet 8988: (0,0) (0,1) (2,1) (3,1) (3,2) (3,3) (4,3) (5,3) (5,4) (6,4) (6,5)
  facet 8989: (0,0) (2,0) (2,1) (3,1) (3,2) (3,3) (4,3) (5,3) (5,4) (6,4) (6,5)
  facet 8990: (0,0) (2,0) (3,0) (3,1) (3,2) (3,3) (4,3) (5,3) (5,4) (6,4) (6,5)
  facet 8991: (0,0) (0,1) (0,2) (2,2) (3,2) (4,2) (4,3) (5,3) (5,4) (6,4) (6,5)
  facet 8992: (0,0) (0,1) (2,1) (2,2) (3,2) (4,2) (4,3) (5,3) (5,4) (6,4) (6,5)
  facet 8993: (0,0) (2,0) (2,1) (2,2) (3,2) (4,2) (4,3) (5,3) (5,4) (6,4) (6,5)
  facet 8994: (0,0) (0,1) (2,1) (3,1) (3,2) (4,2) (4,3) (5,3) (5,4) (6,4) (6,5)
  facet 8995: (0,0) (2,0) (2,1) (3,1) (3,2) (4,2) (4,3) (5,3) (5,4) (6,4) (6,5)
  facet 8996: (0,0) (2,0) (3,0) (3,1) (3,2) (4,2) (4,3) (5,3) (5,4) (6,4) (6,5)
  facet 8997: (0,0) (0,1) (2,1) (3,1) (4,1) (4,2) (4,3) (5,3) (5,4) (6,4) (6,5)
  facet 8998: (0,0) (2,0) (2,1) (3,1) (4,1) (4,2) (4,3) (5,3) (5,4) (6,4) (6,5)
  facet 8999: (0,0) (2,0) (3,0) (3,1) (4,1) (4,2) (4,3) (5,3) (5,4) (6,4) (6,5)
  facet 9000: (0,0) (2,0) (3,0) (4,0) (4,1) (4,2) (4,3) (5,3) (5,4) (6,4) (6,5)
  facet 9001: (0,0) (0,1) (0,2) (2,2) (3,2) (4,2) (5,2) (5,3) (5,4) (6,4) (6,5)
  facet 9002: (0,0) (0,1) (2,1) (2,2) (3,2) (4,2) (5,2) (5,3) (5,4) (6,4) (6,5)
  facet 9003: (0,0) (2,0) (2,1) (2,2) (3,2) (4,2) (5,2) (5,3) (5,4) (6,4) (6,5)
  facet 9004: (0,0) (0,1) (2,1) (3,1) (3,2) (4,2) (5,2) (5,3) (5,4) (6,4) (6,5)
  facet 9005: (0,0) (2,0) (2,1) (3,1) (3,2) (4,2) (5,2) (5,3) (5,4) (6,4) (6,5)
  facet 9006: (0,0) (2,0) (3,0) (3,1) (3,2) (4,2) (5,2) (5,3) (5,4) (6,4) (6,5)
  facet 9007: (0,0) (0,1) (2,1) (3,1) (4,1) (4,2) (5,2) (5,3) (5,4) (6,4) (6,5)
  facet 9008: (0,0) (2,0) (2,1) (3,1) (4,1) (4,2) (5,2) (5,3) (5,4) (6,4) (6,5)
  facet 9009: (0,0) (2,0) (3,0) (3,1) (4,1) (4,2) (5,2) (5,3) (5,4) (6,4) (6,5)
  facet 9010: (0,0) (2,0) (3,0) (4,0) (4,1) (4,2) (5,2) (5,3) (5,4) (6,4) (6,5)
  facet 9011: (0,0) (0,1) (2,1) (3,1) (4,1) (5,1) (5,2) (5,3) (5,4) (6,4) (6,5)
  facet 9012: (0,0) (2,0) (2,1) (3,1) (4,1) (5,1) (5,2) (5,3) (5,4) (6,4) (6,5)
  facet 9013: (0,0) (2,0) (3,0) (3,1) (4,1) (5,1) (5,2) (5,3) (5,4) (6,4) (6,5)
  facet 9014: (0,0) (2,0) (3,0) (4,0) (4,1) (5,1) (5,2) (5,3) (5,4) (6,4) (6,5)
  facet 9015: (0,0) (2,0) (3,0) (4,0) (5,0) (5,1) (5,2) (5,3) (5,4) (6,4) (6,5)
  facet 9016: (0,0) (0,1) (0,2) (0,3) (2,3) (3,3) (4,3) (5,3) (6,3) (6,4) (6,5)
  facet 9017: (0,0) (0,1) (0,2) (2,2) (2,3) (3,3) (4,3) (5,3) (6,3) (6,4) (6,5)
  facet 9018: (0,0) (0,1) (2,1) (2,2) (2,3) (3,3) (4,3) (5,3) (6,3) (6,4) (6,5)
  facet 9019: (0,0) (2,0) (2,1) (2,2) (2,3) (3,3) (4,3) (5,3) (6,3) (6,4) (6,5)
  facet 9020: (0,0) (0,1) (0,2) (2,2) (3,2) (3,3) (4,3) (5,3) (6,3) (6,4) (6,5)
  facet 9021: (0,0) (0,1) (2,1) (2,2) (3,2) (3,3) (4,3) (5,3) (6,3) (6,4) (6,5)
  facet 9022: (0,0) (2,0) (2,1) (2,2) (3,2) (3,3) (4,3) (5,3) (6,3) (6,4) (6,5)
  facet 9023: (0,0) (0,1) (2,1) (3,1) (3,2) (3,3) (4,3) (5,3) (6,3) (6,4) (6,5)
  facet 9024: (0,0) (2,0) (2,1) (3,1) (3,2) (3,3) (4,3) (5,3) (6,3) (6,4) (6,5)
  facet 9025: (0,0) (2,0) (3,0) (3,1) (3,2) (3,3) (4,3) (5,3) (6,3) (6,4) (6,5)
  facet 9026: (0,0) (0,1) (0,2) (2,2) (3,2) (4,2) (4,3) (5,3) (6,3) (6,4) (6,5)
  facet 9027: (0,0) (0,1) (2,1) (2,2) (3,2) (4,2) (4,3) (5,3) (6,3) (6,4) (6,5)
  facet 9028: (0,0) (2,0) (2,1) (2,2) (3,2) (4,2) (4,3) (5,3) (6,3) (6,4) (6,5)
  facet 9029: (0,0) (0,1) (2,1) (3,1) (3,2) (4,2) (4,3) (5,3) (6,3) (6,4) (6,5)
  facet 9030: (0,0) (2,0) (2,1) (3,1) (3,2) (4,2) (4,3) (5,3) (6,3) (6,4) (6,5)
  facet 9031: (0,0) (2,0) (3,0) (3,1) (3,2) (4,2) (4,3) (5,3) (6,3) (6,4) (6,5)
  facet 9032: (0,0) (0,1) (2,1) (3,1) (4,1) (4,2) (4,3) (5,3) (6,3) (6,4) (6,5)
  facet 9033: (0,0) (2,0) (2,1) (3,1) (4,1) (4,2) (4,3) (5,3) (6,3) (6,4) (6,5)
  facet 9034: (0,0) (2,0) (3,0) (3,1) (4,1) (4,2) (4,3) (5,3) (6,3) (6,4) (6,5)
  facet 9035: (0,0) (2,0) (3,0) (4,0) (4,1) (4,2) (4,3) (5,3) (6,3) (6,4) (6,5)
  facet 9036: (0,0) (0,1) (0,2) (2,2) (3,2) (4,2) (5,2) (5,3) (6,3) (6,4) (6,5)
  facet 9037: (0,0) (0,1) (2,1) (2,2) (3,2) (4,2) (5,2) (5,3) (6,3) (6,4) (6,5)
  facet 9038: (0,0) (2,0) (2,1) (2,2) (3,2) (4,2) (5,2) (5,3) (6,3) (6,4) (6,5)
  facet 9039: (0,0) (0,1) (2,1) (3,1) (3,2) (4,2) (5,2) (5,3) (6,3) (6,4) (6,5)
  facet 9040: (0,0) (2,0) (2,1) (3,1) (3,2) (4,2) (5,2) (5,3) (6,3) (6,4) (6,5)
  facet 9041: (0,0) (2,0) (3,0) (3,1) (3,2) (4,2) (5,2) (5,3) (6,3) (6,4) (6,5)
  facet 9042: (0,0) (0,1) (2,1) (3,1) (4,1) (4,2) (5,2) (5,3) (6,3) (6,4) (6,5)
  facet 9043: (0,0) (2,0) (2,1) (3,1) (4,1) (4,2) (5,2) (5,3) (6,3) (6,4) (6,5)
  facet 9044: (0,0) (2,0) (3,0) (3,1) (4,1) (4,2) (5,2) (5,3) (6,3) (6,4) (6,5)
  facet 9045: (0,0) (2,0) (3,0) (4,0) (4,1) (4,2) (5,2) (5,3) (6,3) (6,4) (6,5)
  facet 9046: (0,0) (0,1) (2,1) (3,1) (4,1) (5,1) (5,2) (5,3) (6,3) (6,4) (6,5)
  facet 9047: (0,0) (2,0) (2,1) (3,1) (4,1) (5,1) (5,2) (5,3) (6,3) (6,4) (6,5)
  facet 9048: (0,0) (2,0) (3,0) (3,1) (4,1) (5,1) (5,2) (5,3) (6,3) (6,4) (6,5)
  facet 9049: (0,0) (2,0) (3,0) (4,0) (4,1) (5,1) (5,2) (5,3) (6,3) (6,4) (6,5)
  facet 9050: (0,0) (2,0) (3,0) (4,0) (5,0) (5,1) (5,2) (5,3) (6,3) (6,4) (6,5)
  facet 9051: (0,0) (0,1) (0,2) (2,2) (3,2) (4,2) (5,2) (6,2) (6,3) (6,4) (6,5)
  facet 9052: (0,0) (0,1) (2,1) (2,2) (3,2) (4,2) (5,2) (6,2) (6,3) (6,4) (6,5)
  facet 9053: (0,0) (2,0) (2,1) (2,2) (3,2) (4,2) (5,2) (6,2) (6,3) (6,4) (6,5)
  facet 9054: (0,0) (0,1) (2,1) (3,1) (3,2) (4,2) (5,2) (6,2) (6,3) (6,4) (6,5)
  facet 9055: (0,0) (2,0) (2,1) (3,1) (3,2) (4,2) (5,2) (6,2) (6,3) (6,4) (6,5)
  facet 9056: (0,0) (2,0) (3,0) (3,1) (3,2) (4,2) (5,2) (6,2) (6,3) (6,4) (6,5)
  facet 9057: (0,0) (0,1) (2,1) (3,1) (4,1) (4,2) (5,2) (6,2) (6,3) (6,4) (6,5)
  facet 9058: (0,0) (2,0) (2,1) (3,1) (4,1) (4,2) (5,2) (6,2) (6,3) (6,4) (6,5)
  facet 9059: (0,0) (2,0) (3,0) (3,1) (4,1) (4,2) (5,2) (6,2) (6,3) (6,4) (6,5)
  facet 9060: (0,0) (2,0) (3,0) (4,0) (4,1) (4,2) (5,2) (6,2) (6,3) (6,4) (6,5)
  facet 9061: (0,0) (0,1) (2,1) (3,1) (4,1) (5,1) (5,2) (6,2) (6,3) (6,4) (6,5)
  facet 9062: (0,0) (2,0) (2,1) (3,1) (4,1) (5,1) (5,2) (6,2) (6,3) (6,4) (6,5)
  facet 9063: (0,0) (2,0) (3,0) (3,1) (4,1) (5,1) (5,2) (6,2) (6,3) (6,4) (6,5)
  facet 9064: (0,0) (2,0) (3,0) (4,0) (4,1) (5,1) (5,2) (6,2) (6,3) (6,4) (6,5)
  facet 9065: (0,0) (2,0) (3,0) (4,0) (5,0) (5,1) (5,2) (6,2) (6,3) (6,4) (6,5)
  facet 9066: (0,0) (0,1) (2,1) (3,1) (4,1) (5,1) (6,1) (6,2) (6,3) (6,4) (6,5)
  facet 9067: (0,0) (2,0) (2,1) (3,1) (4,1) (5,1) (6,1) (6,2) (6,3) (6,4) (6,5)
  facet 9068: (0,0) (2,0) (3,0) (3,1) (4,1) (5,1) (6,1) (6,2) (6,3) (6,4) (6,5)
  facet 9069: (0,0) (2,0) (3,0) (4,0) (4,1) (5,1) (6,1) (6,2) (6,3) (6,4) (6,5)
  facet 9070: (0,0) (2,0) (3,0) (4,0) (5,0) (5,1) (6,1) (6,2) (6,3) (6,4) (6,5)
  facet 9071: (0,0) (2,0) (3,0) (4,0) (5,0) (6,0) (6,1) (6,2) (6,3) (6,4) (6,5)
  facet 9072: (0,0) (0,1) (0,2) (0,3) (0,4) (0,6) (2,6) (3,6) (4,6) (5,6) (6,6)
  facet 9073: (0,0) (0,1) (0,2) (0,3) (0,4) (2,4) (2,6) (3,6) (4,6) (5,6) (6,6)
  facet 9074: (0,0) (0,1) (0,2) (0,3) (2,3) (2,4) (2,6) (3,6) (4,6) (5,6) (6,6)
  facet 9075: (0,0) (0,1) (0,2) (2,2) (2,3) (2,4) (2,6) (3,6) (4,6) (5,6) (6,6)
  facet 9076: (0,0) (0,1) (2,1) (2,2) (2,3) (2,4) (2,6) (3,6) (4,6) (5,6) (6,6)
  facet 9077: (0,0) (2,0) (2,1) (2,2) (2,3) (2,4) (2,6) (3,6) (4,6) (5,6) (6,6)
  facet 9078: (0,0) (0,1) (0,2) (0,3) (0,4) (2,4) (3,4) (3,6) (4,6) (5,6) (6,6)
  facet 9079: (0,0) (0,1) (0,2) (0,3) (2,3) (2,4) (3,4) (3,6) (4,6) (5,6) (6,6)
  facet 9080: (0,0) (0,1) (0,2) (2,2) (2,3) (2,4) (3,4) (3,6) (4,6) (5,6) (6,6)
  facet 9081: (0,0) (0,1) (2,1) (2,2) (2,3) (2,4) (3,4) (3,6) (4,6) (5,6) (6,6)
  facet 9082: (0,0) (2,0) (2,1) (2,2) (2,3) (2,4) (3,4) (3,6) (4,6) (5,6) (6,6)
  facet 9083: (0,0) (0,1) (0,2) (0,3) (2,3) (3,3) (3,4) (3,6) (4,6) (5,6) (6,6)
  facet 9084: (0,0) (0,1) (0,2) (2,2) (2,3) (3,3) (3,4) (3,6) (4,6) (5,6) (6,6)
  facet 9085: (0,0) (0,1) (2,1) (2,2) (2,3) (3,3) (3,4) (3,6) (4,6) (5,6) (6,6)
  facet 9086: (0,0) (2,0) (2,1) (2,2) (2,3) (3,3) (3,4) (3,6) (4,6) (5,6) (6,6)
  facet 9087: (0,0) (0,1) (0,2) (2,2) (3,2) (3,3) (3,4) (3,6) (4,6) (5,6) (6,6)
  facet 9088: (0,0) (0,1) (2,1) (2,2) (3,2) (3,3) (3,4) (3,6) (4,6) (5,6) (6,6)
  facet 9089: (0,0) (2,0) (2,1) (2,2) (3,2) (3,3) (3,4) (3,6) (4,6) (5,6) (6,6)
  facet 9090: (0,0) (0,1) (2,1) (3,1) (3,2) (3,3) (3,4) (3,6) (4,6) (5,6) (6,6)
  facet 9091: (0,0) (2,0) (2,1) (3,1) (3,2) (3,3) (3,4) (3,6) (4,6) (5,6) (6,6)
  facet 9092: (0,0) (2,0) (3,0) (3,1) (3,2) (3,3) (3,4) (3,6) (4,6) (5,6) (6,6)
  facet 9093: (0,0) (0,1) (0,2) (0,3) (0,4) (2,4) (3,4) (4,4) (4,6) (5,6) (6,6)
  facet 9094: (0,0) (0,1) (0,2) (0,3) (2,3) (2,4) (3,4) (4,4) (4,6) (5,6) (6,6)
  facet 9095: (0,0) (0,1) (0,2) (2,2) (2,3) (2,4) (3,4) (4,4) (4,6) (5,6) (6,6)
  facet 9096: (0,0) (0,1) (2,1) (2,2) (2,3) (2,4) (3,4) (4,4) (4,6) (5,6) (6,6)
  facet 9097: (0,0) (2,0) (2,1) (2,2) (2,3) (2,4) (3,4) (4,4) (4,6) (5,6) (6,6)
  facet 9098: (0,0) (0,1) (0,2) (0,3) (2,3) (3,3) (3,4) (4,4) (4,6) (5,6) (6,6)
  facet 9099: (0,0) (0,1) (0,2) (2,2) (2,3) (3,3) (3,4) (4,4) (4,6) (5,6) (6,6)
  facet 9100: (0,0) (0,1) (2,1) (2,2) (2,3) (3,3) (3,4) (4,4) (4,6) (5,6) (6,6)
  facet 9101: (0,0) (2,0) (2,1) (2,2) (2,3) (3,3) (3,4) (4,4) (4,6) (5,6) (6,6)
  facet 9102: (0,0) (0,1) (0,2) (2,2) (3,2) (3,3) (3,4) (4,4) (4,6) (5,6) (6,6)
  facet 9103: (0,0) (0,1) (2,1) (2,2) (3,2) (3,3) (3,4) (4,4) (4,6) (5,6) (6,6)
  facet 9104: (0,0) (2,0) (2,1) (2,2) (3,2) (3,3) (3,4) (4,4) (4,6) (5,6) (6,6)
  facet 9105: (0,0) (0,1) (2,1) (3,1) (3,2) (3,3) (3,4) (4,4) (4,6) (5,6) (6,6)
  facet 9106: (0,0) (2,0) (2,1) (3,1) (3,2) (3,3) (3,4) (4,4) (4,6) (5,6) (6,6)
  facet 9107: (0,0) (2,0) (3,0) (3,1) (3,2) (3,3) (3,4) (4,4) (4,6) (5,6) (6,6)
  facet 9108: (0,0) (0,1) (0,2) (0,3) (2,3) (3,3) (4,3) (4,4) (4,6) (5,6) (6,6)
  facet 9109: (0,0) (0,1) (0,2) (2,2) (2,3) (3,3) (4,3) (4,4) (4,6) (5,6) (6,6)
  facet 9110: (0,0) (0,1) (2,1) (2,2) (2,3) (3,3) (4,3) (4,4) (4,6) (5,6) (6,6)
  facet 9111: (0,0) (2,0) (2,1) (2,2) (2,3) (3,3) (4,3) (4,4) (4,6) (5,6) (6,6)
  facet 9112: (0,0) (0,1) (0,2) (2,2) (3,2) (3,3) (4,3) (4,4) (4,6) (5,6) (6,6)
  facet 9113: (0,0) (0,1) (2,1) (2,2) (3,2) (3,3) (4,3) (4,4) (4,6) (5,6) (6,6)
  facet 9114: (0,0) (2,0) (2,1) (2,2) (3,2) (3,3) (4,3) (4,4) (4,6) (5,6) (6,6)
  facet 9115: (0,0) (0,1) (2,1) (3,1) (3,2) (3,3) (4,3) (4,4) (4,6) (5,6) (6,6)
  facet 9116: (0,0) (2,0) (2,1) (3,1) (3,2) (3,3) (4,3) (4,4) (4,6) (5,6) (6,6)
  facet 9117: (0,0) (2,0) (3,0) (3,1) (3,2) (3,3) (4,3) (4,4) (4,6) (5,6) (6,6)
  facet 9118: (0,0) (0,1) (0,2) (2,2) (3,2) (4,2) (4,3) (4,4) (4,6) (5,6) (6,6)
  facet 9119: (0,0) (0,1) (2,1) (2,2) (3,2) (4,2) (4,3) (4,4) (4,6) (5,6) (6,6)
  facet 9120: (0,0) (2,0) (2,1) (2,2) (3,2) (4,2) (4,3) (4,4) (4,6) (5,6) (6,6)
  facet 9121: (0,0) (0,1) (2,1) (3,1) (3,2) (4,2) (4,3) (4,4) (4,6) (5,6) (6,6)
  facet 9122: (0,0) (2,0) (2,1) (3,1) (3,2) (4,2) (4,3) (4,4) (4,6) (5,6) (6,6)
  facet 9123: (0,0) (2,0) (3,0) (3,1) (3,2) (4,2) (4,3) (4,4) (4,6) (5,6) (6,6)
  facet 9124: (0,0) (0,1) (2,1) (3,1) (4,1) (4,2) (4,3) (4,4) (4,6) (5,6) (6,6)
  facet 9125: (0,0) (2,0) (2,1) (3,1) (4,1) (4,2) (4,3) (4,4) (4,6) (5,6) (6,6)
  facet 9126: (0,0) (2,0) (3,0) (3,1) (4,1) (4,2) (4,3) (4,4) (4,6) (5,6) (6,6)
  facet 9127: (0,0) (2,0) (3,0) (4,0) (4,1) (4,2) (4,3) (4,4) (4,6) (5,6) (6,6)
  facet 9128: (0,0) (0,1) (0,2) (0,3) (0,4) (2,4) (3,4) (4,4) (5,4) (5,6) (6,6)
  facet 9129: (0,0) (0,1) (0,2) (0,3) (2,3) (2,4) (3,4) (4,4) (5,4) (5,6) (6,6)
  facet 9130: (0,0) (0,1) (0,2) (2,2) (2,3) (2,4) (3,4) (4,4) (5,4) (5,6) (6,6)
  facet 9131: (0,0) (0,1) (2,1) (2,2) (2,3) (2,4) (3,4) (4,4) (5,4) (5,6) (6,6)
  facet 9132: (0,0) (2,0) (2,1) (2,2) (2,3) (2,4) (3,4) (4,4) (5,4) (5,6) (6,6)
  facet 9133: (0,0) (0,1) (0,2) (0,3) (2,3) (3,3) (3,4) (4,4) (5,4) (5,6) (6,6)
  facet 9134: (0,0) (0,1) (0,2) (2,2) (2,3) (3,3) (3,4) (4,4) (5,4) (5,6) (6,6)
  facet 9135: (0,0) (0,1) (2,1) (2,2) (2,3) (3,3) (3,4) (4,4) (5,4) (5,6) (6,6)
  facet 9136: (0,0) (2,0) (2,1) (2,2) (2,3) (3,3) (3,4) (4,4) (5,4) (5,6) (6,6)
  facet 9137: (0,0) (0,1) (0,2) (2,2) (3,2) (3,3) (3,4) (4,4) (5,4) (5,6) (6,6)
  facet 9138: (0,0) (0,1) (2,1) (2,2) (3,2) (3,3) (3,4) (4,4) (5,4) (5,6) (6,6)
  facet 9139: (0,0) (2,0) (2,1) (2,2) (3,2) (3,3) (3,4) (4,4) (5,4) (5,6) (6,6)
  facet 9140: (0,0) (0,1) (2,1) (3,1) (3,2) (3,3) (3,4) (4,4) (5,4) (5,6) (6,6)
  facet 9141: (0,0) (2,0) (2,1) (3,1) (3,2) (3,3) (3,4) (4,4) (5,4) (5,6) (6,6)
  facet 9142: (0,0) (2,0) (3,0) (3,1) (3,2) (3,3) (3,4) (4,4) (5,4) (5,6) (6,6)
  facet 9143: (0,0) (0,1) (0,2) (0,3) (2,3) (3,3) (4,3) (4,4) (5,4) (5,6) (6,6)
  facet 9144: (0,0) (0,1) (0,2) (2,2) (2,3) (3,3) (4,3) (4,4) (5,4) (5,6) (6,6)
  facet 9145: (0,0) (0,1) (2,1) (2,2) (2,3) (3,3) (4,3) (4,4) (5,4) (5,6) (6,6)
  facet 9146: (0,0) (2,0) (2,1) (2,2) (2,3) (3,3) (4,3) (4,4) (5,4) (5,6) (6,6)
  facet 9147: (0,0) (0,1) (0,2) (2,2) (3,2) (3,3) (4,3) (4,4) (5,4) (5,6) (6,6)
  facet 9148: (0,0) (0,1) (2,1) (2,2) (3,2) (3,3) (4,3) (4,4) (5,4) (5,6) (6,6)
  facet 9149: (0,0) (2,0) (2,1) (2,2) (3,2) (3,3) (4,3) (4,4) (5,4) (5,6) (6,6)
  facet 9150: (0,0) (0,1) (2,1) (3,1) (3,2) (3,3) (4,3) (4,4) (5,4) (5,6) (6,6)
  facet 9151: (0,0) (2,0) (2,1) (3,1) (3,2) (3,3) (4,3) (4,4) (5,4) (5,6) (6,6)
  facet 9152: (0,0) (2,0) (3,0) (3,1) (3,2) (3,3) (4,3) (4,4) (5,4) (5,6) (6,6)
  facet 9153: (0,0) (0,1) (0,2) (2,2) (3,2) (4,2) (4,3) (4,4) (5,4) (5,6) (6,6)
  facet 9154: (0,0) (0,1) (2,1) (2,2) (3,2) (4,2) (4,3) (4,4) (5,4) (5,6) (6,6)
  facet 9155: (0,0) (2,0) (2,1) (2,2) (3,2) (4,2) (4,3) (4,4) (5,4) (5,6) (6,6)
  facet 9156: (0,0) (0,1) (2,1) (3,1) (3,2) (4,2) (4,3) (4,4) (5,4) (5,6) (6,6)
  facet 9157: (0,0) (2,0) (2,1) (3,1) (3,2) (4,2) (4,3) (4,4) (5,4) (5,6) (6,6)
  facet 9158: (0,0) (2,0) (3,0) (3,1) (3,2) (4,2) (4,3) (4,4) (5,4) (5,6) (6,6)
  facet 9159: (0,0) (0,1) (2,1) (3,1) (4,1) (4,2) (4,3) (4,4) (5,4) (5,6) (6,6)
  facet 9160: (0,0) (2,0) (2,1) (3,1) (4,1) (4,2) (4,3) (4,4) (5,4) (5,6) (6,6)
  facet 9161: (0,0) (2,0) (3,0) (3,1) (4,1) (4,2) (4,3) (4,4) (5,4) (5,6) (6,6)
  facet 9162: (0,0) (2,0) (3,0) (4,0) (4,1) (4,2) (4,3) (4,4) (5,4) (5,6) (6,6)
  facet 9163: (0,0) (0,1) (0,2) (0,3) (2,3) (3,3) (4,3) (5,3) (5,4) (5,6) (6,6)
  facet 9164: (0,0) (0,1) (0,2) (2,2) (2,3) (3,3) (4,3) (5,3) (5,4) (5,6) (6,6)
  facet 9165: (0,0) (0,1) (2,1) (2,2) (2,3) (3,3) (4,3) (5,3) (5,4) (5,6) (6,6)
  facet 9166: (0,0) (2,0) (2,1) (2,2) (2,3) (3,3) (4,3) (5,3) (5,4) (5,6) (6,6)
  facet 9167: (0,0) (0,1) (0,2) (2,2) (3,2) (3,3) (4,3) (5,3) (5,4) (5,6) (6,6)
  facet 9168: (0,0) (0,1) (2,1) (2,2) (3,2) (3,3) (4,3) (5,3) (5,4) (5,6) (6,6)
  facet 9169: (0,0) (2,0) (2,1) (2,2) (3,2) (3,3) (4,3) (5,3) (5,4) (5,6) (6,6)
  facet 9170: (0,0) (0,1) (2,1) (3,1) (3,2) (3,3) (4,3) (5,3) (5,4) (5,6) (6,6)
  facet 9171: (0,0) (2,0) (2,1) (3,1) (3,2) (3,3) (4,3) (5,3) (5,4) (5,6) (6,6)
  facet 9172: (0,0) (2,0) (3,0) (3,1) (3,2) (3,3) (4,3) (5,3) (5,4) (5,6) (6,6)
  facet 9173: (0,0) (0,1) (0,2) (2,2) (3,2) (4,2) (4,3) (5,3) (5,4) (5,6) (6,6)
  facet 9174: (0,0) (0,1) (2,1) (2,2) (3,2) (4,2) (4,3) (5,3) (5,4) (5,6) (6,6)
  facet 9175: (0,0) (2,0) (2,1) (2,2) (3,2) (4,2) (4,3) (5,3) (5,4) (5,6) (6,6)
  facet 9176: (0,0) (0,1) (2,1) (3,1) (3,2) (4,2) (4,3) (5,3) (5,4) (5,6) (6,6)
  facet 9177: (0,0) (2,0) (2,1) (3,1) (3,2) (4,2) (4,3) (5,3) (5,4) (5,6) (6,6)
  facet 9178: (0,0) (2,0) (3,0) (3,1) (3,2) (4,2) (4,3) (5,3) (5,4) (5,6) (6,6)
  facet 9179: (0,0) (0,1) (2,1) (3,1) (4,1) (4,2) (4,3) (5,3) (5,4) (5,6) (6,6)
  facet 9180: (0,0) (2,0) (2,1) (3,1) (4,1) (4,2) (4,3) (5,3) (5,4) (5,6) (6,6)
  facet 9181: (0,0) (2,0) (3,0) (3,1) (4,1) (4,2) (4,3) (5,3) (5,4) (5,6) (6,6)
  facet 9182: (0,0) (2,0) (3,0) (4,0) (4,1) (4,2) (4,3) (5,3) (5,4) (5,6) (6,6)
  facet 9183: (0,0) (0,1) (0,2) (2,2) (3,2) (4,2) (5,2) (5,3) (5,4) (5,6) (6,6)
  facet 9184: (0,0) (0,1) (2,1) (2,2) (3,2) (4,2) (5,2) (5,3) (5,4) (5,6) (6,6)
  facet 9185: (0,0) (2,0) (2,1) (2,2) (3,2) (4,2) (5,2) (5,3) (5,4) (5,6) (6,6)
  facet 9186: (0,0) (0,1) (2,1) (3,1) (3,2) (4,2) (5,2) (5,3) (5,4) (5,6) (6,6)
  facet 9187: (0,0) (2,0) (2,1) (3,1) (3,2) (4,2) (5,2) (5,3) (5,4) (5,6) (6,6)
  facet 9188: (0,0) (2,0) (3,0) (3,1) (3,2) (4,2) (5,2) (5,3) (5,4) (5,6) (6,6)
  facet 9189: (0,0) (0,1) (2,1) (3,1) (4,1) (4,2) (5,2) (5,3) (5,4) (5,6) (6,6)
  facet 9190: (0,0) (2,0) (2,1) (3,1) (4,1) (4,2) (5,2) (5,3) (5,4) (5,6) (6,6)
  facet 9191: (0,0) (2,0) (3,0) (3,1) (4,1) (4,2) (5,2) (5,3) (5,4) (5,6) (6,6)
  facet 9192: (0,0) (2,0) (3,0) (4,0) (4,1) (4,2) (5,2) (5,3) (5,4) (5,6) (6,6)
  facet 9193: (0,0) (0,1) (2,1) (3,1) (4,1) (5,1) (5,2) (5,3) (5,4) (5,6) (6,6)
  facet 9194: (0,0) (2,0) (2,1) (3,1) (4,1) (5,1) (5,2) (5,3) (5,4) (5,6) (6,6)
  facet 9195: (0,0) (2,0) (3,0) (3,1) (4,1) (5,1) (5,2) (5,3) (5,4) (5,6) (6,6)
  facet 9196: (0,0) (2,0) (3,0) (4,0) (4,1) (5,1) (5,2) (5,3) (5,4) (5,6) (6,6)
  facet 9197: (0,0) (2,0) (3,0) (4,0) (5,0) (5,1) (5,2) (5,3) (5,4) (5,6) (6,6)
  facet 9198: (0,0) (0,1) (0,2) (0,3) (0,4) (2,4) (3,4) (4,4) (5,4) (6,4) (6,6)
  facet 9199: (0,0) (0,1) (0,2) (0,3) (2,3) (2,4) (3,4) (4,4) (5,4) (6,4) (6,6)
  facet 9200: (0,0) (0,1) (0,2) (2,2) (2,3) (2,4) (3,4) (4,4) (5,4) (6,4) (6,6)
  facet 9201: (0,0) (0,1) (2,1) (2,2) (2,3) (2,4) (3,4) (4,4) (5,4) (6,4) (6,6)
  facet 9202: (0,0) (2,0) (2,1) (2,2) (2,3) (2,4) (3,4) (4,4) (5,4) (6,4) (6,6)
  facet 9203: (0,0) (0,1) (0,2) (0,3) (2,3) (3,3) (3,4) (4,4) (5,4) (6,4) (6,6)
  facet 9204: (0,0) (0,1) (0,2) (2,2) (2,3) (3,3) (3,4) (4,4) (5,4) (6,4) (6,6)
  facet 9205: (0,0) (0,1) (2,1) (2,2) (2,3) (3,3) (3,4) (4,4) (5,4) (6,4) (6,6)
  facet 9206: (0,0) (2,0) (2,1) (2,2) (2,3) (3,3) (3,4) (4,4) (5,4) (6,4) (6,6)
  facet 9207: (0,0) (0,1) (0,2) (2,2) (3,2) (3,3) (3,4) (4,4) (5,4) (6,4) (6,6)
  facet 9208: (0,0) (0,1) (2,1) (2,2) (3,2) (3,3) (3,4) (4,4) (5,4) (6,4) (6,6)
  facet 9209: (0,0) (2,0) (2,1) (2,2) (3,2) (3,3) (3,4) (4,4) (5,4) (6,4) (6,6)
  facet 9210: (0,0) (0,1) (2,1) (3,1) (3,2) (3,3) (3,4) (4,4) (5,4) (6,4) (6,6)
  facet 9211: (0,0) (2,0) (2,1) (3,1) (3,2) (3,3) (3,4) (4,4) (5,4) (6,4) (6,6)
  facet 9212: (0,0) (2,0) (3,0) (3,1) (3,2) (3,3) (3,4) (4,4) (5,4) (6,4) (6,6)
  facet 9213: (0,0) (0,1) (0,2) (0,3) (2,3) (3,3) (4,3) (4,4) (5,4) (6,4) (6,6)
  facet 9214: (0,0) (0,1) (0,2) (2,2) (2,3) (3,3) (4,3) (4,4) (5,4) (6,4) (6,6)
  facet 9215: (0,0) (0,1) (2,1) (2,2) (2,3) (3,3) (4,3) (4,4) (5,4) (6,4) (6,6)
  facet 9216: (0,0) (2,0) (2,1) (2,2) (2,3) (3,3) (4,3) (4,4) (5,4) (6,4) (6,6)
  facet 9217: (0,0) (0,1) (0,2) (2,2) (3,2) (3,3) (4,3) (4,4) (5,4) (6,4) (6,6)
  facet 9218: (0,0) (0,1) (2,1) (2,2) (3,2) (3,3) (4,3) (4,4) (5,4) (6,4) (6,6)
  facet 9219: (0,0) (2,0) (2,1) (2,2) (3,2) (3,3) (4,3) (4,4) (5,4) (6,4) (6,6)
  facet 9220: (0,0) (0,1) (2,1) (3,1) (3,2) (3,3) (4,3) (4,4) (5,4) (6,4) (6,6)
  facet 9221: (0,0) (2,0) (2,1) (3,1) (3,2) (3,3) (4,3) (4,4) (5,4) (6,4) (6,6)
  facet 9222: (0,0) (2,0) (3,0) (3,1) (3,2) (3,3) (4,3) (4,4) (5,4) (6,4) (6,6)
  facet 9223: (0,0) (0,1) (0,2) (2,2) (3,2) (4,2) (4,3) (4,4) (5,4) (6,4) (6,6)
  facet 9224: (0,0) (0,1) (2,1) (2,2) (3,2) (4,2) (4,3) (4,4) (5,4) (6,4) (6,6)
  facet 9225: (0,0) (2,0) (2,1) (2,2) (3,2) (4,2) (4,3) (4,4) (5,4) (6,4) (6,6)
  facet 9226: (0,0) (0,1) (2,1) (3,1) (3,2) (4,2) (4,3) (4,4) (5,4) (6,4) (6,6)
  facet 9227: (0,0) (2,0) (2,1) (3,1) (3,2) (4,2) (4,3) (4,4) (5,4) (6,4) (6,6)
  facet 9228: (0,0) (2,0) (3,0) (3,1) (3,2) (4,2) (4,3) (4,4) (5,4) (6,4) (6,6)
  facet 9229: (0,0) (0,1) (2,1) (3,1) (4,1) (4,2) (4,3) (4,4) (5,4) (6,4) (6,6)
  facet 9230: (0,0) (2,0) (2,1) (3,1) (4,1) (4,2) (4,3) (4,4) (5,4) (6,4) (6,6)
  facet 9231: (0,0) (2,0) (3,0) (3,1) (4,1) (4,2) (4,3) (4,4) (5,4) (6,4) (6,6)
  facet 9232: (0,0) (2,0) (3,0) (4,0) (4,1) (4,2) (4,3) (4,4) (5,4) (6,4) (6,6)
  facet 9233: (0,0) (0,1) (0,2) (0,3) (2,3) (3,3) (4,3) (5,3) (5,4) (6,4) (6,6)
  facet 9234: (0,0) (0,1) (0,2) (2,2) (2,3) (3,3) (4,3) (5,3) (5,4) (6,4) (6,6)
  facet 9235: (0,0) (0,1) (2,1) (2,2) (2,3) (3,3) (4,3) (5,3) (5,4) (6,4) (6,6)
  facet 9236: (0,0) (2,0) (2,1) (2,2) (2,3) (3,3) (4,3) (5,3) (5,4) (6,4) (6,6)
  facet 9237: (0,0) (0,1) (0,2) (2,2) (3,2) (3,3) (4,3) (5,3) (5,4) (6,4) (6,6)
  facet 9238: (0,0) (0,1) (2,1) (2,2) (3,2) (3,3) (4,3) (5,3) (5,4) (6,4) (6,6)
  facet 9239: (0,0) (2,0) (2,1) (2,2) (3,2) (3,3) (4,3) (5,3) (5,4) (6,4) (6,6)
  facet 9240: (0,0) (0,1) (2,1) (3,1) (3,2) (3,3) (4,3) (5,3) (5,4) (6,4) (6,6)
  facet 9241: (0,0) (2,0) (2,1) (3,1) (3,2) (3,3) (4,3) (5,3) (5,4) (6,4) (6,6)
  facet 9242: (0,0) (2,0) (3,0) (3,1) (3,2) (3,3) (4,3) (5,3) (5,4) (6,4) (6,6)
  facet 9243: (0,0) (0,1) (0,2) (2,2) (3,2) (4,2) (4,3) (5,3) (5,4) (6,4) (6,6)
  facet 9244: (0,0) (0,1) (2,1) (2,2) (3,2) (4,2) (4,3) (5,3) (5,4) (6,4) (6,6)
  facet 9245: (0,0) (2,0) (2,1) (2,2) (3,2) (4,2) (4,3) (5,3) (5,4) (6,4) (6,6)
  facet 9246: (0,0) (0,1) (2,1) (3,1) (3,2) (4,2) (4,3) (5,3) (5,4) (6,4) (6,6)
  facet 9247: (0,0) (2,0) (2,1) (3,1) (3,2) (4,2) (4,3) (5,3) (5,4) (6,4) (6,6)
  facet 9248: (0,0) (2,0) (3,0) (3,1) (3,2) (4,2) (4,3) (5,3) (5,4) (6,4) (6,6)
  facet 9249: (0,0) (0,1) (2,1) (3,1) (4,1) (4,2) (4,3) (5,3) (5,4) (6,4) (6,6)
  facet 9250: (0,0) (2,0) (2,1) (3,1) (4,1) (4,2) (4,3) (5,3) (5,4) (6,4) (6,6)
  facet 9251: (0,0) (2,0) (3,0) (3,1) (4,1) (4,2) (4,3) (5,3) (5,4) (6,4) (6,6)
  facet 9252: (0,0) (2,0) (3,0) (4,0) (4,1) (4,2) (4,3) (5,3) (5,4) (6,4) (6,6)
  facet 9253: (0,0) (0,1) (0,2) (2,2) (3,2) (4,2) (5,2) (5,3) (5,4) (6,4) (6,6)
  facet 9254: (0,0) (0,1) (2,1) (2,2) (3,2) (4,2) (5,2) (5,3) (5,4) (6,4) (6,6)
  facet 9255: (0,0) (2,0) (2,1) (2,2) (3,2) (4,2) (5,2) (5,3) (5,4) (6,4) (6,6)
  facet 9256: (0,0) (0,1) (2,1) (3,1) (3,2) (4,2) (5,2) (5,3) (5,4) (6,4) (6,6)
  facet 9257: (0,0) (2,0) (2,1) (3,1) (3,2) (4,2) (5,2) (5,3) (5,4) (6,4) (6,6)
  facet 9258: (0,0) (2,0) (3,0) (3,1) (3,2) (4,2) (5,2) (5,3) (5,4) (6,4) (6,6)
  facet 9259: (0,0) (0,1) (2,1) (3,1) (4,1) (4,2) (5,2) (5,3) (5,4) (6,4) (6,6)
  facet 9260: (0,0) (2,0) (2,1) (3,1) (4,1) (4,2) (5,2) (5,3) (5,4) (6,4) (6,6)
  facet 9261: (0,0) (2,0) (3,0) (3,1) (4,1) (4,2) (5,2) (5,3) (5,4) (6,4) (6,6)
  facet 9262: (0,0) (2,0) (3,0) (4,0) (4,1) (4,2) (5,2) (5,3) (5,4) (6,4) (6,6)
  facet 9263: (0,0) (0,1) (2,1) (3,1) (4,1) (5,1) (5,2) (5,3) (5,4) (6,4) (6,6)
  facet 9264: (0,0) (2,0) (2,1) (3,1) (4,1) (5,1) (5,2) (5,3) (5,4) (6,4) (6,6)
  facet 9265: (0,0) (2,0) (3,0) (3,1) (4,1) (5,1) (5,2) (5,3) (5,4) (6,4) (6,6)
  facet 9266: (0,0) (2,0) (3,0) (4,0) (4,1) (5,1) (5,2) (5,3) (5,4) (6,4) (6,6)
  facet 9267: (0,0) (2,0) (3,0) (4,0) (5,0) (5,1) (5,2) (5,3) (5,4) (6,4) (6,6)
  facet 9268: (0,0) (0,1) (0,2) (0,3) (2,3) (3,3) (4,3) (5,3) (6,3) (6,4) (6,6)
  facet 9269: (0,0) (0,1) (0,2) (2,2) (2,3) (3,3) (4,3) (5,3) (6,3) (6,4) (6,6)
  facet 9270: (0,0) (0,1) (2,1) (2,2) (2,3) (3,3) (4,3) (5,3) (6,3) (6,4) (6,6)
  facet 9271: (0,0) (2,0) (2,1) (2,2) (2,3) (3,3) (4,3) (5,3) (6,3) (6,4) (6,6)
  facet 9272: (0,0) (0,1) (0,2) (2,2) (3,2) (3,3) (4,3) (5,3) (6,3) (6,4) (6,6)
  facet 9273: (0,0) (0,1) (2,1) (2,2) (3,2) (3,3) (4,3) (5,3) (6,3) (6,4) (6,6)
  facet 9274: (0,0) (2,0) (2,1) (2,2) (3,2) (3,3) (4,3) (5,3) (6,3) (6,4) (6,6)
  facet 9275: (0,0) (0,1) (2,1) (3,1) (3,2) (3,3) (4,3) (5,3) (6,3) (6,4) (6,6)
  facet 9276: (0,0) (2,0) (2,1) (3,1) (3,2) (3,3) (4,3) (5,3) (6,3) (6,4) (6,6)
  facet 9277: (0,0) (2,0) (3,0) (3,1) (3,2) (3,3) (4,3) (5,3) (6,3) (6,4) (6,6)
  facet 9278: (0,0) (0,1) (0,2) (2,2) (3,2) (4,2) (4,3) (5,3) (6,3) (6,4) (6,6)
  facet 9279: (0,0) (0,1) (2,1) (2,2) (3,2) (4,2) (4,3) (5,3) (6,3) (6,4) (6,6)
  facet 9280: (0,0) (2,0) (2,1) (2,2) (3,2) (4,2) (4,3) (5,3) (6,3) (6,4) (6,6)
  facet 9281: (0,0) (0,1) (2,1) (3,1) (3,2) (4,2) (4,3) (5,3) (6,3) (6,4) (6,6)
  facet 9282: (0,0) (2,0) (2,1) (3,1) (3,2) (4,2) (4,3) (5,3) (6,3) (6,4) (6,6)
  facet 9283: (0,0) (2,0) (3,0) (3,1) (3,2) (4,2) (4,3) (5,3) (6,3) (6,4) (6,6)
  facet 9284: (0,0) (0,1) (2,1) (3,1) (4,1) (4,2) (4,3) (5,3) (6,3) (6,4) (6,6)
  facet 9285: (0,0) (2,0) (2,1) (3,1) (4,1) (4,2) (4,3) (5,3) (6,3) (6,4) (6,6)
  facet 9286: (0,0) (2,0) (3,0) (3,1) (4,1) (4,2) (4,3) (5,3) (6,3) (6,4) (6,6)
  facet 9287: (0,0) (2,0) (3,0) (4,0) (4,1) (4,2) (4,3) (5,3) (6,3) (6,4) (6,6)
  facet 9288: (0,0) (0,1) (0,2) (2,2) (3,2) (4,2) (5,2) (5,3) (6,3) (6,4) (6,6)
  facet 9289: (0,0) (0,1) (2,1) (2,2) (3,2) (4,2) (5,2) (5,3) (6,3) (6,4) (6,6)
  facet 9290: (0,0) (2,0) (2,1) (2,2) (3,2) (4,2) (5,2) (5,3) (6,3) (6,4) (6,6)
  facet 9291: (0,0) (0,1) (2,1) (3,1) (3,2) (4,2) (5,2) (5,3) (6,3) (6,4) (6,6)
  facet 9292: (0,0) (2,0) (2,1) (3,1) (3,2) (4,2) (5,2) (5,3) (6,3) (6,4) (6,6)
  facet 9293: (0,0) (2,0) (3,0) (3,1) (3,2) (4,2) (5,2) (5,3) (6,3) (6,4) (6,6)
  facet 9294: (0,0) (0,1) (2,1) (3,1) (4,1) (4,2) (5,2) (5,3) (6,3) (6,4) (6,6)
  facet 9295: (0,0) (2,0) (2,1) (3,1) (4,1) (4,2) (5,2) (5,3) (6,3) (6,4) (6,6)
  facet 9296: (0,0) (2,0) (3,0) (3,1) (4,1) (4,2) (5,2) (5,3) (6,3) (6,4) (6,6)
  facet 9297: (0,0) (2,0) (3,0) (4,0) (4,1) (4,2) (5,2) (5,3) (6,3) (6,4) (6,6)
  facet 9298: (0,0) (0,1) (2,1) (3,1) (4,1) (5,1) (5,2) (5,3) (6,3) (6,4) (6,6)
  facet 9299: (0,0) (2,0) (2,1) (3,1) (4,1) (5,1) (5,2) (5,3) (6,3) (6,4) (6,6)
  facet 9300: (0,0) (2,0) (3,0) (3,1) (4,1) (5,1) (5,2) (5,3) (6,3) (6,4) (6,6)
  facet 9301: (0,0) (2,0) (3,0) (4,0) (4,1) (5,1) (5,2) (5,3) (6,3) (6,4) (6,6)
  facet 9302: (0,0) (2,0) (3,0) (4,0) (5,0) (5,1) (5,2) (5,3) (6,3) (6,4) (6,6)
  facet 9303: (0,0) (0,1) (0,2) (2,2) (3,2) (4,2) (5,2) (6,2) (6,3) (6,4) (6,6)
  facet 9304: (0,0) (0,1) (2,1) (2,2) (3,2) (4,2) (5,2) (6,2) (6,3) (6,4) (6,6)
  facet 9305: (0,0) (2,0) (2,1) (2,2) (3,2) (4,2) (5,2) (6,2) (6,3) (6,4) (6,6)
  facet 9306: (0,0) (0,1) (2,1) (3,1) (3,2) (4,2) (5,2) (6,2) (6,3) (6,4) (6,6)
  facet 9307: (0,0) (2,0) (2,1) (3,1) (3,2) (4,2) (5,2) (6,2) (6,3) (6,4) (6,6)
  facet 9308: (0,0) (2,0) (3,0) (3,1) (3,2) (4,2) (5,2) (6,2) (6,3) (6,4) (6,6)
  facet 9309: (0,0) (0,1) (2,1) (3,1) (4,1) (4,2) (5,2) (6,2) (6,3) (6,4) (6,6)
  facet 9310: (0,0) (2,0) (2,1) (3,1) (4,1) (4,2) (5,2) (6,2) (6,3) (6,4) (6,6)
  facet 9311: (0,0) (2,0) (3,0) (3,1) (4,1) (4,2) (5,2) (6,2) (6,3) (6,4) (6,6)
  facet 9312: (0,0) (2,0) (3,0) (4,0) (4,1) (4,2) (5,2) (6,2) (6,3) (6,4) (6,6)
  facet 9313: (0,0) (0,1) (2,1) (3,1) (4,1) (5,1) (5,2) (6,2) (6,3) (6,4) (6,6)
  facet 9314: (0,0) (2,0) (2,1) (3,1) (4,1) (5,1) (5,2) (6,2) (6,3) (6,4) (6,6)
  facet 9315: (0,0) (2,0) (3,0) (3,1) (4,1) (5,1) (5,2) (6,2) (6,3) (6,4) (6,6)
  facet 9316: (0,0) (2,0) (3,0) (4,0) (4,1) (5,1) (5,2) (6,2) (6,3) (6,4) (6,6)
  facet 9317: (0,0) (2,0) (3,0) (4,0) (5,0) (5,1) (5,2) (6,2) (6,3) (6,4) (6,6)
  facet 9318: (0,0) (0,1) (2,1) (3,1) (4,1) (5,1) (6,1) (6,2) (6,3) (6,4) (6,6)
  facet 9319: (0,0) (2,0) (2,1) (3,1) (4,1) (5,1) (6,1) (6,2) (6,3) (6,4) (6,6)
  facet 9320: (0,0) (2,0) (3,0) (3,1) (4,1) (5,1) (6,1) (6,2) (6,3) (6,4) (6,6)
  facet 9321: (0,0) (2,0) (3,0) (4,0) (4,1) (5,1) (6,1) (6,2) (6,3) (6,4) (6,6)
  facet 9322: (0,0) (2,0) (3,0) (4,0) (5,0) (5,1) (6,1) (6,2) (6,3) (6,4) (6,6)
  facet 9323: (0,0) (2,0) (3,0) (4,0) (5,0) (6,0) (6,1) (6,2) (6,3) (6,4) (6,6)
  facet 9324: (0,0) (0,1) (0,2) (0,3) (0,5) (0,6) (2,6) (3,6) (4,6) (5,6) (6,6)
  facet 9325: (0,0) (0,1) (0,2) (0,3) (0,5) (2,5) (2,6) (3,6) (4,6) (5,6) (6,6)
  facet 9326: (0,0) (0,1) (0,2) (0,3) (2,3) (2,5) (2,6) (3,6) (4,6) (5,6) (6,6)
  facet 9327: (0,0) (0,1) (0,2) (2,2) (2,3) (2,5) (2,6) (3,6) (4,6) (5,6) (6,6)
  facet 9328: (0,0) (0,1) (2,1) (2,2) (2,3) (2,5) (2,6) (3,6) (4,6) (5,6) (6,6)
  facet 9329: (0,0) (2,0) (2,1) (2,2) (2,3) (2,5) (2,6) (3,6) (4,6) (5,6) (6,6)
  facet 9330: (0,0) (0,1) (0,2) (0,3) (0,5) (2,5) (3,5) (3,6) (4,6) (5,6) (6,6)
  facet 9331: (0,0) (0,1) (0,2) (0,3) (2,3) (2,5) (3,5) (3,6) (4,6) (5,6) (6,6)
  facet 9332: (0,0) (0,1) (0,2) (2,2) (2,3) (2,5) (3,5) (3,6) (4,6) (5,6) (6,6)
  facet 9333: (0,0) (0,1) (2,1) (2,2) (2,3) (2,5) (3,5) (3,6) (4,6) (5,6) (6,6)
  facet 9334: (0,0) (2,0) (2,1) (2,2) (2,3) (2,5) (3,5) (3,6) (4,6) (5,6) (6,6)
  facet 9335: (0,0) (0,1) (0,2) (0,3) (2,3) (3,3) (3,5) (3,6) (4,6) (5,6) (6,6)
  facet 9336: (0,0) (0,1) (0,2) (2,2) (2,3) (3,3) (3,5) (3,6) (4,6) (5,6) (6,6)
  facet 9337: (0,0) (0,1) (2,1) (2,2) (2,3) (3,3) (3,5) (3,6) (4,6) (5,6) (6,6)
  facet 9338: (0,0) (2,0) (2,1) (2,2) (2,3) (3,3) (3,5) (3,6) (4,6) (5,6) (6,6)
  facet 9339: (0,0) (0,1) (0,2) (2,2) (3,2) (3,3) (3,5) (3,6) (4,6) (5,6) (6,6)
  facet 9340: (0,0) (0,1) (2,1) (2,2) (3,2) (3,3) (3,5) (3,6) (4,6) (5,6) (6,6)
  facet 9341: (0,0) (2,0) (2,1) (2,2) (3,2) (3,3) (3,5) (3,6) (4,6) (5,6) (6,6)
  facet 9342: (0,0) (0,1) (2,1) (3,1) (3,2) (3,3) (3,5) (3,6) (4,6) (5,6) (6,6)
  facet 9343: (0,0) (2,0) (2,1) (3,1) (3,2) (3,3) (3,5) (3,6) (4,6) (5,6) (6,6)
  facet 9344: (0,0) (2,0) (3,0) (3,1) (3,2) (3,3) (3,5) (3,6) (4,6) (5,6) (6,6)
  facet 9345: (0,0) (0,1) (0,2) (0,3) (0,5) (2,5) (3,5) (4,5) (4,6) (5,6) (6,6)
  facet 9346: (0,0) (0,1) (0,2) (0,3) (2,3) (2,5) (3,5) (4,5) (4,6) (5,6) (6,6)
  facet 9347: (0,0) (0,1) (0,2) (2,2) (2,3) (2,5) (3,5) (4,5) (4,6) (5,6) (6,6)
  facet 9348: (0,0) (0,1) (2,1) (2,2) (2,3) (2,5) (3,5) (4,5) (4,6) (5,6) (6,6)
  facet 9349: (0,0) (2,0) (2,1) (2,2) (2,3) (2,5) (3,5) (4,5) (4,6) (5,6) (6,6)
  facet 9350: (0,0) (0,1) (0,2) (0,3) (2,3) (3,3) (3,5) (4,5) (4,6) (5,6) (6,6)
  facet 9351: (0,0) (0,1) (0,2) (2,2) (2,3) (3,3) (3,5) (4,5) (4,6) (5,6) (6,6)
  facet 9352: (0,0) (0,1) (2,1) (2,2) (2,3) (3,3) (3,5) (4,5) (4,6) (5,6) (6,6)
  facet 9353: (0,0) (2,0) (2,1) (2,2) (2,3) (3,3) (3,5) (4,5) (4,6) (5,6) (6,6)
  facet 9354: (0,0) (0,1) (0,2) (2,2) (3,2) (3,3) (3,5) (4,5) (4,6) (5,6) (6,6)
  facet 9355: (0,0) (0,1) (2,1) (2,2) (3,2) (3,3) (3,5) (4,5) (4,6) (5,6) (6,6)
  facet 9356: (0,0) (2,0) (2,1) (2,2) (3,2) (3,3) (3,5) (4,5) (4,6) (5,6) (6,6)
  facet 9357: (0,0) (0,1) (2,1) (3,1) (3,2) (3,3) (3,5) (4,5) (4,6) (5,6) (6,6)
  facet 9358: (0,0) (2,0) (2,1) (3,1) (3,2) (3,3) (3,5) (4,5) (4,6) (5,6) (6,6)
  facet 9359: (0,0) (2,0) (3,0) (3,1) (3,2) (3,3) (3,5) (4,5) (4,6) (5,6) (6,6)
  facet 9360: (0,0) (0,1) (0,2) (0,3) (2,3) (3,3) (4,3) (4,5) (4,6) (5,6) (6,6)
  facet 9361: (0,0) (0,1) (0,2) (2,2) (2,3) (3,3) (4,3) (4,5) (4,6) (5,6) (6,6)
  facet 9362: (0,0) (0,1) (2,1) (2,2) (2,3) (3,3) (4,3) (4,5) (4,6) (5,6) (6,6)
  facet 9363: (0,0) (2,0) (2,1) (2,2) (2,3) (3,3) (4,3) (4,5) (4,6) (5,6) (6,6)
  facet 9364: (0,0) (0,1) (0,2) (2,2) (3,2) (3,3) (4,3) (4,5) (4,6) (5,6) (6,6)
  facet 9365: (0,0) (0,1) (2,1) (2,2) (3,2) (3,3) (4,3) (4,5) (4,6) (5,6) (6,6)
  facet 9366: (0,0) (2,0) (2,1) (2,2) (3,2) (3,3) (4,3) (4,5) (4,6) (5,6) (6,6)
  facet 9367: (0,0) (0,1) (2,1) (3,1) (3,2) (3,3) (4,3) (4,5) (4,6) (5,6) (6,6)
  facet 9368: (0,0) (2,0) (2,1) (3,1) (3,2) (3,3) (4,3) (4,5) (4,6) (5,6) (6,6)
  facet 9369: (0,0) (2,0) (3,0) (3,1) (3,2) (3,3) (4,3) (4,5) (4,6) (5,6) (6,6)
  facet 9370: (0,0) (0,1) (0,2) (2,2) (3,2) (4,2) (4,3) (4,5) (4,6) (5,6) (6,6)
  facet 9371: (0,0) (0,1) (2,1) (2,2) (3,2) (4,2) (4,3) (4,5) (4,6) (5,6) (6,6)
  facet 9372: (0,0) (2,0) (2,1) (2,2) (3,2) (4,2) (4,3) (4,5) (4,6) (5,6) (6,6)
  facet 9373: (0,0) (0,1) (2,1) (3,1) (3,2) (4,2) (4,3) (4,5) (4,6) (5,6) (6,6)
  facet 9374: (0,0) (2,0) (2,1) (3,1) (3,2) (4,2) (4,3) (4,5) (4,6) (5,6) (6,6)
  facet 9375: (0,0) (2,0) (3,0) (3,1) (3,2) (4,2) (4,3) (4,5) (4,6) (5,6) (6,6)
  facet 9376: (0,0) (0,1) (2,1) (3,1) (4,1) (4,2) (4,3) (4,5) (4,6) (5,6) (6,6)
  facet 9377: (0,0) (2,0) (2,1) (3,1) (4,1) (4,2) (4,3) (4,5) (4,6) (5,6) (6,6)
  facet 9378: (0,0) (2,0) (3,0) (3,1) (4,1) (4,2) (4,3) (4,5) (4,6) (5,6) (6,6)
  facet 9379: (0,0) (2,0) (3,0) (4,0) (4,1) (4,2) (4,3) (4,5) (4,6) (5,6) (6,6)
  facet 9380: (0,0) (0,1) (0,2) (0,3) (0,5) (2,5) (3,5) (4,5) (5,5) (5,6) (6,6)
  facet 9381: (0,0) (0,1) (0,2) (0,3) (2,3) (2,5) (3,5) (4,5) (5,5) (5,6) (6,6)
  facet 9382: (0,0) (0,1) (0,2) (2,2) (2,3) (2,5) (3,5) (4,5) (5,5) (5,6) (6,6)
  facet 9383: (0,0) (0,1) (2,1) (2,2) (2,3) (2,5) (3,5) (4,5) (5,5) (5,6) (6,6)
  facet 9384: (0,0) (2,0) (2,1) (2,2) (2,3) (2,5) (3,5) (4,5) (5,5) (5,6) (6,6)
  facet 9385: (0,0) (0,1) (0,2) (0,3) (2,3) (3,3) (3,5) (4,5) (5,5) (5,6) (6,6)
  facet 9386: (0,0) (0,1) (0,2) (2,2) (2,3) (3,3) (3,5) (4,5) (5,5) (5,6) (6,6)
  facet 9387: (0,0) (0,1) (2,1) (2,2) (2,3) (3,3) (3,5) (4,5) (5,5) (5,6) (6,6)
  facet 9388: (0,0) (2,0) (2,1) (2,2) (2,3) (3,3) (3,5) (4,5) (5,5) (5,6) (6,6)
  facet 9389: (0,0) (0,1) (0,2) (2,2) (3,2) (3,3) (3,5) (4,5) (5,5) (5,6) (6,6)
  facet 9390: (0,0) (0,1) (2,1) (2,2) (3,2) (3,3) (3,5) (4,5) (5,5) (5,6) (6,6)
  facet 9391: (0,0) (2,0) (2,1) (2,2) (3,2) (3,3) (3,5) (4,5) (5,5) (5,6) (6,6)
  facet 9392: (0,0) (0,1) (2,1) (3,1) (3,2) (3,3) (3,5) (4,5) (5,5) (5,6) (6,6)
  facet 9393: (0,0) (2,0) (2,1) (3,1) (3,2) (3,3) (3,5) (4,5) (5,5) (5,6) (6,6)
  facet 9394: (0,0) (2,0) (3,0) (3,1) (3,2) (3,3) (3,5) (4,5) (5,5) (5,6) (6,6)
  facet 9395: (0,0) (0,1) (0,2) (0,3) (2,3) (3,3) (4,3) (4,5) (5,5) (5,6) (6,6)
  facet 9396: (0,0) (0,1) (0,2) (2,2) (2,3) (3,3) (4,3) (4,5) (5,5) (5,6) (6,6)
  facet 9397: (0,0) (0,1) (2,1) (2,2) (2,3) (3,3) (4,3) (4,5) (5,5) (5,6) (6,6)
  facet 9398: (0,0) (2,0) (2,1) (2,2) (2,3) (3,3) (4,3) (4,5) (5,5) (5,6) (6,6)
  facet 9399: (0,0) (0,1) (0,2) (2,2) (3,2) (3,3) (4,3) (4,5) (5,5) (5,6) (6,6)
  facet 9400: (0,0) (0,1) (2,1) (2,2) (3,2) (3,3) (4,3) (4,5) (5,5) (5,6) (6,6)
  facet 9401: (0,0) (2,0) (2,1) (2,2) (3,2) (3,3) (4,3) (4,5) (5,5) (5,6) (6,6)
  facet 9402: (0,0) (0,1) (2,1) (3,1) (3,2) (3,3) (4,3) (4,5) (5,5) (5,6) (6,6)
  facet 9403: (0,0) (2,0) (2,1) (3,1) (3,2) (3,3) (4,3) (4,5) (5,5) (5,6) (6,6)
  facet 9404: (0,0) (2,0) (3,0) (3,1) (3,2) (3,3) (4,3) (4,5) (5,5) (5,6) (6,6)
  facet 9405: (0,0) (0,1) (0,2) (2,2) (3,2) (4,2) (4,3) (4,5) (5,5) (5,6) (6,6)
  facet 9406: (0,0) (0,1) (2,1) (2,2) (3,2) (4,2) (4,3) (4,5) (5,5) (5,6) (6,6)
  facet 9407: (0,0) (2,0) (2,1) (2,2) (3,2) (4,2) (4,3) (4,5) (5,5) (5,6) (6,6)
  facet 9408: (0,0) (0,1) (2,1) (3,1) (3,2) (4,2) (4,3) (4,5) (5,5) (5,6) (6,6)
  facet 9409: (0,0) (2,0) (2,1) (3,1) (3,2) (4,2) (4,3) (4,5) (5,5) (5,6) (6,6)
  facet 9410: (0,0) (2,0) (3,0) (3,1) (3,2) (4,2) (4,3) (4,5) (5,5) (5,6) (6,6)
  facet 9411: (0,0) (0,1) (2,1) (3,1) (4,1) (4,2) (4,3) (4,5) (5,5) (5,6) (6,6)
  facet 9412: (0,0) (2,0) (2,1) (3,1) (4,1) (4,2) (4,3) (4,5) (5,5) (5,6) (6,6)
  facet 9413: (0,0) (2,0) (3,0) (3,1) (4,1) (4,2) (4,3) (4,5) (5,5) (5,6) (6,6)
  facet 9414: (0,0) (2,0) (3,0) (4,0) (4,1) (4,2) (4,3) (4,5) (5,5) (5,6) (6,6)
  facet 9415: (0,0) (0,1) (0,2) (0,3) (2,3) (3,3) (4,3) (5,3) (5,5) (5,6) (6,6)
  facet 9416: (0,0) (0,1) (0,2) (2,2) (2,3) (3,3) (4,3) (5,3) (5,5) (5,6) (6,6)
  facet 9417: (0,0) (0,1) (2,1) (2,2) (2,3) (3,3) (4,3) (5,3) (5,5) (5,6) (6,6)
  facet 9418: (0,0) (2,0) (2,1) (2,2) (2,3) (3,3) (4,3) (5,3) (5,5) (5,6) (6,6)
  facet 9419: (0,0) (0,1) (0,2) (2,2) (3,2) (3,3) (4,3) (5,3) (5,5) (5,6) (6,6)
  facet 9420: (0,0) (0,1) (2,1) (2,2) (3,2) (3,3) (4,3) (5,3) (5,5) (5,6) (6,6)
  facet 9421: (0,0) (2,0) (2,1) (2,2) (3,2) (3,3) (4,3) (5,3) (5,5) (5,6) (6,6)
  facet 9422: (0,0) (0,1) (2,1) (3,1) (3,2) (3,3) (4,3) (5,3) (5,5) (5,6) (6,6)
  facet 9423: (0,0) (2,0) (2,1) (3,1) (3,2) (3,3) (4,3) (5,3) (5,5) (5,6) (6,6)
  facet 9424: (0,0) (2,0) (3,0) (3,1) (3,2) (3,3) (4,3) (5,3) (5,5) (5,6) (6,6)
  facet 9425: (0,0) (0,1) (0,2) (2,2) (3,2) (4,2) (4,3) (5,3) (5,5) (5,6) (6,6)
  facet 9426: (0,0) (0,1) (2,1) (2,2) (3,2) (4,2) (4,3) (5,3) (5,5) (5,6) (6,6)
  facet 9427: (0,0) (2,0) (2,1) (2,2) (3,2) (4,2) (4,3) (5,3) (5,5) (5,6) (6,6)
  facet 9428: (0,0) (0,1) (2,1) (3,1) (3,2) (4,2) (4,3) (5,3) (5,5) (5,6) (6,6)
  facet 9429: (0,0) (2,0) (2,1) (3,1) (3,2) (4,2) (4,3) (5,3) (5,5) (5,6) (6,6)
  facet 9430: (0,0) (2,0) (3,0) (3,1) (3,2) (4,2) (4,3) (5,3) (5,5) (5,6) (6,6)
  facet 9431: (0,0) (0,1) (2,1) (3,1) (4,1) (4,2) (4,3) (5,3) (5,5) (5,6) (6,6)
  facet 9432: (0,0) (2,0) (2,1) (3,1) (4,1) (4,2) (4,3) (5,3) (5,5) (5,6) (6,6)
  facet 9433: (0,0) (2,0) (3,0) (3,1) (4,1) (4,2) (4,3) (5,3) (5,5) (5,6) (6,6)
  facet 9434: (0,0) (2,0) (3,0) (4,0) (4,1) (4,2) (4,3) (5,3) (5,5) (5,6) (6,6)
  facet 9435: (0,0) (0,1) (0,2) (2,2) (3,2) (4,2) (5,2) (5,3) (5,5) (5,6) (6,6)
  facet 9436: (0,0) (0,1) (2,1) (2,2) (3,2) (4,2) (5,2) (5,3) (5,5) (5,6) (6,6)
  facet 9437: (0,0) (2,0) (2,1) (2,2) (3,2) (4,2) (5,2) (5,3) (5,5) (5,6) (6,6)
  facet 9438: (0,0) (0,1) (2,1) (3,1) (3,2) (4,2) (5,2) (5,3) (5,5) (5,6) (6,6)
  facet 9439: (0,0) (2,0) (2,1) (3,1) (3,2) (4,2) (5,2) (5,3) (5,5) (5,6) (6,6)
  facet 9440: (0,0) (2,0) (3,0) (3,1) (3,2) (4,2) (5,2) (5,3) (5,5) (5,6) (6,6)
  facet 9441: (0,0) (0,1) (2,1) (3,1) (4,1) (4,2) (5,2) (5,3) (5,5) (5,6) (6,6)
  facet 9442: (0,0) (2,0) (2,1) (3,1) (4,1) (4,2) (5,2) (5,3) (5,5) (5,6) (6,6)
  facet 9443: (0,0) (2,0) (3,0) (3,1) (4,1) (4,2) (5,2) (5,3) (5,5) (5,6) (6,6)
  facet 9444: (0,0) (2,0) (3,0) (4,0) (4,1) (4,2) (5,2) (5,3) (5,5) (5,6) (6,6)
  facet 9445: (0,0) (0,1) (2,1) (3,1) (4,1) (5,1) (5,2) (5,3) (5,5) (5,6) (6,6)
  facet 9446: (0,0) (2,0) (2,1) (3,1) (4,1) (5,1) (5,2) (5,3) (5,5) (5,6) (6,6)
  facet 9447: (0,0) (2,0) (3,0) (3,1) (4,1) (5,1) (5,2) (5,3) (5,5) (5,6) (6,6)
  facet 9448: (0,0) (2,0) (3,0) (4,0) (4,1) (5,1) (5,2) (5,3) (5,5) (5,6) (6,6)
  facet 9449: (0,0) (2,0) (3,0) (4,0) (5,0) (5,1) (5,2) (5,3) (5,5) (5,6) (6,6)
  facet 9450: (0,0) (0,1) (0,2) (0,3) (0,5) (2,5) (3,5) (4,5) (5,5) (6,5) (6,6)
  facet 9451: (0,0) (0,1) (0,2) (0,3) (2,3) (2,5) (3,5) (4,5) (5,5) (6,5) (6,6)
  facet 9452: (0,0) (0,1) (0,2) (2,2) (2,3) (2,5) (3,5) (4,5) (5,5) (6,5) (6,6)
  facet 9453: (0,0) (0,1) (2,1) (2,2) (2,3) (2,5) (3,5) (4,5) (5,5) (6,5) (6,6)
  facet 9454: (0,0) (2,0) (2,1) (2,2) (2,3) (2,5) (3,5) (4,5) (5,5) (6,5) (6,6)
  facet 9455: (0,0) (0,1) (0,2) (0,3) (2,3) (3,3) (3,5) (4,5) (5,5) (6,5) (6,6)
  facet 9456: (0,0) (0,1) (0,2) (2,2) (2,3) (3,3) (3,5) (4,5) (5,5) (6,5) (6,6)
  facet 9457: (0,0) (0,1) (2,1) (2,2) (2,3) (3,3) (3,5) (4,5) (5,5) (6,5) (6,6)
  facet 9458: (0,0) (2,0) (2,1) (2,2) (2,3) (3,3) (3,5) (4,5) (5,5) (6,5) (6,6)
  facet 9459: (0,0) (0,1) (0,2) (2,2) (3,2) (3,3) (3,5) (4,5) (5,5) (6,5) (6,6)
  facet 9460: (0,0) (0,1) (2,1) (2,2) (3,2) (3,3) (3,5) (4,5) (5,5) (6,5) (6,6)
  facet 9461: (0,0) (2,0) (2,1) (2,2) (3,2) (3,3) (3,5) (4,5) (5,5) (6,5) (6,6)
  facet 9462: (0,0) (0,1) (2,1) (3,1) (3,2) (3,3) (3,5) (4,5) (5,5) (6,5) (6,6)
  facet 9463: (0,0) (2,0) (2,1) (3,1) (3,2) (3,3) (3,5) (4,5) (5,5) (6,5) (6,6)
  facet 9464: (0,0) (2,0) (3,0) (3,1) (3,2) (3,3) (3,5) (4,5) (5,5) (6,5) (6,6)
  facet 9465: (0,0) (0,1) (0,2) (0,3) (2,3) (3,3) (4,3) (4,5) (5,5) (6,5) (6,6)
  facet 9466: (0,0) (0,1) (0,2) (2,2) (2,3) (3,3) (4,3) (4,5) (5,5) (6,5) (6,6)
  facet 9467: (0,0) (0,1) (2,1) (2,2) (2,3) (3,3) (4,3) (4,5) (5,5) (6,5) (6,6)
  facet 9468: (0,0) (2,0) (2,1) (2,2) (2,3) (3,3) (4,3) (4,5) (5,5) (6,5) (6,6)
  facet 9469: (0,0) (0,1) (0,2) (2,2) (3,2) (3,3) (4,3) (4,5) (5,5) (6,5) (6,6)
  facet 9470: (0,0) (0,1) (2,1) (2,2) (3,2) (3,3) (4,3) (4,5) (5,5) (6,5) (6,6)
  facet 9471: (0,0) (2,0) (2,1) (2,2) (3,2) (3,3) (4,3) (4,5) (5,5) (6,5) (6,6)
  facet 9472: (0,0) (0,1) (2,1) (3,1) (3,2) (3,3) (4,3) (4,5) (5,5) (6,5) (6,6)
  facet 9473: (0,0) (2,0) (2,1) (3,1) (3,2) (3,3) (4,3) (4,5) (5,5) (6,5) (6,6)
  facet 9474: (0,0) (2,0) (3,0) (3,1) (3,2) (3,3) (4,3) (4,5) (5,5) (6,5) (6,6)
  facet 9475: (0,0) (0,1) (0,2) (2,2) (3,2) (4,2) (4,3) (4,5) (5,5) (6,5) (6,6)
  facet 9476: (0,0) (0,1) (2,1) (2,2) (3,2) (4,2) (4,3) (4,5) (5,5) (6,5) (6,6)
  facet 9477: (0,0) (2,0) (2,1) (2,2) (3,2) (4,2) (4,3) (4,5) (5,5) (6,5) (6,6)
  facet 9478: (0,0) (0,1) (2,1) (3,1) (3,2) (4,2) (4,3) (4,5) (5,5) (6,5) (6,6)
  facet 9479: (0,0) (2,0) (2,1) (3,1) (3,2) (4,2) (4,3) (4,5) (5,5) (6,5) (6,6)
  facet 9480: (0,0) (2,0) (3,0) (3,1) (3,2) (4,2) (4,3) (4,5) (5,5) (6,5) (6,6)
  facet 9481: (0,0) (0,1) (2,1) (3,1) (4,1) (4,2) (4,3) (4,5) (5,5) (6,5) (6,6)
  facet 9482: (0,0) (2,0) (2,1) (3,1) (4,1) (4,2) (4,3) (4,5) (5,5) (6,5) (6,6)
  facet 9483: (0,0) (2,0) (3,0) (3,1) (4,1) (4,2) (4,3) (4,5) (5,5) (6,5) (6,6)
  facet 9484: (0,0) (2,0) (3,0) (4,0) (4,1) (4,2) (4,3) (4,5) (5,5) (6,5) (6,6)
  facet 9485: (0,0) (0,1) (0,2) (0,3) (2,3) (3,3) (4,3) (5,3) (5,5) (6,5) (6,6)
  facet 9486: (0,0) (0,1) (0,2) (2,2) (2,3) (3,3) (4,3) (5,3) (5,5) (6,5) (6,6)
  facet 9487: (0,0) (0,1) (2,1) (2,2) (2,3) (3,3) (4,3) (5,3) (5,5) (6,5) (6,6)
  facet 9488: (0,0) (2,0) (2,1) (2,2) (2,3) (3,3) (4,3) (5,3) (5,5) (6,5) (6,6)
  facet 9489: (0,0) (0,1) (0,2) (2,2) (3,2) (3,3) (4,3) (5,3) (5,5) (6,5) (6,6)
  facet 9490: (0,0) (0,1) (2,1) (2,2) (3,2) (3,3) (4,3) (5,3) (5,5) (6,5) (6,6)
  facet 9491: (0,0) (2,0) (2,1) (2,2) (3,2) (3,3) (4,3) (5,3) (5,5) (6,5) (6,6)
  facet 9492: (0,0) (0,1) (2,1) (3,1) (3,2) (3,3) (4,3) (5,3) (5,5) (6,5) (6,6)
  facet 9493: (0,0) (2,0) (2,1) (3,1) (3,2) (3,3) (4,3) (5,3) (5,5) (6,5) (6,6)
  facet 9494: (0,0) (2,0) (3,0) (3,1) (3,2) (3,3) (4,3) (5,3) (5,5) (6,5) (6,6)
  facet 9495: (0,0) (0,1) (0,2) (2,2) (3,2) (4,2) (4,3) (5,3) (5,5) (6,5) (6,6)
  facet 9496: (0,0) (0,1) (2,1) (2,2) (3,2) (4,2) (4,3) (5,3) (5,5) (6,5) (6,6)
  facet 9497: (0,0) (2,0) (2,1) (2,2) (3,2) (4,2) (4,3) (5,3) (5,5) (6,5) (6,6)
  facet 9498: (0,0) (0,1) (2,1) (3,1) (3,2) (4,2) (4,3) (5,3) (5,5) (6,5) (6,6)
  facet 9499: (0,0) (2,0) (2,1) (3,1) (3,2) (4,2) (4,3) (5,3) (5,5) (6,5) (6,6)
  facet 9500: (0,0) (2,0) (3,0) (3,1) (3,2) (4,2) (4,3) (5,3) (5,5) (6,5) (6,6)
  facet 9501: (0,0) (0,1) (2,1) (3,1) (4,1) (4,2) (4,3) (5,3) (5,5) (6,5) (6,6)
  facet 9502: (0,0) (2,0) (2,1) (3,1) (4,1) (4,2) (4,3) (5,3) (5,5) (6,5) (6,6)
  facet 9503: (0,0) (2,0) (3,0) (3,1) (4,1) (4,2) (4,3) (5,3) (5,5) (6,5) (6,6)
  facet 9504: (0,0) (2,0) (3,0) (4,0) (4,1) (4,2) (4,3) (5,3) (5,5) (6,5) (6,6)
  facet 9505: (0,0) (0,1) (0,2) (2,2) (3,2) (4,2) (5,2) (5,3) (5,5) (6,5) (6,6)
  facet 9506: (0,0) (0,1) (2,1) (2,2) (3,2) (4,2) (5,2) (5,3) (5,5) (6,5) (6,6)
  facet 9507: (0,0) (2,0) (2,1) (2,2) (3,2) (4,2) (5,2) (5,3) (5,5) (6,5) (6,6)
  facet 9508: (0,0) (0,1) (2,1) (3,1) (3,2) (4,2) (5,2) (5,3) (5,5) (6,5) (6,6)
  facet 9509: (0,0) (2,0) (2,1) (3,1) (3,2) (4,2) (5,2) (5,3) (5,5) (6,5) (6,6)
  facet 9510: (0,0) (2,0) (3,0) (3,1) (3,2) (4,2) (5,2) (5,3) (5,5) (6,5) (6,6)
  facet 9511: (0,0) (0,1) (2,1) (3,1) (4,1) (4,2) (5,2) (5,3) (5,5) (6,5) (6,6)
  facet 9512: (0,0) (2,0) (2,1) (3,1) (4,1) (4,2) (5,2) (5,3) (5,5) (6,5) (6,6)
  facet 9513: (0,0) (2,0) (3,0) (3,1) (4,1) (4,2) (5,2) (5,3) (5,5) (6,5) (6,6)
  facet 9514: (0,0) (2,0) (3,0) (4,0) (4,1) (4,2) (5,2) (5,3) (5,5) (6,5) (6,6)
  facet 9515: (0,0) (0,1) (2,1) (3,1) (4,1) (5,1) (5,2) (5,3) (5,5) (6,5) (6,6)
  facet 9516: (0,0) (2,0) (2,1) (3,1) (4,1) (5,1) (5,2) (5,3) (5,5) (6,5) (6,6)
  facet 9517: (0,0) (2,0) (3,0) (3,1) (4,1) (5,1) (5,2) (5,3) (5,5) (6,5) (6,6)
  facet 9518: (0,0) (2,0) (3,0) (4,0) (4,1) (5,1) (5,2) (5,3) (5,5) (6,5) (6,6)
  facet 9519: (0,0) (2,0) (3,0) (4,0) (5,0) (5,1) (5,2) (5,3) (5,5) (6,5) (6,6)
  facet 9520: (0,0) (0,1) (0,2) (0,3) (2,3) (3,3) (4,3) (5,3) (6,3) (6,5) (6,6)
  facet 9521: (0,0) (0,1) (0,2) (2,2) (2,3) (3,3) (4,3) (5,3) (6,3) (6,5) (6,6)
  facet 9522: (0,0) (0,1) (2,1) (2,2) (2,3) (3,3) (4,3) (5,3) (6,3) (6,5) (6,6)
  facet 9523: (0,0) (2,0) (2,1) (2,2) (2,3) (3,3) (4,3) (5,3) (6,3) (6,5) (6,6)
  facet 9524: (0,0) (0,1) (0,2) (2,2) (3,2) (3,3) (4,3) (5,3) (6,3) (6,5) (6,6)
  facet 9525: (0,0) (0,1) (2,1) (2,2) (3,2) (3,3) (4,3) (5,3) (6,3) (6,5) (6,6)
  facet 9526: (0,0) (2,0) (2,1) (2,2) (3,2) (3,3) (4,3) (5,3) (6,3) (6,5) (6,6)
  facet 9527: (0,0) (0,1) (2,1) (3,1) (3,2) (3,3) (4,3) (5,3) (6,3) (6,5) (6,6)
  facet 9528: (0,0) (2,0) (2,1) (3,1) (3,2) (3,3) (4,3) (5,3) (6,3) (6,5) (6,6)
  facet 9529: (0,0) (2,0) (3,0) (3,1) (3,2) (3,3) (4,3) (5,3) (6,3) (6,5) (6,6)
  facet 9530: (0,0) (0,1) (0,2) (2,2) (3,2) (4,2) (4,3) (5,3) (6,3) (6,5) (6,6)
  facet 9531: (0,0) (0,1) (2,1) (2,2) (3,2) (4,2) (4,3) (5,3) (6,3) (6,5) (6,6)
  facet 9532: (0,0) (2,0) (2,1) (2,2) (3,2) (4,2) (4,3) (5,3) (6,3) (6,5) (6,6)
  facet 9533: (0,0) (0,1) (2,1) (3,1) (3,2) (4,2) (4,3) (5,3) (6,3) (6,5) (6,6)
  facet 9534: (0,0) (2,0) (2,1) (3,1) (3,2) (4,2) (4,3) (5,3) (6,3) (6,5) (6,6)
  facet 9535: (0,0) (2,0) (3,0) (3,1) (3,2) (4,2) (4,3) (5,3) (6,3) (6,5) (6,6)
  facet 9536: (0,0) (0,1) (2,1) (3,1) (4,1) (4,2) (4,3) (5,3) (6,3) (6,5) (6,6)
  facet 9537: (0,0) (2,0) (2,1) (3,1) (4,1) (4,2) (4,3) (5,3) (6,3) (6,5) (6,6)
  facet 9538: (0,0) (2,0) (3,0) (3,1) (4,1) (4,2) (4,3) (5,3) (6,3) (6,5) (6,6)
  facet 9539: (0,0) (2,0) (3,0) (4,0) (4,1) (4,2) (4,3) (5,3) (6,3) (6,5) (6,6)
  facet 9540: (0,0) (0,1) (0,2) (2,2) (3,2) (4,2) (5,2) (5,3) (6,3) (6,5) (6,6)
  facet 9541: (0,0) (0,1) (2,1) (2,2) (3,2) (4,2) (5,2) (5,3) (6,3) (6,5) (6,6)
  facet 9542: (0,0) (2,0) (2,1) (2,2) (3,2) (4,2) (5,2) (5,3) (6,3) (6,5) (6,6)
  facet 9543: (0,0) (0,1) (2,1) (3,1) (3,2) (4,2) (5,2) (5,3) (6,3) (6,5) (6,6)
  facet 9544: (0,0) (2,0) (2,1) (3,1) (3,2) (4,2) (5,2) (5,3) (6,3) (6,5) (6,6)
  facet 9545: (0,0) (2,0) (3,0) (3,1) (3,2) (4,2) (5,2) (5,3) (6,3) (6,5) (6,6)
  facet 9546: (0,0) (0,1) (2,1) (3,1) (4,1) (4,2) (5,2) (5,3) (6,3) (6,5) (6,6)
  facet 9547: (0,0) (2,0) (2,1) (3,1) (4,1) (4,2) (5,2) (5,3) (6,3) (6,5) (6,6)
  facet 9548: (0,0) (2,0) (3,0) (3,1) (4,1) (4,2) (5,2) (5,3) (6,3) (6,5) (6,6)
  facet 9549: (0,0) (2,0) (3,0) (4,0) (4,1) (4,2) (5,2) (5,3) (6,3) (6,5) (6,6)
  facet 9550: (0,0) (0,1) (2,1) (3,1) (4,1) (5,1) (5,2) (5,3) (6,3) (6,5) (6,6)
  facet 9551: (0,0) (2,0) (2,1) (3,1) (4,1) (5,1) (5,2) (5,3) (6,3) (6,5) (6,6)
  facet 9552: (0,0) (2,0) (3,0) (3,1) (4,1) (5,1) (5,2) (5,3) (6,3) (6,5) (6,6)
  facet 9553: (0,0) (2,0) (3,0) (4,0) (4,1) (5,1) (5,2) (5,3) (6,3) (6,5) (6,6)
  facet 9554: (0,0) (2,0) (3,0) (4,0) (5,0) (5,1) (5,2) (5,3) (6,3) (6,5) (6,6)
  facet 9555: (0,0) (0,1) (0,2) (2,2) (3,2) (4,2) (5,2) (6,2) (6,3) (6,5) (6,6)
  facet 9556: (0,0) (0,1) (2,1) (2,2) (3,2) (4,2) (5,2) (6,2) (6,3) (6,5) (6,6)
  facet 9557: (0,0) (2,0) (2,1) (2,2) (3,2) (4,2) (5,2) (6,2) (6,3) (6,5) (6,6)
  facet 9558: (0,0) (0,1) (2,1) (3,1) (3,2) (4,2) (5,2) (6,2) (6,3) (6,5) (6,6)
  facet 9559: (0,0) (2,0) (2,1) (3,1) (3,2) (4,2) (5,2) (6,2) (6,3) (6,5) (6,6)
  facet 9560: (0,0) (2,0) (3,0) (3,1) (3,2) (4,2) (5,2) (6,2) (6,3) (6,5) (6,6)
  facet 9561: (0,0) (0,1) (2,1) (3,1) (4,1) (4,2) (5,2) (6,2) (6,3) (6,5) (6,6)
  facet 9562: (0,0) (2,0) (2,1) (3,1) (4,1) (4,2) (5,2) (6,2) (6,3) (6,5) (6,6)
  facet 9563: (0,0) (2,0) (3,0) (3,1) (4,1) (4,2) (5,2) (6,2) (6,3) (6,5) (6,6)
  facet 9564: (0,0) (2,0) (3,0) (4,0) (4,1) (4,2) (5,2) (6,2) (6,3) (6,5) (6,6)
  facet 9565: (0,0) (0,1) (2,1) (3,1) (4,1) (5,1) (5,2) (6,2) (6,3) (6,5) (6,6)
  facet 9566: (0,0) (2,0) (2,1) (3,1) (4,1) (5,1) (5,2) (6,2) (6,3) (6,5) (6,6)
  facet 9567: (0,0) (2,0) (3,0) (3,1) (4,1) (5,1) (5,2) (6,2) (6,3) (6,5) (6,6)
  facet 9568: (0,0) (2,0) (3,0) (4,0) (4,1) (5,1) (5,2) (6,2) (6,3) (6,5) (6,6)
  facet 9569: (0,0) (2,0) (3,0) (4,0) (5,0) (5,1) (5,2) (6,2) (6,3) (6,5) (6,6)
  facet 9570: (0,0) (0,1) (2,1) (3,1) (4,1) (5,1) (6,1) (6,2) (6,3) (6,5) (6,6)
  facet 9571: (0,0) (2,0) (2,1) (3,1) (4,1) (5,1) (6,1) (6,2) (6,3) (6,5) (6,6)
  facet 9572: (0,0) (2,0) (3,0) (3,1) (4,1) (5,1) (6,1) (6,2) (6,3) (6,5) (6,6)
  facet 9573: (0,0) (2,0) (3,0) (4,0) (4,1) (5,1) (6,1) (6,2) (6,3) (6,5) (6,6)
  facet 9574: (0,0) (2,0) (3,0) (4,0) (5,0) (5,1) (6,1) (6,2) (6,3) (6,5) (6,6)
  facet 9575: (0,0) (2,0) (3,0) (4,0) (5,0) (6,0) (6,1) (6,2) (6,3) (6,5) (6,6)
  facet 9576: (0,0) (0,1) (0,2) (0,4) (0,5) (0,6) (2,6) (3,6) (4,6) (5,6) (6,6)
  facet 9577: (0,0) (0,1) (0,2) (0,4) (0,5) (2,5) (2,6) (3,6) (4,6) (5,6) (6,6)
  facet 9578: (0,0) (0,1) (0,2) (0,4) (2,4) (2,5) (2,6) (3,6) (4,6) (5,6) (6,6)
  facet 9579: (0,0) (0,1) (0,2) (2,2) (2,4) (2,5) (2,6) (3,6) (4,6) (5,6) (6,6)
  facet 9580: (0,0) (0,1) (2,1) (2,2) (2,4) (2,5) (2,6) (3,6) (4,6) (5,6) (6,6)
  facet 9581: (0,0) (2,0) (2,1) (2,2) (2,4) (2,5) (2,6) (3,6) (4,6) (5,6) (6,6)
  facet 9582: (0,0) (0,1) (0,2) (0,4) (0,5) (2,5) (3,5) (3,6) (4,6) (5,6) (6,6)
  facet 9583: (0,0) (0,1) (0,2) (0,4) (2,4) (2,5) (3,5) (3,6) (4,6) (5,6) (6,6)
  facet 9584: (0,0) (0,1) (0,2) (2,2) (2,4) (2,5) (3,5) (3,6) (4,6) (5,6) (6,6)
  facet 9585: (0,0) (0,1) (2,1) (2,2) (2,4) (2,5) (3,5) (3,6) (4,6) (5,6) (6,6)
  facet 9586: (0,0) (2,0) (2,1) (2,2) (2,4) (2,5) (3,5) (3,6) (4,6) (5,6) (6,6)
  facet 9587: (0,0) (0,1) (0,2) (0,4) (2,4) (3,4) (3,5) (3,6) (4,6) (5,6) (6,6)
  facet 9588: (0,0) (0,1) (0,2) (2,2) (2,4) (3,4) (3,5) (3,6) (4,6) (5,6) (6,6)
  facet 9589: (0,0) (0,1) (2,1) (2,2) (2,4) (3,4) (3,5) (3,6) (4,6) (5,6) (6,6)
  facet 9590: (0,0) (2,0) (2,1) (2,2) (2,4) (3,4) (3,5) (3,6) (4,6) (5,6) (6,6)
  facet 9591: (0,0) (0,1) (0,2) (2,2) (3,2) (3,4) (3,5) (3,6) (4,6) (5,6) (6,6)
  facet 9592: (0,0) (0,1) (2,1) (2,2) (3,2) (3,4) (3,5) (3,6) (4,6) (5,6) (6,6)
  facet 9593: (0,0) (2,0) (2,1) (2,2) (3,2) (3,4) (3,5) (3,6) (4,6) (5,6) (6,6)
  facet 9594: (0,0) (0,1) (2,1) (3,1) (3,2) (3,4) (3,5) (3,6) (4,6) (5,6) (6,6)
  facet 9595: (0,0) (2,0) (2,1) (3,1) (3,2) (3,4) (3,5) (3,6) (4,6) (5,6) (6,6)
  facet 9596: (0,0) (2,0) (3,0) (3,1) (3,2) (3,4) (3,5) (3,6) (4,6) (5,6) (6,6)
  facet 9597: (0,0) (0,1) (0,2) (0,4) (0,5) (2,5) (3,5) (4,5) (4,6) (5,6) (6,6)
  facet 9598: (0,0) (0,1) (0,2) (0,4) (2,4) (2,5) (3,5) (4,5) (4,6) (5,6) (6,6)
  facet 9599: (0,0) (0,1) (0,2) (2,2) (2,4) (2,5) (3,5) (4,5) (4,6) (5,6) (6,6)
  facet 9600: (0,0) (0,1) (2,1) (2,2) (2,4) (2,5) (3,5) (4,5) (4,6) (5,6) (6,6)
  facet 9601: (0,0) (2,0) (2,1) (2,2) (2,4) (2,5) (3,5) (4,5) (4,6) (5,6) (6,6)
  facet 9602: (0,0) (0,1) (0,2) (0,4) (2,4) (3,4) (3,5) (4,5) (4,6) (5,6) (6,6)
  facet 9603: (0,0) (0,1) (0,2) (2,2) (2,4) (3,4) (3,5) (4,5) (4,6) (5,6) (6,6)
  facet 9604: (0,0) (0,1) (2,1) (2,2) (2,4) (3,4) (3,5) (4,5) (4,6) (5,6) (6,6)
  facet 9605: (0,0) (2,0) (2,1) (2,2) (2,4) (3,4) (3,5) (4,5) (4,6) (5,6) (6,6)
  facet 9606: (0,0) (0,1) (0,2) (2,2) (3,2) (3,4) (3,5) (4,5) (4,6) (5,6) (6,6)
  facet 9607: (0,0) (0,1) (2,1) (2,2) (3,2) (3,4) (3,5) (4,5) (4,6) (5,6) (6,6)
  facet 9608: (0,0) (2,0) (2,1) (2,2) (3,2) (3,4) (3,5) (4,5) (4,6) (5,6) (6,6)
  facet 9609: (0,0) (0,1) (2,1) (3,1) (3,2) (3,4) (3,5) (4,5) (4,6) (5,6) (6,6)
  facet 9610: (0,0) (2,0) (2,1) (3,1) (3,2) (3,4) (3,5) (4,5) (4,6) (5,6) (6,6)
  facet 9611: (0,0) (2,0) (3,0) (3,1) (3,2) (3,4) (3,5) (4,5) (4,6) (5,6) (6,6)
  facet 9612: (0,0) (0,1) (0,2) (0,4) (2,4) (3,4) (4,4) (4,5) (4,6) (5,6) (6,6)
  facet 9613: (0,0) (0,1) (0,2) (2,2) (2,4) (3,4) (4,4) (4,5) (4,6) (5,6) (6,6)
  facet 9614: (0,0) (0,1) (2,1) (2,2) (2,4) (3,4) (4,4) (4,5) (4,6) (5,6) (6,6)
  facet 9615: (0,0) (2,0) (2,1) (2,2) (2,4) (3,4) (4,4) (4,5) (4,6) (5,6) (6,6)
  facet 9616: (0,0) (0,1) (0,2) (2,2) (3,2) (3,4) (4,4) (4,5) (4,6) (5,6) (6,6)
  facet 9617: (0,0) (0,1) (2,1) (2,2) (3,2) (3,4) (4,4) (4,5) (4,6) (5,6) (6,6)
  facet 9618: (0,0) (2,0) (2,1) (2,2) (3,2) (3,4) (4,4) (4,5) (4,6) (5,6) (6,6)
  facet 9619: (0,0) (0,1) (2,1) (3,1) (3,2) (3,4) (4,4) (4,5) (4,6) (5,6) (6,6)
  facet 9620: (0,0) (2,0) (2,1) (3,1) (3,2) (3,4) (4,4) (4,5) (4,6) (5,6) (6,6)
  facet 9621: (0,0) (2,0) (3,0) (3,1) (3,2) (3,4) (4,4) (4,5) (4,6) (5,6) (6,6)
  facet 9622: (0,0) (0,1) (0,2) (2,2) (3,2) (4,2) (4,4) (4,5) (4,6) (5,6) (6,6)
  facet 9623: (0,0) (0,1) (2,1) (2,2) (3,2) (4,2) (4,4) (4,5) (4,6) (5,6) (6,6)
  facet 9624: (0,0) (2,0) (2,1) (2,2) (3,2) (4,2) (4,4) (4,5) (4,6) (5,6) (6,6)
  facet 9625: (0,0) (0,1) (2,1) (3,1) (3,2) (4,2) (4,4) (4,5) (4,6) (5,6) (6,6)
  facet 9626: (0,0) (2,0) (2,1) (3,1) (3,2) (4,2) (4,4) (4,5) (4,6) (5,6) (6,6)
  facet 9627: (0,0) (2,0) (3,0) (3,1) (3,2) (4,2) (4,4) (4,5) (4,6) (5,6) (6,6)
  facet 9628: (0,0) (0,1) (2,1) (3,1) (4,1) (4,2) (4,4) (4,5) (4,6) (5,6) (6,6)
  facet 9629: (0,0) (2,0) (2,1) (3,1) (4,1) (4,2) (4,4) (4,5) (4,6) (5,6) (6,6)
  facet 9630: (0,0) (2,0) (3,0) (3,1) (4,1) (4,2) (4,4) (4,5) (4,6) (5,6) (6,6)
  facet 9631: (0,0) (2,0) (3,0) (4,0) (4,1) (4,2) (4,4) (4,5) (4,6) (5,6) (6,6)
  facet 9632: (0,0) (0,1) (0,2) (0,4) (0,5) (2,5) (3,5) (4,5) (5,5) (5,6) (6,6)
  facet 9633: (0,0) (0,1) (0,2) (0,4) (2,4) (2,5) (3,5) (4,5) (5,5) (5,6) (6,6)
  facet 9634: (0,0) (0,1) (0,2) (2,2) (2,4) (2,5) (3,5) (4,5) (5,5) (5,6) (6,6)
  facet 9635: (0,0) (0,1) (2,1) (2,2) (2,4) (2,5) (3,5) (4,5) (5,5) (5,6) (6,6)
  facet 9636: (0,0) (2,0) (2,1) (2,2) (2,4) (2,5) (3,5) (4,5) (5,5) (5,6) (6,6)
  facet 9637: (0,0) (0,1) (0,2) (0,4) (2,4) (3,4) (3,5) (4,5) (5,5) (5,6) (6,6)
  facet 9638: (0,0) (0,1) (0,2) (2,2) (2,4) (3,4) (3,5) (4,5) (5,5) (5,6) (6,6)
  facet 9639: (0,0) (0,1) (2,1) (2,2) (2,4) (3,4) (3,5) (4,5) (5,5) (5,6) (6,6)
  facet 9640: (0,0) (2,0) (2,1) (2,2) (2,4) (3,4) (3,5) (4,5) (5,5) (5,6) (6,6)
  facet 9641: (0,0) (0,1) (0,2) (2,2) (3,2) (3,4) (3,5) (4,5) (5,5) (5,6) (6,6)
  facet 9642: (0,0) (0,1) (2,1) (2,2) (3,2) (3,4) (3,5) (4,5) (5,5) (5,6) (6,6)
  facet 9643: (0,0) (2,0) (2,1) (2,2) (3,2) (3,4) (3,5) (4,5) (5,5) (5,6) (6,6)
  facet 9644: (0,0) (0,1) (2,1) (3,1) (3,2) (3,4) (3,5) (4,5) (5,5) (5,6) (6,6)
  facet 9645: (0,0) (2,0) (2,1) (3,1) (3,2) (3,4) (3,5) (4,5) (5,5) (5,6) (6,6)
  facet 9646: (0,0) (2,0) (3,0) (3,1) (3,2) (3,4) (3,5) (4,5) (5,5) (5,6) (6,6)
  facet 9647: (0,0) (0,1) (0,2) (0,4) (2,4) (3,4) (4,4) (4,5) (5,5) (5,6) (6,6)
  facet 9648: (0,0) (0,1) (0,2) (2,2) (2,4) (3,4) (4,4) (4,5) (5,5) (5,6) (6,6)
  facet 9649: (0,0) (0,1) (2,1) (2,2) (2,4) (3,4) (4,4) (4,5) (5,5) (5,6) (6,6)
  facet 9650: (0,0) (2,0) (2,1) (2,2) (2,4) (3,4) (4,4) (4,5) (5,5) (5,6) (6,6)
  facet 9651: (0,0) (0,1) (0,2) (2,2) (3,2) (3,4) (4,4) (4,5) (5,5) (5,6) (6,6)
  facet 9652: (0,0) (0,1) (2,1) (2,2) (3,2) (3,4) (4,4) (4,5) (5,5) (5,6) (6,6)
  facet 9653: (0,0) (2,0) (2,1) (2,2) (3,2) (3,4) (4,4) (4,5) (5,5) (5,6) (6,6)
  facet 9654: (0,0) (0,1) (2,1) (3,1) (3,2) (3,4) (4,4) (4,5) (5,5) (5,6) (6,6)
  facet 9655: (0,0) (2,0) (2,1) (3,1) (3,2) (3,4) (4,4) (4,5) (5,5) (5,6) (6,6)
  facet 9656: (0,0) (2,0) (3,0) (3,1) (3,2) (3,4) (4,4) (4,5) (5,5) (5,6) (6,6)
  facet 9657: (0,0) (0,1) (0,2) (2,2) (3,2) (4,2) (4,4) (4,5) (5,5) (5,6) (6,6)
  facet 9658: (0,0) (0,1) (2,1) (2,2) (3,2) (4,2) (4,4) (4,5) (5,5) (5,6) (6,6)
  facet 9659: (0,0) (2,0) (2,1) (2,2) (3,2) (4,2) (4,4) (4,5) (5,5) (5,6) (6,6)
  facet 9660: (0,0) (0,1) (2,1) (3,1) (3,2) (4,2) (4,4) (4,5) (5,5) (5,6) (6,6)
  facet 9661: (0,0) (2,0) (2,1) (3,1) (3,2) (4,2) (4,4) (4,5) (5,5) (5,6) (6,6)
  facet 9662: (0,0) (2,0) (3,0) (3,1) (3,2) (4,2) (4,4) (4,5) (5,5) (5,6) (6,6)
  facet 9663: (0,0) (0,1) (2,1) (3,1) (4,1) (4,2) (4,4) (4,5) (5,5) (5,6) (6,6)
  facet 9664: (0,0) (2,0) (2,1) (3,1) (4,1) (4,2) (4,4) (4,5) (5,5) (5,6) (6,6)
  facet 9665: (0,0) (2,0) (3,0) (3,1) (4,1) (4,2) (4,4) (4,5) (5,5) (5,6) (6,6)
  facet 9666: (0,0) (2,0) (3,0) (4,0) (4,1) (4,2) (4,4) (4,5) (5,5) (5,6) (6,6)
  facet 9667: (0,0) (0,1) (0,2) (0,4) (2,4) (3,4) (4,4) (5,4) (5,5) (5,6) (6,6)
  facet 9668: (0,0) (0,1) (0,2) (2,2) (2,4) (3,4) (4,4) (5,4) (5,5) (5,6) (6,6)
  facet 9669: (0,0) (0,1) (2,1) (2,2) (2,4) (3,4) (4,4) (5,4) (5,5) (5,6) (6,6)
  facet 9670: (0,0) (2,0) (2,1) (2,2) (2,4) (3,4) (4,4) (5,4) (5,5) (5,6) (6,6)
  facet 9671: (0,0) (0,1) (0,2) (2,2) (3,2) (3,4) (4,4) (5,4) (5,5) (5,6) (6,6)
  facet 9672: (0,0) (0,1) (2,1) (2,2) (3,2) (3,4) (4,4) (5,4) (5,5) (5,6) (6,6)
  facet 9673: (0,0) (2,0) (2,1) (2,2) (3,2) (3,4) (4,4) (5,4) (5,5) (5,6) (6,6)
  facet 9674: (0,0) (0,1) (2,1) (3,1) (3,2) (3,4) (4,4) (5,4) (5,5) (5,6) (6,6)
  facet 9675: (0,0) (2,0) (2,1) (3,1) (3,2) (3,4) (4,4) (5,4) (5,5) (5,6) (6,6)
  facet 9676: (0,0) (2,0) (3,0) (3,1) (3,2) (3,4) (4,4) (5,4) (5,5) (5,6) (6,6)
  facet 9677: (0,0) (0,1) (0,2) (2,2) (3,2) (4,2) (4,4) (5,4) (5,5) (5,6) (6,6)
  facet 9678: (0,0) (0,1) (2,1) (2,2) (3,2) (4,2) (4,4) (5,4) (5,5) (5,6) (6,6)
  facet 9679: (0,0) (2,0) (2,1) (2,2) (3,2) (4,2) (4,4) (5,4) (5,5) (5,6) (6,6)
  facet 9680: (0,0) (0,1) (2,1) (3,1) (3,2) (4,2) (4,4) (5,4) (5,5) (5,6) (6,6)
  facet 9681: (0,0) (2,0) (2,1) (3,1) (3,2) (4,2) (4,4) (5,4) (5,5) (5,6) (6,6)
  facet 9682: (0,0) (2,0) (3,0) (3,1) (3,2) (4,2) (4,4) (5,4) (5,5) (5,6) (6,6)
  facet 9683: (0,0) (0,1) (2,1) (3,1) (4,1) (4,2) (4,4) (5,4) (5,5) (5,6) (6,6)
  facet 9684: (0,0) (2,0) (2,1) (3,1) (4,1) (4,2) (4,4) (5,4) (5,5) (5,6) (6,6)
  facet 9685: (0,0) (2,0) (3,0) (3,1) (4,1) (4,2) (4,4) (5,4) (5,5) (5,6) (6,6)
  facet 9686: (0,0) (2,0) (3,0) (4,0) (4,1) (4,2) (4,4) (5,4) (5,5) (5,6) (6,6)
  facet 9687: (0,0) (0,1) (0,2) (2,2) (3,2) (4,2) (5,2) (5,4) (5,5) (5,6) (6,6)
  facet 9688: (0,0) (0,1) (2,1) (2,2) (3,2) (4,2) (5,2) (5,4) (5,5) (5,6) (6,6)
  facet 9689: (0,0) (2,0) (2,1) (2,2) (3,2) (4,2) (5,2) (5,4) (5,5) (5,6) (6,6)
  facet 9690: (0,0) (0,1) (2,1) (3,1) (3,2) (4,2) (5,2) (5,4) (5,5) (5,6) (6,6)
  facet 9691: (0,0) (2,0) (2,1) (3,1) (3,2) (4,2) (5,2) (5,4) (5,5) (5,6) (6,6)
  facet 9692: (0,0) (2,0) (3,0) (3,1) (3,2) (4,2) (5,2) (5,4) (5,5) (5,6) (6,6)
  facet 9693: (0,0) (0,1) (2,1) (3,1) (4,1) (4,2) (5,2) (5,4) (5,5) (5,6) (6,6)
  facet 9694: (0,0) (2,0) (2,1) (3,1) (4,1) (4,2) (5,2) (5,4) (5,5) (5,6) (6,6)
  facet 9695: (0,0) (2,0) (3,0) (3,1) (4,1) (4,2) (5,2) (5,4) (5,5) (5,6) (6,6)
  facet 9696: (0,0) (2,0) (3,0) (4,0) (4,1) (4,2) (5,2) (5,4) (5,5) (5,6) (6,6)
  facet 9697: (0,0) (0,1) (2,1) (3,1) (4,1) (5,1) (5,2) (5,4) (5,5) (5,6) (6,6)
  facet 9698: (0,0) (2,0) (2,1) (3,1) (4,1) (5,1) (5,2) (5,4) (5,5) (5,6) (6,6)
  facet 9699: (0,0) (2,0) (3,0) (3,1) (4,1) (5,1) (5,2) (5,4) (5,5) (5,6) (6,6)
  facet 9700: (0,0) (2,0) (3,0) (4,0) (4,1) (5,1) (5,2) (5,4) (5,5) (5,6) (6,6)
  facet 9701: (0,0) (2,0) (3,0) (4,0) (5,0) (5,1) (5,2) (5,4) (5,5) (5,6) (6,6)
  facet 9702: (0,0) (0,1) (0,2) (0,4) (0,5) (2,5) (3,5) (4,5) (5,5) (6,5) (6,6)
  facet 9703: (0,0) (0,1) (0,2) (0,4) (2,4) (2,5) (3,5) (4,5) (5,5) (6,5) (6,6)
  facet 9704: (0,0) (0,1) (0,2) (2,2) (2,4) (2,5) (3,5) (4,5) (5,5) (6,5) (6,6)
  facet 9705: (0,0) (0,1) (2,1) (2,2) (2,4) (2,5) (3,5) (4,5) (5,5) (6,5) (6,6)
  facet 9706: (0,0) (2,0) (2,1) (2,2) (2,4) (2,5) (3,5) (4,5) (5,5) (6,5) (6,6)
  facet 9707: (0,0) (0,1) (0,2) (0,4) (2,4) (3,4) (3,5) (4,5) (5,5) (6,5) (6,6)
  facet 9708: (0,0) (0,1) (0,2) (2,2) (2,4) (3,4) (3,5) (4,5) (5,5) (6,5) (6,6)
  facet 9709: (0,0) (0,1) (2,1) (2,2) (2,4) (3,4) (3,5) (4,5) (5,5) (6,5) (6,6)
  facet 9710: (0,0) (2,0) (2,1) (2,2) (2,4) (3,4) (3,5) (4,5) (5,5) (6,5) (6,6)
  facet 9711: (0,0) (0,1) (0,2) (2,2) (3,2) (3,4) (3,5) (4,5) (5,5) (6,5) (6,6)
  facet 9712: (0,0) (0,1) (2,1) (2,2) (3,2) (3,4) (3,5) (4,5) (5,5) (6,5) (6,6)
  facet 9713: (0,0) (2,0) (2,1) (2,2) (3,2) (3,4) (3,5) (4,5) (5,5) (6,5) (6,6)
  facet 9714: (0,0) (0,1) (2,1) (3,1) (3,2) (3,4) (3,5) (4,5) (5,5) (6,5) (6,6)
  facet 9715: (0,0) (2,0) (2,1) (3,1) (3,2) (3,4) (3,5) (4,5) (5,5) (6,5) (6,6)
  facet 9716: (0,0) (2,0) (3,0) (3,1) (3,2) (3,4) (3,5) (4,5) (5,5) (6,5) (6,6)
  facet 9717: (0,0) (0,1) (0,2) (0,4) (2,4) (3,4) (4,4) (4,5) (5,5) (6,5) (6,6)
  facet 9718: (0,0) (0,1) (0,2) (2,2) (2,4) (3,4) (4,4) (4,5) (5,5) (6,5) (6,6)
  facet 9719: (0,0) (0,1) (2,1) (2,2) (2,4) (3,4) (4,4) (4,5) (5,5) (6,5) (6,6)
  facet 9720: (0,0) (2,0) (2,1) (2,2) (2,4) (3,4) (4,4) (4,5) (5,5) (6,5) (6,6)
  facet 9721: (0,0) (0,1) (0,2) (2,2) (3,2) (3,4) (4,4) (4,5) (5,5) (6,5) (6,6)
  facet 9722: (0,0) (0,1) (2,1) (2,2) (3,2) (3,4) (4,4) (4,5) (5,5) (6,5) (6,6)
  facet 9723: (0,0) (2,0) (2,1) (2,2) (3,2) (3,4) (4,4) (4,5) (5,5) (6,5) (6,6)
  facet 9724: (0,0) (0,1) (2,1) (3,1) (3,2) (3,4) (4,4) (4,5) (5,5) (6,5) (6,6)
  facet 9725: (0,0) (2,0) (2,1) (3,1) (3,2) (3,4) (4,4) (4,5) (5,5) (6,5) (6,6)
  facet 9726: (0,0) (2,0) (3,0) (3,1) (3,2) (3,4) (4,4) (4,5) (5,5) (6,5) (6,6)
  facet 9727: (0,0) (0,1) (0,2) (2,2) (3,2) (4,2) (4,4) (4,5) (5,5) (6,5) (6,6)
  facet 9728: (0,0) (0,1) (2,1) (2,2) (3,2) (4,2) (4,4) (4,5) (5,5) (6,5) (6,6)
  facet 9729: (0,0) (2,0) (2,1) (2,2) (3,2) (4,2) (4,4) (4,5) (5,5) (6,5) (6,6)
  facet 9730: (0,0) (0,1) (2,1) (3,1) (3,2) (4,2) (4,4) (4,5) (5,5) (6,5) (6,6)
  facet 9731: (0,0) (2,0) (2,1) (3,1) (3,2) (4,2) (4,4) (4,5) (5,5) (6,5) (6,6)
  facet 9732: (0,0) (2,0) (3,0) (3,1) (3,2) (4,2) (4,4) (4,5) (5,5) (6,5) (6,6)
  facet 9733: (0,0) (0,1) (2,1) (3,1) (4,1) (4,2) (4,4) (4,5) (5,5) (6,5) (6,6)
  facet 9734: (0,0) (2,0) (2,1) (3,1) (4,1) (4,2) (4,4) (4,5) (5,5) (6,5) (6,6)
  facet 9735: (0,0) (2,0) (3,0) (3,1) (4,1) (4,2) (4,4) (4,5) (5,5) (6,5) (6,6)
  facet 9736: (0,0) (2,0) (3,0) (4,0) (4,1) (4,2) (4,4) (4,5) (5,5) (6,5) (6,6)
  facet 9737: (0,0) (0,1) (0,2) (0,4) (2,4) (3,4) (4,4) (5,4) (5,5) (6,5) (6,6)
  facet 9738: (0,0) (0,1) (0,2) (2,2) (2,4) (3,4) (4,4) (5,4) (5,5) (6,5) (6,6)
  facet 9739: (0,0) (0,1) (2,1) (2,2) (2,4) (3,4) (4,4) (5,4) (5,5) (6,5) (6,6)
  facet 9740: (0,0) (2,0) (2,1) (2,2) (2,4) (3,4) (4,4) (5,4) (5,5) (6,5) (6,6)
  facet 9741: (0,0) (0,1) (0,2) (2,2) (3,2) (3,4) (4,4) (5,4) (5,5) (6,5) (6,6)
  facet 9742: (0,0) (0,1) (2,1) (2,2) (3,2) (3,4) (4,4) (5,4) (5,5) (6,5) (6,6)
  facet 9743: (0,0) (2,0) (2,1) (2,2) (3,2) (3,4) (4,4) (5,4) (5,5) (6,5) (6,6)
  facet 9744: (0,0) (0,1) (2,1) (3,1) (3,2) (3,4) (4,4) (5,4) (5,5) (6,5) (6,6)
  facet 9745: (0,0) (2,0) (2,1) (3,1) (3,2) (3,4) (4,4) (5,4) (5,5) (6,5) (6,6)
  facet 9746: (0,0) (2,0) (3,0) (3,1) (3,2) (3,4) (4,4) (5,4) (5,5) (6,5) (6,6)
  facet 9747: (0,0) (0,1) (0,2) (2,2) (3,2) (4,2) (4,4) (5,4) (5,5) (6,5) (6,6)
  facet 9748: (0,0) (0,1) (2,1) (2,2) (3,2) (4,2) (4,4) (5,4) (5,5) (6,5) (6,6)
  facet 9749: (0,0) (2,0) (2,1) (2,2) (3,2) (4,2) (4,4) (5,4) (5,5) (6,5) (6,6)
  facet 9750: (0,0) (0,1) (2,1) (3,1) (3,2) (4,2) (4,4) (5,4) (5,5) (6,5) (6,6)
  facet 9751: (0,0) (2,0) (2,1) (3,1) (3,2) (4,2) (4,4) (5,4) (5,5) (6,5) (6,6)
  facet 9752: (0,0) (2,0) (3,0) (3,1) (3,2) (4,2) (4,4) (5,4) (5,5) (6,5) (6,6)
  facet 9753: (0,0) (0,1) (2,1) (3,1) (4,1) (4,2) (4,4) (5,4) (5,5) (6,5) (6,6)
  facet 9754: (0,0) (2,0) (2,1) (3,1) (4,1) (4,2) (4,4) (5,4) (5,5) (6,5) (6,6)
  facet 9755: (0,0) (2,0) (3,0) (3,1) (4,1) (4,2) (4,4) (5,4) (5,5) (6,5) (6,6)
  facet 9756: (0,0) (2,0) (3,0) (4,0) (4,1) (4,2) (4,4) (5,4) (5,5) (6,5) (6,6)
  facet 9757: (0,0) (0,1) (0,2) (2,2) (3,2) (4,2) (5,2) (5,4) (5,5) (6,5) (6,6)
  facet 9758: (0,0) (0,1) (2,1) (2,2) (3,2) (4,2) (5,2) (5,4) (5,5) (6,5) (6,6)
  facet 9759: (0,0) (2,0) (2,1) (2,2) (3,2) (4,2) (5,2) (5,4) (5,5) (6,5) (6,6)
  facet 9760: (0,0) (0,1) (2,1) (3,1) (3,2) (4,2) (5,2) (5,4) (5,5) (6,5) (6,6)
  facet 9761: (0,0) (2,0) (2,1) (3,1) (3,2) (4,2) (5,2) (5,4) (5,5) (6,5) (6,6)
  facet 9762: (0,0) (2,0) (3,0) (3,1) (3,2) (4,2) (5,2) (5,4) (5,5) (6,5) (6,6)
  facet 9763: (0,0) (0,1) (2,1) (3,1) (4,1) (4,2) (5,2) (5,4) (5,5) (6,5) (6,6)
  facet 9764: (0,0) (2,0) (2,1) (3,1) (4,1) (4,2) (5,2) (5,4) (5,5) (6,5) (6,6)
  facet 9765: (0,0) (2,0) (3,0) (3,1) (4,1) (4,2) (5,2) (5,4) (5,5) (6,5) (6,6)
  facet 9766: (0,0) (2,0) (3,0) (4,0) (4,1) (4,2) (5,2) (5,4) (5,5) (6,5) (6,6)
  facet 9767: (0,0) (0,1) (2,1) (3,1) (4,1) (5,1) (5,2) (5,4) (5,5) (6,5) (6,6)
  facet 9768: (0,0) (2,0) (2,1) (3,1) (4,1) (5,1) (5,2) (5,4) (5,5) (6,5) (6,6)
  facet 9769: (0,0) (2,0) (3,0) (3,1) (4,1) (5,1) (5,2) (5,4) (5,5) (6,5) (6,6)
  facet 9770: (0,0) (2,0) (3,0) (4,0) (4,1) (5,1) (5,2) (5,4) (5,5) (6,5) (6,6)
  facet 9771: (0,0) (2,0) (3,0) (4,0) (5,0) (5,1) (5,2) (5,4) (5,5) (6,5) (6,6)
  facet 9772: (0,0) (0,1) (0,2) (0,4) (2,4) (3,4) (4,4) (5,4) (6,4) (6,5) (6,6)
  facet 9773: (0,0) (0,1) (0,2) (2,2) (2,4) (3,4) (4,4) (5,4) (6,4) (6,5) (6,6)
  facet 9774: (0,0) (0,1) (2,1) (2,2) (2,4) (3,4) (4,4) (5,4) (6,4) (6,5) (6,6)
  facet 9775: (0,0) (2,0) (2,1) (2,2) (2,4) (3,4) (4,4) (5,4) (6,4) (6,5) (6,6)
  facet 9776: (0,0) (0,1) (0,2) (2,2) (3,2) (3,4) (4,4) (5,4) (6,4) (6,5) (6,6)
  facet 9777: (0,0) (0,1) (2,1) (2,2) (3,2) (3,4) (4,4) (5,4) (6,4) (6,5) (6,6)
  facet 9778: (0,0) (2,0) (2,1) (2,2) (3,2) (3,4) (4,4) (5,4) (6,4) (6,5) (6,6)
  facet 9779: (0,0) (0,1) (2,1) (3,1) (3,2) (3,4) (4,4) (5,4) (6,4) (6,5) (6,6)
  facet 9780: (0,0) (2,0) (2,1) (3,1) (3,2) (3,4) (4,4) (5,4) (6,4) (6,5) (6,6)
  facet 9781: (0,0) (2,0) (3,0) (3,1) (3,2) (3,4) (4,4) (5,4) (6,4) (6,5) (6,6)
  facet 9782: (0,0) (0,1) (0,2) (2,2) (3,2) (4,2) (4,4) (5,4) (6,4) (6,5) (6,6)
  facet 9783: (0,0) (0,1) (2,1) (2,2) (3,2) (4,2) (4,4) (5,4) (6,4) (6,5) (6,6)
  facet 9784: (0,0) (2,0) (2,1) (2,2) (3,2) (4,2) (4,4) (5,4) (6,4) (6,5) (6,6)
  facet 9785: (0,0) (0,1) (2,1) (3,1) (3,2) (4,2) (4,4) (5,4) (6,4) (6,5) (6,6)
  facet 9786: (0,0) (2,0) (2,1) (3,1) (3,2) (4,2) (4,4) (5,4) (6,4) (6,5) (6,6)
  facet 9787: (0,0) (2,0) (3,0) (3,1) (3,2) (4,2) (4,4) (5,4) (6,4) (6,5) (6,6)
  facet 9788: (0,0) (0,1) (2,1) (3,1) (4,1) (4,2) (4,4) (5,4) (6,4) (6,5) (6,6)
  facet 9789: (0,0) (2,0) (2,1) (3,1) (4,1) (4,2) (4,4) (5,4) (6,4) (6,5) (6,6)
  facet 9790: (0,0) (2,0) (3,0) (3,1) (4,1) (4,2) (4,4) (5,4) (6,4) (6,5) (6,6)
  facet 9791: (0,0) (2,0) (3,0) (4,0) (4,1) (4,2) (4,4) (5,4) (6,4) (6,5) (6,6)
  facet 9792: (0,0) (0,1) (0,2) (2,2) (3,2) (4,2) (5,2) (5,4) (6,4) (6,5) (6,6)
  facet 9793: (0,0) (0,1) (2,1) (2,2) (3,2) (4,2) (5,2) (5,4) (6,4) (6,5) (6,6)
  facet 9794: (0,0) (2,0) (2,1) (2,2) (3,2) (4,2) (5,2) (5,4) (6,4) (6,5) (6,6)
  facet 9795: (0,0) (0,1) (2,1) (3,1) (3,2) (4,2) (5,2) (5,4) (6,4) (6,5) (6,6)
  facet 9796: (0,0) (2,0) (2,1) (3,1) (3,2) (4,2) (5,2) (5,4) (6,4) (6,5) (6,6)
  facet 9797: (0,0) (2,0) (3,0) (3,1) (3,2) (4,2) (5,2) (5,4) (6,4) (6,5) (6,6)
  facet 9798: (0,0) (0,1) (2,1) (3,1) (4,1) (4,2) (5,2) (5,4) (6,4) (6,5) (6,6)
  facet 9799: (0,0) (2,0) (2,1) (3,1) (4,1) (4,2) (5,2) (5,4) (6,4) (6,5) (6,6)
  facet 9800: (0,0) (2,0) (3,0) (3,1) (4,1) (4,2) (5,2) (5,4) (6,4) (6,5) (6,6)
  facet 9801: (0,0) (2,0) (3,0) (4,0) (4,1) (4,2) (5,2) (5,4) (6,4) (6,5) (6,6)
  facet 9802: (0,0) (0,1) (2,1) (3,1) (4,1) (5,1) (5,2) (5,4) (6,4) (6,5) (6,6)
  facet 9803: (0,0) (2,0) (2,1) (3,1) (4,1) (5,1) (5,2) (5,4) (6,4) (6,5) (6,6)
  facet 9804: (0,0) (2,0) (3,0) (3,1) (4,1) (5,1) (5,2) (5,4) (6,4) (6,5) (6,6)
  facet 9805: (0,0) (2,0) (3,0) (4,0) (4,1) (5,1) (5,2) (5,4) (6,4) (6,5) (6,6)
  facet 9806: (0,0) (2,0) (3,0) (4,0) (5,0) (5,1) (5,2) (5,4) (6,4) (6,5) (6,6)
  facet 9807: (0,0) (0,1) (0,2) (2,2) (3,2) (4,2) (5,2) (6,2) (6,4) (6,5) (6,6)
  facet 9808: (0,0) (0,1) (2,1) (2,2) (3,2) (4,2) (5,2) (6,2) (6,4) (6,5) (6,6)
  facet 9809: (0,0) (2,0) (2,1) (2,2) (3,2) (4,2) (5,2) (6,2) (6,4) (6,5) (6,6)
  facet 9810: (0,0) (0,1) (2,1) (3,1) (3,2) (4,2) (5,2) (6,2) (6,4) (6,5) (6,6)
  facet 9811: (0,0) (2,0) (2,1) (3,1) (3,2) (4,2) (5,2) (6,2) (6,4) (6,5) (6,6)
  facet 9812: (0,0) (2,0) (3,0) (3,1) (3,2) (4,2) (5,2) (6,2) (6,4) (6,5) (6,6)
  facet 9813: (0,0) (0,1) (2,1) (3,1) (4,1) (4,2) (5,2) (6,2) (6,4) (6,5) (6,6)
  facet 9814: (0,0) (2,0) (2,1) (3,1) (4,1) (4,2) (5,2) (6,2) (6,4) (6,5) (6,6)
  facet 9815: (0,0) (2,0) (3,0) (3,1) (4,1) (4,2) (5,2) (6,2) (6,4) (6,5) (6,6)
  facet 9816: (0,0) (2,0) (3,0) (4,0) (4,1) (4,2) (5,2) (6,2) (6,4) (6,5) (6,6)
  facet 9817: (0,0) (0,1) (2,1) (3,1) (4,1) (5,1) (5,2) (6,2) (6,4) (6,5) (6,6)
  facet 9818: (0,0) (2,0) (2,1) (3,1) (4,1) (5,1) (5,2) (6,2) (6,4) (6,5) (6,6)
  facet 9819: (0,0) (2,0) (3,0) (3,1) (4,1) (5,1) (5,2) (6,2) (6,4) (6,5) (6,6)
  facet 9820: (0,0) (2,0) (3,0) (4,0) (4,1) (5,1) (5,2) (6,2) (6,4) (6,5) (6,6)
  facet 9821: (0,0) (2,0) (3,0) (4,0) (5,0) (5,1) (5,2) (6,2) (6,4) (6,5) (6,6)
  facet 9822: (0,0) (0,1) (2,1) (3,1) (4,1) (5,1) (6,1) (6,2) (6,4) (6,5) (6,6)
  facet 9823: (0,0) (2,0) (2,1) (3,1) (4,1) (5,1) (6,1) (6,2) (6,4) (6,5) (6,6)
  facet 9824: (0,0) (2,0) (3,0) (3,1) (4,1) (5,1) (6,1) (6,2) (6,4) (6,5) (6,6)
  facet 9825: (0,0) (2,0) (3,0) (4,0) (4,1) (5,1) (6,1) (6,2) (6,4) (6,5) (6,6)
  facet 9826: (0,0) (2,0) (3,0) (4,0) (5,0) (5,1) (6,1) (6,2) (6,4) (6,5) (6,6)
  facet 9827: (0,0) (2,0) (3,0) (4,0) (5,0) (6,0) (6,1) (6,2) (6,4) (6,5) (6,6)
  facet 9828: (0,0) (0,1) (0,3) (0,4) (0,5) (0,6) (2,6) (3,6) (4,6) (5,6) (6,6)
  facet 9829: (0,0) (0,1) (0,3) (0,4) (0,5) (2,5) (2,6) (3,6) (4,6) (5,6) (6,6)
  facet 9830: (0,0) (0,1) (0,3) (0,4) (2,4) (2,5) (2,6) (3,6) (4,6) (5,6) (6,6)
  facet 9831: (0,0) (0,1) (0,3) (2,3) (2,4) (2,5) (2,6) (3,6) (4,6) (5,6) (6,6)
  facet 9832: (0,0) (0,1) (2,1) (2,3) (2,4) (2,5) (2,6) (3,6) (4,6) (5,6) (6,6)
  facet 9833: (0,0) (2,0) (2,1) (2,3) (2,4) (2,5) (2,6) (3,6) (4,6) (5,6) (6,6)
  facet 9834: (0,0) (0,1) (0,3) (0,4) (0,5) (2,5) (3,5) (3,6) (4,6) (5,6) (6,6)
  facet 9835: (0,0) (0,1) (0,3) (0,4) (2,4) (2,5) (3,5) (3,6) (4,6) (5,6) (6,6)
  facet 9836: (0,0) (0,1) (0,3) (2,3) (2,4) (2,5) (3,5) (3,6) (4,6) (5,6) (6,6)
  facet 9837: (0,0) (0,1) (2,1) (2,3) (2,4) (2,5) (3,5) (3,6) (4,6) (5,6) (6,6)
  facet 9838: (0,0) (2,0) (2,1) (2,3) (2,4) (2,5) (3,5) (3,6) (4,6) (5,6) (6,6)
  facet 9839: (0,0) (0,1) (0,3) (0,4) (2,4) (3,4) (3,5) (3,6) (4,6) (5,6) (6,6)
  facet 9840: (0,0) (0,1) (0,3) (2,3) (2,4) (3,4) (3,5) (3,6) (4,6) (5,6) (6,6)
  facet 9841: (0,0) (0,1) (2,1) (2,3) (2,4) (3,4) (3,5) (3,6) (4,6) (5,6) (6,6)
  facet 9842: (0,0) (2,0) (2,1) (2,3) (2,4) (3,4) (3,5) (3,6) (4,6) (5,6) (6,6)
  facet 9843: (0,0) (0,1) (0,3) (2,3) (3,3) (3,4) (3,5) (3,6) (4,6) (5,6) (6,6)
  facet 9844: (0,0) (0,1) (2,1) (2,3) (3,3) (3,4) (3,5) (3,6) (4,6) (5,6) (6,6)
  facet 9845: (0,0) (2,0) (2,1) (2,3) (3,3) (3,4) (3,5) (3,6) (4,6) (5,6) (6,6)
  facet 9846: (0,0) (0,1) (2,1) (3,1) (3,3) (3,4) (3,5) (3,6) (4,6) (5,6) (6,6)
  facet 9847: (0,0) (2,0) (2,1) (3,1) (3,3) (3,4) (3,5) (3,6) (4,6) (5,6) (6,6)
  facet 9848: (0,0) (2,0) (3,0) (3,1) (3,3) (3,4) (3,5) (3,6) (4,6) (5,6) (6,6)
  facet 9849: (0,0) (0,1) (0,3) (0,4) (0,5) (2,5) (3,5) (4,5) (4,6) (5,6) (6,6)
  facet 9850: (0,0) (0,1) (0,3) (0,4) (2,4) (2,5) (3,5) (4,5) (4,6) (5,6) (6,6)
  facet 9851: (0,0) (0,1) (0,3) (2,3) (2,4) (2,5) (3,5) (4,5) (4,6) (5,6) (6,6)
  facet 9852: (0,0) (0,1) (2,1) (2,3) (2,4) (2,5) (3,5) (4,5) (4,6) (5,6) (6,6)
  facet 9853: (0,0) (2,0) (2,1) (2,3) (2,4) (2,5) (3,5) (4,5) (4,6) (5,6) (6,6)
  facet 9854: (0,0) (0,1) (0,3) (0,4) (2,4) (3,4) (3,5) (4,5) (4,6) (5,6) (6,6)
  facet 9855: (0,0) (0,1) (0,3) (2,3) (2,4) (3,4) (3,5) (4,5) (4,6) (5,6) (6,6)
  facet 9856: (0,0) (0,1) (2,1) (2,3) (2,4) (3,4) (3,5) (4,5) (4,6) (5,6) (6,6)
  facet 9857: (0,0) (2,0) (2,1) (2,3) (2,4) (3,4) (3,5) (4,5) (4,6) (5,6) (6,6)
  facet 9858: (0,0) (0,1) (0,3) (2,3) (3,3) (3,4) (3,5) (4,5) (4,6) (5,6) (6,6)
  facet 9859: (0,0) (0,1) (2,1) (2,3) (3,3) (3,4) (3,5) (4,5) (4,6) (5,6) (6,6)
  facet 9860: (0,0) (2,0) (2,1) (2,3) (3,3) (3,4) (3,5) (4,5) (4,6) (5,6) (6,6)
  facet 9861: (0,0) (0,1) (2,1) (3,1) (3,3) (3,4) (3,5) (4,5) (4,6) (5,6) (6,6)
  facet 9862: (0,0) (2,0) (2,1) (3,1) (3,3) (3,4) (3,5) (4,5) (4,6) (5,6) (6,6)
  facet 9863: (0,0) (2,0) (3,0) (3,1) (3,3) (3,4) (3,5) (4,5) (4,6) (5,6) (6,6)
  facet 9864: (0,0) (0,1) (0,3) (0,4) (2,4) (3,4) (4,4) (4,5) (4,6) (5,6) (6,6)
  facet 9865: (0,0) (0,1) (0,3) (2,3) (2,4) (3,4) (4,4) (4,5) (4,6) (5,6) (6,6)
  facet 9866: (0,0) (0,1) (2,1) (2,3) (2,4) (3,4) (4,4) (4,5) (4,6) (5,6) (6,6)
  facet 9867: (0,0) (2,0) (2,1) (2,3) (2,4) (3,4) (4,4) (4,5) (4,6) (5,6) (6,6)
  facet 9868: (0,0) (0,1) (0,3) (2,3) (3,3) (3,4) (4,4) (4,5) (4,6) (5,6) (6,6)
  facet 9869: (0,0) (0,1) (2,1) (2,3) (3,3) (3,4) (4,4) (4,5) (4,6) (5,6) (6,6)
  facet 9870: (0,0) (2,0) (2,1) (2,3) (3,3) (3,4) (4,4) (4,5) (4,6) (5,6) (6,6)
  facet 9871: (0,0) (0,1) (2,1) (3,1) (3,3) (3,4) (4,4) (4,5) (4,6) (5,6) (6,6)
  facet 9872: (0,0) (2,0) (2,1) (3,1) (3,3) (3,4) (4,4) (4,5) (4,6) (5,6) (6,6)
  facet 9873: (0,0) (2,0) (3,0) (3,1) (3,3) (3,4) (4,4) (4,5) (4,6) (5,6) (6,6)
  facet 9874: (0,0) (0,1) (0,3) (2,3) (3,3) (4,3) (4,4) (4,5) (4,6) (5,6) (6,6)
  facet 9875: (0,0) (0,1) (2,1) (2,3) (3,3) (4,3) (4,4) (4,5) (4,6) (5,6) (6,6)
  facet 9876: (0,0) (2,0) (2,1) (2,3) (3,3) (4,3) (4,4) (4,5) (4,6) (5,6) (6,6)
  facet 9877: (0,0) (0,1) (2,1) (3,1) (3,3) (4,3) (4,4) (4,5) (4,6) (5,6) (6,6)
  facet 9878: (0,0) (2,0) (2,1) (3,1) (3,3) (4,3) (4,4) (4,5) (4,6) (5,6) (6,6)
  facet 9879: (0,0) (2,0) (3,0) (3,1) (3,3) (4,3) (4,4) (4,5) (4,6) (5,6) (6,6)
  facet 9880: (0,0) (0,1) (2,1) (3,1) (4,1) (4,3) (4,4) (4,5) (4,6) (5,6) (6,6)
  facet 9881: (0,0) (2,0) (2,1) (3,1) (4,1) (4,3) (4,4) (4,5) (4,6) (5,6) (6,6)
  facet 9882: (0,0) (2,0) (3,0) (3,1) (4,1) (4,3) (4,4) (4,5) (4,6) (5,6) (6,6)
  facet 9883: (0,0) (2,0) (3,0) (4,0) (4,1) (4,3) (4,4) (4,5) (4,6) (5,6) (6,6)
  facet 9884: (0,0) (0,1) (0,3) (0,4) (0,5) (2,5) (3,5) (4,5) (5,5) (5,6) (6,6)
  facet 9885: (0,0) (0,1) (0,3) (0,4) (2,4) (2,5) (3,5) (4,5) (5,5) (5,6) (6,6)
  facet 9886: (0,0) (0,1) (0,3) (2,3) (2,4) (2,5) (3,5) (4,5) (5,5) (5,6) (6,6)
  facet 9887: (0,0) (0,1) (2,1) (2,3) (2,4) (2,5) (3,5) (4,5) (5,5) (5,6) (6,6)
  facet 9888: (0,0) (2,0) (2,1) (2,3) (2,4) (2,5) (3,5) (4,5) (5,5) (5,6) (6,6)
  facet 9889: (0,0) (0,1) (0,3) (0,4) (2,4) (3,4) (3,5) (4,5) (5,5) (5,6) (6,6)
  facet 9890: (0,0) (0,1) (0,3) (2,3) (2,4) (3,4) (3,5) (4,5) (5,5) (5,6) (6,6)
  facet 9891: (0,0) (0,1) (2,1) (2,3) (2,4) (3,4) (3,5) (4,5) (5,5) (5,6) (6,6)
  facet 9892: (0,0) (2,0) (2,1) (2,3) (2,4) (3,4) (3,5) (4,5) (5,5) (5,6) (6,6)
  facet 9893: (0,0) (0,1) (0,3) (2,3) (3,3) (3,4) (3,5) (4,5) (5,5) (5,6) (6,6)
  facet 9894: (0,0) (0,1) (2,1) (2,3) (3,3) (3,4) (3,5) (4,5) (5,5) (5,6) (6,6)
  facet 9895: (0,0) (2,0) (2,1) (2,3) (3,3) (3,4) (3,5) (4,5) (5,5) (5,6) (6,6)
  facet 9896: (0,0) (0,1) (2,1) (3,1) (3,3) (3,4) (3,5) (4,5) (5,5) (5,6) (6,6)
  facet 9897: (0,0) (2,0) (2,1) (3,1) (3,3) (3,4) (3,5) (4,5) (5,5) (5,6) (6,6)
  facet 9898: (0,0) (2,0) (3,0) (3,1) (3,3) (3,4) (3,5) (4,5) (5,5) (5,6) (6,6)
  facet 9899: (0,0) (0,1) (0,3) (0,4) (2,4) (3,4) (4,4) (4,5) (5,5) (5,6) (6,6)
  facet 9900: (0,0) (0,1) (0,3) (2,3) (2,4) (3,4) (4,4) (4,5) (5,5) (5,6) (6,6)
  facet 9901: (0,0) (0,1) (2,1) (2,3) (2,4) (3,4) (4,4) (4,5) (5,5) (5,6) (6,6)
  facet 9902: (0,0) (2,0) (2,1) (2,3) (2,4) (3,4) (4,4) (4,5) (5,5) (5,6) (6,6)
  facet 9903: (0,0) (0,1) (0,3) (2,3) (3,3) (3,4) (4,4) (4,5) (5,5) (5,6) (6,6)
  facet 9904: (0,0) (0,1) (2,1) (2,3) (3,3) (3,4) (4,4) (4,5) (5,5) (5,6) (6,6)
  facet 9905: (0,0) (2,0) (2,1) (2,3) (3,3) (3,4) (4,4) (4,5) (5,5) (5,6) (6,6)
  facet 9906: (0,0) (0,1) (2,1) (3,1) (3,3) (3,4) (4,4) (4,5) (5,5) (5,6) (6,6)
  facet 9907: (0,0) (2,0) (2,1) (3,1) (3,3) (3,4) (4,4) (4,5) (5,5) (5,6) (6,6)
  facet 9908: (0,0) (2,0) (3,0) (3,1) (3,3) (3,4) (4,4) (4,5) (5,5) (5,6) (6,6)
  facet 9909: (0,0) (0,1) (0,3) (2,3) (3,3) (4,3) (4,4) (4,5) (5,5) (5,6) (6,6)
  facet 9910: (0,0) (0,1) (2,1) (2,3) (3,3) (4,3) (4,4) (4,5) (5,5) (5,6) (6,6)
  facet 9911: (0,0) (2,0) (2,1) (2,3) (3,3) (4,3) (4,4) (4,5) (5,5) (5,6) (6,6)
  facet 9912: (0,0) (0,1) (2,1) (3,1) (3,3) (4,3) (4,4) (4,5) (5,5) (5,6) (6,6)
  facet 9913: (0,0) (2,0) (2,1) (3,1) (3,3) (4,3) (4,4) (4,5) (5,5) (5,6) (6,6)
  facet 9914: (0,0) (2,0) (3,0) (3,1) (3,3) (4,3) (4,4) (4,5) (5,5) (5,6) (6,6)
  facet 9915: (0,0) (0,1) (2,1) (3,1) (4,1) (4,3) (4,4) (4,5) (5,5) (5,6) (6,6)
  facet 9916: (0,0) (2,0) (2,1) (3,1) (4,1) (4,3) (4,4) (4,5) (5,5) (5,6) (6,6)
  facet 9917: (0,0) (2,0) (3,0) (3,1) (4,1) (4,3) (4,4) (4,5) (5,5) (5,6) (6,6)
  facet 9918: (0,0) (2,0) (3,0) (4,0) (4,1) (4,3) (4,4) (4,5) (5,5) (5,6) (6,6)
  facet 9919: (0,0) (0,1) (0,3) (0,4) (2,4) (3,4) (4,4) (5,4) (5,5) (5,6) (6,6)
  facet 9920: (0,0) (0,1) (0,3) (2,3) (2,4) (3,4) (4,4) (5,4) (5,5) (5,6) (6,6)
  facet 9921: (0,0) (0,1) (2,1) (2,3) (2,4) (3,4) (4,4) (5,4) (5,5) (5,6) (6,6)
  facet 9922: (0,0) (2,0) (2,1) (2,3) (2,4) (3,4) (4,4) (5,4) (5,5) (5,6) (6,6)
  facet 9923: (0,0) (0,1) (0,3) (2,3) (3,3) (3,4) (4,4) (5,4) (5,5) (5,6) (6,6)
  facet 9924: (0,0) (0,1) (2,1) (2,3) (3,3) (3,4) (4,4) (5,4) (5,5) (5,6) (6,6)
  facet 9925: (0,0) (2,0) (2,1) (2,3) (3,3) (3,4) (4,4) (5,4) (5,5) (5,6) (6,6)
  facet 9926: (0,0) (0,1) (2,1) (3,1) (3,3) (3,4) (4,4) (5,4) (5,5) (5,6) (6,6)
  facet 9927: (0,0) (2,0) (2,1) (3,1) (3,3) (3,4) (4,4) (5,4) (5,5) (5,6) (6,6)
  facet 9928: (0,0) (2,0) (3,0) (3,1) (3,3) (3,4) (4,4) (5,4) (5,5) (5,6) (6,6)
  facet 9929: (0,0) (0,1) (0,3) (2,3) (3,3) (4,3) (4,4) (5,4) (5,5) (5,6) (6,6)
  facet 9930: (0,0) (0,1) (2,1) (2,3) (3,3) (4,3) (4,4) (5,4) (5,5) (5,6) (6,6)
  facet 9931: (0,0) (2,0) (2,1) (2,3) (3,3) (4,3) (4,4) (5,4) (5,5) (5,6) (6,6)
  facet 9932: (0,0) (0,1) (2,1) (3,1) (3,3) (4,3) (4,4) (5,4) (5,5) (5,6) (6,6)
  facet 9933: (0,0) (2,0) (2,1) (3,1) (3,3) (4,3) (4,4) (5,4) (5,5) (5,6) (6,6)
  facet 9934: (0,0) (2,0) (3,0) (3,1) (3,3) (4,3) (4,4) (5,4) (5,5) (5,6) (6,6)
  facet 9935: (0,0) (0,1) (2,1) (3,1) (4,1) (4,3) (4,4) (5,4) (5,5) (5,6) (6,6)
  facet 9936: (0,0) (2,0) (2,1) (3,1) (4,1) (4,3) (4,4) (5,4) (5,5) (5,6) (6,6)
  facet 9937: (0,0) (2,0) (3,0) (3,1) (4,1) (4,3) (4,4) (5,4) (5,5) (5,6) (6,6)
  facet 9938: (0,0) (2,0) (3,0) (4,0) (4,1) (4,3) (4,4) (5,4) (5,5) (5,6) (6,6)
  facet 9939: (0,0) (0,1) (0,3) (2,3) (3,3) (4,3) (5,3) (5,4) (5,5) (5,6) (6,6)
  facet 9940: (0,0) (0,1) (2,1) (2,3) (3,3) (4,3) (5,3) (5,4) (5,5) (5,6) (6,6)
  facet 9941: (0,0) (2,0) (2,1) (2,3) (3,3) (4,3) (5,3) (5,4) (5,5) (5,6) (6,6)
  facet 9942: (0,0) (0,1) (2,1) (3,1) (3,3) (4,3) (5,3) (5,4) (5,5) (5,6) (6,6)
  facet 9943: (0,0) (2,0) (2,1) (3,1) (3,3) (4,3) (5,3) (5,4) (5,5) (5,6) (6,6)
  facet 9944: (0,0) (2,0) (3,0) (3,1) (3,3) (4,3) (5,3) (5,4) (5,5) (5,6) (6,6)
  facet 9945: (0,0) (0,1) (2,1) (3,1) (4,1) (4,3) (5,3) (5,4) (5,5) (5,6) (6,6)
  facet 9946: (0,0) (2,0) (2,1) (3,1) (4,1) (4,3) (5,3) (5,4) (5,5) (5,6) (6,6)
  facet 9947: (0,0) (2,0) (3,0) (3,1) (4,1) (4,3) (5,3) (5,4) (5,5) (5,6) (6,6)
  facet 9948: (0,0) (2,0) (3,0) (4,0) (4,1) (4,3) (5,3) (5,4) (5,5) (5,6) (6,6)
  facet 9949: (0,0) (0,1) (2,1) (3,1) (4,1) (5,1) (5,3) (5,4) (5,5) (5,6) (6,6)
  facet 9950: (0,0) (2,0) (2,1) (3,1) (4,1) (5,1) (5,3) (5,4) (5,5) (5,6) (6,6)
  facet 9951: (0,0) (2,0) (3,0) (3,1) (4,1) (5,1) (5,3) (5,4) (5,5) (5,6) (6,6)
  facet 9952: (0,0) (2,0) (3,0) (4,0) (4,1) (5,1) (5,3) (5,4) (5,5) (5,6) (6,6)
  facet 9953: (0,0) (2,0) (3,0) (4,0) (5,0) (5,1) (5,3) (5,4) (5,5) (5,6) (6,6)
  facet 9954: (0,0) (0,1) (0,3) (0,4) (0,5) (2,5) (3,5) (4,5) (5,5) (6,5) (6,6)
  facet 9955: (0,0) (0,1) (0,3) (0,4) (2,4) (2,5) (3,5) (4,5) (5,5) (6,5) (6,6)
  facet 9956: (0,0) (0,1) (0,3) (2,3) (2,4) (2,5) (3,5) (4,5) (5,5) (6,5) (6,6)
  facet 9957: (0,0) (0,1) (2,1) (2,3) (2,4) (2,5) (3,5) (4,5) (5,5) (6,5) (6,6)
  facet 9958: (0,0) (2,0) (2,1) (2,3) (2,4) (2,5) (3,5) (4,5) (5,5) (6,5) (6,6)
  facet 9959: (0,0) (0,1) (0,3) (0,4) (2,4) (3,4) (3,5) (4,5) (5,5) (6,5) (6,6)
  facet 9960: (0,0) (0,1) (0,3) (2,3) (2,4) (3,4) (3,5) (4,5) (5,5) (6,5) (6,6)
  facet 9961: (0,0) (0,1) (2,1) (2,3) (2,4) (3,4) (3,5) (4,5) (5,5) (6,5) (6,6)
  facet 9962: (0,0) (2,0) (2,1) (2,3) (2,4) (3,4) (3,5) (4,5) (5,5) (6,5) (6,6)
  facet 9963: (0,0) (0,1) (0,3) (2,3) (3,3) (3,4) (3,5) (4,5) (5,5) (6,5) (6,6)
  facet 9964: (0,0) (0,1) (2,1) (2,3) (3,3) (3,4) (3,5) (4,5) (5,5) (6,5) (6,6)
  facet 9965: (0,0) (2,0) (2,1) (2,3) (3,3) (3,4) (3,5) (4,5) (5,5) (6,5) (6,6)
  facet 9966: (0,0) (0,1) (2,1) (3,1) (3,3) (3,4) (3,5) (4,5) (5,5) (6,5) (6,6)
  facet 9967: (0,0) (2,0) (2,1) (3,1) (3,3) (3,4) (3,5) (4,5) (5,5) (6,5) (6,6)
  facet 9968: (0,0) (2,0) (3,0) (3,1) (3,3) (3,4) (3,5) (4,5) (5,5) (6,5) (6,6)
  facet 9969: (0,0) (0,1) (0,3) (0,4) (2,4) (3,4) (4,4) (4,5) (5,5) (6,5) (6,6)
  facet 9970: (0,0) (0,1) (0,3) (2,3) (2,4) (3,4) (4,4) (4,5) (5,5) (6,5) (6,6)
  facet 9971: (0,0) (0,1) (2,1) (2,3) (2,4) (3,4) (4,4) (4,5) (5,5) (6,5) (6,6)
  facet 9972: (0,0) (2,0) (2,1) (2,3) (2,4) (3,4) (4,4) (4,5) (5,5) (6,5) (6,6)
  facet 9973: (0,0) (0,1) (0,3) (2,3) (3,3) (3,4) (4,4) (4,5) (5,5) (6,5) (6,6)
  facet 9974: (0,0) (0,1) (2,1) (2,3) (3,3) (3,4) (4,4) (4,5) (5,5) (6,5) (6,6)
  facet 9975: (0,0) (2,0) (2,1) (2,3) (3,3) (3,4) (4,4) (4,5) (5,5) (6,5) (6,6)
  facet 9976: (0,0) (0,1) (2,1) (3,1) (3,3) (3,4) (4,4) (4,5) (5,5) (6,5) (6,6)
  facet 9977: (0,0) (2,0) (2,1) (3,1) (3,3) (3,4) (4,4) (4,5) (5,5) (6,5) (6,6)
  facet 9978: (0,0) (2,0) (3,0) (3,1) (3,3) (3,4) (4,4) (4,5) (5,5) (6,5) (6,6)
  facet 9979: (0,0) (0,1) (0,3) (2,3) (3,3) (4,3) (4,4) (4,5) (5,5) (6,5) (6,6)
  facet 9980: (0,0) (0,1) (2,1) (2,3) (3,3) (4,3) (4,4) (4,5) (5,5) (6,5) (6,6)
  facet 9981: (0,0) (2,0) (2,1) (2,3) (3,3) (4,3) (4,4) (4,5) (5,5) (6,5) (6,6)
  facet 9982: (0,0) (0,1) (2,1) (3,1) (3,3) (4,3) (4,4) (4,5) (5,5) (6,5) (6,6)
  facet 9983: (0,0) (2,0) (2,1) (3,1) (3,3) (4,3) (4,4) (4,5) (5,5) (6,5) (6,6)
  facet 9984: (0,0) (2,0) (3,0) (3,1) (3,3) (4,3) (4,4) (4,5) (5,5) (6,5) (6,6)
  facet 9985: (0,0) (0,1) (2,1) (3,1) (4,1) (4,3) (4,4) (4,5) (5,5) (6,5) (6,6)
  facet 9986: (0,0) (2,0) (2,1) (3,1) (4,1) (4,3) (4,4) (4,5) (5,5) (6,5) (6,6)
  facet 9987: (0,0) (2,0) (3,0) (3,1) (4,1) (4,3) (4,4) (4,5) (5,5) (6,5) (6,6)
  facet 9988: (0,0) (2,0) (3,0) (4,0) (4,1) (4,3) (4,4) (4,5) (5,5) (6,5) (6,6)
  facet 9989: (0,0) (0,1) (0,3) (0,4) (2,4) (3,4) (4,4) (5,4) (5,5) (6,5) (6,6)
  facet 9990: (0,0) (0,1) (0,3) (2,3) (2,4) (3,4) (4,4) (5,4) (5,5) (6,5) (6,6)
  facet 9991: (0,0) (0,1) (2,1) (2,3) (2,4) (3,4) (4,4) (5,4) (5,5) (6,5) (6,6)
  facet 9992: (0,0) (2,0) (2,1) (2,3) (2,4) (3,4) (4,4) (5,4) (5,5) (6,5) (6,6)
  facet 9993: (0,0) (0,1) (0,3) (2,3) (3,3) (3,4) (4,4) (5,4) (5,5) (6,5) (6,6)
  facet 9994: (0,0) (0,1) (2,1) (2,3) (3,3) (3,4) (4,4) (5,4) (5,5) (6,5) (6,6)
  facet 9995: (0,0) (2,0) (2,1) (2,3) (3,3) (3,4) (4,4) (5,4) (5,5) (6,5) (6,6)
  facet 9996: (0,0) (0,1) (2,1) (3,1) (3,3) (3,4) (4,4) (5,4) (5,5) (6,5) (6,6)
  facet 9997: (0,0) (2,0) (2,1) (3,1) (3,3) (3,4) (4,4) (5,4) (5,5) (6,5) (6,6)
  facet 9998: (0,0) (2,0) (3,0) (3,1) (3,3) (3,4) (4,4) (5,4) (5,5) (6,5) (6,6)
  facet 9999: (0,0) (0,1) (0,3) (2,3) (3,3) (4,3) (4,4) (5,4) (5,5) (6,5) (6,6)
  facet 10000: (0,0) (0,1) (2,1) (2,3) (3,3) (4,3) (4,4) (5,4) (5,5) (6,5) (6,6)
  facet 10001: (0,0) (2,0) (2,1) (2,3) (3,3) (4,3) (4,4) (5,4) (5,5) (6,5) (6,6)
  facet 10002: (0,0) (0,1) (2,1) (3,1) (3,3) (4,3) (4,4) (5,4) (5,5) (6,5) (6,6)
  facet 10003: (0,0) (2,0) (2,1) (3,1) (3,3) (4,3) (4,4) (5,4) (5,5) (6,5) (6,6)
  facet 10004: (0,0) (2,0) (3,0) (3,1) (3,3) (4,3) (4,4) (5,4) (5,5) (6,5) (6,6)
  facet 10005: (0,0) (0,1) (2,1) (3,1) (4,1) (4,3) (4,4) (5,4) (5,5) (6,5) (6,6)
  facet 10006: (0,0) (2,0) (2,1) (3,1) (4,1) (4,3) (4,4) (5,4) (5,5) (6,5) (6,6)
  facet 10007: (0,0) (2,0) (3,0) (3,1) (4,1) (4,3) (4,4) (5,4) (5,5) (6,5) (6,6)
  facet 10008: (0,0) (2,0) (3,0) (4,0) (4,1) (4,3) (4,4) (5,4) (5,5) (6,5) (6,6)
  facet 10009: (0,0) (0,1) (0,3) (2,3) (3,3) (4,3) (5,3) (5,4) (5,5) (6,5) (6,6)
  facet 10010: (0,0) (0,1) (2,1) (2,3) (3,3) (4,3) (5,3) (5,4) (5,5) (6,5) (6,6)
  facet 10011: (0,0) (2,0) (2,1) (2,3) (3,3) (4,3) (5,3) (5,4) (5,5) (6,5) (6,6)
  facet 10012: (0,0) (0,1) (2,1) (3,1) (3,3) (4,3) (5,3) (5,4) (5,5) (6,5) (6,6)
  facet 10013: (0,0) (2,0) (2,1) (3,1) (3,3) (4,3) (5,3) (5,4) (5,5) (6,5) (6,6)
  facet 10014: (0,0) (2,0) (3,0) (3,1) (3,3) (4,3) (5,3) (5,4) (5,5) (6,5) (6,6)
  facet 10015: (0,0) (0,1) (2,1) (3,1) (4,1) (4,3) (5,3) (5,4) (5,5) (6,5) (6,6)
  facet 10016: (0,0) (2,0) (2,1) (3,1) (4,1) (4,3) (5,3) (5,4) (5,5) (6,5) (6,6)
  facet 10017: (0,0) (2,0) (3,0) (3,1) (4,1) (4,3) (5,3) (5,4) (5,5) (6,5) (6,6)
  facet 10018: (0,0) (2,0) (3,0) (4,0) (4,1) (4,3) (5,3) (5,4) (5,5) (6,5) (6,6)
  facet 10019: (0,0) (0,1) (2,1) (3,1) (4,1) (5,1) (5,3) (5,4) (5,5) (6,5) (6,6)
  facet 10020: (0,0) (2,0) (2,1) (3,1) (4,1) (5,1) (5,3) (5,4) (5,5) (6,5) (6,6)
  facet 10021: (0,0) (2,0) (3,0) (3,1) (4,1) (5,1) (5,3) (5,4) (5,5) (6,5) (6,6)
  facet 10022: (0,0) (2,0) (3,0) (4,0) (4,1) (5,1) (5,3) (5,4) (5,5) (6,5) (6,6)
  facet 10023: (0,0) (2,0) (3,0) (4,0) (5,0) (5,1) (5,3) (5,4) (5,5) (6,5) (6,6)
  facet 10024: (0,0) (0,1) (0,3) (0,4) (2,4) (3,4) (4,4) (5,4) (6,4) (6,5) (6,6)
  facet 10025: (0,0) (0,1) (0,3) (2,3) (2,4) (3,4) (4,4) (5,4) (6,4) (6,5) (6,6)
  facet 10026: (0,0) (0,1) (2,1) (2,3) (2,4) (3,4) (4,4) (5,4) (6,4) (6,5) (6,6)
  facet 10027: (0,0) (2,0) (2,1) (2,3) (2,4) (3,4) (4,4) (5,4) (6,4) (6,5) (6,6)
  facet 10028: (0,0) (0,1) (0,3) (2,3) (3,3) (3,4) (4,4) (5,4) (6,4) (6,5) (6,6)
  facet 10029: (0,0) (0,1) (2,1) (2,3) (3,3) (3,4) (4,4) (5,4) (6,4) (6,5) (6,6)
  facet 10030: (0,0) (2,0) (2,1) (2,3) (3,3) (3,4) (4,4) (5,4) (6,4) (6,5) (6,6)
  facet 10031: (0,0) (0,1) (2,1) (3,1) (3,3) (3,4) (4,4) (5,4) (6,4) (6,5) (6,6)
  facet 10032: (0,0) (2,0) (2,1) (3,1) (3,3) (3,4) (4,4) (5,4) (6,4) (6,5) (6,6)
  facet 10033: (0,0) (2,0) (3,0) (3,1) (3,3) (3,4) (4,4) (5,4) (6,4) (6,5) (6,6)
  facet 10034: (0,0) (0,1) (0,3) (2,3) (3,3) (4,3) (4,4) (5,4) (6,4) (6,5) (6,6)
  facet 10035: (0,0) (0,1) (2,1) (2,3) (3,3) (4,3) (4,4) (5,4) (6,4) (6,5) (6,6)
  facet 10036: (0,0) (2,0) (2,1) (2,3) (3,3) (4,3) (4,4) (5,4) (6,4) (6,5) (6,6)
  facet 10037: (0,0) (0,1) (2,1) (3,1) (3,3) (4,3) (4,4) (5,4) (6,4) (6,5) (6,6)
  facet 10038: (0,0) (2,0) (2,1) (3,1) (3,3) (4,3) (4,4) (5,4) (6,4) (6,5) (6,6)
  facet 10039: (0,0) (2,0) (3,0) (3,1) (3,3) (4,3) (4,4) (5,4) (6,4) (6,5) (6,6)
  facet 10040: (0,0) (0,1) (2,1) (3,1) (4,1) (4,3) (4,4) (5,4) (6,4) (6,5) (6,6)
  facet 10041: (0,0) (2,0) (2,1) (3,1) (4,1) (4,3) (4,4) (5,4) (6,4) (6,5) (6,6)
  facet 10042: (0,0) (2,0) (3,0) (3,1) (4,1) (4,3) (4,4) (5,4) (6,4) (6,5) (6,6)
  facet 10043: (0,0) (2,0) (3,0) (4,0) (4,1) (4,3) (4,4) (5,4) (6,4) (6,5) (6,6)
  facet 10044: (0,0) (0,1) (0,3) (2,3) (3,3) (4,3) (5,3) (5,4) (6,4) (6,5) (6,6)
  facet 10045: (0,0) (0,1) (2,1) (2,3) (3,3) (4,3) (5,3) (5,4) (6,4) (6,5) (6,6)
  facet 10046: (0,0) (2,0) (2,1) (2,3) (3,3) (4,3) (5,3) (5,4) (6,4) (6,5) (6,6)
  facet 10047: (0,0) (0,1) (2,1) (3,1) (3,3) (4,3) (5,3) (5,4) (6,4) (6,5) (6,6)
  facet 10048: (0,0) (2,0) (2,1) (3,1) (3,3) (4,3) (5,3) (5,4) (6,4) (6,5) (6,6)
  facet 10049: (0,0) (2,0) (3,0) (3,1) (3,3) (4,3) (5,3) (5,4) (6,4) (6,5) (6,6)
  facet 10050: (0,0) (0,1) (2,1) (3,1) (4,1) (4,3) (5,3) (5,4) (6,4) (6,5) (6,6)
  facet 10051: (0,0) (2,0) (2,1) (3,1) (4,1) (4,3) (5,3) (5,4) (6,4) (6,5) (6,6)
  facet 10052: (0,0) (2,0) (3,0) (3,1) (4,1) (4,3) (5,3) (5,4) (6,4) (6,5) (6,6)
  facet 10053: (0,0) (2,0) (3,0) (4,0) (4,1) (4,3) (5,3) (5,4) (6,4) (6,5) (6,6)
  facet 10054: (0,0) (0,1) (2,1) (3,1) (4,1) (5,1) (5,3) (5,4) (6,4) (6,5) (6,6)
  facet 10055: (0,0) (2,0) (2,1) (3,1) (4,1) (5,1) (5,3) (5,4) (6,4) (6,5) (6,6)
  facet 10056: (0,0) (2,0) (3,0) (3,1) (4,1) (5,1) (5,3) (5,4) (6,4) (6,5) (6,6)
  facet 10057: (0,0) (2,0) (3,0) (4,0) (4,1) (5,1) (5,3) (5,4) (6,4) (6,5) (6,6)
  facet 10058: (0,0) (2,0) (3,0) (4,0) (5,0) (5,1) (5,3) (5,4) (6,4) (6,5) (6,6)
  facet 10059: (0,0) (0,1) (0,3) (2,3) (3,3) (4,3) (5,3) (6,3) (6,4) (6,5) (6,6)
  facet 10060: (0,0) (0,1) (2,1) (2,3) (3,3) (4,3) (5,3) (6,3) (6,4) (6,5) (6,6)
  facet 10061: (0,0) (2,0) (2,1) (2,3) (3,3) (4,3) (5,3) (6,3) (6,4) (6,5) (6,6)
  facet 10062: (0,0) (0,1) (2,1) (3,1) (3,3) (4,3) (5,3) (6,3) (6,4) (6,5) (6,6)
  facet 10063: (0,0) (2,0) (2,1) (3,1) (3,3) (4,3) (5,3) (6,3) (6,4) (6,5) (6,6)
  facet 10064: (0,0) (2,0) (3,0) (3,1) (3,3) (4,3) (5,3) (6,3) (6,4) (6,5) (6,6)
  facet 10065: (0,0) (0,1) (2,1) (3,1) (4,1) (4,3) (5,3) (6,3) (6,4) (6,5) (6,6)
  facet 10066: (0,0) (2,0) (2,1) (3,1) (4,1) (4,3) (5,3) (6,3) (6,4) (6,5) (6,6)
  facet 10067: (0,0) (2,0) (3,0) (3,1) (4,1) (4,3) (5,3) (6,3) (6,4) (6,5) (6,6)
  facet 10068: (0,0) (2,0) (3,0) (4,0) (4,1) (4,3) (5,3) (6,3) (6,4) (6,5) (6,6)
  facet 10069: (0,0) (0,1) (2,1) (3,1) (4,1) (5,1) (5,3) (6,3) (6,4) (6,5) (6,6)
  facet 10070: (0,0) (2,0) (2,1) (3,1) (4,1) (5,1) (5,3) (6,3) (6,4) (6,5) (6,6)
  facet 10071: (0,0) (2,0) (3,0) (3,1) (4,1) (5,1) (5,3) (6,3) (6,4) (6,5) (6,6)
  facet 10072: (0,0) (2,0) (3,0) (4,0) (4,1) (5,1) (5,3) (6,3) (6,4) (6,5) (6,6)
  facet 10073: (0,0) (2,0) (3,0) (4,0) (5,0) (5,1) (5,3) (6,3) (6,4) (6,5) (6,6)
  facet 10074: (0,0) (0,1) (2,1) (3,1) (4,1) (5,1) (6,1) (6,3) (6,4) (6,5) (6,6)
  facet 10075: (0,0) (2,0) (2,1) (3,1) (4,1) (5,1) (6,1) (6,3) (6,4) (6,5) (6,6)
  facet 10076: (0,0) (2,0) (3,0) (3,1) (4,1) (5,1) (6,1) (6,3) (6,4) (6,5) (6,6)
  facet 10077: (0,0) (2,0) (3,0) (4,0) (4,1) (5,1) (6,1) (6,3) (6,4) (6,5) (6,6)
  facet 10078: (0,0) (2,0) (3,0) (4,0) (5,0) (5,1) (6,1) (6,3) (6,4) (6,5) (6,6)
  facet 10079: (0,0) (2,0) (3,0) (4,0) (5,0) (6,0) (6,1) (6,3) (6,4) (6,5) (6,6)
  facet 10080: (0,0) (0,2) (0,3) (0,4) (0,5) (0,6) (2,6) (3,6) (4,6) (5,6) (6,6)
  facet 10081: (0,0) (0,2) (0,3) (0,4) (0,5) (2,5) (2,6) (3,6) (4,6) (5,6) (6,6)
  facet 10082: (0,0) (0,2) (0,3) (0,4) (2,4) (2,5) (2,6) (3,6) (4,6) (5,6) (6,6)
  facet 10083: (0,0) (0,2) (0,3) (2,3) (2,4) (2,5) (2,6) (3,6) (4,6) (5,6) (6,6)
  facet 10084: (0,0) (0,2) (2,2) (2,3) (2,4) (2,5) (2,6) (3,6) (4,6) (5,6) (6,6)
  facet 10085: (0,0) (2,0) (2,2) (2,3) (2,4) (2,5) (2,6) (3,6) (4,6) (5,6) (6,6)
  facet 10086: (0,0) (0,2) (0,3) (0,4) (0,5) (2,5) (3,5) (3,6) (4,6) (5,6) (6,6)
  facet 10087: (0,0) (0,2) (0,3) (0,4) (2,4) (2,5) (3,5) (3,6) (4,6) (5,6) (6,6)
  facet 10088: (0,0) (0,2) (0,3) (2,3) (2,4) (2,5) (3,5) (3,6) (4,6) (5,6) (6,6)
  facet 10089: (0,0) (0,2) (2,2) (2,3) (2,4) (2,5) (3,5) (3,6) (4,6) (5,6) (6,6)
  facet 10090: (0,0) (2,0) (2,2) (2,3) (2,4) (2,5) (3,5) (3,6) (4,6) (5,6) (6,6)
  facet 10091: (0,0) (0,2) (0,3) (0,4) (2,4) (3,4) (3,5) (3,6) (4,6) (5,6) (6,6)
  facet 10092: (0,0) (0,2) (0,3) (2,3) (2,4) (3,4) (3,5) (3,6) (4,6) (5,6) (6,6)
  facet 10093: (0,0) (0,2) (2,2) (2,3) (2,4) (3,4) (3,5) (3,6) (4,6) (5,6) (6,6)
  facet 10094: (0,0) (2,0) (2,2) (2,3) (2,4) (3,4) (3,5) (3,6) (4,6) (5,6) (6,6)
  facet 10095: (0,0) (0,2) (0,3) (2,3) (3,3) (3,4) (3,5) (3,6) (4,6) (5,6) (6,6)
  facet 10096: (0,0) (0,2) (2,2) (2,3) (3,3) (3,4) (3,5) (3,6) (4,6) (5,6) (6,6)
  facet 10097: (0,0) (2,0) (2,2) (2,3) (3,3) (3,4) (3,5) (3,6) (4,6) (5,6) (6,6)
  facet 10098: (0,0) (0,2) (2,2) (3,2) (3,3) (3,4) (3,5) (3,6) (4,6) (5,6) (6,6)
  facet 10099: (0,0) (2,0) (2,2) (3,2) (3,3) (3,4) (3,5) (3,6) (4,6) (5,6) (6,6)
  facet 10100: (0,0) (2,0) (3,0) (3,2) (3,3) (3,4) (3,5) (3,6) (4,6) (5,6) (6,6)
  facet 10101: (0,0) (0,2) (0,3) (0,4) (0,5) (2,5) (3,5) (4,5) (4,6) (5,6) (6,6)
  facet 10102: (0,0) (0,2) (0,3) (0,4) (2,4) (2,5) (3,5) (4,5) (4,6) (5,6) (6,6)
  facet 10103: (0,0) (0,2) (0,3) (2,3) (2,4) (2,5) (3,5) (4,5) (4,6) (5,6) (6,6)
  facet 10104: (0,0) (0,2) (2,2) (2,3) (2,4) (2,5) (3,5) (4,5) (4,6) (5,6) (6,6)
  facet 10105: (0,0) (2,0) (2,2) (2,3) (2,4) (2,5) (3,5) (4,5) (4,6) (5,6) (6,6)
  facet 10106: (0,0) (0,2) (0,3) (0,4) (2,4) (3,4) (3,5) (4,5) (4,6) (5,6) (6,6)
  facet 10107: (0,0) (0,2) (0,3) (2,3) (2,4) (3,4) (3,5) (4,5) (4,6) (5,6) (6,6)
  facet 10108: (0,0) (0,2) (2,2) (2,3) (2,4) (3,4) (3,5) (4,5) (4,6) (5,6) (6,6)
  facet 10109: (0,0) (2,0) (2,2) (2,3) (2,4) (3,4) (3,5) (4,5) (4,6) (5,6) (6,6)
  facet 10110: (0,0) (0,2) (0,3) (2,3) (3,3) (3,4) (3,5) (4,5) (4,6) (5,6) (6,6)
  facet 10111: (0,0) (0,2) (2,2) (2,3) (3,3) (3,4) (3,5) (4,5) (4,6) (5,6) (6,6)
  facet 10112: (0,0) (2,0) (2,2) (2,3) (3,3) (3,4) (3,5) (4,5) (4,6) (5,6) (6,6)
  facet 10113: (0,0) (0,2) (2,2) (3,2) (3,3) (3,4) (3,5) (4,5) (4,6) (5,6) (6,6)
  facet 10114: (0,0) (2,0) (2,2) (3,2) (3,3) (3,4) (3,5) (4,5) (4,6) (5,6) (6,6)
  facet 10115: (0,0) (2,0) (3,0) (3,2) (3,3) (3,4) (3,5) (4,5) (4,6) (5,6) (6,6)
  facet 10116: (0,0) (0,2) (0,3) (0,4) (2,4) (3,4) (4,4) (4,5) (4,6) (5,6) (6,6)
  facet 10117: (0,0) (0,2) (0,3) (2,3) (2,4) (3,4) (4,4) (4,5) (4,6) (5,6) (6,6)
  facet 10118: (0,0) (0,2) (2,2) (2,3) (2,4) (3,4) (4,4) (4,5) (4,6) (5,6) (6,6)
  facet 10119: (0,0) (2,0) (2,2) (2,3) (2,4) (3,4) (4,4) (4,5) (4,6) (5,6) (6,6)
  facet 10120: (0,0) (0,2) (0,3) (2,3) (3,3) (3,4) (4,4) (4,5) (4,6) (5,6) (6,6)
  facet 10121: (0,0) (0,2) (2,2) (2,3) (3,3) (3,4) (4,4) (4,5) (4,6) (5,6) (6,6)
  facet 10122: (0,0) (2,0) (2,2) (2,3) (3,3) (3,4) (4,4) (4,5) (4,6) (5,6) (6,6)
  facet 10123: (0,0) (0,2) (2,2) (3,2) (3,3) (3,4) (4,4) (4,5) (4,6) (5,6) (6,6)
  facet 10124: (0,0) (2,0) (2,2) (3,2) (3,3) (3,4) (4,4) (4,5) (4,6) (5,6) (6,6)
  facet 10125: (0,0) (2,0) (3,0) (3,2) (3,3) (3,4) (4,4) (4,5) (4,6) (5,6) (6,6)
  facet 10126: (0,0) (0,2) (0,3) (2,3) (3,3) (4,3) (4,4) (4,5) (4,6) (5,6) (6,6)
  facet 10127: (0,0) (0,2) (2,2) (2,3) (3,3) (4,3) (4,4) (4,5) (4,6) (5,6) (6,6)
  facet 10128: (0,0) (2,0) (2,2) (2,3) (3,3) (4,3) (4,4) (4,5) (4,6) (5,6) (6,6)
  facet 10129: (0,0) (0,2) (2,2) (3,2) (3,3) (4,3) (4,4) (4,5) (4,6) (5,6) (6,6)
  facet 10130: (0,0) (2,0) (2,2) (3,2) (3,3) (4,3) (4,4) (4,5) (4,6) (5,6) (6,6)
  facet 10131: (0,0) (2,0) (3,0) (3,2) (3,3) (4,3) (4,4) (4,5) (4,6) (5,6) (6,6)
  facet 10132: (0,0) (0,2) (2,2) (3,2) (4,2) (4,3) (4,4) (4,5) (4,6) (5,6) (6,6)
  facet 10133: (0,0) (2,0) (2,2) (3,2) (4,2) (4,3) (4,4) (4,5) (4,6) (5,6) (6,6)
  facet 10134: (0,0) (2,0) (3,0) (3,2) (4,2) (4,3) (4,4) (4,5) (4,6) (5,6) (6,6)
  facet 10135: (0,0) (2,0) (3,0) (4,0) (4,2) (4,3) (4,4) (4,5) (4,6) (5,6) (6,6)
  facet 10136: (0,0) (0,2) (0,3) (0,4) (0,5) (2,5) (3,5) (4,5) (5,5) (5,6) (6,6)
  facet 10137: (0,0) (0,2) (0,3) (0,4) (2,4) (2,5) (3,5) (4,5) (5,5) (5,6) (6,6)
  facet 10138: (0,0) (0,2) (0,3) (2,3) (2,4) (2,5) (3,5) (4,5) (5,5) (5,6) (6,6)
  facet 10139: (0,0) (0,2) (2,2) (2,3) (2,4) (2,5) (3,5) (4,5) (5,5) (5,6) (6,6)
  facet 10140: (0,0) (2,0) (2,2) (2,3) (2,4) (2,5) (3,5) (4,5) (5,5) (5,6) (6,6)
  facet 10141: (0,0) (0,2) (0,3) (0,4) (2,4) (3,4) (3,5) (4,5) (5,5) (5,6) (6,6)
  facet 10142: (0,0) (0,2) (0,3) (2,3) (2,4) (3,4) (3,5) (4,5) (5,5) (5,6) (6,6)
  facet 10143: (0,0) (0,2) (2,2) (2,3) (2,4) (3,4) (3,5) (4,5) (5,5) (5,6) (6,6)
  facet 10144: (0,0) (2,0) (2,2) (2,3) (2,4) (3,4) (3,5) (4,5) (5,5) (5,6) (6,6)
  facet 10145: (0,0) (0,2) (0,3) (2,3) (3,3) (3,4) (3,5) (4,5) (5,5) (5,6) (6,6)
  facet 10146: (0,0) (0,2) (2,2) (2,3) (3,3) (3,4) (3,5) (4,5) (5,5) (5,6) (6,6)
  facet 10147: (0,0) (2,0) (2,2) (2,3) (3,3) (3,4) (3,5) (4,5) (5,5) (5,6) (6,6)
  facet 10148: (0,0) (0,2) (2,2) (3,2) (3,3) (3,4) (3,5) (4,5) (5,5) (5,6) (6,6)
  facet 10149: (0,0) (2,0) (2,2) (3,2) (3,3) (3,4) (3,5) (4,5) (5,5) (5,6) (6,6)
  facet 10150: (0,0) (2,0) (3,0) (3,2) (3,3) (3,4) (3,5) (4,5) (5,5) (5,6) (6,6)
  facet 10151: (0,0) (0,2) (0,3) (0,4) (2,4) (3,4) (4,4) (4,5) (5,5) (5,6) (6,6)
  facet 10152: (0,0) (0,2) (0,3) (2,3) (2,4) (3,4) (4,4) (4,5) (5,5) (5,6) (6,6)
  facet 10153: (0,0) (0,2) (2,2) (2,3) (2,4) (3,4) (4,4) (4,5) (5,5) (5,6) (6,6)
  facet 10154: (0,0) (2,0) (2,2) (2,3) (2,4) (3,4) (4,4) (4,5) (5,5) (5,6) (6,6)
  facet 10155: (0,0) (0,2) (0,3) (2,3) (3,3) (3,4) (4,4) (4,5) (5,5) (5,6) (6,6)
  facet 10156: (0,0) (0,2) (2,2) (2,3) (3,3) (3,4) (4,4) (4,5) (5,5) (5,6) (6,6)
  facet 10157: (0,0) (2,0) (2,2) (2,3) (3,3) (3,4) (4,4) (4,5) (5,5) (5,6) (6,6)
  facet 10158: (0,0) (0,2) (2,2) (3,2) (3,3) (3,4) (4,4) (4,5) (5,5) (5,6) (6,6)
  facet 10159: (0,0) (2,0) (2,2) (3,2) (3,3) (3,4) (4,4) (4,5) (5,5) (5,6) (6,6)
  facet 10160: (0,0) (2,0) (3,0) (3,2) (3,3) (3,4) (4,4) (4,5) (5,5) (5,6) (6,6)
  facet 10161: (0,0) (0,2) (0,3) (2,3) (3,3) (4,3) (4,4) (4,5) (5,5) (5,6) (6,6)
  facet 10162: (0,0) (0,2) (2,2) (2,3) (3,3) (4,3) (4,4) (4,5) (5,5) (5,6) (6,6)
  facet 10163: (0,0) (2,0) (2,2) (2,3) (3,3) (4,3) (4,4) (4,5) (5,5) (5,6) (6,6)
  facet 10164: (0,0) (0,2) (2,2) (3,2) (3,3) (4,3) (4,4) (4,5) (5,5) (5,6) (6,6)
  facet 10165: (0,0) (2,0) (2,2) (3,2) (3,3) (4,3) (4,4) (4,5) (5,5) (5,6) (6,6)
  facet 10166: (0,0) (2,0) (3,0) (3,2) (3,3) (4,3) (4,4) (4,5) (5,5) (5,6) (6,6)
  facet 10167: (0,0) (0,2) (2,2) (3,2) (4,2) (4,3) (4,4) (4,5) (5,5) (5,6) (6,6)
  facet 10168: (0,0) (2,0) (2,2) (3,2) (4,2) (4,3) (4,4) (4,5) (5,5) (5,6) (6,6)
  facet 10169: (0,0) (2,0) (3,0) (3,2) (4,2) (4,3) (4,4) (4,5) (5,5) (5,6) (6,6)
  facet 10170: (0,0) (2,0) (3,0) (4,0) (4,2) (4,3) (4,4) (4,5) (5,5) (5,6) (6,6)
  facet 10171: (0,0) (0,2) (0,3) (0,4) (2,4) (3,4) (4,4) (5,4) (5,5) (5,6) (6,6)
  facet 10172: (0,0) (0,2) (0,3) (2,3) (2,4) (3,4) (4,4) (5,4) (5,5) (5,6) (6,6)
  facet 10173: (0,0) (0,2) (2,2) (2,3) (2,4) (3,4) (4,4) (5,4) (5,5) (5,6) (6,6)
  facet 10174: (0,0) (2,0) (2,2) (2,3) (2,4) (3,4) (4,4) (5,4) (5,5) (5,6) (6,6)
  facet 10175: (0,0) (0,2) (0,3) (2,3) (3,3) (3,4) (4,4) (5,4) (5,5) (5,6) (6,6)
  facet 10176: (0,0) (0,2) (2,2) (2,3) (3,3) (3,4) (4,4) (5,4) (5,5) (5,6) (6,6)
  facet 10177: (0,0) (2,0) (2,2) (2,3) (3,3) (3,4) (4,4) (5,4) (5,5) (5,6) (6,6)
  facet 10178: (0,0) (0,2) (2,2) (3,2) (3,3) (3,4) (4,4) (5,4) (5,5) (5,6) (6,6)
  facet 10179: (0,0) (2,0) (2,2) (3,2) (3,3) (3,4) (4,4) (5,4) (5,5) (5,6) (6,6)
  facet 10180: (0,0) (2,0) (3,0) (3,2) (3,3) (3,4) (4,4) (5,4) (5,5) (5,6) (6,6)
  facet 10181: (0,0) (0,2) (0,3) (2,3) (3,3) (4,3) (4,4) (5,4) (5,5) (5,6) (6,6)
  facet 10182: (0,0) (0,2) (2,2) (2,3) (3,3) (4,3) (4,4) (5,4) (5,5) (5,6) (6,6)
  facet 10183: (0,0) (2,0) (2,2) (2,3) (3,3) (4,3) (4,4) (5,4) (5,5) (5,6) (6,6)
  facet 10184: (0,0) (0,2) (2,2) (3,2) (3,3) (4,3) (4,4) (5,4) (5,5) (5,6) (6,6)
  facet 10185: (0,0) (2,0) (2,2) (3,2) (3,3) (4,3) (4,4) (5,4) (5,5) (5,6) (6,6)
  facet 10186: (0,0) (2,0) (3,0) (3,2) (3,3) (4,3) (4,4) (5,4) (5,5) (5,6) (6,6)
  facet 10187: (0,0) (0,2) (2,2) (3,2) (4,2) (4,3) (4,4) (5,4) (5,5) (5,6) (6,6)
  facet 10188: (0,0) (2,0) (2,2) (3,2) (4,2) (4,3) (4,4) (5,4) (5,5) (5,6) (6,6)
  facet 10189: (0,0) (2,0) (3,0) (3,2) (4,2) (4,3) (4,4) (5,4) (5,5) (5,6) (6,6)
  facet 10190: (0,0) (2,0) (3,0) (4,0) (4,2) (4,3) (4,4) (5,4) (5,5) (5,6) (6,6)
  facet 10191: (0,0) (0,2) (0,3) (2,3) (3,3) (4,3) (5,3) (5,4) (5,5) (5,6) (6,6)
  facet 10192: (0,0) (0,2) (2,2) (2,3) (3,3) (4,3) (5,3) (5,4) (5,5) (5,6) (6,6)
  facet 10193: (0,0) (2,0) (2,2) (2,3) (3,3) (4,3) (5,3) (5,4) (5,5) (5,6) (6,6)
  facet 10194: (0,0) (0,2) (2,2) (3,2) (3,3) (4,3) (5,3) (5,4) (5,5) (5,6) (6,6)
  facet 10195: (0,0) (2,0) (2,2) (3,2) (3,3) (4,3) (5,3) (5,4) (5,5) (5,6) (6,6)
  facet 10196: (0,0) (2,0) (3,0) (3,2) (3,3) (4,3) (5,3) (5,4) (5,5) (5,6) (6,6)
  facet 10197: (0,0) (0,2) (2,2) (3,2) (4,2) (4,3) (5,3) (5,4) (5,5) (5,6) (6,6)
  facet 10198: (0,0) (2,0) (2,2) (3,2) (4,2) (4,3) (5,3) (5,4) (5,5) (5,6) (6,6)
  facet 10199: (0,0) (2,0) (3,0) (3,2) (4,2) (4,3) (5,3) (5,4) (5,5) (5,6) (6,6)
  facet 10200: (0,0) (2,0) (3,0) (4,0) (4,2) (4,3) (5,3) (5,4) (5,5) (5,6) (6,6)
  facet 10201: (0,0) (0,2) (2,2) (3,2) (4,2) (5,2) (5,3) (5,4) (5,5) (5,6) (6,6)
  facet 10202: (0,0) (2,0) (2,2) (3,2) (4,2) (5,2) (5,3) (5,4) (5,5) (5,6) (6,6)
  facet 10203: (0,0) (2,0) (3,0) (3,2) (4,2) (5,2) (5,3) (5,4) (5,5) (5,6) (6,6)
  facet 10204: (0,0) (2,0) (3,0) (4,0) (4,2) (5,2) (5,3) (5,4) (5,5) (5,6) (6,6)
  facet 10205: (0,0) (2,0) (3,0) (4,0) (5,0) (5,2) (5,3) (5,4) (5,5) (5,6) (6,6)
  facet 10206: (0,0) (0,2) (0,3) (0,4) (0,5) (2,5) (3,5) (4,5) (5,5) (6,5) (6,6)
  facet 10207: (0,0) (0,2) (0,3) (0,4) (2,4) (2,5) (3,5) (4,5) (5,5) (6,5) (6,6)
  facet 10208: (0,0) (0,2) (0,3) (2,3) (2,4) (2,5) (3,5) (4,5) (5,5) (6,5) (6,6)
  facet 10209: (0,0) (0,2) (2,2) (2,3) (2,4) (2,5) (3,5) (4,5) (5,5) (6,5) (6,6)
  facet 10210: (0,0) (2,0) (2,2) (2,3) (2,4) (2,5) (3,5) (4,5) (5,5) (6,5) (6,6)
  facet 10211: (0,0) (0,2) (0,3) (0,4) (2,4) (3,4) (3,5) (4,5) (5,5) (6,5) (6,6)
  facet 10212: (0,0) (0,2) (0,3) (2,3) (2,4) (3,4) (3,5) (4,5) (5,5) (6,5) (6,6)
  facet 10213: (0,0) (0,2) (2,2) (2,3) (2,4) (3,4) (3,5) (4,5) (5,5) (6,5) (6,6)
  facet 10214: (0,0) (2,0) (2,2) (2,3) (2,4) (3,4) (3,5) (4,5) (5,5) (6,5) (6,6)
  facet 10215: (0,0) (0,2) (0,3) (2,3) (3,3) (3,4) (3,5) (4,5) (5,5) (6,5) (6,6)
  facet 10216: (0,0) (0,2) (2,2) (2,3) (3,3) (3,4) (3,5) (4,5) (5,5) (6,5) (6,6)
  facet 10217: (0,0) (2,0) (2,2) (2,3) (3,3) (3,4) (3,5) (4,5) (5,5) (6,5) (6,6)
  facet 10218: (0,0) (0,2) (2,2) (3,2) (3,3) (3,4) (3,5) (4,5) (5,5) (6,5) (6,6)
  facet 10219: (0,0) (2,0) (2,2) (3,2) (3,3) (3,4) (3,5) (4,5) (5,5) (6,5) (6,6)
  facet 10220: (0,0) (2,0) (3,0) (3,2) (3,3) (3,4) (3,5) (4,5) (5,5) (6,5) (6,6)
  facet 10221: (0,0) (0,2) (0,3) (0,4) (2,4) (3,4) (4,4) (4,5) (5,5) (6,5) (6,6)
  facet 10222: (0,0) (0,2) (0,3) (2,3) (2,4) (3,4) (4,4) (4,5) (5,5) (6,5) (6,6)
  facet 10223: (0,0) (0,2) (2,2) (2,3) (2,4) (3,4) (4,4) (4,5) (5,5) (6,5) (6,6)
  facet 10224: (0,0) (2,0) (2,2) (2,3) (2,4) (3,4) (4,4) (4,5) (5,5) (6,5) (6,6)
  facet 10225: (0,0) (0,2) (0,3) (2,3) (3,3) (3,4) (4,4) (4,5) (5,5) (6,5) (6,6)
  facet 10226: (0,0) (0,2) (2,2) (2,3) (3,3) (3,4) (4,4) (4,5) (5,5) (6,5) (6,6)
  facet 10227: (0,0) (2,0) (2,2) (2,3) (3,3) (3,4) (4,4) (4,5) (5,5) (6,5) (6,6)
  facet 10228: (0,0) (0,2) (2,2) (3,2) (3,3) (3,4) (4,4) (4,5) (5,5) (6,5) (6,6)
  facet 10229: (0,0) (2,0) (2,2) (3,2) (3,3) (3,4) (4,4) (4,5) (5,5) (6,5) (6,6)
  facet 10230: (0,0) (2,0) (3,0) (3,2) (3,3) (3,4) (4,4) (4,5) (5,5) (6,5) (6,6)
  facet 10231: (0,0) (0,2) (0,3) (2,3) (3,3) (4,3) (4,4) (4,5) (5,5) (6,5) (6,6)
  facet 10232: (0,0) (0,2) (2,2) (2,3) (3,3) (4,3) (4,4) (4,5) (5,5) (6,5) (6,6)
  facet 10233: (0,0) (2,0) (2,2) (2,3) (3,3) (4,3) (4,4) (4,5) (5,5) (6,5) (6,6)
  facet 10234: (0,0) (0,2) (2,2) (3,2) (3,3) (4,3) (4,4) (4,5) (5,5) (6,5) (6,6)
  facet 10235: (0,0) (2,0) (2,2) (3,2) (3,3) (4,3) (4,4) (4,5) (5,5) (6,5) (6,6)
  facet 10236: (0,0) (2,0) (3,0) (3,2) (3,3) (4,3) (4,4) (4,5) (5,5) (6,5) (6,6)
  facet 10237: (0,0) (0,2) (2,2) (3,2) (4,2) (4,3) (4,4) (4,5) (5,5) (6,5) (6,6)
  facet 10238: (0,0) (2,0) (2,2) (3,2) (4,2) (4,3) (4,4) (4,5) (5,5) (6,5) (6,6)
  facet 10239: (0,0) (2,0) (3,0) (3,2) (4,2) (4,3) (4,4) (4,5) (5,5) (6,5) (6,6)
  facet 10240: (0,0) (2,0) (3,0) (4,0) (4,2) (4,3) (4,4) (4,5) (5,5) (6,5) (6,6)
  facet 10241: (0,0) (0,2) (0,3) (0,4) (2,4) (3,4) (4,4) (5,4) (5,5) (6,5) (6,6)
  facet 10242: (0,0) (0,2) (0,3) (2,3) (2,4) (3,4) (4,4) (5,4) (5,5) (6,5) (6,6)
  facet 10243: (0,0) (0,2) (2,2) (2,3) (2,4) (3,4) (4,4) (5,4) (5,5) (6,5) (6,6)
  facet 10244: (0,0) (2,0) (2,2) (2,3) (2,4) (3,4) (4,4) (5,4) (5,5) (6,5) (6,6)
  facet 10245: (0,0) (0,2) (0,3) (2,3) (3,3) (3,4) (4,4) (5,4) (5,5) (6,5) (6,6)
  facet 10246: (0,0) (0,2) (2,2) (2,3) (3,3) (3,4) (4,4) (5,4) (5,5) (6,5) (6,6)
  facet 10247: (0,0) (2,0) (2,2) (2,3) (3,3) (3,4) (4,4) (5,4) (5,5) (6,5) (6,6)
  facet 10248: (0,0) (0,2) (2,2) (3,2) (3,3) (3,4) (4,4) (5,4) (5,5) (6,5) (6,6)
  facet 10249: (0,0) (2,0) (2,2) (3,2) (3,3) (3,4) (4,4) (5,4) (5,5) (6,5) (6,6)
  facet 10250: (0,0) (2,0) (3,0) (3,2) (3,3) (3,4) (4,4) (5,4) (5,5) (6,5) (6,6)
  facet 10251: (0,0) (0,2) (0,3) (2,3) (3,3) (4,3) (4,4) (5,4) (5,5) (6,5) (6,6)
  facet 10252: (0,0) (0,2) (2,2) (2,3) (3,3) (4,3) (4,4) (5,4) (5,5) (6,5) (6,6)
  facet 10253: (0,0) (2,0) (2,2) (2,3) (3,3) (4,3) (4,4) (5,4) (5,5) (6,5) (6,6)
  facet 10254: (0,0) (0,2) (2,2) (3,2) (3,3) (4,3) (4,4) (5,4) (5,5) (6,5) (6,6)
  facet 10255: (0,0) (2,0) (2,2) (3,2) (3,3) (4,3) (4,4) (5,4) (5,5) (6,5) (6,6)
  facet 10256: (0,0) (2,0) (3,0) (3,2) (3,3) (4,3) (4,4) (5,4) (5,5) (6,5) (6,6)
  facet 10257: (0,0) (0,2) (2,2) (3,2) (4,2) (4,3) (4,4) (5,4) (5,5) (6,5) (6,6)
  facet 10258: (0,0) (2,0) (2,2) (3,2) (4,2) (4,3) (4,4) (5,4) (5,5) (6,5) (6,6)
  facet 10259: (0,0) (2,0) (3,0) (3,2) (4,2) (4,3) (4,4) (5,4) (5,5) (6,5) (6,6)
  facet 10260: (0,0) (2,0) (3,0) (4,0) (4,2) (4,3) (4,4) (5,4) (5,5) (6,5) (6,6)
  facet 10261: (0,0) (0,2) (0,3) (2,3) (3,3) (4,3) (5,3) (5,4) (5,5) (6,5) (6,6)
  facet 10262: (0,0) (0,2) (2,2) (2,3) (3,3) (4,3) (5,3) (5,4) (5,5) (6,5) (6,6)
  facet 10263: (0,0) (2,0) (2,2) (2,3) (3,3) (4,3) (5,3) (5,4) (5,5) (6,5) (6,6)
  facet 10264: (0,0) (0,2) (2,2) (3,2) (3,3) (4,3) (5,3) (5,4) (5,5) (6,5) (6,6)
  facet 10265: (0,0) (2,0) (2,2) (3,2) (3,3) (4,3) (5,3) (5,4) (5,5) (6,5) (6,6)
  facet 10266: (0,0) (2,0) (3,0) (3,2) (3,3) (4,3) (5,3) (5,4) (5,5) (6,5) (6,6)
  facet 10267: (0,0) (0,2) (2,2) (3,2) (4,2) (4,3) (5,3) (5,4) (5,5) (6,5) (6,6)
  facet 10268: (0,0) (2,0) (2,2) (3,2) (4,2) (4,3) (5,3) (5,4) (5,5) (6,5) (6,6)
  facet 10269: (0,0) (2,0) (3,0) (3,2) (4,2) (4,3) (5,3) (5,4) (5,5) (6,5) (6,6)
  facet 10270: (0,0) (2,0) (3,0) (4,0) (4,2) (4,3) (5,3) (5,4) (5,5) (6,5) (6,6)
  facet 10271: (0,0) (0,2) (2,2) (3,2) (4,2) (5,2) (5,3) (5,4) (5,5) (6,5) (6,6)
  facet 10272: (0,0) (2,0) (2,2) (3,2) (4,2) (5,2) (5,3) (5,4) (5,5) (6,5) (6,6)
  facet 10273: (0,0) (2,0) (3,0) (3,2) (4,2) (5,2) (5,3) (5,4) (5,5) (6,5) (6,6)
  facet 10274: (0,0) (2,0) (3,0) (4,0) (4,2) (5,2) (5,3) (5,4) (5,5) (6,5) (6,6)
  facet 10275: (0,0) (2,0) (3,0) (4,0) (5,0) (5,2) (5,3) (5,4) (5,5) (6,5) (6,6)
  facet 10276: (0,0) (0,2) (0,3) (0,4) (2,4) (3,4) (4,4) (5,4) (6,4) (6,5) (6,6)
  facet 10277: (0,0) (0,2) (0,3) (2,3) (2,4) (3,4) (4,4) (5,4) (6,4) (6,5) (6,6)
  facet 10278: (0,0) (0,2) (2,2) (2,3) (2,4) (3,4) (4,4) (5,4) (6,4) (6,5) (6,6)
  facet 10279: (0,0) (2,0) (2,2) (2,3) (2,4) (3,4) (4,4) (5,4) (6,4) (6,5) (6,6)
  facet 10280: (0,0) (0,2) (0,3) (2,3) (3,3) (3,4) (4,4) (5,4) (6,4) (6,5) (6,6)
  facet 10281: (0,0) (0,2) (2,2) (2,3) (3,3) (3,4) (4,4) (5,4) (6,4) (6,5) (6,6)
  facet 10282: (0,0) (2,0) (2,2) (2,3) (3,3) (3,4) (4,4) (5,4) (6,4) (6,5) (6,6)
  facet 10283: (0,0) (0,2) (2,2) (3,2) (3,3) (3,4) (4,4) (5,4) (6,4) (6,5) (6,6)
  facet 10284: (0,0) (2,0) (2,2) (3,2) (3,3) (3,4) (4,4) (5,4) (6,4) (6,5) (6,6)
  facet 10285: (0,0) (2,0) (3,0) (3,2) (3,3) (3,4) (4,4) (5,4) (6,4) (6,5) (6,6)
  facet 10286: (0,0) (0,2) (0,3) (2,3) (3,3) (4,3) (4,4) (5,4) (6,4) (6,5) (6,6)
  facet 10287: (0,0) (0,2) (2,2) (2,3) (3,3) (4,3) (4,4) (5,4) (6,4) (6,5) (6,6)
  facet 10288: (0,0) (2,0) (2,2) (2,3) (3,3) (4,3) (4,4) (5,4) (6,4) (6,5) (6,6)
  facet 10289: (0,0) (0,2) (2,2) (3,2) (3,3) (4,3) (4,4) (5,4) (6,4) (6,5) (6,6)
  facet 10290: (0,0) (2,0) (2,2) (3,2) (3,3) (4,3) (4,4) (5,4) (6,4) (6,5) (6,6)
  facet 10291: (0,0) (2,0) (3,0) (3,2) (3,3) (4,3) (4,4) (5,4) (6,4) (6,5) (6,6)
  facet 10292: (0,0) (0,2) (2,2) (3,2) (4,2) (4,3) (4,4) (5,4) (6,4) (6,5) (6,6)
  facet 10293: (0,0) (2,0) (2,2) (3,2) (4,2) (4,3) (4,4) (5,4) (6,4) (6,5) (6,6)
  facet 10294: (0,0) (2,0) (3,0) (3,2) (4,2) (4,3) (4,4) (5,4) (6,4) (6,5) (6,6)
  facet 10295: (0,0) (2,0) (3,0) (4,0) (4,2) (4,3) (4,4) (5,4) (6,4) (6,5) (6,6)
  facet 10296: (0,0) (0,2) (0,3) (2,3) (3,3) (4,3) (5,3) (5,4) (6,4) (6,5) (6,6)
  facet 10297: (0,0) (0,2) (2,2) (2,3) (3,3) (4,3) (5,3) (5,4) (6,4) (6,5) (6,6)
  facet 10298: (0,0) (2,0) (2,2) (2,3) (3,3) (4,3) (5,3) (5,4) (6,4) (6,5) (6,6)
  facet 10299: (0,0) (0,2) (2,2) (3,2) (3,3) (4,3) (5,3) (5,4) (6,4) (6,5) (6,6)
  facet 10300: (0,0) (2,0) (2,2) (3,2) (3,3) (4,3) (5,3) (5,4) (6,4) (6,5) (6,6)
  facet 10301: (0,0) (2,0) (3,0) (3,2) (3,3) (4,3) (5,3) (5,4) (6,4) (6,5) (6,6)
  facet 10302: (0,0) (0,2) (2,2) (3,2) (4,2) (4,3) (5,3) (5,4) (6,4) (6,5) (6,6)
  facet 10303: (0,0) (2,0) (2,2) (3,2) (4,2) (4,3) (5,3) (5,4) (6,4) (6,5) (6,6)
  facet 10304: (0,0) (2,0) (3,0) (3,2) (4,2) (4,3) (5,3) (5,4) (6,4) (6,5) (6,6)
  facet 10305: (0,0) (2,0) (3,0) (4,0) (4,2) (4,3) (5,3) (5,4) (6,4) (6,5) (6,6)
  facet 10306: (0,0) (0,2) (2,2) (3,2) (4,2) (5,2) (5,3) (5,4) (6,4) (6,5) (6,6)
  facet 10307: (0,0) (2,0) (2,2) (3,2) (4,2) (5,2) (5,3) (5,4) (6,4) (6,5) (6,6)
  facet 10308: (0,0) (2,0) (3,0) (3,2) (4,2) (5,2) (5,3) (5,4) (6,4) (6,5) (6,6)
  facet 10309: (0,0) (2,0) (3,0) (4,0) (4,2) (5,2) (5,3) (5,4) (6,4) (6,5) (6,6)
  facet 10310: (0,0) (2,0) (3,0) (4,0) (5,0) (5,2) (5,3) (5,4) (6,4) (6,5) (6,6)
  facet 10311: (0,0) (0,2) (0,3) (2,3) (3,3) (4,3) (5,3) (6,3) (6,4) (6,5) (6,6)
  facet 10312: (0,0) (0,2) (2,2) (2,3) (3,3) (4,3) (5,3) (6,3) (6,4) (6,5) (6,6)
  facet 10313: (0,0) (2,0) (2,2) (2,3) (3,3) (4,3) (5,3) (6,3) (6,4) (6,5) (6,6)
  facet 10314: (0,0) (0,2) (2,2) (3,2) (3,3) (4,3) (5,3) (6,3) (6,4) (6,5) (6,6)
  facet 10315: (0,0) (2,0) (2,2) (3,2) (3,3) (4,3) (5,3) (6,3) (6,4) (6,5) (6,6)
  facet 10316: (0,0) (2,0) (3,0) (3,2) (3,3) (4,3) (5,3) (6,3) (6,4) (6,5) (6,6)
  facet 10317: (0,0) (0,2) (2,2) (3,2) (4,2) (4,3) (5,3) (6,3) (6,4) (6,5) (6,6)
  facet 10318: (0,0) (2,0) (2,2) (3,2) (4,2) (4,3) (5,3) (6,3) (6,4) (6,5) (6,6)
  facet 10319: (0,0) (2,0) (3,0) (3,2) (4,2) (4,3) (5,3) (6,3) (6,4) (6,5) (6,6)
  facet 10320: (0,0) (2,0) (3,0) (4,0) (4,2) (4,3) (5,3) (6,3) (6,4) (6,5) (6,6)
  facet 10321: (0,0) (0,2) (2,2) (3,2) (4,2) (5,2) (5,3) (6,3) (6,4) (6,5) (6,6)
  facet 10322: (0,0) (2,0) (2,2) (3,2) (4,2) (5,2) (5,3) (6,3) (6,4) (6,5) (6,6)
  facet 10323: (0,0) (2,0) (3,0) (3,2) (4,2) (5,2) (5,3) (6,3) (6,4) (6,5) (6,6)
  facet 10324: (0,0) (2,0) (3,0) (4,0) (4,2) (5,2) (5,3) (6,3) (6,4) (6,5) (6,6)
  facet 10325: (0,0) (2,0) (3,0) (4,0) (5,0) (5,2) (5,3) (6,3) (6,4) (6,5) (6,6)
  facet 10326: (0,0) (0,2) (2,2) (3,2) (4,2) (5,2) (6,2) (6,3) (6,4) (6,5) (6,6)
  facet 10327: (0,0) (2,0) (2,2) (3,2) (4,2) (5,2) (6,2) (6,3) (6,4) (6,5) (6,6)
  facet 10328: (0,0) (2,0) (3,0) (3,2) (4,2) (5,2) (6,2) (6,3) (6,4) (6,5) (6,6)
  facet 10329: (0,0) (2,0) (3,0) (4,0) (4,2) (5,2) (6,2) (6,3) (6,4) (6,5) (6,6)
  facet 10330: (0,0) (2,0) (3,0) (4,0) (5,0) (5,2) (6,2) (6,3) (6,4) (6,5) (6,6)
  facet 10331: (0,0) (2,0) (3,0) (4,0) (5,0) (6,0) (6,2) (6,3) (6,4) (6,5) (6,6)
--- domain 1  (2772 facets) ---
  facet 1512: (0,1) (0,2) (0,3) (0,4) (0,5) (0,6) (1,6) (2,6) (3,6) (4,6) (5,6)
  facet 1513: (0,1) (0,2) (0,3) (0,4) (0,5) (1,5) (1,6) (2,6) (3,6) (4,6) (5,6)
  facet 1514: (0,1) (0,2) (0,3) (0,4) (1,4) (1,5) (1,6) (2,6) (3,6) (4,6) (5,6)
  facet 1515: (0,1) (0,2) (0,3) (1,3) (1,4) (1,5) (1,6) (2,6) (3,6) (4,6) (5,6)
  facet 1516: (0,1) (0,2) (1,2) (1,3) (1,4) (1,5) (1,6) (2,6) (3,6) (4,6) (5,6)
  facet 1517: (0,1) (1,1) (1,2) (1,3) (1,4) (1,5) (1,6) (2,6) (3,6) (4,6) (5,6)
  facet 1518: (0,1) (0,2) (0,3) (0,4) (0,5) (1,5) (2,5) (2,6) (3,6) (4,6) (5,6)
  facet 1519: (0,1) (0,2) (0,3) (0,4) (1,4) (1,5) (2,5) (2,6) (3,6) (4,6) (5,6)
  facet 1520: (0,1) (0,2) (0,3) (1,3) (1,4) (1,5) (2,5) (2,6) (3,6) (4,6) (5,6)
  facet 1521: (0,1) (0,2) (1,2) (1,3) (1,4) (1,5) (2,5) (2,6) (3,6) (4,6) (5,6)
  facet 1522: (0,1) (1,1) (1,2) (1,3) (1,4) (1,5) (2,5) (2,6) (3,6) (4,6) (5,6)
  facet 1523: (0,1) (0,2) (0,3) (0,4) (1,4) (2,4) (2,5) (2,6) (3,6) (4,6) (5,6)
  facet 1524: (0,1) (0,2) (0,3) (1,3) (1,4) (2,4) (2,5) (2,6) (3,6) (4,6) (5,6)
  facet 1525: (0,1) (0,2) (1,2) (1,3) (1,4) (2,4) (2,5) (2,6) (3,6) (4,6) (5,6)
  facet 1526: (0,1) (1,1) (1,2) (1,3) (1,4) (2,4) (2,5) (2,6) (3,6) (4,6) (5,6)
  facet 1527: (0,1) (0,2) (0,3) (1,3) (2,3) (2,4) (2,5) (2,6) (3,6) (4,6) (5,6)
  facet 1528: (0,1) (0,2) (1,2) (1,3) (2,3) (2,4) (2,5) (2,6) (3,6) (4,6) (5,6)
  facet 1529: (0,1) (1,1) (1,2) (1,3) (2,3) (2,4) (2,5) (2,6) (3,6) (4,6) (5,6)
  facet 1530: (0,1) (0,2) (1,2) (2,2) (2,3) (2,4) (2,5) (2,6) (3,6) (4,6) (5,6)
  facet 1531: (0,1) (1,1) (1,2) (2,2) (2,3) (2,4) (2,5) (2,6) (3,6) (4,6) (5,6)
  facet 1532: (0,1) (1,1) (2,1) (2,2) (2,3) (2,4) (2,5) (2,6) (3,6) (4,6) (5,6)
  facet 1533: (0,1) (0,2) (0,3) (0,4) (0,5) (1,5) (2,5) (3,5) (3,6) (4,6) (5,6)
  facet 1534: (0,1) (0,2) (0,3) (0,4) (1,4) (1,5) (2,5) (3,5) (3,6) (4,6) (5,6)
  facet 1535: (0,1) (0,2) (0,3) (1,3) (1,4) (1,5) (2,5) (3,5) (3,6) (4,6) (5,6)
  facet 1536: (0,1) (0,2) (1,2) (1,3) (1,4) (1,5) (2,5) (3,5) (3,6) (4,6) (5,6)
  facet 1537: (0,1) (1,1) (1,2) (1,3) (1,4) (1,5) (2,5) (3,5) (3,6) (4,6) (5,6)
  facet 1538: (0,1) (0,2) (0,3) (0,4) (1,4) (2,4) (2,5) (3,5) (3,6) (4,6) (5,6)
  facet 1539: (0,1) (0,2) (0,3) (1,3) (1,4) (2,4) (2,5) (3,5) (3,6) (4,6) (5,6)
  facet 1540: (0,1) (0,2) (1,2) (1,3) (1,4) (2,4) (2,5) (3,5) (3,6) (4,6) (5,6)
  facet 1541: (0,1) (1,1) (1,2) (1,3) (1,4) (2,4) (2,5) (3,5) (3,6) (4,6) (5,6)
  facet 1542: (0,1) (0,2) (0,3) (1,3) (2,3) (2,4) (2,5) (3,5) (3,6) (4,6) (5,6)
  facet 1543: (0,1) (0,2) (1,2) (1,3) (2,3) (2,4) (2,5) (3,5) (3,6) (4,6) (5,6)
  facet 1544: (0,1) (1,1) (1,2) (1,3) (2,3) (2,4) (2,5) (3,5) (3,6) (4,6) (5,6)
  facet 1545: (0,1) (0,2) (1,2) (2,2) (2,3) (2,4) (2,5) (3,5) (3,6) (4,6) (5,6)
  facet 1546: (0,1) (1,1) (1,2) (2,2) (2,3) (2,4) (2,5) (3,5) (3,6) (4,6) (5,6)
  facet 1547: (0,1) (1,1) (2,1) (2,2) (2,3) (2,4) (2,5) (3,5) (3,6) (4,6) (5,6)
  facet 1548: (0,1) (0,2) (0,3) (0,4) (1,4) (2,4) (3,4) (3,5) (3,6) (4,6) (5,6)
  facet 1549: (0,1) (0,2) (0,3) (1,3) (1,4) (2,4) (3,4) (3,5) (3,6) (4,6) (5,6)
  facet 1550: (0,1) (0,2) (1,2) (1,3) (1,4) (2,4) (3,4) (3,5) (3,6) (4,6) (5,6)
  facet 1551: (0,1) (1,1) (1,2) (1,3) (1,4) (2,4) (3,4) (3,5) (3,6) (4,6) (5,6)
  facet 1552: (0,1) (0,2) (0,3) (1,3) (2,3) (2,4) (3,4) (3,5) (3,6) (4,6) (5,6)
  facet 1553: (0,1) (0,2) (1,2) (1,3) (2,3) (2,4) (3,4) (3,5) (3,6) (4,6) (5,6)
  facet 1554: (0,1) (1,1) (1,2) (1,3) (2,3) (2,4) (3,4) (3,5) (3,6) (4,6) (5,6)
  facet 1555: (0,1) (0,2) (1,2) (2,2) (2,3) (2,4) (3,4) (3,5) (3,6) (4,6) (5,6)
  facet 1556: (0,1) (1,1) (1,2) (2,2) (2,3) (2,4) (3,4) (3,5) (3,6) (4,6) (5,6)
  facet 1557: (0,1) (1,1) (2,1) (2,2) (2,3) (2,4) (3,4) (3,5) (3,6) (4,6) (5,6)
  facet 1558: (0,1) (0,2) (0,3) (1,3) (2,3) (3,3) (3,4) (3,5) (3,6) (4,6) (5,6)
  facet 1559: (0,1) (0,2) (1,2) (1,3) (2,3) (3,3) (3,4) (3,5) (3,6) (4,6) (5,6)
  facet 1560: (0,1) (1,1) (1,2) (1,3) (2,3) (3,3) (3,4) (3,5) (3,6) (4,6) (5,6)
  facet 1561: (0,1) (0,2) (1,2) (2,2) (2,3) (3,3) (3,4) (3,5) (3,6) (4,6) (5,6)
  facet 1562: (0,1) (1,1) (1,2) (2,2) (2,3) (3,3) (3,4) (3,5) (3,6) (4,6) (5,6)
  facet 1563: (0,1) (1,1) (2,1) (2,2) (2,3) (3,3) (3,4) (3,5) (3,6) (4,6) (5,6)
  facet 1564: (0,1) (0,2) (1,2) (2,2) (3,2) (3,3) (3,4) (3,5) (3,6) (4,6) (5,6)
  facet 1565: (0,1) (1,1) (1,2) (2,2) (3,2) (3,3) (3,4) (3,5) (3,6) (4,6) (5,6)
  facet 1566: (0,1) (1,1) (2,1) (2,2) (3,2) (3,3) (3,4) (3,5) (3,6) (4,6) (5,6)
  facet 1567: (0,1) (1,1) (2,1) (3,1) (3,2) (3,3) (3,4) (3,5) (3,6) (4,6) (5,6)
  facet 1568: (0,1) (0,2) (0,3) (0,4) (0,5) (1,5) (2,5) (3,5) (4,5) (4,6) (5,6)
  facet 1569: (0,1) (0,2) (0,3) (0,4) (1,4) (1,5) (2,5) (3,5) (4,5) (4,6) (5,6)
  facet 1570: (0,1) (0,2) (0,3) (1,3) (1,4) (1,5) (2,5) (3,5) (4,5) (4,6) (5,6)
  facet 1571: (0,1) (0,2) (1,2) (1,3) (1,4) (1,5) (2,5) (3,5) (4,5) (4,6) (5,6)
  facet 1572: (0,1) (1,1) (1,2) (1,3) (1,4) (1,5) (2,5) (3,5) (4,5) (4,6) (5,6)
  facet 1573: (0,1) (0,2) (0,3) (0,4) (1,4) (2,4) (2,5) (3,5) (4,5) (4,6) (5,6)
  facet 1574: (0,1) (0,2) (0,3) (1,3) (1,4) (2,4) (2,5) (3,5) (4,5) (4,6) (5,6)
  facet 1575: (0,1) (0,2) (1,2) (1,3) (1,4) (2,4) (2,5) (3,5) (4,5) (4,6) (5,6)
  facet 1576: (0,1) (1,1) (1,2) (1,3) (1,4) (2,4) (2,5) (3,5) (4,5) (4,6) (5,6)
  facet 1577: (0,1) (0,2) (0,3) (1,3) (2,3) (2,4) (2,5) (3,5) (4,5) (4,6) (5,6)
  facet 1578: (0,1) (0,2) (1,2) (1,3) (2,3) (2,4) (2,5) (3,5) (4,5) (4,6) (5,6)
  facet 1579: (0,1) (1,1) (1,2) (1,3) (2,3) (2,4) (2,5) (3,5) (4,5) (4,6) (5,6)
  facet 1580: (0,1) (0,2) (1,2) (2,2) (2,3) (2,4) (2,5) (3,5) (4,5) (4,6) (5,6)
  facet 1581: (0,1) (1,1) (1,2) (2,2) (2,3) (2,4) (2,5) (3,5) (4,5) (4,6) (5,6)
  facet 1582: (0,1) (1,1) (2,1) (2,2) (2,3) (2,4) (2,5) (3,5) (4,5) (4,6) (5,6)
  facet 1583: (0,1) (0,2) (0,3) (0,4) (1,4) (2,4) (3,4) (3,5) (4,5) (4,6) (5,6)
  facet 1584: (0,1) (0,2) (0,3) (1,3) (1,4) (2,4) (3,4) (3,5) (4,5) (4,6) (5,6)
  facet 1585: (0,1) (0,2) (1,2) (1,3) (1,4) (2,4) (3,4) (3,5) (4,5) (4,6) (5,6)
  facet 1586: (0,1) (1,1) (1,2) (1,3) (1,4) (2,4) (3,4) (3,5) (4,5) (4,6) (5,6)
  facet 1587: (0,1) (0,2) (0,3) (1,3) (2,3) (2,4) (3,4) (3,5) (4,5) (4,6) (5,6)
  facet 1588: (0,1) (0,2) (1,2) (1,3) (2,3) (2,4) (3,4) (3,5) (4,5) (4,6) (5,6)
  facet 1589: (0,1) (1,1) (1,2) (1,3) (2,3) (2,4) (3,4) (3,5) (4,5) (4,6) (5,6)
  facet 1590: (0,1) (0,2) (1,2) (2,2) (2,3) (2,4) (3,4) (3,5) (4,5) (4,6) (5,6)
  facet 1591: (0,1) (1,1) (1,2) (2,2) (2,3) (2,4) (3,4) (3,5) (4,5) (4,6) (5,6)
  facet 1592: (0,1) (1,1) (2,1) (2,2) (2,3) (2,4) (3,4) (3,5) (4,5) (4,6) (5,6)
  facet 1593: (0,1) (0,2) (0,3) (1,3) (2,3) (3,3) (3,4) (3,5) (4,5) (4,6) (5,6)
  facet 1594: (0,1) (0,2) (1,2) (1,3) (2,3) (3,3) (3,4) (3,5) (4,5) (4,6) (5,6)
  facet 1595: (0,1) (1,1) (1,2) (1,3) (2,3) (3,3) (3,4) (3,5) (4,5) (4,6) (5,6)
  facet 1596: (0,1) (0,2) (1,2) (2,2) (2,3) (3,3) (3,4) (3,5) (4,5) (4,6) (5,6)
  facet 1597: (0,1) (1,1) (1,2) (2,2) (2,3) (3,3) (3,4) (3,5) (4,5) (4,6) (5,6)
  facet 1598: (0,1) (1,1) (2,1) (2,2) (2,3) (3,3) (3,4) (3,5) (4,5) (4,6) (5,6)
  facet 1599: (0,1) (0,2) (1,2) (2,2) (3,2) (3,3) (3,4) (3,5) (4,5) (4,6) (5,6)
  facet 1600: (0,1) (1,1) (1,2) (2,2) (3,2) (3,3) (3,4) (3,5) (4,5) (4,6) (5,6)
  facet 1601: (0,1) (1,1) (2,1) (2,2) (3,2) (3,3) (3,4) (3,5) (4,5) (4,6) (5,6)
  facet 1602: (0,1) (1,1) (2,1) (3,1) (3,2) (3,3) (3,4) (3,5) (4,5) (4,6) (5,6)
  facet 1603: (0,1) (0,2) (0,3) (0,4) (1,4) (2,4) (3,4) (4,4) (4,5) (4,6) (5,6)
  facet 1604: (0,1) (0,2) (0,3) (1,3) (1,4) (2,4) (3,4) (4,4) (4,5) (4,6) (5,6)
  facet 1605: (0,1) (0,2) (1,2) (1,3) (1,4) (2,4) (3,4) (4,4) (4,5) (4,6) (5,6)
  facet 1606: (0,1) (1,1) (1,2) (1,3) (1,4) (2,4) (3,4) (4,4) (4,5) (4,6) (5,6)
  facet 1607: (0,1) (0,2) (0,3) (1,3) (2,3) (2,4) (3,4) (4,4) (4,5) (4,6) (5,6)
  facet 1608: (0,1) (0,2) (1,2) (1,3) (2,3) (2,4) (3,4) (4,4) (4,5) (4,6) (5,6)
  facet 1609: (0,1) (1,1) (1,2) (1,3) (2,3) (2,4) (3,4) (4,4) (4,5) (4,6) (5,6)
  facet 1610: (0,1) (0,2) (1,2) (2,2) (2,3) (2,4) (3,4) (4,4) (4,5) (4,6) (5,6)
  facet 1611: (0,1) (1,1) (1,2) (2,2) (2,3) (2,4) (3,4) (4,4) (4,5) (4,6) (5,6)
  facet 1612: (0,1) (1,1) (2,1) (2,2) (2,3) (2,4) (3,4) (4,4) (4,5) (4,6) (5,6)
  facet 1613: (0,1) (0,2) (0,3) (1,3) (2,3) (3,3) (3,4) (4,4) (4,5) (4,6) (5,6)
  facet 1614: (0,1) (0,2) (1,2) (1,3) (2,3) (3,3) (3,4) (4,4) (4,5) (4,6) (5,6)
  facet 1615: (0,1) (1,1) (1,2) (1,3) (2,3) (3,3) (3,4) (4,4) (4,5) (4,6) (5,6)
  facet 1616: (0,1) (0,2) (1,2) (2,2) (2,3) (3,3) (3,4) (4,4) (4,5) (4,6) (5,6)
  facet 1617: (0,1) (1,1) (1,2) (2,2) (2,3) (3,3) (3,4) (4,4) (4,5) (4,6) (5,6)
  facet 1618: (0,1) (1,1) (2,1) (2,2) (2,3) (3,3) (3,4) (4,4) (4,5) (4,6) (5,6)
  facet 1619: (0,1) (0,2) (1,2) (2,2) (3,2) (3,3) (3,4) (4,4) (4,5) (4,6) (5,6)
  facet 1620: (0,1) (1,1) (1,2) (2,2) (3,2) (3,3) (3,4) (4,4) (4,5) (4,6) (5,6)
  facet 1621: (0,1) (1,1) (2,1) (2,2) (3,2) (3,3) (3,4) (4,4) (4,5) (4,6) (5,6)
  facet 1622: (0,1) (1,1) (2,1) (3,1) (3,2) (3,3) (3,4) (4,4) (4,5) (4,6) (5,6)
  facet 1623: (0,1) (0,2) (0,3) (1,3) (2,3) (3,3) (4,3) (4,4) (4,5) (4,6) (5,6)
  facet 1624: (0,1) (0,2) (1,2) (1,3) (2,3) (3,3) (4,3) (4,4) (4,5) (4,6) (5,6)
  facet 1625: (0,1) (1,1) (1,2) (1,3) (2,3) (3,3) (4,3) (4,4) (4,5) (4,6) (5,6)
  facet 1626: (0,1) (0,2) (1,2) (2,2) (2,3) (3,3) (4,3) (4,4) (4,5) (4,6) (5,6)
  facet 1627: (0,1) (1,1) (1,2) (2,2) (2,3) (3,3) (4,3) (4,4) (4,5) (4,6) (5,6)
  facet 1628: (0,1) (1,1) (2,1) (2,2) (2,3) (3,3) (4,3) (4,4) (4,5) (4,6) (5,6)
  facet 1629: (0,1) (0,2) (1,2) (2,2) (3,2) (3,3) (4,3) (4,4) (4,5) (4,6) (5,6)
  facet 1630: (0,1) (1,1) (1,2) (2,2) (3,2) (3,3) (4,3) (4,4) (4,5) (4,6) (5,6)
  facet 1631: (0,1) (1,1) (2,1) (2,2) (3,2) (3,3) (4,3) (4,4) (4,5) (4,6) (5,6)
  facet 1632: (0,1) (1,1) (2,1) (3,1) (3,2) (3,3) (4,3) (4,4) (4,5) (4,6) (5,6)
  facet 1633: (0,1) (0,2) (1,2) (2,2) (3,2) (4,2) (4,3) (4,4) (4,5) (4,6) (5,6)
  facet 1634: (0,1) (1,1) (1,2) (2,2) (3,2) (4,2) (4,3) (4,4) (4,5) (4,6) (5,6)
  facet 1635: (0,1) (1,1) (2,1) (2,2) (3,2) (4,2) (4,3) (4,4) (4,5) (4,6) (5,6)
  facet 1636: (0,1) (1,1) (2,1) (3,1) (3,2) (4,2) (4,3) (4,4) (4,5) (4,6) (5,6)
  facet 1637: (0,1) (1,1) (2,1) (3,1) (4,1) (4,2) (4,3) (4,4) (4,5) (4,6) (5,6)
  facet 1638: (0,1) (0,2) (0,3) (0,4) (0,5) (1,5) (2,5) (3,5) (4,5) (5,5) (5,6)
  facet 1639: (0,1) (0,2) (0,3) (0,4) (1,4) (1,5) (2,5) (3,5) (4,5) (5,5) (5,6)
  facet 1640: (0,1) (0,2) (0,3) (1,3) (1,4) (1,5) (2,5) (3,5) (4,5) (5,5) (5,6)
  facet 1641: (0,1) (0,2) (1,2) (1,3) (1,4) (1,5) (2,5) (3,5) (4,5) (5,5) (5,6)
  facet 1642: (0,1) (1,1) (1,2) (1,3) (1,4) (1,5) (2,5) (3,5) (4,5) (5,5) (5,6)
  facet 1643: (0,1) (0,2) (0,3) (0,4) (1,4) (2,4) (2,5) (3,5) (4,5) (5,5) (5,6)
  facet 1644: (0,1) (0,2) (0,3) (1,3) (1,4) (2,4) (2,5) (3,5) (4,5) (5,5) (5,6)
  facet 1645: (0,1) (0,2) (1,2) (1,3) (1,4) (2,4) (2,5) (3,5) (4,5) (5,5) (5,6)
  facet 1646: (0,1) (1,1) (1,2) (1,3) (1,4) (2,4) (2,5) (3,5) (4,5) (5,5) (5,6)
  facet 1647: (0,1) (0,2) (0,3) (1,3) (2,3) (2,4) (2,5) (3,5) (4,5) (5,5) (5,6)
  facet 1648: (0,1) (0,2) (1,2) (1,3) (2,3) (2,4) (2,5) (3,5) (4,5) (5,5) (5,6)
  facet 1649: (0,1) (1,1) (1,2) (1,3) (2,3) (2,4) (2,5) (3,5) (4,5) (5,5) (5,6)
  facet 1650: (0,1) (0,2) (1,2) (2,2) (2,3) (2,4) (2,5) (3,5) (4,5) (5,5) (5,6)
  facet 1651: (0,1) (1,1) (1,2) (2,2) (2,3) (2,4) (2,5) (3,5) (4,5) (5,5) (5,6)
  facet 1652: (0,1) (1,1) (2,1) (2,2) (2,3) (2,4) (2,5) (3,5) (4,5) (5,5) (5,6)
  facet 1653: (0,1) (0,2) (0,3) (0,4) (1,4) (2,4) (3,4) (3,5) (4,5) (5,5) (5,6)
  facet 1654: (0,1) (0,2) (0,3) (1,3) (1,4) (2,4) (3,4) (3,5) (4,5) (5,5) (5,6)
  facet 1655: (0,1) (0,2) (1,2) (1,3) (1,4) (2,4) (3,4) (3,5) (4,5) (5,5) (5,6)
  facet 1656: (0,1) (1,1) (1,2) (1,3) (1,4) (2,4) (3,4) (3,5) (4,5) (5,5) (5,6)
  facet 1657: (0,1) (0,2) (0,3) (1,3) (2,3) (2,4) (3,4) (3,5) (4,5) (5,5) (5,6)
  facet 1658: (0,1) (0,2) (1,2) (1,3) (2,3) (2,4) (3,4) (3,5) (4,5) (5,5) (5,6)
  facet 1659: (0,1) (1,1) (1,2) (1,3) (2,3) (2,4) (3,4) (3,5) (4,5) (5,5) (5,6)
  facet 1660: (0,1) (0,2) (1,2) (2,2) (2,3) (2,4) (3,4) (3,5) (4,5) (5,5) (5,6)
  facet 1661: (0,1) (1,1) (1,2) (2,2) (2,3) (2,4) (3,4) (3,5) (4,5) (5,5) (5,6)
  facet 1662: (0,1) (1,1) (2,1) (2,2) (2,3) (2,4) (3,4) (3,5) (4,5) (5,5) (5,6)
  facet 1663: (0,1) (0,2) (0,3) (1,3) (2,3) (3,3) (3,4) (3,5) (4,5) (5,5) (5,6)
  facet 1664: (0,1) (0,2) (1,2) (1,3) (2,3) (3,3) (3,4) (3,5) (4,5) (5,5) (5,6)
  facet 1665: (0,1) (1,1) (1,2) (1,3) (2,3) (3,3) (3,4) (3,5) (4,5) (5,5) (5,6)
  facet 1666: (0,1) (0,2) (1,2) (2,2) (2,3) (3,3) (3,4) (3,5) (4,5) (5,5) (5,6)
  facet 1667: (0,1) (1,1) (1,2) (2,2) (2,3) (3,3) (3,4) (3,5) (4,5) (5,5) (5,6)
  facet 1668: (0,1) (1,1) (2,1) (2,2) (2,3) (3,3) (3,4) (3,5) (4,5) (5,5) (5,6)
  facet 1669: (0,1) (0,2) (1,2) (2,2) (3,2) (3,3) (3,4) (3,5) (4,5) (5,5) (5,6)
  facet 1670: (0,1) (1,1) (1,2) (2,2) (3,2) (3,3) (3,4) (3,5) (4,5) (5,5) (5,6)
  facet 1671: (0,1) (1,1) (2,1) (2,2) (3,2) (3,3) (3,4) (3,5) (4,5) (5,5) (5,6)
  facet 1672: (0,1) (1,1) (2,1) (3,1) (3,2) (3,3) (3,4) (3,5) (4,5) (5,5) (5,6)
  facet 1673: (0,1) (0,2) (0,3) (0,4) (1,4) (2,4) (3,4) (4,4) (4,5) (5,5) (5,6)
  facet 1674: (0,1) (0,2) (0,3) (1,3) (1,4) (2,4) (3,4) (4,4) (4,5) (5,5) (5,6)
  facet 1675: (0,1) (0,2) (1,2) (1,3) (1,4) (2,4) (3,4) (4,4) (4,5) (5,5) (5,6)
  facet 1676: (0,1) (1,1) (1,2) (1,3) (1,4) (2,4) (3,4) (4,4) (4,5) (5,5) (5,6)
  facet 1677: (0,1) (0,2) (0,3) (1,3) (2,3) (2,4) (3,4) (4,4) (4,5) (5,5) (5,6)
  facet 1678: (0,1) (0,2) (1,2) (1,3) (2,3) (2,4) (3,4) (4,4) (4,5) (5,5) (5,6)
  facet 1679: (0,1) (1,1) (1,2) (1,3) (2,3) (2,4) (3,4) (4,4) (4,5) (5,5) (5,6)
  facet 1680: (0,1) (0,2) (1,2) (2,2) (2,3) (2,4) (3,4) (4,4) (4,5) (5,5) (5,6)
  facet 1681: (0,1) (1,1) (1,2) (2,2) (2,3) (2,4) (3,4) (4,4) (4,5) (5,5) (5,6)
  facet 1682: (0,1) (1,1) (2,1) (2,2) (2,3) (2,4) (3,4) (4,4) (4,5) (5,5) (5,6)
  facet 1683: (0,1) (0,2) (0,3) (1,3) (2,3) (3,3) (3,4) (4,4) (4,5) (5,5) (5,6)
  facet 1684: (0,1) (0,2) (1,2) (1,3) (2,3) (3,3) (3,4) (4,4) (4,5) (5,5) (5,6)
  facet 1685: (0,1) (1,1) (1,2) (1,3) (2,3) (3,3) (3,4) (4,4) (4,5) (5,5) (5,6)
  facet 1686: (0,1) (0,2) (1,2) (2,2) (2,3) (3,3) (3,4) (4,4) (4,5) (5,5) (5,6)
  facet 1687: (0,1) (1,1) (1,2) (2,2) (2,3) (3,3) (3,4) (4,4) (4,5) (5,5) (5,6)
  facet 1688: (0,1) (1,1) (2,1) (2,2) (2,3) (3,3) (3,4) (4,4) (4,5) (5,5) (5,6)
  facet 1689: (0,1) (0,2) (1,2) (2,2) (3,2) (3,3) (3,4) (4,4) (4,5) (5,5) (5,6)
  facet 1690: (0,1) (1,1) (1,2) (2,2) (3,2) (3,3) (3,4) (4,4) (4,5) (5,5) (5,6)
  facet 1691: (0,1) (1,1) (2,1) (2,2) (3,2) (3,3) (3,4) (4,4) (4,5) (5,5) (5,6)
  facet 1692: (0,1) (1,1) (2,1) (3,1) (3,2) (3,3) (3,4) (4,4) (4,5) (5,5) (5,6)
  facet 1693: (0,1) (0,2) (0,3) (1,3) (2,3) (3,3) (4,3) (4,4) (4,5) (5,5) (5,6)
  facet 1694: (0,1) (0,2) (1,2) (1,3) (2,3) (3,3) (4,3) (4,4) (4,5) (5,5) (5,6)
  facet 1695: (0,1) (1,1) (1,2) (1,3) (2,3) (3,3) (4,3) (4,4) (4,5) (5,5) (5,6)
  facet 1696: (0,1) (0,2) (1,2) (2,2) (2,3) (3,3) (4,3) (4,4) (4,5) (5,5) (5,6)
  facet 1697: (0,1) (1,1) (1,2) (2,2) (2,3) (3,3) (4,3) (4,4) (4,5) (5,5) (5,6)
  facet 1698: (0,1) (1,1) (2,1) (2,2) (2,3) (3,3) (4,3) (4,4) (4,5) (5,5) (5,6)
  facet 1699: (0,1) (0,2) (1,2) (2,2) (3,2) (3,3) (4,3) (4,4) (4,5) (5,5) (5,6)
  facet 1700: (0,1) (1,1) (1,2) (2,2) (3,2) (3,3) (4,3) (4,4) (4,5) (5,5) (5,6)
  facet 1701: (0,1) (1,1) (2,1) (2,2) (3,2) (3,3) (4,3) (4,4) (4,5) (5,5) (5,6)
  facet 1702: (0,1) (1,1) (2,1) (3,1) (3,2) (3,3) (4,3) (4,4) (4,5) (5,5) (5,6)
  facet 1703: (0,1) (0,2) (1,2) (2,2) (3,2) (4,2) (4,3) (4,4) (4,5) (5,5) (5,6)
  facet 1704: (0,1) (1,1) (1,2) (2,2) (3,2) (4,2) (4,3) (4,4) (4,5) (5,5) (5,6)
  facet 1705: (0,1) (1,1) (2,1) (2,2) (3,2) (4,2) (4,3) (4,4) (4,5) (5,5) (5,6)
  facet 1706: (0,1) (1,1) (2,1) (3,1) (3,2) (4,2) (4,3) (4,4) (4,5) (5,5) (5,6)
  facet 1707: (0,1) (1,1) (2,1) (3,1) (4,1) (4,2) (4,3) (4,4) (4,5) (5,5) (5,6)
  facet 1708: (0,1) (0,2) (0,3) (0,4) (1,4) (2,4) (3,4) (4,4) (5,4) (5,5) (5,6)
  facet 1709: (0,1) (0,2) (0,3) (1,3) (1,4) (2,4) (3,4) (4,4) (5,4) (5,5) (5,6)
  facet 1710: (0,1) (0,2) (1,2) (1,3) (1,4) (2,4) (3,4) (4,4) (5,4) (5,5) (5,6)
  facet 1711: (0,1) (1,1) (1,2) (1,3) (1,4) (2,4) (3,4) (4,4) (5,4) (5,5) (5,6)
  facet 1712: (0,1) (0,2) (0,3) (1,3) (2,3) (2,4) (3,4) (4,4) (5,4) (5,5) (5,6)
  facet 1713: (0,1) (0,2) (1,2) (1,3) (2,3) (2,4) (3,4) (4,4) (5,4) (5,5) (5,6)
  facet 1714: (0,1) (1,1) (1,2) (1,3) (2,3) (2,4) (3,4) (4,4) (5,4) (5,5) (5,6)
  facet 1715: (0,1) (0,2) (1,2) (2,2) (2,3) (2,4) (3,4) (4,4) (5,4) (5,5) (5,6)
  facet 1716: (0,1) (1,1) (1,2) (2,2) (2,3) (2,4) (3,4) (4,4) (5,4) (5,5) (5,6)
  facet 1717: (0,1) (1,1) (2,1) (2,2) (2,3) (2,4) (3,4) (4,4) (5,4) (5,5) (5,6)
  facet 1718: (0,1) (0,2) (0,3) (1,3) (2,3) (3,3) (3,4) (4,4) (5,4) (5,5) (5,6)
  facet 1719: (0,1) (0,2) (1,2) (1,3) (2,3) (3,3) (3,4) (4,4) (5,4) (5,5) (5,6)
  facet 1720: (0,1) (1,1) (1,2) (1,3) (2,3) (3,3) (3,4) (4,4) (5,4) (5,5) (5,6)
  facet 1721: (0,1) (0,2) (1,2) (2,2) (2,3) (3,3) (3,4) (4,4) (5,4) (5,5) (5,6)
  facet 1722: (0,1) (1,1) (1,2) (2,2) (2,3) (3,3) (3,4) (4,4) (5,4) (5,5) (5,6)
  facet 1723: (0,1) (1,1) (2,1) (2,2) (2,3) (3,3) (3,4) (4,4) (5,4) (5,5) (5,6)
  facet 1724: (0,1) (0,2) (1,2) (2,2) (3,2) (3,3) (3,4) (4,4) (5,4) (5,5) (5,6)
  facet 1725: (0,1) (1,1) (1,2) (2,2) (3,2) (3,3) (3,4) (4,4) (5,4) (5,5) (5,6)
  facet 1726: (0,1) (1,1) (2,1) (2,2) (3,2) (3,3) (3,4) (4,4) (5,4) (5,5) (5,6)
  facet 1727: (0,1) (1,1) (2,1) (3,1) (3,2) (3,3) (3,4) (4,4) (5,4) (5,5) (5,6)
  facet 1728: (0,1) (0,2) (0,3) (1,3) (2,3) (3,3) (4,3) (4,4) (5,4) (5,5) (5,6)
  facet 1729: (0,1) (0,2) (1,2) (1,3) (2,3) (3,3) (4,3) (4,4) (5,4) (5,5) (5,6)
  facet 1730: (0,1) (1,1) (1,2) (1,3) (2,3) (3,3) (4,3) (4,4) (5,4) (5,5) (5,6)
  facet 1731: (0,1) (0,2) (1,2) (2,2) (2,3) (3,3) (4,3) (4,4) (5,4) (5,5) (5,6)
  facet 1732: (0,1) (1,1) (1,2) (2,2) (2,3) (3,3) (4,3) (4,4) (5,4) (5,5) (5,6)
  facet 1733: (0,1) (1,1) (2,1) (2,2) (2,3) (3,3) (4,3) (4,4) (5,4) (5,5) (5,6)
  facet 1734: (0,1) (0,2) (1,2) (2,2) (3,2) (3,3) (4,3) (4,4) (5,4) (5,5) (5,6)
  facet 1735: (0,1) (1,1) (1,2) (2,2) (3,2) (3,3) (4,3) (4,4) (5,4) (5,5) (5,6)
  facet 1736: (0,1) (1,1) (2,1) (2,2) (3,2) (3,3) (4,3) (4,4) (5,4) (5,5) (5,6)
  facet 1737: (0,1) (1,1) (2,1) (3,1) (3,2) (3,3) (4,3) (4,4) (5,4) (5,5) (5,6)
  facet 1738: (0,1) (0,2) (1,2) (2,2) (3,2) (4,2) (4,3) (4,4) (5,4) (5,5) (5,6)
  facet 1739: (0,1) (1,1) (1,2) (2,2) (3,2) (4,2) (4,3) (4,4) (5,4) (5,5) (5,6)
  facet 1740: (0,1) (1,1) (2,1) (2,2) (3,2) (4,2) (4,3) (4,4) (5,4) (5,5) (5,6)
  facet 1741: (0,1) (1,1) (2,1) (3,1) (3,2) (4,2) (4,3) (4,4) (5,4) (5,5) (5,6)
  facet 1742: (0,1) (1,1) (2,1) (3,1) (4,1) (4,2) (4,3) (4,4) (5,4) (5,5) (5,6)
  facet 1743: (0,1) (0,2) (0,3) (1,3) (2,3) (3,3) (4,3) (5,3) (5,4) (5,5) (5,6)
  facet 1744: (0,1) (0,2) (1,2) (1,3) (2,3) (3,3) (4,3) (5,3) (5,4) (5,5) (5,6)
  facet 1745: (0,1) (1,1) (1,2) (1,3) (2,3) (3,3) (4,3) (5,3) (5,4) (5,5) (5,6)
  facet 1746: (0,1) (0,2) (1,2) (2,2) (2,3) (3,3) (4,3) (5,3) (5,4) (5,5) (5,6)
  facet 1747: (0,1) (1,1) (1,2) (2,2) (2,3) (3,3) (4,3) (5,3) (5,4) (5,5) (5,6)
  facet 1748: (0,1) (1,1) (2,1) (2,2) (2,3) (3,3) (4,3) (5,3) (5,4) (5,5) (5,6)
  facet 1749: (0,1) (0,2) (1,2) (2,2) (3,2) (3,3) (4,3) (5,3) (5,4) (5,5) (5,6)
  facet 1750: (0,1) (1,1) (1,2) (2,2) (3,2) (3,3) (4,3) (5,3) (5,4) (5,5) (5,6)
  facet 1751: (0,1) (1,1) (2,1) (2,2) (3,2) (3,3) (4,3) (5,3) (5,4) (5,5) (5,6)
  facet 1752: (0,1) (1,1) (2,1) (3,1) (3,2) (3,3) (4,3) (5,3) (5,4) (5,5) (5,6)
  facet 1753: (0,1) (0,2) (1,2) (2,2) (3,2) (4,2) (4,3) (5,3) (5,4) (5,5) (5,6)
  facet 1754: (0,1) (1,1) (1,2) (2,2) (3,2) (4,2) (4,3) (5,3) (5,4) (5,5) (5,6)
  facet 1755: (0,1) (1,1) (2,1) (2,2) (3,2) (4,2) (4,3) (5,3) (5,4) (5,5) (5,6)
  facet 1756: (0,1) (1,1) (2,1) (3,1) (3,2) (4,2) (4,3) (5,3) (5,4) (5,5) (5,6)
  facet 1757: (0,1) (1,1) (2,1) (3,1) (4,1) (4,2) (4,3) (5,3) (5,4) (5,5) (5,6)
  facet 1758: (0,1) (0,2) (1,2) (2,2) (3,2) (4,2) (5,2) (5,3) (5,4) (5,5) (5,6)
  facet 1759: (0,1) (1,1) (1,2) (2,2) (3,2) (4,2) (5,2) (5,3) (5,4) (5,5) (5,6)
  facet 1760: (0,1) (1,1) (2,1) (2,2) (3,2) (4,2) (5,2) (5,3) (5,4) (5,5) (5,6)
  facet 1761: (0,1) (1,1) (2,1) (3,1) (3,2) (4,2) (5,2) (5,3) (5,4) (5,5) (5,6)
  facet 1762: (0,1) (1,1) (2,1) (3,1) (4,1) (4,2) (5,2) (5,3) (5,4) (5,5) (5,6)
  facet 1763: (0,1) (1,1) (2,1) (3,1) (4,1) (5,1) (5,2) (5,3) (5,4) (5,5) (5,6)
  facet 3276: (0,1) (0,2) (0,3) (0,4) (0,5) (0,6) (1,6) (2,6) (3,6) (4,6) (6,6)
  facet 3277: (0,1) (0,2) (0,3) (0,4) (0,5) (1,5) (1,6) (2,6) (3,6) (4,6) (6,6)
  facet 3278: (0,1) (0,2) (0,3) (0,4) (1,4) (1,5) (1,6) (2,6) (3,6) (4,6) (6,6)
  facet 3279: (0,1) (0,2) (0,3) (1,3) (1,4) (1,5) (1,6) (2,6) (3,6) (4,6) (6,6)
  facet 3280: (0,1) (0,2) (1,2) (1,3) (1,4) (1,5) (1,6) (2,6) (3,6) (4,6) (6,6)
  facet 3281: (0,1) (1,1) (1,2) (1,3) (1,4) (1,5) (1,6) (2,6) (3,6) (4,6) (6,6)
  facet 3282: (0,1) (0,2) (0,3) (0,4) (0,5) (1,5) (2,5) (2,6) (3,6) (4,6) (6,6)
  facet 3283: (0,1) (0,2) (0,3) (0,4) (1,4) (1,5) (2,5) (2,6) (3,6) (4,6) (6,6)
  facet 3284: (0,1) (0,2) (0,3) (1,3) (1,4) (1,5) (2,5) (2,6) (3,6) (4,6) (6,6)
  facet 3285: (0,1) (0,2) (1,2) (1,3) (1,4) (1,5) (2,5) (2,6) (3,6) (4,6) (6,6)
  facet 3286: (0,1) (1,1) (1,2) (1,3) (1,4) (1,5) (2,5) (2,6) (3,6) (4,6) (6,6)
  facet 3287: (0,1) (0,2) (0,3) (0,4) (1,4) (2,4) (2,5) (2,6) (3,6) (4,6) (6,6)
  facet 3288: (0,1) (0,2) (0,3) (1,3) (1,4) (2,4) (2,5) (2,6) (3,6) (4,6) (6,6)
  facet 3289: (0,1) (0,2) (1,2) (1,3) (1,4) (2,4) (2,5) (2,6) (3,6) (4,6) (6,6)
  facet 3290: (0,1) (1,1) (1,2) (1,3) (1,4) (2,4) (2,5) (2,6) (3,6) (4,6) (6,6)
  facet 3291: (0,1) (0,2) (0,3) (1,3) (2,3) (2,4) (2,5) (2,6) (3,6) (4,6) (6,6)
  facet 3292: (0,1) (0,2) (1,2) (1,3) (2,3) (2,4) (2,5) (2,6) (3,6) (4,6) (6,6)
  facet 3293: (0,1) (1,1) (1,2) (1,3) (2,3) (2,4) (2,5) (2,6) (3,6) (4,6) (6,6)
  facet 3294: (0,1) (0,2) (1,2) (2,2) (2,3) (2,4) (2,5) (2,6) (3,6) (4,6) (6,6)
  facet 3295: (0,1) (1,1) (1,2) (2,2) (2,3) (2,4) (2,5) (2,6) (3,6) (4,6) (6,6)
  facet 3296: (0,1) (1,1) (2,1) (2,2) (2,3) (2,4) (2,5) (2,6) (3,6) (4,6) (6,6)
  facet 3297: (0,1) (0,2) (0,3) (0,4) (0,5) (1,5) (2,5) (3,5) (3,6) (4,6) (6,6)
  facet 3298: (0,1) (0,2) (0,3) (0,4) (1,4) (1,5) (2,5) (3,5) (3,6) (4,6) (6,6)
  facet 3299: (0,1) (0,2) (0,3) (1,3) (1,4) (1,5) (2,5) (3,5) (3,6) (4,6) (6,6)
  facet 3300: (0,1) (0,2) (1,2) (1,3) (1,4) (1,5) (2,5) (3,5) (3,6) (4,6) (6,6)
  facet 3301: (0,1) (1,1) (1,2) (1,3) (1,4) (1,5) (2,5) (3,5) (3,6) (4,6) (6,6)
  facet 3302: (0,1) (0,2) (0,3) (0,4) (1,4) (2,4) (2,5) (3,5) (3,6) (4,6) (6,6)
  facet 3303: (0,1) (0,2) (0,3) (1,3) (1,4) (2,4) (2,5) (3,5) (3,6) (4,6) (6,6)
  facet 3304: (0,1) (0,2) (1,2) (1,3) (1,4) (2,4) (2,5) (3,5) (3,6) (4,6) (6,6)
  facet 3305: (0,1) (1,1) (1,2) (1,3) (1,4) (2,4) (2,5) (3,5) (3,6) (4,6) (6,6)
  facet 3306: (0,1) (0,2) (0,3) (1,3) (2,3) (2,4) (2,5) (3,5) (3,6) (4,6) (6,6)
  facet 3307: (0,1) (0,2) (1,2) (1,3) (2,3) (2,4) (2,5) (3,5) (3,6) (4,6) (6,6)
  facet 3308: (0,1) (1,1) (1,2) (1,3) (2,3) (2,4) (2,5) (3,5) (3,6) (4,6) (6,6)
  facet 3309: (0,1) (0,2) (1,2) (2,2) (2,3) (2,4) (2,5) (3,5) (3,6) (4,6) (6,6)
  facet 3310: (0,1) (1,1) (1,2) (2,2) (2,3) (2,4) (2,5) (3,5) (3,6) (4,6) (6,6)
  facet 3311: (0,1) (1,1) (2,1) (2,2) (2,3) (2,4) (2,5) (3,5) (3,6) (4,6) (6,6)
  facet 3312: (0,1) (0,2) (0,3) (0,4) (1,4) (2,4) (3,4) (3,5) (3,6) (4,6) (6,6)
  facet 3313: (0,1) (0,2) (0,3) (1,3) (1,4) (2,4) (3,4) (3,5) (3,6) (4,6) (6,6)
  facet 3314: (0,1) (0,2) (1,2) (1,3) (1,4) (2,4) (3,4) (3,5) (3,6) (4,6) (6,6)
  facet 3315: (0,1) (1,1) (1,2) (1,3) (1,4) (2,4) (3,4) (3,5) (3,6) (4,6) (6,6)
  facet 3316: (0,1) (0,2) (0,3) (1,3) (2,3) (2,4) (3,4) (3,5) (3,6) (4,6) (6,6)
  facet 3317: (0,1) (0,2) (1,2) (1,3) (2,3) (2,4) (3,4) (3,5) (3,6) (4,6) (6,6)
  facet 3318: (0,1) (1,1) (1,2) (1,3) (2,3) (2,4) (3,4) (3,5) (3,6) (4,6) (6,6)
  facet 3319: (0,1) (0,2) (1,2) (2,2) (2,3) (2,4) (3,4) (3,5) (3,6) (4,6) (6,6)
  facet 3320: (0,1) (1,1) (1,2) (2,2) (2,3) (2,4) (3,4) (3,5) (3,6) (4,6) (6,6)
  facet 3321: (0,1) (1,1) (2,1) (2,2) (2,3) (2,4) (3,4) (3,5) (3,6) (4,6) (6,6)
  facet 3322: (0,1) (0,2) (0,3) (1,3) (2,3) (3,3) (3,4) (3,5) (3,6) (4,6) (6,6)
  facet 3323: (0,1) (0,2) (1,2) (1,3) (2,3) (3,3) (3,4) (3,5) (3,6) (4,6) (6,6)
  facet 3324: (0,1) (1,1) (1,2) (1,3) (2,3) (3,3) (3,4) (3,5) (3,6) (4,6) (6,6)
  facet 3325: (0,1) (0,2) (1,2) (2,2) (2,3) (3,3) (3,4) (3,5) (3,6) (4,6) (6,6)
  facet 3326: (0,1) (1,1) (1,2) (2,2) (2,3) (3,3) (3,4) (3,5) (3,6) (4,6) (6,6)
  facet 3327: (0,1) (1,1) (2,1) (2,2) (2,3) (3,3) (3,4) (3,5) (3,6) (4,6) (6,6)
  facet 3328: (0,1) (0,2) (1,2) (2,2) (3,2) (3,3) (3,4) (3,5) (3,6) (4,6) (6,6)
  facet 3329: (0,1) (1,1) (1,2) (2,2) (3,2) (3,3) (3,4) (3,5) (3,6) (4,6) (6,6)
  facet 3330: (0,1) (1,1) (2,1) (2,2) (3,2) (3,3) (3,4) (3,5) (3,6) (4,6) (6,6)
  facet 3331: (0,1) (1,1) (2,1) (3,1) (3,2) (3,3) (3,4) (3,5) (3,6) (4,6) (6,6)
  facet 3332: (0,1) (0,2) (0,3) (0,4) (0,5) (1,5) (2,5) (3,5) (4,5) (4,6) (6,6)
  facet 3333: (0,1) (0,2) (0,3) (0,4) (1,4) (1,5) (2,5) (3,5) (4,5) (4,6) (6,6)
  facet 3334: (0,1) (0,2) (0,3) (1,3) (1,4) (1,5) (2,5) (3,5) (4,5) (4,6) (6,6)
  facet 3335: (0,1) (0,2) (1,2) (1,3) (1,4) (1,5) (2,5) (3,5) (4,5) (4,6) (6,6)
  facet 3336: (0,1) (1,1) (1,2) (1,3) (1,4) (1,5) (2,5) (3,5) (4,5) (4,6) (6,6)
  facet 3337: (0,1) (0,2) (0,3) (0,4) (1,4) (2,4) (2,5) (3,5) (4,5) (4,6) (6,6)
  facet 3338: (0,1) (0,2) (0,3) (1,3) (1,4) (2,4) (2,5) (3,5) (4,5) (4,6) (6,6)
  facet 3339: (0,1) (0,2) (1,2) (1,3) (1,4) (2,4) (2,5) (3,5) (4,5) (4,6) (6,6)
  facet 3340: (0,1) (1,1) (1,2) (1,3) (1,4) (2,4) (2,5) (3,5) (4,5) (4,6) (6,6)
  facet 3341: (0,1) (0,2) (0,3) (1,3) (2,3) (2,4) (2,5) (3,5) (4,5) (4,6) (6,6)
  facet 3342: (0,1) (0,2) (1,2) (1,3) (2,3) (2,4) (2,5) (3,5) (4,5) (4,6) (6,6)
  facet 3343: (0,1) (1,1) (1,2) (1,3) (2,3) (2,4) (2,5) (3,5) (4,5) (4,6) (6,6)
  facet 3344: (0,1) (0,2) (1,2) (2,2) (2,3) (2,4) (2,5) (3,5) (4,5) (4,6) (6,6)
  facet 3345: (0,1) (1,1) (1,2) (2,2) (2,3) (2,4) (2,5) (3,5) (4,5) (4,6) (6,6)
  facet 3346: (0,1) (1,1) (2,1) (2,2) (2,3) (2,4) (2,5) (3,5) (4,5) (4,6) (6,6)
  facet 3347: (0,1) (0,2) (0,3) (0,4) (1,4) (2,4) (3,4) (3,5) (4,5) (4,6) (6,6)
  facet 3348: (0,1) (0,2) (0,3) (1,3) (1,4) (2,4) (3,4) (3,5) (4,5) (4,6) (6,6)
  facet 3349: (0,1) (0,2) (1,2) (1,3) (1,4) (2,4) (3,4) (3,5) (4,5) (4,6) (6,6)
  facet 3350: (0,1) (1,1) (1,2) (1,3) (1,4) (2,4) (3,4) (3,5) (4,5) (4,6) (6,6)
  facet 3351: (0,1) (0,2) (0,3) (1,3) (2,3) (2,4) (3,4) (3,5) (4,5) (4,6) (6,6)
  facet 3352: (0,1) (0,2) (1,2) (1,3) (2,3) (2,4) (3,4) (3,5) (4,5) (4,6) (6,6)
  facet 3353: (0,1) (1,1) (1,2) (1,3) (2,3) (2,4) (3,4) (3,5) (4,5) (4,6) (6,6)
  facet 3354: (0,1) (0,2) (1,2) (2,2) (2,3) (2,4) (3,4) (3,5) (4,5) (4,6) (6,6)
  facet 3355: (0,1) (1,1) (1,2) (2,2) (2,3) (2,4) (3,4) (3,5) (4,5) (4,6) (6,6)
  facet 3356: (0,1) (1,1) (2,1) (2,2) (2,3) (2,4) (3,4) (3,5) (4,5) (4,6) (6,6)
  facet 3357: (0,1) (0,2) (0,3) (1,3) (2,3) (3,3) (3,4) (3,5) (4,5) (4,6) (6,6)
  facet 3358: (0,1) (0,2) (1,2) (1,3) (2,3) (3,3) (3,4) (3,5) (4,5) (4,6) (6,6)
  facet 3359: (0,1) (1,1) (1,2) (1,3) (2,3) (3,3) (3,4) (3,5) (4,5) (4,6) (6,6)
  facet 3360: (0,1) (0,2) (1,2) (2,2) (2,3) (3,3) (3,4) (3,5) (4,5) (4,6) (6,6)
  facet 3361: (0,1) (1,1) (1,2) (2,2) (2,3) (3,3) (3,4) (3,5) (4,5) (4,6) (6,6)
  facet 3362: (0,1) (1,1) (2,1) (2,2) (2,3) (3,3) (3,4) (3,5) (4,5) (4,6) (6,6)
  facet 3363: (0,1) (0,2) (1,2) (2,2) (3,2) (3,3) (3,4) (3,5) (4,5) (4,6) (6,6)
  facet 3364: (0,1) (1,1) (1,2) (2,2) (3,2) (3,3) (3,4) (3,5) (4,5) (4,6) (6,6)
  facet 3365: (0,1) (1,1) (2,1) (2,2) (3,2) (3,3) (3,4) (3,5) (4,5) (4,6) (6,6)
  facet 3366: (0,1) (1,1) (2,1) (3,1) (3,2) (3,3) (3,4) (3,5) (4,5) (4,6) (6,6)
  facet 3367: (0,1) (0,2) (0,3) (0,4) (1,4) (2,4) (3,4) (4,4) (4,5) (4,6) (6,6)
  facet 3368: (0,1) (0,2) (0,3) (1,3) (1,4) (2,4) (3,4) (4,4) (4,5) (4,6) (6,6)
  facet 3369: (0,1) (0,2) (1,2) (1,3) (1,4) (2,4) (3,4) (4,4) (4,5) (4,6) (6,6)
  facet 3370: (0,1) (1,1) (1,2) (1,3) (1,4) (2,4) (3,4) (4,4) (4,5) (4,6) (6,6)
  facet 3371: (0,1) (0,2) (0,3) (1,3) (2,3) (2,4) (3,4) (4,4) (4,5) (4,6) (6,6)
  facet 3372: (0,1) (0,2) (1,2) (1,3) (2,3) (2,4) (3,4) (4,4) (4,5) (4,6) (6,6)
  facet 3373: (0,1) (1,1) (1,2) (1,3) (2,3) (2,4) (3,4) (4,4) (4,5) (4,6) (6,6)
  facet 3374: (0,1) (0,2) (1,2) (2,2) (2,3) (2,4) (3,4) (4,4) (4,5) (4,6) (6,6)
  facet 3375: (0,1) (1,1) (1,2) (2,2) (2,3) (2,4) (3,4) (4,4) (4,5) (4,6) (6,6)
  facet 3376: (0,1) (1,1) (2,1) (2,2) (2,3) (2,4) (3,4) (4,4) (4,5) (4,6) (6,6)
  facet 3377: (0,1) (0,2) (0,3) (1,3) (2,3) (3,3) (3,4) (4,4) (4,5) (4,6) (6,6)
  facet 3378: (0,1) (0,2) (1,2) (1,3) (2,3) (3,3) (3,4) (4,4) (4,5) (4,6) (6,6)
  facet 3379: (0,1) (1,1) (1,2) (1,3) (2,3) (3,3) (3,4) (4,4) (4,5) (4,6) (6,6)
  facet 3380: (0,1) (0,2) (1,2) (2,2) (2,3) (3,3) (3,4) (4,4) (4,5) (4,6) (6,6)
  facet 3381: (0,1) (1,1) (1,2) (2,2) (2,3) (3,3) (3,4) (4,4) (4,5) (4,6) (6,6)
  facet 3382: (0,1) (1,1) (2,1) (2,2) (2,3) (3,3) (3,4) (4,4) (4,5) (4,6) (6,6)
  facet 3383: (0,1) (0,2) (1,2) (2,2) (3,2) (3,3) (3,4) (4,4) (4,5) (4,6) (6,6)
  facet 3384: (0,1) (1,1) (1,2) (2,2) (3,2) (3,3) (3,4) (4,4) (4,5) (4,6) (6,6)
  facet 3385: (0,1) (1,1) (2,1) (2,2) (3,2) (3,3) (3,4) (4,4) (4,5) (4,6) (6,6)
  facet 3386: (0,1) (1,1) (2,1) (3,1) (3,2) (3,3) (3,4) (4,4) (4,5) (4,6) (6,6)
  facet 3387: (0,1) (0,2) (0,3) (1,3) (2,3) (3,3) (4,3) (4,4) (4,5) (4,6) (6,6)
  facet 3388: (0,1) (0,2) (1,2) (1,3) (2,3) (3,3) (4,3) (4,4) (4,5) (4,6) (6,6)
  facet 3389: (0,1) (1,1) (1,2) (1,3) (2,3) (3,3) (4,3) (4,4) (4,5) (4,6) (6,6)
  facet 3390: (0,1) (0,2) (1,2) (2,2) (2,3) (3,3) (4,3) (4,4) (4,5) (4,6) (6,6)
  facet 3391: (0,1) (1,1) (1,2) (2,2) (2,3) (3,3) (4,3) (4,4) (4,5) (4,6) (6,6)
  facet 3392: (0,1) (1,1) (2,1) (2,2) (2,3) (3,3) (4,3) (4,4) (4,5) (4,6) (6,6)
  facet 3393: (0,1) (0,2) (1,2) (2,2) (3,2) (3,3) (4,3) (4,4) (4,5) (4,6) (6,6)
  facet 3394: (0,1) (1,1) (1,2) (2,2) (3,2) (3,3) (4,3) (4,4) (4,5) (4,6) (6,6)
  facet 3395: (0,1) (1,1) (2,1) (2,2) (3,2) (3,3) (4,3) (4,4) (4,5) (4,6) (6,6)
  facet 3396: (0,1) (1,1) (2,1) (3,1) (3,2) (3,3) (4,3) (4,4) (4,5) (4,6) (6,6)
  facet 3397: (0,1) (0,2) (1,2) (2,2) (3,2) (4,2) (4,3) (4,4) (4,5) (4,6) (6,6)
  facet 3398: (0,1) (1,1) (1,2) (2,2) (3,2) (4,2) (4,3) (4,4) (4,5) (4,6) (6,6)
  facet 3399: (0,1) (1,1) (2,1) (2,2) (3,2) (4,2) (4,3) (4,4) (4,5) (4,6) (6,6)
  facet 3400: (0,1) (1,1) (2,1) (3,1) (3,2) (4,2) (4,3) (4,4) (4,5) (4,6) (6,6)
  facet 3401: (0,1) (1,1) (2,1) (3,1) (4,1) (4,2) (4,3) (4,4) (4,5) (4,6) (6,6)
  facet 3402: (0,1) (0,2) (0,3) (0,4) (0,5) (1,5) (2,5) (3,5) (4,5) (6,5) (6,6)
  facet 3403: (0,1) (0,2) (0,3) (0,4) (1,4) (1,5) (2,5) (3,5) (4,5) (6,5) (6,6)
  facet 3404: (0,1) (0,2) (0,3) (1,3) (1,4) (1,5) (2,5) (3,5) (4,5) (6,5) (6,6)
  facet 3405: (0,1) (0,2) (1,2) (1,3) (1,4) (1,5) (2,5) (3,5) (4,5) (6,5) (6,6)
  facet 3406: (0,1) (1,1) (1,2) (1,3) (1,4) (1,5) (2,5) (3,5) (4,5) (6,5) (6,6)
  facet 3407: (0,1) (0,2) (0,3) (0,4) (1,4) (2,4) (2,5) (3,5) (4,5) (6,5) (6,6)
  facet 3408: (0,1) (0,2) (0,3) (1,3) (1,4) (2,4) (2,5) (3,5) (4,5) (6,5) (6,6)
  facet 3409: (0,1) (0,2) (1,2) (1,3) (1,4) (2,4) (2,5) (3,5) (4,5) (6,5) (6,6)
  facet 3410: (0,1) (1,1) (1,2) (1,3) (1,4) (2,4) (2,5) (3,5) (4,5) (6,5) (6,6)
  facet 3411: (0,1) (0,2) (0,3) (1,3) (2,3) (2,4) (2,5) (3,5) (4,5) (6,5) (6,6)
  facet 3412: (0,1) (0,2) (1,2) (1,3) (2,3) (2,4) (2,5) (3,5) (4,5) (6,5) (6,6)
  facet 3413: (0,1) (1,1) (1,2) (1,3) (2,3) (2,4) (2,5) (3,5) (4,5) (6,5) (6,6)
  facet 3414: (0,1) (0,2) (1,2) (2,2) (2,3) (2,4) (2,5) (3,5) (4,5) (6,5) (6,6)
  facet 3415: (0,1) (1,1) (1,2) (2,2) (2,3) (2,4) (2,5) (3,5) (4,5) (6,5) (6,6)
  facet 3416: (0,1) (1,1) (2,1) (2,2) (2,3) (2,4) (2,5) (3,5) (4,5) (6,5) (6,6)
  facet 3417: (0,1) (0,2) (0,3) (0,4) (1,4) (2,4) (3,4) (3,5) (4,5) (6,5) (6,6)
  facet 3418: (0,1) (0,2) (0,3) (1,3) (1,4) (2,4) (3,4) (3,5) (4,5) (6,5) (6,6)
  facet 3419: (0,1) (0,2) (1,2) (1,3) (1,4) (2,4) (3,4) (3,5) (4,5) (6,5) (6,6)
  facet 3420: (0,1) (1,1) (1,2) (1,3) (1,4) (2,4) (3,4) (3,5) (4,5) (6,5) (6,6)
  facet 3421: (0,1) (0,2) (0,3) (1,3) (2,3) (2,4) (3,4) (3,5) (4,5) (6,5) (6,6)
  facet 3422: (0,1) (0,2) (1,2) (1,3) (2,3) (2,4) (3,4) (3,5) (4,5) (6,5) (6,6)
  facet 3423: (0,1) (1,1) (1,2) (1,3) (2,3) (2,4) (3,4) (3,5) (4,5) (6,5) (6,6)
  facet 3424: (0,1) (0,2) (1,2) (2,2) (2,3) (2,4) (3,4) (3,5) (4,5) (6,5) (6,6)
  facet 3425: (0,1) (1,1) (1,2) (2,2) (2,3) (2,4) (3,4) (3,5) (4,5) (6,5) (6,6)
  facet 3426: (0,1) (1,1) (2,1) (2,2) (2,3) (2,4) (3,4) (3,5) (4,5) (6,5) (6,6)
  facet 3427: (0,1) (0,2) (0,3) (1,3) (2,3) (3,3) (3,4) (3,5) (4,5) (6,5) (6,6)
  facet 3428: (0,1) (0,2) (1,2) (1,3) (2,3) (3,3) (3,4) (3,5) (4,5) (6,5) (6,6)
  facet 3429: (0,1) (1,1) (1,2) (1,3) (2,3) (3,3) (3,4) (3,5) (4,5) (6,5) (6,6)
  facet 3430: (0,1) (0,2) (1,2) (2,2) (2,3) (3,3) (3,4) (3,5) (4,5) (6,5) (6,6)
  facet 3431: (0,1) (1,1) (1,2) (2,2) (2,3) (3,3) (3,4) (3,5) (4,5) (6,5) (6,6)
  facet 3432: (0,1) (1,1) (2,1) (2,2) (2,3) (3,3) (3,4) (3,5) (4,5) (6,5) (6,6)
  facet 3433: (0,1) (0,2) (1,2) (2,2) (3,2) (3,3) (3,4) (3,5) (4,5) (6,5) (6,6)
  facet 3434: (0,1) (1,1) (1,2) (2,2) (3,2) (3,3) (3,4) (3,5) (4,5) (6,5) (6,6)
  facet 3435: (0,1) (1,1) (2,1) (2,2) (3,2) (3,3) (3,4) (3,5) (4,5) (6,5) (6,6)
  facet 3436: (0,1) (1,1) (2,1) (3,1) (3,2) (3,3) (3,4) (3,5) (4,5) (6,5) (6,6)
  facet 3437: (0,1) (0,2) (0,3) (0,4) (1,4) (2,4) (3,4) (4,4) (4,5) (6,5) (6,6)
  facet 3438: (0,1) (0,2) (0,3) (1,3) (1,4) (2,4) (3,4) (4,4) (4,5) (6,5) (6,6)
  facet 3439: (0,1) (0,2) (1,2) (1,3) (1,4) (2,4) (3,4) (4,4) (4,5) (6,5) (6,6)
  facet 3440: (0,1) (1,1) (1,2) (1,3) (1,4) (2,4) (3,4) (4,4) (4,5) (6,5) (6,6)
  facet 3441: (0,1) (0,2) (0,3) (1,3) (2,3) (2,4) (3,4) (4,4) (4,5) (6,5) (6,6)
  facet 3442: (0,1) (0,2) (1,2) (1,3) (2,3) (2,4) (3,4) (4,4) (4,5) (6,5) (6,6)
  facet 3443: (0,1) (1,1) (1,2) (1,3) (2,3) (2,4) (3,4) (4,4) (4,5) (6,5) (6,6)
  facet 3444: (0,1) (0,2) (1,2) (2,2) (2,3) (2,4) (3,4) (4,4) (4,5) (6,5) (6,6)
  facet 3445: (0,1) (1,1) (1,2) (2,2) (2,3) (2,4) (3,4) (4,4) (4,5) (6,5) (6,6)
  facet 3446: (0,1) (1,1) (2,1) (2,2) (2,3) (2,4) (3,4) (4,4) (4,5) (6,5) (6,6)
  facet 3447: (0,1) (0,2) (0,3) (1,3) (2,3) (3,3) (3,4) (4,4) (4,5) (6,5) (6,6)
  facet 3448: (0,1) (0,2) (1,2) (1,3) (2,3) (3,3) (3,4) (4,4) (4,5) (6,5) (6,6)
  facet 3449: (0,1) (1,1) (1,2) (1,3) (2,3) (3,3) (3,4) (4,4) (4,5) (6,5) (6,6)
  facet 3450: (0,1) (0,2) (1,2) (2,2) (2,3) (3,3) (3,4) (4,4) (4,5) (6,5) (6,6)
  facet 3451: (0,1) (1,1) (1,2) (2,2) (2,3) (3,3) (3,4) (4,4) (4,5) (6,5) (6,6)
  facet 3452: (0,1) (1,1) (2,1) (2,2) (2,3) (3,3) (3,4) (4,4) (4,5) (6,5) (6,6)
  facet 3453: (0,1) (0,2) (1,2) (2,2) (3,2) (3,3) (3,4) (4,4) (4,5) (6,5) (6,6)
  facet 3454: (0,1) (1,1) (1,2) (2,2) (3,2) (3,3) (3,4) (4,4) (4,5) (6,5) (6,6)
  facet 3455: (0,1) (1,1) (2,1) (2,2) (3,2) (3,3) (3,4) (4,4) (4,5) (6,5) (6,6)
  facet 3456: (0,1) (1,1) (2,1) (3,1) (3,2) (3,3) (3,4) (4,4) (4,5) (6,5) (6,6)
  facet 3457: (0,1) (0,2) (0,3) (1,3) (2,3) (3,3) (4,3) (4,4) (4,5) (6,5) (6,6)
  facet 3458: (0,1) (0,2) (1,2) (1,3) (2,3) (3,3) (4,3) (4,4) (4,5) (6,5) (6,6)
  facet 3459: (0,1) (1,1) (1,2) (1,3) (2,3) (3,3) (4,3) (4,4) (4,5) (6,5) (6,6)
  facet 3460: (0,1) (0,2) (1,2) (2,2) (2,3) (3,3) (4,3) (4,4) (4,5) (6,5) (6,6)
  facet 3461: (0,1) (1,1) (1,2) (2,2) (2,3) (3,3) (4,3) (4,4) (4,5) (6,5) (6,6)
  facet 3462: (0,1) (1,1) (2,1) (2,2) (2,3) (3,3) (4,3) (4,4) (4,5) (6,5) (6,6)
  facet 3463: (0,1) (0,2) (1,2) (2,2) (3,2) (3,3) (4,3) (4,4) (4,5) (6,5) (6,6)
  facet 3464: (0,1) (1,1) (1,2) (2,2) (3,2) (3,3) (4,3) (4,4) (4,5) (6,5) (6,6)
  facet 3465: (0,1) (1,1) (2,1) (2,2) (3,2) (3,3) (4,3) (4,4) (4,5) (6,5) (6,6)
  facet 3466: (0,1) (1,1) (2,1) (3,1) (3,2) (3,3) (4,3) (4,4) (4,5) (6,5) (6,6)
  facet 3467: (0,1) (0,2) (1,2) (2,2) (3,2) (4,2) (4,3) (4,4) (4,5) (6,5) (6,6)
  facet 3468: (0,1) (1,1) (1,2) (2,2) (3,2) (4,2) (4,3) (4,4) (4,5) (6,5) (6,6)
  facet 3469: (0,1) (1,1) (2,1) (2,2) (3,2) (4,2) (4,3) (4,4) (4,5) (6,5) (6,6)
  facet 3470: (0,1) (1,1) (2,1) (3,1) (3,2) (4,2) (4,3) (4,4) (4,5) (6,5) (6,6)
  facet 3471: (0,1) (1,1) (2,1) (3,1) (4,1) (4,2) (4,3) (4,4) (4,5) (6,5) (6,6)
  facet 3472: (0,1) (0,2) (0,3) (0,4) (1,4) (2,4) (3,4) (4,4) (6,4) (6,5) (6,6)
  facet 3473: (0,1) (0,2) (0,3) (1,3) (1,4) (2,4) (3,4) (4,4) (6,4) (6,5) (6,6)
  facet 3474: (0,1) (0,2) (1,2) (1,3) (1,4) (2,4) (3,4) (4,4) (6,4) (6,5) (6,6)
  facet 3475: (0,1) (1,1) (1,2) (1,3) (1,4) (2,4) (3,4) (4,4) (6,4) (6,5) (6,6)
  facet 3476: (0,1) (0,2) (0,3) (1,3) (2,3) (2,4) (3,4) (4,4) (6,4) (6,5) (6,6)
  facet 3477: (0,1) (0,2) (1,2) (1,3) (2,3) (2,4) (3,4) (4,4) (6,4) (6,5) (6,6)
  facet 3478: (0,1) (1,1) (1,2) (1,3) (2,3) (2,4) (3,4) (4,4) (6,4) (6,5) (6,6)
  facet 3479: (0,1) (0,2) (1,2) (2,2) (2,3) (2,4) (3,4) (4,4) (6,4) (6,5) (6,6)
  facet 3480: (0,1) (1,1) (1,2) (2,2) (2,3) (2,4) (3,4) (4,4) (6,4) (6,5) (6,6)
  facet 3481: (0,1) (1,1) (2,1) (2,2) (2,3) (2,4) (3,4) (4,4) (6,4) (6,5) (6,6)
  facet 3482: (0,1) (0,2) (0,3) (1,3) (2,3) (3,3) (3,4) (4,4) (6,4) (6,5) (6,6)
  facet 3483: (0,1) (0,2) (1,2) (1,3) (2,3) (3,3) (3,4) (4,4) (6,4) (6,5) (6,6)
  facet 3484: (0,1) (1,1) (1,2) (1,3) (2,3) (3,3) (3,4) (4,4) (6,4) (6,5) (6,6)
  facet 3485: (0,1) (0,2) (1,2) (2,2) (2,3) (3,3) (3,4) (4,4) (6,4) (6,5) (6,6)
  facet 3486: (0,1) (1,1) (1,2) (2,2) (2,3) (3,3) (3,4) (4,4) (6,4) (6,5) (6,6)
  facet 3487: (0,1) (1,1) (2,1) (2,2) (2,3) (3,3) (3,4) (4,4) (6,4) (6,5) (6,6)
  facet 3488: (0,1) (0,2) (1,2) (2,2) (3,2) (3,3) (3,4) (4,4) (6,4) (6,5) (6,6)
  facet 3489: (0,1) (1,1) (1,2) (2,2) (3,2) (3,3) (3,4) (4,4) (6,4) (6,5) (6,6)
  facet 3490: (0,1) (1,1) (2,1) (2,2) (3,2) (3,3) (3,4) (4,4) (6,4) (6,5) (6,6)
  facet 3491: (0,1) (1,1) (2,1) (3,1) (3,2) (3,3) (3,4) (4,4) (6,4) (6,5) (6,6)
  facet 3492: (0,1) (0,2) (0,3) (1,3) (2,3) (3,3) (4,3) (4,4) (6,4) (6,5) (6,6)
  facet 3493: (0,1) (0,2) (1,2) (1,3) (2,3) (3,3) (4,3) (4,4) (6,4) (6,5) (6,6)
  facet 3494: (0,1) (1,1) (1,2) (1,3) (2,3) (3,3) (4,3) (4,4) (6,4) (6,5) (6,6)
  facet 3495: (0,1) (0,2) (1,2) (2,2) (2,3) (3,3) (4,3) (4,4) (6,4) (6,5) (6,6)
  facet 3496: (0,1) (1,1) (1,2) (2,2) (2,3) (3,3) (4,3) (4,4) (6,4) (6,5) (6,6)
  facet 3497: (0,1) (1,1) (2,1) (2,2) (2,3) (3,3) (4,3) (4,4) (6,4) (6,5) (6,6)
  facet 3498: (0,1) (0,2) (1,2) (2,2) (3,2) (3,3) (4,3) (4,4) (6,4) (6,5) (6,6)
  facet 3499: (0,1) (1,1) (1,2) (2,2) (3,2) (3,3) (4,3) (4,4) (6,4) (6,5) (6,6)
  facet 3500: (0,1) (1,1) (2,1) (2,2) (3,2) (3,3) (4,3) (4,4) (6,4) (6,5) (6,6)
  facet 3501: (0,1) (1,1) (2,1) (3,1) (3,2) (3,3) (4,3) (4,4) (6,4) (6,5) (6,6)
  facet 3502: (0,1) (0,2) (1,2) (2,2) (3,2) (4,2) (4,3) (4,4) (6,4) (6,5) (6,6)
  facet 3503: (0,1) (1,1) (1,2) (2,2) (3,2) (4,2) (4,3) (4,4) (6,4) (6,5) (6,6)
  facet 3504: (0,1) (1,1) (2,1) (2,2) (3,2) (4,2) (4,3) (4,4) (6,4) (6,5) (6,6)
  facet 3505: (0,1) (1,1) (2,1) (3,1) (3,2) (4,2) (4,3) (4,4) (6,4) (6,5) (6,6)
  facet 3506: (0,1) (1,1) (2,1) (3,1) (4,1) (4,2) (4,3) (4,4) (6,4) (6,5) (6,6)
  facet 3507: (0,1) (0,2) (0,3) (1,3) (2,3) (3,3) (4,3) (6,3) (6,4) (6,5) (6,6)
  facet 3508: (0,1) (0,2) (1,2) (1,3) (2,3) (3,3) (4,3) (6,3) (6,4) (6,5) (6,6)
  facet 3509: (0,1) (1,1) (1,2) (1,3) (2,3) (3,3) (4,3) (6,3) (6,4) (6,5) (6,6)
  facet 3510: (0,1) (0,2) (1,2) (2,2) (2,3) (3,3) (4,3) (6,3) (6,4) (6,5) (6,6)
  facet 3511: (0,1) (1,1) (1,2) (2,2) (2,3) (3,3) (4,3) (6,3) (6,4) (6,5) (6,6)
  facet 3512: (0,1) (1,1) (2,1) (2,2) (2,3) (3,3) (4,3) (6,3) (6,4) (6,5) (6,6)
  facet 3513: (0,1) (0,2) (1,2) (2,2) (3,2) (3,3) (4,3) (6,3) (6,4) (6,5) (6,6)
  facet 3514: (0,1) (1,1) (1,2) (2,2) (3,2) (3,3) (4,3) (6,3) (6,4) (6,5) (6,6)
  facet 3515: (0,1) (1,1) (2,1) (2,2) (3,2) (3,3) (4,3) (6,3) (6,4) (6,5) (6,6)
  facet 3516: (0,1) (1,1) (2,1) (3,1) (3,2) (3,3) (4,3) (6,3) (6,4) (6,5) (6,6)
  facet 3517: (0,1) (0,2) (1,2) (2,2) (3,2) (4,2) (4,3) (6,3) (6,4) (6,5) (6,6)
  facet 3518: (0,1) (1,1) (1,2) (2,2) (3,2) (4,2) (4,3) (6,3) (6,4) (6,5) (6,6)
  facet 3519: (0,1) (1,1) (2,1) (2,2) (3,2) (4,2) (4,3) (6,3) (6,4) (6,5) (6,6)
  facet 3520: (0,1) (1,1) (2,1) (3,1) (3,2) (4,2) (4,3) (6,3) (6,4) (6,5) (6,6)
  facet 3521: (0,1) (1,1) (2,1) (3,1) (4,1) (4,2) (4,3) (6,3) (6,4) (6,5) (6,6)
  facet 3522: (0,1) (0,2) (1,2) (2,2) (3,2) (4,2) (6,2) (6,3) (6,4) (6,5) (6,6)
  facet 3523: (0,1) (1,1) (1,2) (2,2) (3,2) (4,2) (6,2) (6,3) (6,4) (6,5) (6,6)
  facet 3524: (0,1) (1,1) (2,1) (2,2) (3,2) (4,2) (6,2) (6,3) (6,4) (6,5) (6,6)
  facet 3525: (0,1) (1,1) (2,1) (3,1) (3,2) (4,2) (6,2) (6,3) (6,4) (6,5) (6,6)
  facet 3526: (0,1) (1,1) (2,1) (3,1) (4,1) (4,2) (6,2) (6,3) (6,4) (6,5) (6,6)
  facet 3527: (0,1) (1,1) (2,1) (3,1) (4,1) (6,1) (6,2) (6,3) (6,4) (6,5) (6,6)
  facet 5040: (0,1) (0,2) (0,3) (0,4) (0,5) (0,6) (1,6) (2,6) (3,6) (5,6) (6,6)
  facet 5041: (0,1) (0,2) (0,3) (0,4) (0,5) (1,5) (1,6) (2,6) (3,6) (5,6) (6,6)
  facet 5042: (0,1) (0,2) (0,3) (0,4) (1,4) (1,5) (1,6) (2,6) (3,6) (5,6) (6,6)
  facet 5043: (0,1) (0,2) (0,3) (1,3) (1,4) (1,5) (1,6) (2,6) (3,6) (5,6) (6,6)
  facet 5044: (0,1) (0,2) (1,2) (1,3) (1,4) (1,5) (1,6) (2,6) (3,6) (5,6) (6,6)
  facet 5045: (0,1) (1,1) (1,2) (1,3) (1,4) (1,5) (1,6) (2,6) (3,6) (5,6) (6,6)
  facet 5046: (0,1) (0,2) (0,3) (0,4) (0,5) (1,5) (2,5) (2,6) (3,6) (5,6) (6,6)
  facet 5047: (0,1) (0,2) (0,3) (0,4) (1,4) (1,5) (2,5) (2,6) (3,6) (5,6) (6,6)
  facet 5048: (0,1) (0,2) (0,3) (1,3) (1,4) (1,5) (2,5) (2,6) (3,6) (5,6) (6,6)
  facet 5049: (0,1) (0,2) (1,2) (1,3) (1,4) (1,5) (2,5) (2,6) (3,6) (5,6) (6,6)
  facet 5050: (0,1) (1,1) (1,2) (1,3) (1,4) (1,5) (2,5) (2,6) (3,6) (5,6) (6,6)
  facet 5051: (0,1) (0,2) (0,3) (0,4) (1,4) (2,4) (2,5) (2,6) (3,6) (5,6) (6,6)
  facet 5052: (0,1) (0,2) (0,3) (1,3) (1,4) (2,4) (2,5) (2,6) (3,6) (5,6) (6,6)
  facet 5053: (0,1) (0,2) (1,2) (1,3) (1,4) (2,4) (2,5) (2,6) (3,6) (5,6) (6,6)
  facet 5054: (0,1) (1,1) (1,2) (1,3) (1,4) (2,4) (2,5) (2,6) (3,6) (5,6) (6,6)
  facet 5055: (0,1) (0,2) (0,3) (1,3) (2,3) (2,4) (2,5) (2,6) (3,6) (5,6) (6,6)
  facet 5056: (0,1) (0,2) (1,2) (1,3) (2,3) (2,4) (2,5) (2,6) (3,6) (5,6) (6,6)
  facet 5057: (0,1) (1,1) (1,2) (1,3) (2,3) (2,4) (2,5) (2,6) (3,6) (5,6) (6,6)
  facet 5058: (0,1) (0,2) (1,2) (2,2) (2,3) (2,4) (2,5) (2,6) (3,6) (5,6) (6,6)
  facet 5059: (0,1) (1,1) (1,2) (2,2) (2,3) (2,4) (2,5) (2,6) (3,6) (5,6) (6,6)
  facet 5060: (0,1) (1,1) (2,1) (2,2) (2,3) (2,4) (2,5) (2,6) (3,6) (5,6) (6,6)
  facet 5061: (0,1) (0,2) (0,3) (0,4) (0,5) (1,5) (2,5) (3,5) (3,6) (5,6) (6,6)
  facet 5062: (0,1) (0,2) (0,3) (0,4) (1,4) (1,5) (2,5) (3,5) (3,6) (5,6) (6,6)
  facet 5063: (0,1) (0,2) (0,3) (1,3) (1,4) (1,5) (2,5) (3,5) (3,6) (5,6) (6,6)
  facet 5064: (0,1) (0,2) (1,2) (1,3) (1,4) (1,5) (2,5) (3,5) (3,6) (5,6) (6,6)
  facet 5065: (0,1) (1,1) (1,2) (1,3) (1,4) (1,5) (2,5) (3,5) (3,6) (5,6) (6,6)
  facet 5066: (0,1) (0,2) (0,3) (0,4) (1,4) (2,4) (2,5) (3,5) (3,6) (5,6) (6,6)
  facet 5067: (0,1) (0,2) (0,3) (1,3) (1,4) (2,4) (2,5) (3,5) (3,6) (5,6) (6,6)
  facet 5068: (0,1) (0,2) (1,2) (1,3) (1,4) (2,4) (2,5) (3,5) (3,6) (5,6) (6,6)
  facet 5069: (0,1) (1,1) (1,2) (1,3) (1,4) (2,4) (2,5) (3,5) (3,6) (5,6) (6,6)
  facet 5070: (0,1) (0,2) (0,3) (1,3) (2,3) (2,4) (2,5) (3,5) (3,6) (5,6) (6,6)
  facet 5071: (0,1) (0,2) (1,2) (1,3) (2,3) (2,4) (2,5) (3,5) (3,6) (5,6) (6,6)
  facet 5072: (0,1) (1,1) (1,2) (1,3) (2,3) (2,4) (2,5) (3,5) (3,6) (5,6) (6,6)
  facet 5073: (0,1) (0,2) (1,2) (2,2) (2,3) (2,4) (2,5) (3,5) (3,6) (5,6) (6,6)
  facet 5074: (0,1) (1,1) (1,2) (2,2) (2,3) (2,4) (2,5) (3,5) (3,6) (5,6) (6,6)
  facet 5075: (0,1) (1,1) (2,1) (2,2) (2,3) (2,4) (2,5) (3,5) (3,6) (5,6) (6,6)
  facet 5076: (0,1) (0,2) (0,3) (0,4) (1,4) (2,4) (3,4) (3,5) (3,6) (5,6) (6,6)
  facet 5077: (0,1) (0,2) (0,3) (1,3) (1,4) (2,4) (3,4) (3,5) (3,6) (5,6) (6,6)
  facet 5078: (0,1) (0,2) (1,2) (1,3) (1,4) (2,4) (3,4) (3,5) (3,6) (5,6) (6,6)
  facet 5079: (0,1) (1,1) (1,2) (1,3) (1,4) (2,4) (3,4) (3,5) (3,6) (5,6) (6,6)
  facet 5080: (0,1) (0,2) (0,3) (1,3) (2,3) (2,4) (3,4) (3,5) (3,6) (5,6) (6,6)
  facet 5081: (0,1) (0,2) (1,2) (1,3) (2,3) (2,4) (3,4) (3,5) (3,6) (5,6) (6,6)
  facet 5082: (0,1) (1,1) (1,2) (1,3) (2,3) (2,4) (3,4) (3,5) (3,6) (5,6) (6,6)
  facet 5083: (0,1) (0,2) (1,2) (2,2) (2,3) (2,4) (3,4) (3,5) (3,6) (5,6) (6,6)
  facet 5084: (0,1) (1,1) (1,2) (2,2) (2,3) (2,4) (3,4) (3,5) (3,6) (5,6) (6,6)
  facet 5085: (0,1) (1,1) (2,1) (2,2) (2,3) (2,4) (3,4) (3,5) (3,6) (5,6) (6,6)
  facet 5086: (0,1) (0,2) (0,3) (1,3) (2,3) (3,3) (3,4) (3,5) (3,6) (5,6) (6,6)
  facet 5087: (0,1) (0,2) (1,2) (1,3) (2,3) (3,3) (3,4) (3,5) (3,6) (5,6) (6,6)
  facet 5088: (0,1) (1,1) (1,2) (1,3) (2,3) (3,3) (3,4) (3,5) (3,6) (5,6) (6,6)
  facet 5089: (0,1) (0,2) (1,2) (2,2) (2,3) (3,3) (3,4) (3,5) (3,6) (5,6) (6,6)
  facet 5090: (0,1) (1,1) (1,2) (2,2) (2,3) (3,3) (3,4) (3,5) (3,6) (5,6) (6,6)
  facet 5091: (0,1) (1,1) (2,1) (2,2) (2,3) (3,3) (3,4) (3,5) (3,6) (5,6) (6,6)
  facet 5092: (0,1) (0,2) (1,2) (2,2) (3,2) (3,3) (3,4) (3,5) (3,6) (5,6) (6,6)
  facet 5093: (0,1) (1,1) (1,2) (2,2) (3,2) (3,3) (3,4) (3,5) (3,6) (5,6) (6,6)
  facet 5094: (0,1) (1,1) (2,1) (2,2) (3,2) (3,3) (3,4) (3,5) (3,6) (5,6) (6,6)
  facet 5095: (0,1) (1,1) (2,1) (3,1) (3,2) (3,3) (3,4) (3,5) (3,6) (5,6) (6,6)
  facet 5096: (0,1) (0,2) (0,3) (0,4) (0,5) (1,5) (2,5) (3,5) (5,5) (5,6) (6,6)
  facet 5097: (0,1) (0,2) (0,3) (0,4) (1,4) (1,5) (2,5) (3,5) (5,5) (5,6) (6,6)
  facet 5098: (0,1) (0,2) (0,3) (1,3) (1,4) (1,5) (2,5) (3,5) (5,5) (5,6) (6,6)
  facet 5099: (0,1) (0,2) (1,2) (1,3) (1,4) (1,5) (2,5) (3,5) (5,5) (5,6) (6,6)
  facet 5100: (0,1) (1,1) (1,2) (1,3) (1,4) (1,5) (2,5) (3,5) (5,5) (5,6) (6,6)
  facet 5101: (0,1) (0,2) (0,3) (0,4) (1,4) (2,4) (2,5) (3,5) (5,5) (5,6) (6,6)
  facet 5102: (0,1) (0,2) (0,3) (1,3) (1,4) (2,4) (2,5) (3,5) (5,5) (5,6) (6,6)
  facet 5103: (0,1) (0,2) (1,2) (1,3) (1,4) (2,4) (2,5) (3,5) (5,5) (5,6) (6,6)
  facet 5104: (0,1) (1,1) (1,2) (1,3) (1,4) (2,4) (2,5) (3,5) (5,5) (5,6) (6,6)
  facet 5105: (0,1) (0,2) (0,3) (1,3) (2,3) (2,4) (2,5) (3,5) (5,5) (5,6) (6,6)
  facet 5106: (0,1) (0,2) (1,2) (1,3) (2,3) (2,4) (2,5) (3,5) (5,5) (5,6) (6,6)
  facet 5107: (0,1) (1,1) (1,2) (1,3) (2,3) (2,4) (2,5) (3,5) (5,5) (5,6) (6,6)
  facet 5108: (0,1) (0,2) (1,2) (2,2) (2,3) (2,4) (2,5) (3,5) (5,5) (5,6) (6,6)
  facet 5109: (0,1) (1,1) (1,2) (2,2) (2,3) (2,4) (2,5) (3,5) (5,5) (5,6) (6,6)
  facet 5110: (0,1) (1,1) (2,1) (2,2) (2,3) (2,4) (2,5) (3,5) (5,5) (5,6) (6,6)
  facet 5111: (0,1) (0,2) (0,3) (0,4) (1,4) (2,4) (3,4) (3,5) (5,5) (5,6) (6,6)
  facet 5112: (0,1) (0,2) (0,3) (1,3) (1,4) (2,4) (3,4) (3,5) (5,5) (5,6) (6,6)
  facet 5113: (0,1) (0,2) (1,2) (1,3) (1,4) (2,4) (3,4) (3,5) (5,5) (5,6) (6,6)
  facet 5114: (0,1) (1,1) (1,2) (1,3) (1,4) (2,4) (3,4) (3,5) (5,5) (5,6) (6,6)
  facet 5115: (0,1) (0,2) (0,3) (1,3) (2,3) (2,4) (3,4) (3,5) (5,5) (5,6) (6,6)
  facet 5116: (0,1) (0,2) (1,2) (1,3) (2,3) (2,4) (3,4) (3,5) (5,5) (5,6) (6,6)
  facet 5117: (0,1) (1,1) (1,2) (1,3) (2,3) (2,4) (3,4) (3,5) (5,5) (5,6) (6,6)
  facet 5118: (0,1) (0,2) (1,2) (2,2) (2,3) (2,4) (3,4) (3,5) (5,5) (5,6) (6,6)
  facet 5119: (0,1) (1,1) (1,2) (2,2) (2,3) (2,4) (3,4) (3,5) (5,5) (5,6) (6,6)
  facet 5120: (0,1) (1,1) (2,1) (2,2) (2,3) (2,4) (3,4) (3,5) (5,5) (5,6) (6,6)
  facet 5121: (0,1) (0,2) (0,3) (1,3) (2,3) (3,3) (3,4) (3,5) (5,5) (5,6) (6,6)
  facet 5122: (0,1) (0,2) (1,2) (1,3) (2,3) (3,3) (3,4) (3,5) (5,5) (5,6) (6,6)
  facet 5123: (0,1) (1,1) (1,2) (1,3) (2,3) (3,3) (3,4) (3,5) (5,5) (5,6) (6,6)
  facet 5124: (0,1) (0,2) (1,2) (2,2) (2,3) (3,3) (3,4) (3,5) (5,5) (5,6) (6,6)
  facet 5125: (0,1) (1,1) (1,2) (2,2) (2,3) (3,3) (3,4) (3,5) (5,5) (5,6) (6,6)
  facet 5126: (0,1) (1,1) (2,1) (2,2) (2,3) (3,3) (3,4) (3,5) (5,5) (5,6) (6,6)
  facet 5127: (0,1) (0,2) (1,2) (2,2) (3,2) (3,3) (3,4) (3,5) (5,5) (5,6) (6,6)
  facet 5128: (0,1) (1,1) (1,2) (2,2) (3,2) (3,3) (3,4) (3,5) (5,5) (5,6) (6,6)
  facet 5129: (0,1) (1,1) (2,1) (2,2) (3,2) (3,3) (3,4) (3,5) (5,5) (5,6) (6,6)
  facet 5130: (0,1) (1,1) (2,1) (3,1) (3,2) (3,3) (3,4) (3,5) (5,5) (5,6) (6,6)
  facet 5131: (0,1) (0,2) (0,3) (0,4) (1,4) (2,4) (3,4) (5,4) (5,5) (5,6) (6,6)
  facet 5132: (0,1) (0,2) (0,3) (1,3) (1,4) (2,4) (3,4) (5,4) (5,5) (5,6) (6,6)
  facet 5133: (0,1) (0,2) (1,2) (1,3) (1,4) (2,4) (3,4) (5,4) (5,5) (5,6) (6,6)
  facet 5134: (0,1) (1,1) (1,2) (1,3) (1,4) (2,4) (3,4) (5,4) (5,5) (5,6) (6,6)
  facet 5135: (0,1) (0,2) (0,3) (1,3) (2,3) (2,4) (3,4) (5,4) (5,5) (5,6) (6,6)
  facet 5136: (0,1) (0,2) (1,2) (1,3) (2,3) (2,4) (3,4) (5,4) (5,5) (5,6) (6,6)
  facet 5137: (0,1) (1,1) (1,2) (1,3) (2,3) (2,4) (3,4) (5,4) (5,5) (5,6) (6,6)
  facet 5138: (0,1) (0,2) (1,2) (2,2) (2,3) (2,4) (3,4) (5,4) (5,5) (5,6) (6,6)
  facet 5139: (0,1) (1,1) (1,2) (2,2) (2,3) (2,4) (3,4) (5,4) (5,5) (5,6) (6,6)
  facet 5140: (0,1) (1,1) (2,1) (2,2) (2,3) (2,4) (3,4) (5,4) (5,5) (5,6) (6,6)
  facet 5141: (0,1) (0,2) (0,3) (1,3) (2,3) (3,3) (3,4) (5,4) (5,5) (5,6) (6,6)
  facet 5142: (0,1) (0,2) (1,2) (1,3) (2,3) (3,3) (3,4) (5,4) (5,5) (5,6) (6,6)
  facet 5143: (0,1) (1,1) (1,2) (1,3) (2,3) (3,3) (3,4) (5,4) (5,5) (5,6) (6,6)
  facet 5144: (0,1) (0,2) (1,2) (2,2) (2,3) (3,3) (3,4) (5,4) (5,5) (5,6) (6,6)
  facet 5145: (0,1) (1,1) (1,2) (2,2) (2,3) (3,3) (3,4) (5,4) (5,5) (5,6) (6,6)
  facet 5146: (0,1) (1,1) (2,1) (2,2) (2,3) (3,3) (3,4) (5,4) (5,5) (5,6) (6,6)
  facet 5147: (0,1) (0,2) (1,2) (2,2) (3,2) (3,3) (3,4) (5,4) (5,5) (5,6) (6,6)
  facet 5148: (0,1) (1,1) (1,2) (2,2) (3,2) (3,3) (3,4) (5,4) (5,5) (5,6) (6,6)
  facet 5149: (0,1) (1,1) (2,1) (2,2) (3,2) (3,3) (3,4) (5,4) (5,5) (5,6) (6,6)
  facet 5150: (0,1) (1,1) (2,1) (3,1) (3,2) (3,3) (3,4) (5,4) (5,5) (5,6) (6,6)
  facet 5151: (0,1) (0,2) (0,3) (1,3) (2,3) (3,3) (5,3) (5,4) (5,5) (5,6) (6,6)
  facet 5152: (0,1) (0,2) (1,2) (1,3) (2,3) (3,3) (5,3) (5,4) (5,5) (5,6) (6,6)
  facet 5153: (0,1) (1,1) (1,2) (1,3) (2,3) (3,3) (5,3) (5,4) (5,5) (5,6) (6,6)
  facet 5154: (0,1) (0,2) (1,2) (2,2) (2,3) (3,3) (5,3) (5,4) (5,5) (5,6) (6,6)
  facet 5155: (0,1) (1,1) (1,2) (2,2) (2,3) (3,3) (5,3) (5,4) (5,5) (5,6) (6,6)
  facet 5156: (0,1) (1,1) (2,1) (2,2) (2,3) (3,3) (5,3) (5,4) (5,5) (5,6) (6,6)
  facet 5157: (0,1) (0,2) (1,2) (2,2) (3,2) (3,3) (5,3) (5,4) (5,5) (5,6) (6,6)
  facet 5158: (0,1) (1,1) (1,2) (2,2) (3,2) (3,3) (5,3) (5,4) (5,5) (5,6) (6,6)
  facet 5159: (0,1) (1,1) (2,1) (2,2) (3,2) (3,3) (5,3) (5,4) (5,5) (5,6) (6,6)
  facet 5160: (0,1) (1,1) (2,1) (3,1) (3,2) (3,3) (5,3) (5,4) (5,5) (5,6) (6,6)
  facet 5161: (0,1) (0,2) (1,2) (2,2) (3,2) (5,2) (5,3) (5,4) (5,5) (5,6) (6,6)
  facet 5162: (0,1) (1,1) (1,2) (2,2) (3,2) (5,2) (5,3) (5,4) (5,5) (5,6) (6,6)
  facet 5163: (0,1) (1,1) (2,1) (2,2) (3,2) (5,2) (5,3) (5,4) (5,5) (5,6) (6,6)
  facet 5164: (0,1) (1,1) (2,1) (3,1) (3,2) (5,2) (5,3) (5,4) (5,5) (5,6) (6,6)
  facet 5165: (0,1) (1,1) (2,1) (3,1) (5,1) (5,2) (5,3) (5,4) (5,5) (5,6) (6,6)
  facet 5166: (0,1) (0,2) (0,3) (0,4) (0,5) (1,5) (2,5) (3,5) (5,5) (6,5) (6,6)
  facet 5167: (0,1) (0,2) (0,3) (0,4) (1,4) (1,5) (2,5) (3,5) (5,5) (6,5) (6,6)
  facet 5168: (0,1) (0,2) (0,3) (1,3) (1,4) (1,5) (2,5) (3,5) (5,5) (6,5) (6,6)
  facet 5169: (0,1) (0,2) (1,2) (1,3) (1,4) (1,5) (2,5) (3,5) (5,5) (6,5) (6,6)
  facet 5170: (0,1) (1,1) (1,2) (1,3) (1,4) (1,5) (2,5) (3,5) (5,5) (6,5) (6,6)
  facet 5171: (0,1) (0,2) (0,3) (0,4) (1,4) (2,4) (2,5) (3,5) (5,5) (6,5) (6,6)
  facet 5172: (0,1) (0,2) (0,3) (1,3) (1,4) (2,4) (2,5) (3,5) (5,5) (6,5) (6,6)
  facet 5173: (0,1) (0,2) (1,2) (1,3) (1,4) (2,4) (2,5) (3,5) (5,5) (6,5) (6,6)
  facet 5174: (0,1) (1,1) (1,2) (1,3) (1,4) (2,4) (2,5) (3,5) (5,5) (6,5) (6,6)
  facet 5175: (0,1) (0,2) (0,3) (1,3) (2,3) (2,4) (2,5) (3,5) (5,5) (6,5) (6,6)
  facet 5176: (0,1) (0,2) (1,2) (1,3) (2,3) (2,4) (2,5) (3,5) (5,5) (6,5) (6,6)
  facet 5177: (0,1) (1,1) (1,2) (1,3) (2,3) (2,4) (2,5) (3,5) (5,5) (6,5) (6,6)
  facet 5178: (0,1) (0,2) (1,2) (2,2) (2,3) (2,4) (2,5) (3,5) (5,5) (6,5) (6,6)
  facet 5179: (0,1) (1,1) (1,2) (2,2) (2,3) (2,4) (2,5) (3,5) (5,5) (6,5) (6,6)
  facet 5180: (0,1) (1,1) (2,1) (2,2) (2,3) (2,4) (2,5) (3,5) (5,5) (6,5) (6,6)
  facet 5181: (0,1) (0,2) (0,3) (0,4) (1,4) (2,4) (3,4) (3,5) (5,5) (6,5) (6,6)
  facet 5182: (0,1) (0,2) (0,3) (1,3) (1,4) (2,4) (3,4) (3,5) (5,5) (6,5) (6,6)
  facet 5183: (0,1) (0,2) (1,2) (1,3) (1,4) (2,4) (3,4) (3,5) (5,5) (6,5) (6,6)
  facet 5184: (0,1) (1,1) (1,2) (1,3) (1,4) (2,4) (3,4) (3,5) (5,5) (6,5) (6,6)
  facet 5185: (0,1) (0,2) (0,3) (1,3) (2,3) (2,4) (3,4) (3,5) (5,5) (6,5) (6,6)
  facet 5186: (0,1) (0,2) (1,2) (1,3) (2,3) (2,4) (3,4) (3,5) (5,5) (6,5) (6,6)
  facet 5187: (0,1) (1,1) (1,2) (1,3) (2,3) (2,4) (3,4) (3,5) (5,5) (6,5) (6,6)
  facet 5188: (0,1) (0,2) (1,2) (2,2) (2,3) (2,4) (3,4) (3,5) (5,5) (6,5) (6,6)
  facet 5189: (0,1) (1,1) (1,2) (2,2) (2,3) (2,4) (3,4) (3,5) (5,5) (6,5) (6,6)
  facet 5190: (0,1) (1,1) (2,1) (2,2) (2,3) (2,4) (3,4) (3,5) (5,5) (6,5) (6,6)
  facet 5191: (0,1) (0,2) (0,3) (1,3) (2,3) (3,3) (3,4) (3,5) (5,5) (6,5) (6,6)
  facet 5192: (0,1) (0,2) (1,2) (1,3) (2,3) (3,3) (3,4) (3,5) (5,5) (6,5) (6,6)
  facet 5193: (0,1) (1,1) (1,2) (1,3) (2,3) (3,3) (3,4) (3,5) (5,5) (6,5) (6,6)
  facet 5194: (0,1) (0,2) (1,2) (2,2) (2,3) (3,3) (3,4) (3,5) (5,5) (6,5) (6,6)
  facet 5195: (0,1) (1,1) (1,2) (2,2) (2,3) (3,3) (3,4) (3,5) (5,5) (6,5) (6,6)
  facet 5196: (0,1) (1,1) (2,1) (2,2) (2,3) (3,3) (3,4) (3,5) (5,5) (6,5) (6,6)
  facet 5197: (0,1) (0,2) (1,2) (2,2) (3,2) (3,3) (3,4) (3,5) (5,5) (6,5) (6,6)
  facet 5198: (0,1) (1,1) (1,2) (2,2) (3,2) (3,3) (3,4) (3,5) (5,5) (6,5) (6,6)
  facet 5199: (0,1) (1,1) (2,1) (2,2) (3,2) (3,3) (3,4) (3,5) (5,5) (6,5) (6,6)
  facet 5200: (0,1) (1,1) (2,1) (3,1) (3,2) (3,3) (3,4) (3,5) (5,5) (6,5) (6,6)
  facet 5201: (0,1) (0,2) (0,3) (0,4) (1,4) (2,4) (3,4) (5,4) (5,5) (6,5) (6,6)
  facet 5202: (0,1) (0,2) (0,3) (1,3) (1,4) (2,4) (3,4) (5,4) (5,5) (6,5) (6,6)
  facet 5203: (0,1) (0,2) (1,2) (1,3) (1,4) (2,4) (3,4) (5,4) (5,5) (6,5) (6,6)
  facet 5204: (0,1) (1,1) (1,2) (1,3) (1,4) (2,4) (3,4) (5,4) (5,5) (6,5) (6,6)
  facet 5205: (0,1) (0,2) (0,3) (1,3) (2,3) (2,4) (3,4) (5,4) (5,5) (6,5) (6,6)
  facet 5206: (0,1) (0,2) (1,2) (1,3) (2,3) (2,4) (3,4) (5,4) (5,5) (6,5) (6,6)
  facet 5207: (0,1) (1,1) (1,2) (1,3) (2,3) (2,4) (3,4) (5,4) (5,5) (6,5) (6,6)
  facet 5208: (0,1) (0,2) (1,2) (2,2) (2,3) (2,4) (3,4) (5,4) (5,5) (6,5) (6,6)
  facet 5209: (0,1) (1,1) (1,2) (2,2) (2,3) (2,4) (3,4) (5,4) (5,5) (6,5) (6,6)
  facet 5210: (0,1) (1,1) (2,1) (2,2) (2,3) (2,4) (3,4) (5,4) (5,5) (6,5) (6,6)
  facet 5211: (0,1) (0,2) (0,3) (1,3) (2,3) (3,3) (3,4) (5,4) (5,5) (6,5) (6,6)
  facet 5212: (0,1) (0,2) (1,2) (1,3) (2,3) (3,3) (3,4) (5,4) (5,5) (6,5) (6,6)
  facet 5213: (0,1) (1,1) (1,2) (1,3) (2,3) (3,3) (3,4) (5,4) (5,5) (6,5) (6,6)
  facet 5214: (0,1) (0,2) (1,2) (2,2) (2,3) (3,3) (3,4) (5,4) (5,5) (6,5) (6,6)
  facet 5215: (0,1) (1,1) (1,2) (2,2) (2,3) (3,3) (3,4) (5,4) (5,5) (6,5) (6,6)
  facet 5216: (0,1) (1,1) (2,1) (2,2) (2,3) (3,3) (3,4) (5,4) (5,5) (6,5) (6,6)
  facet 5217: (0,1) (0,2) (1,2) (2,2) (3,2) (3,3) (3,4) (5,4) (5,5) (6,5) (6,6)
  facet 5218: (0,1) (1,1) (1,2) (2,2) (3,2) (3,3) (3,4) (5,4) (5,5) (6,5) (6,6)
  facet 5219: (0,1) (1,1) (2,1) (2,2) (3,2) (3,3) (3,4) (5,4) (5,5) (6,5) (6,6)
  facet 5220: (0,1) (1,1) (2,1) (3,1) (3,2) (3,3) (3,4) (5,4) (5,5) (6,5) (6,6)
  facet 5221: (0,1) (0,2) (0,3) (1,3) (2,3) (3,3) (5,3) (5,4) (5,5) (6,5) (6,6)
  facet 5222: (0,1) (0,2) (1,2) (1,3) (2,3) (3,3) (5,3) (5,4) (5,5) (6,5) (6,6)
  facet 5223: (0,1) (1,1) (1,2) (1,3) (2,3) (3,3) (5,3) (5,4) (5,5) (6,5) (6,6)
  facet 5224: (0,1) (0,2) (1,2) (2,2) (2,3) (3,3) (5,3) (5,4) (5,5) (6,5) (6,6)
  facet 5225: (0,1) (1,1) (1,2) (2,2) (2,3) (3,3) (5,3) (5,4) (5,5) (6,5) (6,6)
  facet 5226: (0,1) (1,1) (2,1) (2,2) (2,3) (3,3) (5,3) (5,4) (5,5) (6,5) (6,6)
  facet 5227: (0,1) (0,2) (1,2) (2,2) (3,2) (3,3) (5,3) (5,4) (5,5) (6,5) (6,6)
  facet 5228: (0,1) (1,1) (1,2) (2,2) (3,2) (3,3) (5,3) (5,4) (5,5) (6,5) (6,6)
  facet 5229: (0,1) (1,1) (2,1) (2,2) (3,2) (3,3) (5,3) (5,4) (5,5) (6,5) (6,6)
  facet 5230: (0,1) (1,1) (2,1) (3,1) (3,2) (3,3) (5,3) (5,4) (5,5) (6,5) (6,6)
  facet 5231: (0,1) (0,2) (1,2) (2,2) (3,2) (5,2) (5,3) (5,4) (5,5) (6,5) (6,6)
  facet 5232: (0,1) (1,1) (1,2) (2,2) (3,2) (5,2) (5,3) (5,4) (5,5) (6,5) (6,6)
  facet 5233: (0,1) (1,1) (2,1) (2,2) (3,2) (5,2) (5,3) (5,4) (5,5) (6,5) (6,6)
  facet 5234: (0,1) (1,1) (2,1) (3,1) (3,2) (5,2) (5,3) (5,4) (5,5) (6,5) (6,6)
  facet 5235: (0,1) (1,1) (2,1) (3,1) (5,1) (5,2) (5,3) (5,4) (5,5) (6,5) (6,6)
  facet 5236: (0,1) (0,2) (0,3) (0,4) (1,4) (2,4) (3,4) (5,4) (6,4) (6,5) (6,6)
  facet 5237: (0,1) (0,2) (0,3) (1,3) (1,4) (2,4) (3,4) (5,4) (6,4) (6,5) (6,6)
  facet 5238: (0,1) (0,2) (1,2) (1,3) (1,4) (2,4) (3,4) (5,4) (6,4) (6,5) (6,6)
  facet 5239: (0,1) (1,1) (1,2) (1,3) (1,4) (2,4) (3,4) (5,4) (6,4) (6,5) (6,6)
  facet 5240: (0,1) (0,2) (0,3) (1,3) (2,3) (2,4) (3,4) (5,4) (6,4) (6,5) (6,6)
  facet 5241: (0,1) (0,2) (1,2) (1,3) (2,3) (2,4) (3,4) (5,4) (6,4) (6,5) (6,6)
  facet 5242: (0,1) (1,1) (1,2) (1,3) (2,3) (2,4) (3,4) (5,4) (6,4) (6,5) (6,6)
  facet 5243: (0,1) (0,2) (1,2) (2,2) (2,3) (2,4) (3,4) (5,4) (6,4) (6,5) (6,6)
  facet 5244: (0,1) (1,1) (1,2) (2,2) (2,3) (2,4) (3,4) (5,4) (6,4) (6,5) (6,6)
  facet 5245: (0,1) (1,1) (2,1) (2,2) (2,3) (2,4) (3,4) (5,4) (6,4) (6,5) (6,6)
  facet 5246: (0,1) (0,2) (0,3) (1,3) (2,3) (3,3) (3,4) (5,4) (6,4) (6,5) (6,6)
  facet 5247: (0,1) (0,2) (1,2) (1,3) (2,3) (3,3) (3,4) (5,4) (6,4) (6,5) (6,6)
  facet 5248: (0,1) (1,1) (1,2) (1,3) (2,3) (3,3) (3,4) (5,4) (6,4) (6,5) (6,6)
  facet 5249: (0,1) (0,2) (1,2) (2,2) (2,3) (3,3) (3,4) (5,4) (6,4) (6,5) (6,6)
  facet 5250: (0,1) (1,1) (1,2) (2,2) (2,3) (3,3) (3,4) (5,4) (6,4) (6,5) (6,6)
  facet 5251: (0,1) (1,1) (2,1) (2,2) (2,3) (3,3) (3,4) (5,4) (6,4) (6,5) (6,6)
  facet 5252: (0,1) (0,2) (1,2) (2,2) (3,2) (3,3) (3,4) (5,4) (6,4) (6,5) (6,6)
  facet 5253: (0,1) (1,1) (1,2) (2,2) (3,2) (3,3) (3,4) (5,4) (6,4) (6,5) (6,6)
  facet 5254: (0,1) (1,1) (2,1) (2,2) (3,2) (3,3) (3,4) (5,4) (6,4) (6,5) (6,6)
  facet 5255: (0,1) (1,1) (2,1) (3,1) (3,2) (3,3) (3,4) (5,4) (6,4) (6,5) (6,6)
  facet 5256: (0,1) (0,2) (0,3) (1,3) (2,3) (3,3) (5,3) (5,4) (6,4) (6,5) (6,6)
  facet 5257: (0,1) (0,2) (1,2) (1,3) (2,3) (3,3) (5,3) (5,4) (6,4) (6,5) (6,6)
  facet 5258: (0,1) (1,1) (1,2) (1,3) (2,3) (3,3) (5,3) (5,4) (6,4) (6,5) (6,6)
  facet 5259: (0,1) (0,2) (1,2) (2,2) (2,3) (3,3) (5,3) (5,4) (6,4) (6,5) (6,6)
  facet 5260: (0,1) (1,1) (1,2) (2,2) (2,3) (3,3) (5,3) (5,4) (6,4) (6,5) (6,6)
  facet 5261: (0,1) (1,1) (2,1) (2,2) (2,3) (3,3) (5,3) (5,4) (6,4) (6,5) (6,6)
  facet 5262: (0,1) (0,2) (1,2) (2,2) (3,2) (3,3) (5,3) (5,4) (6,4) (6,5) (6,6)
  facet 5263: (0,1) (1,1) (1,2) (2,2) (3,2) (3,3) (5,3) (5,4) (6,4) (6,5) (6,6)
  facet 5264: (0,1) (1,1) (2,1) (2,2) (3,2) (3,3) (5,3) (5,4) (6,4) (6,5) (6,6)
  facet 5265: (0,1) (1,1) (2,1) (3,1) (3,2) (3,3) (5,3) (5,4) (6,4) (6,5) (6,6)
  facet 5266: (0,1) (0,2) (1,2) (2,2) (3,2) (5,2) (5,3) (5,4) (6,4) (6,5) (6,6)
  facet 5267: (0,1) (1,1) (1,2) (2,2) (3,2) (5,2) (5,3) (5,4) (6,4) (6,5) (6,6)
  facet 5268: (0,1) (1,1) (2,1) (2,2) (3,2) (5,2) (5,3) (5,4) (6,4) (6,5) (6,6)
  facet 5269: (0,1) (1,1) (2,1) (3,1) (3,2) (5,2) (5,3) (5,4) (6,4) (6,5) (6,6)
  facet 5270: (0,1) (1,1) (2,1) (3,1) (5,1) (5,2) (5,3) (5,4) (6,4) (6,5) (6,6)
  facet 5271: (0,1) (0,2) (0,3) (1,3) (2,3) (3,3) (5,3) (6,3) (6,4) (6,5) (6,6)
  facet 5272: (0,1) (0,2) (1,2) (1,3) (2,3) (3,3) (5,3) (6,3) (6,4) (6,5) (6,6)
  facet 5273: (0,1) (1,1) (1,2) (1,3) (2,3) (3,3) (5,3) (6,3) (6,4) (6,5) (6,6)
  facet 5274: (0,1) (0,2) (1,2) (2,2) (2,3) (3,3) (5,3) (6,3) (6,4) (6,5) (6,6)
  facet 5275: (0,1) (1,1) (1,2) (2,2) (2,3) (3,3) (5,3) (6,3) (6,4) (6,5) (6,6)
  facet 5276: (0,1) (1,1) (2,1) (2,2) (2,3) (3,3) (5,3) (6,3) (6,4) (6,5) (6,6)
  facet 5277: (0,1) (0,2) (1,2) (2,2) (3,2) (3,3) (5,3) (6,3) (6,4) (6,5) (6,6)
  facet 5278: (0,1) (1,1) (1,2) (2,2) (3,2) (3,3) (5,3) (6,3) (6,4) (6,5) (6,6)
  facet 5279: (0,1) (1,1) (2,1) (2,2) (3,2) (3,3) (5,3) (6,3) (6,4) (6,5) (6,6)
  facet 5280: (0,1) (1,1) (2,1) (3,1) (3,2) (3,3) (5,3) (6,3) (6,4) (6,5) (6,6)
  facet 5281: (0,1) (0,2) (1,2) (2,2) (3,2) (5,2) (5,3) (6,3) (6,4) (6,5) (6,6)
  facet 5282: (0,1) (1,1) (1,2) (2,2) (3,2) (5,2) (5,3) (6,3) (6,4) (6,5) (6,6)
  facet 5283: (0,1) (1,1) (2,1) (2,2) (3,2) (5,2) (5,3) (6,3) (6,4) (6,5) (6,6)
  facet 5284: (0,1) (1,1) (2,1) (3,1) (3,2) (5,2) (5,3) (6,3) (6,4) (6,5) (6,6)
  facet 5285: (0,1) (1,1) (2,1) (3,1) (5,1) (5,2) (5,3) (6,3) (6,4) (6,5) (6,6)
  facet 5286: (0,1) (0,2) (1,2) (2,2) (3,2) (5,2) (6,2) (6,3) (6,4) (6,5) (6,6)
  facet 5287: (0,1) (1,1) (1,2) (2,2) (3,2) (5,2) (6,2) (6,3) (6,4) (6,5) (6,6)
  facet 5288: (0,1) (1,1) (2,1) (2,2) (3,2) (5,2) (6,2) (6,3) (6,4) (6,5) (6,6)
  facet 5289: (0,1) (1,1) (2,1) (3,1) (3,2) (5,2) (6,2) (6,3) (6,4) (6,5) (6,6)
  facet 5290: (0,1) (1,1) (2,1) (3,1) (5,1) (5,2) (6,2) (6,3) (6,4) (6,5) (6,6)
  facet 5291: (0,1) (1,1) (2,1) (3,1) (5,1) (6,1) (6,2) (6,3) (6,4) (6,5) (6,6)
  facet 6804: (0,1) (0,2) (0,3) (0,4) (0,5) (0,6) (1,6) (2,6) (4,6) (5,6) (6,6)
  facet 6805: (0,1) (0,2) (0,3) (0,4) (0,5) (1,5) (1,6) (2,6) (4,6) (5,6) (6,6)
  facet 6806: (0,1) (0,2) (0,3) (0,4) (1,4) (1,5) (1,6) (2,6) (4,6) (5,6) (6,6)
  facet 6807: (0,1) (0,2) (0,3) (1,3) (1,4) (1,5) (1,6) (2,6) (4,6) (5,6) (6,6)
  facet 6808: (0,1) (0,2) (1,2) (1,3) (1,4) (1,5) (1,6) (2,6) (4,6) (5,6) (6,6)
  facet 6809: (0,1) (1,1) (1,2) (1,3) (1,4) (1,5) (1,6) (2,6) (4,6) (5,6) (6,6)
  facet 6810: (0,1) (0,2) (0,3) (0,4) (0,5) (1,5) (2,5) (2,6) (4,6) (5,6) (6,6)
  facet 6811: (0,1) (0,2) (0,3) (0,4) (1,4) (1,5) (2,5) (2,6) (4,6) (5,6) (6,6)
  facet 6812: (0,1) (0,2) (0,3) (1,3) (1,4) (1,5) (2,5) (2,6) (4,6) (5,6) (6,6)
  facet 6813: (0,1) (0,2) (1,2) (1,3) (1,4) (1,5) (2,5) (2,6) (4,6) (5,6) (6,6)
  facet 6814: (0,1) (1,1) (1,2) (1,3) (1,4) (1,5) (2,5) (2,6) (4,6) (5,6) (6,6)
  facet 6815: (0,1) (0,2) (0,3) (0,4) (1,4) (2,4) (2,5) (2,6) (4,6) (5,6) (6,6)
  facet 6816: (0,1) (0,2) (0,3) (1,3) (1,4) (2,4) (2,5) (2,6) (4,6) (5,6) (6,6)
  facet 6817: (0,1) (0,2) (1,2) (1,3) (1,4) (2,4) (2,5) (2,6) (4,6) (5,6) (6,6)
  facet 6818: (0,1) (1,1) (1,2) (1,3) (1,4) (2,4) (2,5) (2,6) (4,6) (5,6) (6,6)
  facet 6819: (0,1) (0,2) (0,3) (1,3) (2,3) (2,4) (2,5) (2,6) (4,6) (5,6) (6,6)
  facet 6820: (0,1) (0,2) (1,2) (1,3) (2,3) (2,4) (2,5) (2,6) (4,6) (5,6) (6,6)
  facet 6821: (0,1) (1,1) (1,2) (1,3) (2,3) (2,4) (2,5) (2,6) (4,6) (5,6) (6,6)
  facet 6822: (0,1) (0,2) (1,2) (2,2) (2,3) (2,4) (2,5) (2,6) (4,6) (5,6) (6,6)
  facet 6823: (0,1) (1,1) (1,2) (2,2) (2,3) (2,4) (2,5) (2,6) (4,6) (5,6) (6,6)
  facet 6824: (0,1) (1,1) (2,1) (2,2) (2,3) (2,4) (2,5) (2,6) (4,6) (5,6) (6,6)
  facet 6825: (0,1) (0,2) (0,3) (0,4) (0,5) (1,5) (2,5) (4,5) (4,6) (5,6) (6,6)
  facet 6826: (0,1) (0,2) (0,3) (0,4) (1,4) (1,5) (2,5) (4,5) (4,6) (5,6) (6,6)
  facet 6827: (0,1) (0,2) (0,3) (1,3) (1,4) (1,5) (2,5) (4,5) (4,6) (5,6) (6,6)
  facet 6828: (0,1) (0,2) (1,2) (1,3) (1,4) (1,5) (2,5) (4,5) (4,6) (5,6) (6,6)
  facet 6829: (0,1) (1,1) (1,2) (1,3) (1,4) (1,5) (2,5) (4,5) (4,6) (5,6) (6,6)
  facet 6830: (0,1) (0,2) (0,3) (0,4) (1,4) (2,4) (2,5) (4,5) (4,6) (5,6) (6,6)
  facet 6831: (0,1) (0,2) (0,3) (1,3) (1,4) (2,4) (2,5) (4,5) (4,6) (5,6) (6,6)
  facet 6832: (0,1) (0,2) (1,2) (1,3) (1,4) (2,4) (2,5) (4,5) (4,6) (5,6) (6,6)
  facet 6833: (0,1) (1,1) (1,2) (1,3) (1,4) (2,4) (2,5) (4,5) (4,6) (5,6) (6,6)
  facet 6834: (0,1) (0,2) (0,3) (1,3) (2,3) (2,4) (2,5) (4,5) (4,6) (5,6) (6,6)
  facet 6835: (0,1) (0,2) (1,2) (1,3) (2,3) (2,4) (2,5) (4,5) (4,6) (5,6) (6,6)
  facet 6836: (0,1) (1,1) (1,2) (1,3) (2,3) (2,4) (2,5) (4,5) (4,6) (5,6) (6,6)
  facet 6837: (0,1) (0,2) (1,2) (2,2) (2,3) (2,4) (2,5) (4,5) (4,6) (5,6) (6,6)
  facet 6838: (0,1) (1,1) (1,2) (2,2) (2,3) (2,4) (2,5) (4,5) (4,6) (5,6) (6,6)
  facet 6839: (0,1) (1,1) (2,1) (2,2) (2,3) (2,4) (2,5) (4,5) (4,6) (5,6) (6,6)
  facet 6840: (0,1) (0,2) (0,3) (0,4) (1,4) (2,4) (4,4) (4,5) (4,6) (5,6) (6,6)
  facet 6841: (0,1) (0,2) (0,3) (1,3) (1,4) (2,4) (4,4) (4,5) (4,6) (5,6) (6,6)
  facet 6842: (0,1) (0,2) (1,2) (1,3) (1,4) (2,4) (4,4) (4,5) (4,6) (5,6) (6,6)
  facet 6843: (0,1) (1,1) (1,2) (1,3) (1,4) (2,4) (4,4) (4,5) (4,6) (5,6) (6,6)
  facet 6844: (0,1) (0,2) (0,3) (1,3) (2,3) (2,4) (4,4) (4,5) (4,6) (5,6) (6,6)
  facet 6845: (0,1) (0,2) (1,2) (1,3) (2,3) (2,4) (4,4) (4,5) (4,6) (5,6) (6,6)
  facet 6846: (0,1) (1,1) (1,2) (1,3) (2,3) (2,4) (4,4) (4,5) (4,6) (5,6) (6,6)
  facet 6847: (0,1) (0,2) (1,2) (2,2) (2,3) (2,4) (4,4) (4,5) (4,6) (5,6) (6,6)
  facet 6848: (0,1) (1,1) (1,2) (2,2) (2,3) (2,4) (4,4) (4,5) (4,6) (5,6) (6,6)
  facet 6849: (0,1) (1,1) (2,1) (2,2) (2,3) (2,4) (4,4) (4,5) (4,6) (5,6) (6,6)
  facet 6850: (0,1) (0,2) (0,3) (1,3) (2,3) (4,3) (4,4) (4,5) (4,6) (5,6) (6,6)
  facet 6851: (0,1) (0,2) (1,2) (1,3) (2,3) (4,3) (4,4) (4,5) (4,6) (5,6) (6,6)
  facet 6852: (0,1) (1,1) (1,2) (1,3) (2,3) (4,3) (4,4) (4,5) (4,6) (5,6) (6,6)
  facet 6853: (0,1) (0,2) (1,2) (2,2) (2,3) (4,3) (4,4) (4,5) (4,6) (5,6) (6,6)
  facet 6854: (0,1) (1,1) (1,2) (2,2) (2,3) (4,3) (4,4) (4,5) (4,6) (5,6) (6,6)
  facet 6855: (0,1) (1,1) (2,1) (2,2) (2,3) (4,3) (4,4) (4,5) (4,6) (5,6) (6,6)
  facet 6856: (0,1) (0,2) (1,2) (2,2) (4,2) (4,3) (4,4) (4,5) (4,6) (5,6) (6,6)
  facet 6857: (0,1) (1,1) (1,2) (2,2) (4,2) (4,3) (4,4) (4,5) (4,6) (5,6) (6,6)
  facet 6858: (0,1) (1,1) (2,1) (2,2) (4,2) (4,3) (4,4) (4,5) (4,6) (5,6) (6,6)
  facet 6859: (0,1) (1,1) (2,1) (4,1) (4,2) (4,3) (4,4) (4,5) (4,6) (5,6) (6,6)
  facet 6860: (0,1) (0,2) (0,3) (0,4) (0,5) (1,5) (2,5) (4,5) (5,5) (5,6) (6,6)
  facet 6861: (0,1) (0,2) (0,3) (0,4) (1,4) (1,5) (2,5) (4,5) (5,5) (5,6) (6,6)
  facet 6862: (0,1) (0,2) (0,3) (1,3) (1,4) (1,5) (2,5) (4,5) (5,5) (5,6) (6,6)
  facet 6863: (0,1) (0,2) (1,2) (1,3) (1,4) (1,5) (2,5) (4,5) (5,5) (5,6) (6,6)
  facet 6864: (0,1) (1,1) (1,2) (1,3) (1,4) (1,5) (2,5) (4,5) (5,5) (5,6) (6,6)
  facet 6865: (0,1) (0,2) (0,3) (0,4) (1,4) (2,4) (2,5) (4,5) (5,5) (5,6) (6,6)
  facet 6866: (0,1) (0,2) (0,3) (1,3) (1,4) (2,4) (2,5) (4,5) (5,5) (5,6) (6,6)
  facet 6867: (0,1) (0,2) (1,2) (1,3) (1,4) (2,4) (2,5) (4,5) (5,5) (5,6) (6,6)
  facet 6868: (0,1) (1,1) (1,2) (1,3) (1,4) (2,4) (2,5) (4,5) (5,5) (5,6) (6,6)
  facet 6869: (0,1) (0,2) (0,3) (1,3) (2,3) (2,4) (2,5) (4,5) (5,5) (5,6) (6,6)
  facet 6870: (0,1) (0,2) (1,2) (1,3) (2,3) (2,4) (2,5) (4,5) (5,5) (5,6) (6,6)
  facet 6871: (0,1) (1,1) (1,2) (1,3) (2,3) (2,4) (2,5) (4,5) (5,5) (5,6) (6,6)
  facet 6872: (0,1) (0,2) (1,2) (2,2) (2,3) (2,4) (2,5) (4,5) (5,5) (5,6) (6,6)
  facet 6873: (0,1) (1,1) (1,2) (2,2) (2,3) (2,4) (2,5) (4,5) (5,5) (5,6) (6,6)
  facet 6874: (0,1) (1,1) (2,1) (2,2) (2,3) (2,4) (2,5) (4,5) (5,5) (5,6) (6,6)
  facet 6875: (0,1) (0,2) (0,3) (0,4) (1,4) (2,4) (4,4) (4,5) (5,5) (5,6) (6,6)
  facet 6876: (0,1) (0,2) (0,3) (1,3) (1,4) (2,4) (4,4) (4,5) (5,5) (5,6) (6,6)
  facet 6877: (0,1) (0,2) (1,2) (1,3) (1,4) (2,4) (4,4) (4,5) (5,5) (5,6) (6,6)
  facet 6878: (0,1) (1,1) (1,2) (1,3) (1,4) (2,4) (4,4) (4,5) (5,5) (5,6) (6,6)
  facet 6879: (0,1) (0,2) (0,3) (1,3) (2,3) (2,4) (4,4) (4,5) (5,5) (5,6) (6,6)
  facet 6880: (0,1) (0,2) (1,2) (1,3) (2,3) (2,4) (4,4) (4,5) (5,5) (5,6) (6,6)
  facet 6881: (0,1) (1,1) (1,2) (1,3) (2,3) (2,4) (4,4) (4,5) (5,5) (5,6) (6,6)
  facet 6882: (0,1) (0,2) (1,2) (2,2) (2,3) (2,4) (4,4) (4,5) (5,5) (5,6) (6,6)
  facet 6883: (0,1) (1,1) (1,2) (2,2) (2,3) (2,4) (4,4) (4,5) (5,5) (5,6) (6,6)
  facet 6884: (0,1) (1,1) (2,1) (2,2) (2,3) (2,4) (4,4) (4,5) (5,5) (5,6) (6,6)
  facet 6885: (0,1) (0,2) (0,3) (1,3) (2,3) (4,3) (4,4) (4,5) (5,5) (5,6) (6,6)
  facet 6886: (0,1) (0,2) (1,2) (1,3) (2,3) (4,3) (4,4) (4,5) (5,5) (5,6) (6,6)
  facet 6887: (0,1) (1,1) (1,2) (1,3) (2,3) (4,3) (4,4) (4,5) (5,5) (5,6) (6,6)
  facet 6888: (0,1) (0,2) (1,2) (2,2) (2,3) (4,3) (4,4) (4,5) (5,5) (5,6) (6,6)
  facet 6889: (0,1) (1,1) (1,2) (2,2) (2,3) (4,3) (4,4) (4,5) (5,5) (5,6) (6,6)
  facet 6890: (0,1) (1,1) (2,1) (2,2) (2,3) (4,3) (4,4) (4,5) (5,5) (5,6) (6,6)
  facet 6891: (0,1) (0,2) (1,2) (2,2) (4,2) (4,3) (4,4) (4,5) (5,5) (5,6) (6,6)
  facet 6892: (0,1) (1,1) (1,2) (2,2) (4,2) (4,3) (4,4) (4,5) (5,5) (5,6) (6,6)
  facet 6893: (0,1) (1,1) (2,1) (2,2) (4,2) (4,3) (4,4) (4,5) (5,5) (5,6) (6,6)
  facet 6894: (0,1) (1,1) (2,1) (4,1) (4,2) (4,3) (4,4) (4,5) (5,5) (5,6) (6,6)
  facet 6895: (0,1) (0,2) (0,3) (0,4) (1,4) (2,4) (4,4) (5,4) (5,5) (5,6) (6,6)
  facet 6896: (0,1) (0,2) (0,3) (1,3) (1,4) (2,4) (4,4) (5,4) (5,5) (5,6) (6,6)
  facet 6897: (0,1) (0,2) (1,2) (1,3) (1,4) (2,4) (4,4) (5,4) (5,5) (5,6) (6,6)
  facet 6898: (0,1) (1,1) (1,2) (1,3) (1,4) (2,4) (4,4) (5,4) (5,5) (5,6) (6,6)
  facet 6899: (0,1) (0,2) (0,3) (1,3) (2,3) (2,4) (4,4) (5,4) (5,5) (5,6) (6,6)
  facet 6900: (0,1) (0,2) (1,2) (1,3) (2,3) (2,4) (4,4) (5,4) (5,5) (5,6) (6,6)
  facet 6901: (0,1) (1,1) (1,2) (1,3) (2,3) (2,4) (4,4) (5,4) (5,5) (5,6) (6,6)
  facet 6902: (0,1) (0,2) (1,2) (2,2) (2,3) (2,4) (4,4) (5,4) (5,5) (5,6) (6,6)
  facet 6903: (0,1) (1,1) (1,2) (2,2) (2,3) (2,4) (4,4) (5,4) (5,5) (5,6) (6,6)
  facet 6904: (0,1) (1,1) (2,1) (2,2) (2,3) (2,4) (4,4) (5,4) (5,5) (5,6) (6,6)
  facet 6905: (0,1) (0,2) (0,3) (1,3) (2,3) (4,3) (4,4) (5,4) (5,5) (5,6) (6,6)
  facet 6906: (0,1) (0,2) (1,2) (1,3) (2,3) (4,3) (4,4) (5,4) (5,5) (5,6) (6,6)
  facet 6907: (0,1) (1,1) (1,2) (1,3) (2,3) (4,3) (4,4) (5,4) (5,5) (5,6) (6,6)
  facet 6908: (0,1) (0,2) (1,2) (2,2) (2,3) (4,3) (4,4) (5,4) (5,5) (5,6) (6,6)
  facet 6909: (0,1) (1,1) (1,2) (2,2) (2,3) (4,3) (4,4) (5,4) (5,5) (5,6) (6,6)
  facet 6910: (0,1) (1,1) (2,1) (2,2) (2,3) (4,3) (4,4) (5,4) (5,5) (5,6) (6,6)
  facet 6911: (0,1) (0,2) (1,2) (2,2) (4,2) (4,3) (4,4) (5,4) (5,5) (5,6) (6,6)
  facet 6912: (0,1) (1,1) (1,2) (2,2) (4,2) (4,3) (4,4) (5,4) (5,5) (5,6) (6,6)
  facet 6913: (0,1) (1,1) (2,1) (2,2) (4,2) (4,3) (4,4) (5,4) (5,5) (5,6) (6,6)
  facet 6914: (0,1) (1,1) (2,1) (4,1) (4,2) (4,3) (4,4) (5,4) (5,5) (5,6) (6,6)
  facet 6915: (0,1) (0,2) (0,3) (1,3) (2,3) (4,3) (5,3) (5,4) (5,5) (5,6) (6,6)
  facet 6916: (0,1) (0,2) (1,2) (1,3) (2,3) (4,3) (5,3) (5,4) (5,5) (5,6) (6,6)
  facet 6917: (0,1) (1,1) (1,2) (1,3) (2,3) (4,3) (5,3) (5,4) (5,5) (5,6) (6,6)
  facet 6918: (0,1) (0,2) (1,2) (2,2) (2,3) (4,3) (5,3) (5,4) (5,5) (5,6) (6,6)
  facet 6919: (0,1) (1,1) (1,2) (2,2) (2,3) (4,3) (5,3) (5,4) (5,5) (5,6) (6,6)
  facet 6920: (0,1) (1,1) (2,1) (2,2) (2,3) (4,3) (5,3) (5,4) (5,5) (5,6) (6,6)
  facet 6921: (0,1) (0,2) (1,2) (2,2) (4,2) (4,3) (5,3) (5,4) (5,5) (5,6) (6,6)
  facet 6922: (0,1) (1,1) (1,2) (2,2) (4,2) (4,3) (5,3) (5,4) (5,5) (5,6) (6,6)
  facet 6923: (0,1) (1,1) (2,1) (2,2) (4,2) (4,3) (5,3) (5,4) (5,5) (5,6) (6,6)
  facet 6924: (0,1) (1,1) (2,1) (4,1) (4,2) (4,3) (5,3) (5,4) (5,5) (5,6) (6,6)
  facet 6925: (0,1) (0,2) (1,2) (2,2) (4,2) (5,2) (5,3) (5,4) (5,5) (5,6) (6,6)
  facet 6926: (0,1) (1,1) (1,2) (2,2) (4,2) (5,2) (5,3) (5,4) (5,5) (5,6) (6,6)
  facet 6927: (0,1) (1,1) (2,1) (2,2) (4,2) (5,2) (5,3) (5,4) (5,5) (5,6) (6,6)
  facet 6928: (0,1) (1,1) (2,1) (4,1) (4,2) (5,2) (5,3) (5,4) (5,5) (5,6) (6,6)
  facet 6929: (0,1) (1,1) (2,1) (4,1) (5,1) (5,2) (5,3) (5,4) (5,5) (5,6) (6,6)
  facet 6930: (0,1) (0,2) (0,3) (0,4) (0,5) (1,5) (2,5) (4,5) (5,5) (6,5) (6,6)
  facet 6931: (0,1) (0,2) (0,3) (0,4) (1,4) (1,5) (2,5) (4,5) (5,5) (6,5) (6,6)
  facet 6932: (0,1) (0,2) (0,3) (1,3) (1,4) (1,5) (2,5) (4,5) (5,5) (6,5) (6,6)
  facet 6933: (0,1) (0,2) (1,2) (1,3) (1,4) (1,5) (2,5) (4,5) (5,5) (6,5) (6,6)
  facet 6934: (0,1) (1,1) (1,2) (1,3) (1,4) (1,5) (2,5) (4,5) (5,5) (6,5) (6,6)
  facet 6935: (0,1) (0,2) (0,3) (0,4) (1,4) (2,4) (2,5) (4,5) (5,5) (6,5) (6,6)
  facet 6936: (0,1) (0,2) (0,3) (1,3) (1,4) (2,4) (2,5) (4,5) (5,5) (6,5) (6,6)
  facet 6937: (0,1) (0,2) (1,2) (1,3) (1,4) (2,4) (2,5) (4,5) (5,5) (6,5) (6,6)
  facet 6938: (0,1) (1,1) (1,2) (1,3) (1,4) (2,4) (2,5) (4,5) (5,5) (6,5) (6,6)
  facet 6939: (0,1) (0,2) (0,3) (1,3) (2,3) (2,4) (2,5) (4,5) (5,5) (6,5) (6,6)
  facet 6940: (0,1) (0,2) (1,2) (1,3) (2,3) (2,4) (2,5) (4,5) (5,5) (6,5) (6,6)
  facet 6941: (0,1) (1,1) (1,2) (1,3) (2,3) (2,4) (2,5) (4,5) (5,5) (6,5) (6,6)
  facet 6942: (0,1) (0,2) (1,2) (2,2) (2,3) (2,4) (2,5) (4,5) (5,5) (6,5) (6,6)
  facet 6943: (0,1) (1,1) (1,2) (2,2) (2,3) (2,4) (2,5) (4,5) (5,5) (6,5) (6,6)
  facet 6944: (0,1) (1,1) (2,1) (2,2) (2,3) (2,4) (2,5) (4,5) (5,5) (6,5) (6,6)
  facet 6945: (0,1) (0,2) (0,3) (0,4) (1,4) (2,4) (4,4) (4,5) (5,5) (6,5) (6,6)
  facet 6946: (0,1) (0,2) (0,3) (1,3) (1,4) (2,4) (4,4) (4,5) (5,5) (6,5) (6,6)
  facet 6947: (0,1) (0,2) (1,2) (1,3) (1,4) (2,4) (4,4) (4,5) (5,5) (6,5) (6,6)
  facet 6948: (0,1) (1,1) (1,2) (1,3) (1,4) (2,4) (4,4) (4,5) (5,5) (6,5) (6,6)
  facet 6949: (0,1) (0,2) (0,3) (1,3) (2,3) (2,4) (4,4) (4,5) (5,5) (6,5) (6,6)
  facet 6950: (0,1) (0,2) (1,2) (1,3) (2,3) (2,4) (4,4) (4,5) (5,5) (6,5) (6,6)
  facet 6951: (0,1) (1,1) (1,2) (1,3) (2,3) (2,4) (4,4) (4,5) (5,5) (6,5) (6,6)
  facet 6952: (0,1) (0,2) (1,2) (2,2) (2,3) (2,4) (4,4) (4,5) (5,5) (6,5) (6,6)
  facet 6953: (0,1) (1,1) (1,2) (2,2) (2,3) (2,4) (4,4) (4,5) (5,5) (6,5) (6,6)
  facet 6954: (0,1) (1,1) (2,1) (2,2) (2,3) (2,4) (4,4) (4,5) (5,5) (6,5) (6,6)
  facet 6955: (0,1) (0,2) (0,3) (1,3) (2,3) (4,3) (4,4) (4,5) (5,5) (6,5) (6,6)
  facet 6956: (0,1) (0,2) (1,2) (1,3) (2,3) (4,3) (4,4) (4,5) (5,5) (6,5) (6,6)
  facet 6957: (0,1) (1,1) (1,2) (1,3) (2,3) (4,3) (4,4) (4,5) (5,5) (6,5) (6,6)
  facet 6958: (0,1) (0,2) (1,2) (2,2) (2,3) (4,3) (4,4) (4,5) (5,5) (6,5) (6,6)
  facet 6959: (0,1) (1,1) (1,2) (2,2) (2,3) (4,3) (4,4) (4,5) (5,5) (6,5) (6,6)
  facet 6960: (0,1) (1,1) (2,1) (2,2) (2,3) (4,3) (4,4) (4,5) (5,5) (6,5) (6,6)
  facet 6961: (0,1) (0,2) (1,2) (2,2) (4,2) (4,3) (4,4) (4,5) (5,5) (6,5) (6,6)
  facet 6962: (0,1) (1,1) (1,2) (2,2) (4,2) (4,3) (4,4) (4,5) (5,5) (6,5) (6,6)
  facet 6963: (0,1) (1,1) (2,1) (2,2) (4,2) (4,3) (4,4) (4,5) (5,5) (6,5) (6,6)
  facet 6964: (0,1) (1,1) (2,1) (4,1) (4,2) (4,3) (4,4) (4,5) (5,5) (6,5) (6,6)
  facet 6965: (0,1) (0,2) (0,3) (0,4) (1,4) (2,4) (4,4) (5,4) (5,5) (6,5) (6,6)
  facet 6966: (0,1) (0,2) (0,3) (1,3) (1,4) (2,4) (4,4) (5,4) (5,5) (6,5) (6,6)
  facet 6967: (0,1) (0,2) (1,2) (1,3) (1,4) (2,4) (4,4) (5,4) (5,5) (6,5) (6,6)
  facet 6968: (0,1) (1,1) (1,2) (1,3) (1,4) (2,4) (4,4) (5,4) (5,5) (6,5) (6,6)
  facet 6969: (0,1) (0,2) (0,3) (1,3) (2,3) (2,4) (4,4) (5,4) (5,5) (6,5) (6,6)
  facet 6970: (0,1) (0,2) (1,2) (1,3) (2,3) (2,4) (4,4) (5,4) (5,5) (6,5) (6,6)
  facet 6971: (0,1) (1,1) (1,2) (1,3) (2,3) (2,4) (4,4) (5,4) (5,5) (6,5) (6,6)
  facet 6972: (0,1) (0,2) (1,2) (2,2) (2,3) (2,4) (4,4) (5,4) (5,5) (6,5) (6,6)
  facet 6973: (0,1) (1,1) (1,2) (2,2) (2,3) (2,4) (4,4) (5,4) (5,5) (6,5) (6,6)
  facet 6974: (0,1) (1,1) (2,1) (2,2) (2,3) (2,4) (4,4) (5,4) (5,5) (6,5) (6,6)
  facet 6975: (0,1) (0,2) (0,3) (1,3) (2,3) (4,3) (4,4) (5,4) (5,5) (6,5) (6,6)
  facet 6976: (0,1) (0,2) (1,2) (1,3) (2,3) (4,3) (4,4) (5,4) (5,5) (6,5) (6,6)
  facet 6977: (0,1) (1,1) (1,2) (1,3) (2,3) (4,3) (4,4) (5,4) (5,5) (6,5) (6,6)
  facet 6978: (0,1) (0,2) (1,2) (2,2) (2,3) (4,3) (4,4) (5,4) (5,5) (6,5) (6,6)
  facet 6979: (0,1) (1,1) (1,2) (2,2) (2,3) (4,3) (4,4) (5,4) (5,5) (6,5) (6,6)
  facet 6980: (0,1) (1,1) (2,1) (2,2) (2,3) (4,3) (4,4) (5,4) (5,5) (6,5) (6,6)
  facet 6981: (0,1) (0,2) (1,2) (2,2) (4,2) (4,3) (4,4) (5,4) (5,5) (6,5) (6,6)
  facet 6982: (0,1) (1,1) (1,2) (2,2) (4,2) (4,3) (4,4) (5,4) (5,5) (6,5) (6,6)
  facet 6983: (0,1) (1,1) (2,1) (2,2) (4,2) (4,3) (4,4) (5,4) (5,5) (6,5) (6,6)
  facet 6984: (0,1) (1,1) (2,1) (4,1) (4,2) (4,3) (4,4) (5,4) (5,5) (6,5) (6,6)
  facet 6985: (0,1) (0,2) (0,3) (1,3) (2,3) (4,3) (5,3) (5,4) (5,5) (6,5) (6,6)
  facet 6986: (0,1) (0,2) (1,2) (1,3) (2,3) (4,3) (5,3) (5,4) (5,5) (6,5) (6,6)
  facet 6987: (0,1) (1,1) (1,2) (1,3) (2,3) (4,3) (5,3) (5,4) (5,5) (6,5) (6,6)
  facet 6988: (0,1) (0,2) (1,2) (2,2) (2,3) (4,3) (5,3) (5,4) (5,5) (6,5) (6,6)
  facet 6989: (0,1) (1,1) (1,2) (2,2) (2,3) (4,3) (5,3) (5,4) (5,5) (6,5) (6,6)
  facet 6990: (0,1) (1,1) (2,1) (2,2) (2,3) (4,3) (5,3) (5,4) (5,5) (6,5) (6,6)
  facet 6991: (0,1) (0,2) (1,2) (2,2) (4,2) (4,3) (5,3) (5,4) (5,5) (6,5) (6,6)
  facet 6992: (0,1) (1,1) (1,2) (2,2) (4,2) (4,3) (5,3) (5,4) (5,5) (6,5) (6,6)
  facet 6993: (0,1) (1,1) (2,1) (2,2) (4,2) (4,3) (5,3) (5,4) (5,5) (6,5) (6,6)
  facet 6994: (0,1) (1,1) (2,1) (4,1) (4,2) (4,3) (5,3) (5,4) (5,5) (6,5) (6,6)
  facet 6995: (0,1) (0,2) (1,2) (2,2) (4,2) (5,2) (5,3) (5,4) (5,5) (6,5) (6,6)
  facet 6996: (0,1) (1,1) (1,2) (2,2) (4,2) (5,2) (5,3) (5,4) (5,5) (6,5) (6,6)
  facet 6997: (0,1) (1,1) (2,1) (2,2) (4,2) (5,2) (5,3) (5,4) (5,5) (6,5) (6,6)
  facet 6998: (0,1) (1,1) (2,1) (4,1) (4,2) (5,2) (5,3) (5,4) (5,5) (6,5) (6,6)
  facet 6999: (0,1) (1,1) (2,1) (4,1) (5,1) (5,2) (5,3) (5,4) (5,5) (6,5) (6,6)
  facet 7000: (0,1) (0,2) (0,3) (0,4) (1,4) (2,4) (4,4) (5,4) (6,4) (6,5) (6,6)
  facet 7001: (0,1) (0,2) (0,3) (1,3) (1,4) (2,4) (4,4) (5,4) (6,4) (6,5) (6,6)
  facet 7002: (0,1) (0,2) (1,2) (1,3) (1,4) (2,4) (4,4) (5,4) (6,4) (6,5) (6,6)
  facet 7003: (0,1) (1,1) (1,2) (1,3) (1,4) (2,4) (4,4) (5,4) (6,4) (6,5) (6,6)
  facet 7004: (0,1) (0,2) (0,3) (1,3) (2,3) (2,4) (4,4) (5,4) (6,4) (6,5) (6,6)
  facet 7005: (0,1) (0,2) (1,2) (1,3) (2,3) (2,4) (4,4) (5,4) (6,4) (6,5) (6,6)
  facet 7006: (0,1) (1,1) (1,2) (1,3) (2,3) (2,4) (4,4) (5,4) (6,4) (6,5) (6,6)
  facet 7007: (0,1) (0,2) (1,2) (2,2) (2,3) (2,4) (4,4) (5,4) (6,4) (6,5) (6,6)
  facet 7008: (0,1) (1,1) (1,2) (2,2) (2,3) (2,4) (4,4) (5,4) (6,4) (6,5) (6,6)
  facet 7009: (0,1) (1,1) (2,1) (2,2) (2,3) (2,4) (4,4) (5,4) (6,4) (6,5) (6,6)
  facet 7010: (0,1) (0,2) (0,3) (1,3) (2,3) (4,3) (4,4) (5,4) (6,4) (6,5) (6,6)
  facet 7011: (0,1) (0,2) (1,2) (1,3) (2,3) (4,3) (4,4) (5,4) (6,4) (6,5) (6,6)
  facet 7012: (0,1) (1,1) (1,2) (1,3) (2,3) (4,3) (4,4) (5,4) (6,4) (6,5) (6,6)
  facet 7013: (0,1) (0,2) (1,2) (2,2) (2,3) (4,3) (4,4) (5,4) (6,4) (6,5) (6,6)
  facet 7014: (0,1) (1,1) (1,2) (2,2) (2,3) (4,3) (4,4) (5,4) (6,4) (6,5) (6,6)
  facet 7015: (0,1) (1,1) (2,1) (2,2) (2,3) (4,3) (4,4) (5,4) (6,4) (6,5) (6,6)
  facet 7016: (0,1) (0,2) (1,2) (2,2) (4,2) (4,3) (4,4) (5,4) (6,4) (6,5) (6,6)
  facet 7017: (0,1) (1,1) (1,2) (2,2) (4,2) (4,3) (4,4) (5,4) (6,4) (6,5) (6,6)
  facet 7018: (0,1) (1,1) (2,1) (2,2) (4,2) (4,3) (4,4) (5,4) (6,4) (6,5) (6,6)
  facet 7019: (0,1) (1,1) (2,1) (4,1) (4,2) (4,3) (4,4) (5,4) (6,4) (6,5) (6,6)
  facet 7020: (0,1) (0,2) (0,3) (1,3) (2,3) (4,3) (5,3) (5,4) (6,4) (6,5) (6,6)
  facet 7021: (0,1) (0,2) (1,2) (1,3) (2,3) (4,3) (5,3) (5,4) (6,4) (6,5) (6,6)
  facet 7022: (0,1) (1,1) (1,2) (1,3) (2,3) (4,3) (5,3) (5,4) (6,4) (6,5) (6,6)
  facet 7023: (0,1) (0,2) (1,2) (2,2) (2,3) (4,3) (5,3) (5,4) (6,4) (6,5) (6,6)
  facet 7024: (0,1) (1,1) (1,2) (2,2) (2,3) (4,3) (5,3) (5,4) (6,4) (6,5) (6,6)
  facet 7025: (0,1) (1,1) (2,1) (2,2) (2,3) (4,3) (5,3) (5,4) (6,4) (6,5) (6,6)
  facet 7026: (0,1) (0,2) (1,2) (2,2) (4,2) (4,3) (5,3) (5,4) (6,4) (6,5) (6,6)
  facet 7027: (0,1) (1,1) (1,2) (2,2) (4,2) (4,3) (5,3) (5,4) (6,4) (6,5) (6,6)
  facet 7028: (0,1) (1,1) (2,1) (2,2) (4,2) (4,3) (5,3) (5,4) (6,4) (6,5) (6,6)
  facet 7029: (0,1) (1,1) (2,1) (4,1) (4,2) (4,3) (5,3) (5,4) (6,4) (6,5) (6,6)
  facet 7030: (0,1) (0,2) (1,2) (2,2) (4,2) (5,2) (5,3) (5,4) (6,4) (6,5) (6,6)
  facet 7031: (0,1) (1,1) (1,2) (2,2) (4,2) (5,2) (5,3) (5,4) (6,4) (6,5) (6,6)
  facet 7032: (0,1) (1,1) (2,1) (2,2) (4,2) (5,2) (5,3) (5,4) (6,4) (6,5) (6,6)
  facet 7033: (0,1) (1,1) (2,1) (4,1) (4,2) (5,2) (5,3) (5,4) (6,4) (6,5) (6,6)
  facet 7034: (0,1) (1,1) (2,1) (4,1) (5,1) (5,2) (5,3) (5,4) (6,4) (6,5) (6,6)
  facet 7035: (0,1) (0,2) (0,3) (1,3) (2,3) (4,3) (5,3) (6,3) (6,4) (6,5) (6,6)
  facet 7036: (0,1) (0,2) (1,2) (1,3) (2,3) (4,3) (5,3) (6,3) (6,4) (6,5) (6,6)
  facet 7037: (0,1) (1,1) (1,2) (1,3) (2,3) (4,3) (5,3) (6,3) (6,4) (6,5) (6,6)
  facet 7038: (0,1) (0,2) (1,2) (2,2) (2,3) (4,3) (5,3) (6,3) (6,4) (6,5) (6,6)
  facet 7039: (0,1) (1,1) (1,2) (2,2) (2,3) (4,3) (5,3) (6,3) (6,4) (6,5) (6,6)
  facet 7040: (0,1) (1,1) (2,1) (2,2) (2,3) (4,3) (5,3) (6,3) (6,4) (6,5) (6,6)
  facet 7041: (0,1) (0,2) (1,2) (2,2) (4,2) (4,3) (5,3) (6,3) (6,4) (6,5) (6,6)
  facet 7042: (0,1) (1,1) (1,2) (2,2) (4,2) (4,3) (5,3) (6,3) (6,4) (6,5) (6,6)
  facet 7043: (0,1) (1,1) (2,1) (2,2) (4,2) (4,3) (5,3) (6,3) (6,4) (6,5) (6,6)
  facet 7044: (0,1) (1,1) (2,1) (4,1) (4,2) (4,3) (5,3) (6,3) (6,4) (6,5) (6,6)
  facet 7045: (0,1) (0,2) (1,2) (2,2) (4,2) (5,2) (5,3) (6,3) (6,4) (6,5) (6,6)
  facet 7046: (0,1) (1,1) (1,2) (2,2) (4,2) (5,2) (5,3) (6,3) (6,4) (6,5) (6,6)
  facet 7047: (0,1) (1,1) (2,1) (2,2) (4,2) (5,2) (5,3) (6,3) (6,4) (6,5) (6,6)
  facet 7048: (0,1) (1,1) (2,1) (4,1) (4,2) (5,2) (5,3) (6,3) (6,4) (6,5) (6,6)
  facet 7049: (0,1) (1,1) (2,1) (4,1) (5,1) (5,2) (5,3) (6,3) (6,4) (6,5) (6,6)
  facet 7050: (0,1) (0,2) (1,2) (2,2) (4,2) (5,2) (6,2) (6,3) (6,4) (6,5) (6,6)
  facet 7051: (0,1) (1,1) (1,2) (2,2) (4,2) (5,2) (6,2) (6,3) (6,4) (6,5) (6,6)
  facet 7052: (0,1) (1,1) (2,1) (2,2) (4,2) (5,2) (6,2) (6,3) (6,4) (6,5) (6,6)
  facet 7053: (0,1) (1,1) (2,1) (4,1) (4,2) (5,2) (6,2) (6,3) (6,4) (6,5) (6,6)
  facet 7054: (0,1) (1,1) (2,1) (4,1) (5,1) (5,2) (6,2) (6,3) (6,4) (6,5) (6,6)
  facet 7055: (0,1) (1,1) (2,1) (4,1) (5,1) (6,1) (6,2) (6,3) (6,4) (6,5) (6,6)
  facet 8568: (0,1) (0,2) (0,3) (0,4) (0,5) (0,6) (1,6) (3,6) (4,6) (5,6) (6,6)
  facet 8569: (0,1) (0,2) (0,3) (0,4) (0,5) (1,5) (1,6) (3,6) (4,6) (5,6) (6,6)
  facet 8570: (0,1) (0,2) (0,3) (0,4) (1,4) (1,5) (1,6) (3,6) (4,6) (5,6) (6,6)
  facet 8571: (0,1) (0,2) (0,3) (1,3) (1,4) (1,5) (1,6) (3,6) (4,6) (5,6) (6,6)
  facet 8572: (0,1) (0,2) (1,2) (1,3) (1,4) (1,5) (1,6) (3,6) (4,6) (5,6) (6,6)
  facet 8573: (0,1) (1,1) (1,2) (1,3) (1,4) (1,5) (1,6) (3,6) (4,6) (5,6) (6,6)
  facet 8574: (0,1) (0,2) (0,3) (0,4) (0,5) (1,5) (3,5) (3,6) (4,6) (5,6) (6,6)
  facet 8575: (0,1) (0,2) (0,3) (0,4) (1,4) (1,5) (3,5) (3,6) (4,6) (5,6) (6,6)
  facet 8576: (0,1) (0,2) (0,3) (1,3) (1,4) (1,5) (3,5) (3,6) (4,6) (5,6) (6,6)
  facet 8577: (0,1) (0,2) (1,2) (1,3) (1,4) (1,5) (3,5) (3,6) (4,6) (5,6) (6,6)
  facet 8578: (0,1) (1,1) (1,2) (1,3) (1,4) (1,5) (3,5) (3,6) (4,6) (5,6) (6,6)
  facet 8579: (0,1) (0,2) (0,3) (0,4) (1,4) (3,4) (3,5) (3,6) (4,6) (5,6) (6,6)
  facet 8580: (0,1) (0,2) (0,3) (1,3) (1,4) (3,4) (3,5) (3,6) (4,6) (5,6) (6,6)
  facet 8581: (0,1) (0,2) (1,2) (1,3) (1,4) (3,4) (3,5) (3,6) (4,6) (5,6) (6,6)
  facet 8582: (0,1) (1,1) (1,2) (1,3) (1,4) (3,4) (3,5) (3,6) (4,6) (5,6) (6,6)
  facet 8583: (0,1) (0,2) (0,3) (1,3) (3,3) (3,4) (3,5) (3,6) (4,6) (5,6) (6,6)
  facet 8584: (0,1) (0,2) (1,2) (1,3) (3,3) (3,4) (3,5) (3,6) (4,6) (5,6) (6,6)
  facet 8585: (0,1) (1,1) (1,2) (1,3) (3,3) (3,4) (3,5) (3,6) (4,6) (5,6) (6,6)
  facet 8586: (0,1) (0,2) (1,2) (3,2) (3,3) (3,4) (3,5) (3,6) (4,6) (5,6) (6,6)
  facet 8587: (0,1) (1,1) (1,2) (3,2) (3,3) (3,4) (3,5) (3,6) (4,6) (5,6) (6,6)
  facet 8588: (0,1) (1,1) (3,1) (3,2) (3,3) (3,4) (3,5) (3,6) (4,6) (5,6) (6,6)
  facet 8589: (0,1) (0,2) (0,3) (0,4) (0,5) (1,5) (3,5) (4,5) (4,6) (5,6) (6,6)
  facet 8590: (0,1) (0,2) (0,3) (0,4) (1,4) (1,5) (3,5) (4,5) (4,6) (5,6) (6,6)
  facet 8591: (0,1) (0,2) (0,3) (1,3) (1,4) (1,5) (3,5) (4,5) (4,6) (5,6) (6,6)
  facet 8592: (0,1) (0,2) (1,2) (1,3) (1,4) (1,5) (3,5) (4,5) (4,6) (5,6) (6,6)
  facet 8593: (0,1) (1,1) (1,2) (1,3) (1,4) (1,5) (3,5) (4,5) (4,6) (5,6) (6,6)
  facet 8594: (0,1) (0,2) (0,3) (0,4) (1,4) (3,4) (3,5) (4,5) (4,6) (5,6) (6,6)
  facet 8595: (0,1) (0,2) (0,3) (1,3) (1,4) (3,4) (3,5) (4,5) (4,6) (5,6) (6,6)
  facet 8596: (0,1) (0,2) (1,2) (1,3) (1,4) (3,4) (3,5) (4,5) (4,6) (5,6) (6,6)
  facet 8597: (0,1) (1,1) (1,2) (1,3) (1,4) (3,4) (3,5) (4,5) (4,6) (5,6) (6,6)
  facet 8598: (0,1) (0,2) (0,3) (1,3) (3,3) (3,4) (3,5) (4,5) (4,6) (5,6) (6,6)
  facet 8599: (0,1) (0,2) (1,2) (1,3) (3,3) (3,4) (3,5) (4,5) (4,6) (5,6) (6,6)
  facet 8600: (0,1) (1,1) (1,2) (1,3) (3,3) (3,4) (3,5) (4,5) (4,6) (5,6) (6,6)
  facet 8601: (0,1) (0,2) (1,2) (3,2) (3,3) (3,4) (3,5) (4,5) (4,6) (5,6) (6,6)
  facet 8602: (0,1) (1,1) (1,2) (3,2) (3,3) (3,4) (3,5) (4,5) (4,6) (5,6) (6,6)
  facet 8603: (0,1) (1,1) (3,1) (3,2) (3,3) (3,4) (3,5) (4,5) (4,6) (5,6) (6,6)
  facet 8604: (0,1) (0,2) (0,3) (0,4) (1,4) (3,4) (4,4) (4,5) (4,6) (5,6) (6,6)
  facet 8605: (0,1) (0,2) (0,3) (1,3) (1,4) (3,4) (4,4) (4,5) (4,6) (5,6) (6,6)
  facet 8606: (0,1) (0,2) (1,2) (1,3) (1,4) (3,4) (4,4) (4,5) (4,6) (5,6) (6,6)
  facet 8607: (0,1) (1,1) (1,2) (1,3) (1,4) (3,4) (4,4) (4,5) (4,6) (5,6) (6,6)
  facet 8608: (0,1) (0,2) (0,3) (1,3) (3,3) (3,4) (4,4) (4,5) (4,6) (5,6) (6,6)
  facet 8609: (0,1) (0,2) (1,2) (1,3) (3,3) (3,4) (4,4) (4,5) (4,6) (5,6) (6,6)
  facet 8610: (0,1) (1,1) (1,2) (1,3) (3,3) (3,4) (4,4) (4,5) (4,6) (5,6) (6,6)
  facet 8611: (0,1) (0,2) (1,2) (3,2) (3,3) (3,4) (4,4) (4,5) (4,6) (5,6) (6,6)
  facet 8612: (0,1) (1,1) (1,2) (3,2) (3,3) (3,4) (4,4) (4,5) (4,6) (5,6) (6,6)
  facet 8613: (0,1) (1,1) (3,1) (3,2) (3,3) (3,4) (4,4) (4,5) (4,6) (5,6) (6,6)
  facet 8614: (0,1) (0,2) (0,3) (1,3) (3,3) (4,3) (4,4) (4,5) (4,6) (5,6) (6,6)
  facet 8615: (0,1) (0,2) (1,2) (1,3) (3,3) (4,3) (4,4) (4,5) (4,6) (5,6) (6,6)
  facet 8616: (0,1) (1,1) (1,2) (1,3) (3,3) (4,3) (4,4) (4,5) (4,6) (5,6) (6,6)
  facet 8617: (0,1) (0,2) (1,2) (3,2) (3,3) (4,3) (4,4) (4,5) (4,6) (5,6) (6,6)
  facet 8618: (0,1) (1,1) (1,2) (3,2) (3,3) (4,3) (4,4) (4,5) (4,6) (5,6) (6,6)
  facet 8619: (0,1) (1,1) (3,1) (3,2) (3,3) (4,3) (4,4) (4,5) (4,6) (5,6) (6,6)
  facet 8620: (0,1) (0,2) (1,2) (3,2) (4,2) (4,3) (4,4) (4,5) (4,6) (5,6) (6,6)
  facet 8621: (0,1) (1,1) (1,2) (3,2) (4,2) (4,3) (4,4) (4,5) (4,6) (5,6) (6,6)
  facet 8622: (0,1) (1,1) (3,1) (3,2) (4,2) (4,3) (4,4) (4,5) (4,6) (5,6) (6,6)
  facet 8623: (0,1) (1,1) (3,1) (4,1) (4,2) (4,3) (4,4) (4,5) (4,6) (5,6) (6,6)
  facet 8624: (0,1) (0,2) (0,3) (0,4) (0,5) (1,5) (3,5) (4,5) (5,5) (5,6) (6,6)
  facet 8625: (0,1) (0,2) (0,3) (0,4) (1,4) (1,5) (3,5) (4,5) (5,5) (5,6) (6,6)
  facet 8626: (0,1) (0,2) (0,3) (1,3) (1,4) (1,5) (3,5) (4,5) (5,5) (5,6) (6,6)
  facet 8627: (0,1) (0,2) (1,2) (1,3) (1,4) (1,5) (3,5) (4,5) (5,5) (5,6) (6,6)
  facet 8628: (0,1) (1,1) (1,2) (1,3) (1,4) (1,5) (3,5) (4,5) (5,5) (5,6) (6,6)
  facet 8629: (0,1) (0,2) (0,3) (0,4) (1,4) (3,4) (3,5) (4,5) (5,5) (5,6) (6,6)
  facet 8630: (0,1) (0,2) (0,3) (1,3) (1,4) (3,4) (3,5) (4,5) (5,5) (5,6) (6,6)
  facet 8631: (0,1) (0,2) (1,2) (1,3) (1,4) (3,4) (3,5) (4,5) (5,5) (5,6) (6,6)
  facet 8632: (0,1) (1,1) (1,2) (1,3) (1,4) (3,4) (3,5) (4,5) (5,5) (5,6) (6,6)
  facet 8633: (0,1) (0,2) (0,3) (1,3) (3,3) (3,4) (3,5) (4,5) (5,5) (5,6) (6,6)
  facet 8634: (0,1) (0,2) (1,2) (1,3) (3,3) (3,4) (3,5) (4,5) (5,5) (5,6) (6,6)
  facet 8635: (0,1) (1,1) (1,2) (1,3) (3,3) (3,4) (3,5) (4,5) (5,5) (5,6) (6,6)
  facet 8636: (0,1) (0,2) (1,2) (3,2) (3,3) (3,4) (3,5) (4,5) (5,5) (5,6) (6,6)
  facet 8637: (0,1) (1,1) (1,2) (3,2) (3,3) (3,4) (3,5) (4,5) (5,5) (5,6) (6,6)
  facet 8638: (0,1) (1,1) (3,1) (3,2) (3,3) (3,4) (3,5) (4,5) (5,5) (5,6) (6,6)
  facet 8639: (0,1) (0,2) (0,3) (0,4) (1,4) (3,4) (4,4) (4,5) (5,5) (5,6) (6,6)
  facet 8640: (0,1) (0,2) (0,3) (1,3) (1,4) (3,4) (4,4) (4,5) (5,5) (5,6) (6,6)
  facet 8641: (0,1) (0,2) (1,2) (1,3) (1,4) (3,4) (4,4) (4,5) (5,5) (5,6) (6,6)
  facet 8642: (0,1) (1,1) (1,2) (1,3) (1,4) (3,4) (4,4) (4,5) (5,5) (5,6) (6,6)
  facet 8643: (0,1) (0,2) (0,3) (1,3) (3,3) (3,4) (4,4) (4,5) (5,5) (5,6) (6,6)
  facet 8644: (0,1) (0,2) (1,2) (1,3) (3,3) (3,4) (4,4) (4,5) (5,5) (5,6) (6,6)
  facet 8645: (0,1) (1,1) (1,2) (1,3) (3,3) (3,4) (4,4) (4,5) (5,5) (5,6) (6,6)
  facet 8646: (0,1) (0,2) (1,2) (3,2) (3,3) (3,4) (4,4) (4,5) (5,5) (5,6) (6,6)
  facet 8647: (0,1) (1,1) (1,2) (3,2) (3,3) (3,4) (4,4) (4,5) (5,5) (5,6) (6,6)
  facet 8648: (0,1) (1,1) (3,1) (3,2) (3,3) (3,4) (4,4) (4,5) (5,5) (5,6) (6,6)
  facet 8649: (0,1) (0,2) (0,3) (1,3) (3,3) (4,3) (4,4) (4,5) (5,5) (5,6) (6,6)
  facet 8650: (0,1) (0,2) (1,2) (1,3) (3,3) (4,3) (4,4) (4,5) (5,5) (5,6) (6,6)
  facet 8651: (0,1) (1,1) (1,2) (1,3) (3,3) (4,3) (4,4) (4,5) (5,5) (5,6) (6,6)
  facet 8652: (0,1) (0,2) (1,2) (3,2) (3,3) (4,3) (4,4) (4,5) (5,5) (5,6) (6,6)
  facet 8653: (0,1) (1,1) (1,2) (3,2) (3,3) (4,3) (4,4) (4,5) (5,5) (5,6) (6,6)
  facet 8654: (0,1) (1,1) (3,1) (3,2) (3,3) (4,3) (4,4) (4,5) (5,5) (5,6) (6,6)
  facet 8655: (0,1) (0,2) (1,2) (3,2) (4,2) (4,3) (4,4) (4,5) (5,5) (5,6) (6,6)
  facet 8656: (0,1) (1,1) (1,2) (3,2) (4,2) (4,3) (4,4) (4,5) (5,5) (5,6) (6,6)
  facet 8657: (0,1) (1,1) (3,1) (3,2) (4,2) (4,3) (4,4) (4,5) (5,5) (5,6) (6,6)
  facet 8658: (0,1) (1,1) (3,1) (4,1) (4,2) (4,3) (4,4) (4,5) (5,5) (5,6) (6,6)
  facet 8659: (0,1) (0,2) (0,3) (0,4) (1,4) (3,4) (4,4) (5,4) (5,5) (5,6) (6,6)
  facet 8660: (0,1) (0,2) (0,3) (1,3) (1,4) (3,4) (4,4) (5,4) (5,5) (5,6) (6,6)
  facet 8661: (0,1) (0,2) (1,2) (1,3) (1,4) (3,4) (4,4) (5,4) (5,5) (5,6) (6,6)
  facet 8662: (0,1) (1,1) (1,2) (1,3) (1,4) (3,4) (4,4) (5,4) (5,5) (5,6) (6,6)
  facet 8663: (0,1) (0,2) (0,3) (1,3) (3,3) (3,4) (4,4) (5,4) (5,5) (5,6) (6,6)
  facet 8664: (0,1) (0,2) (1,2) (1,3) (3,3) (3,4) (4,4) (5,4) (5,5) (5,6) (6,6)
  facet 8665: (0,1) (1,1) (1,2) (1,3) (3,3) (3,4) (4,4) (5,4) (5,5) (5,6) (6,6)
  facet 8666: (0,1) (0,2) (1,2) (3,2) (3,3) (3,4) (4,4) (5,4) (5,5) (5,6) (6,6)
  facet 8667: (0,1) (1,1) (1,2) (3,2) (3,3) (3,4) (4,4) (5,4) (5,5) (5,6) (6,6)
  facet 8668: (0,1) (1,1) (3,1) (3,2) (3,3) (3,4) (4,4) (5,4) (5,5) (5,6) (6,6)
  facet 8669: (0,1) (0,2) (0,3) (1,3) (3,3) (4,3) (4,4) (5,4) (5,5) (5,6) (6,6)
  facet 8670: (0,1) (0,2) (1,2) (1,3) (3,3) (4,3) (4,4) (5,4) (5,5) (5,6) (6,6)
  facet 8671: (0,1) (1,1) (1,2) (1,3) (3,3) (4,3) (4,4) (5,4) (5,5) (5,6) (6,6)
  facet 8672: (0,1) (0,2) (1,2) (3,2) (3,3) (4,3) (4,4) (5,4) (5,5) (5,6) (6,6)
  facet 8673: (0,1) (1,1) (1,2) (3,2) (3,3) (4,3) (4,4) (5,4) (5,5) (5,6) (6,6)
  facet 8674: (0,1) (1,1) (3,1) (3,2) (3,3) (4,3) (4,4) (5,4) (5,5) (5,6) (6,6)
  facet 8675: (0,1) (0,2) (1,2) (3,2) (4,2) (4,3) (4,4) (5,4) (5,5) (5,6) (6,6)
  facet 8676: (0,1) (1,1) (1,2) (3,2) (4,2) (4,3) (4,4) (5,4) (5,5) (5,6) (6,6)
  facet 8677: (0,1) (1,1) (3,1) (3,2) (4,2) (4,3) (4,4) (5,4) (5,5) (5,6) (6,6)
  facet 8678: (0,1) (1,1) (3,1) (4,1) (4,2) (4,3) (4,4) (5,4) (5,5) (5,6) (6,6)
  facet 8679: (0,1) (0,2) (0,3) (1,3) (3,3) (4,3) (5,3) (5,4) (5,5) (5,6) (6,6)
  facet 8680: (0,1) (0,2) (1,2) (1,3) (3,3) (4,3) (5,3) (5,4) (5,5) (5,6) (6,6)
  facet 8681: (0,1) (1,1) (1,2) (1,3) (3,3) (4,3) (5,3) (5,4) (5,5) (5,6) (6,6)
  facet 8682: (0,1) (0,2) (1,2) (3,2) (3,3) (4,3) (5,3) (5,4) (5,5) (5,6) (6,6)
  facet 8683: (0,1) (1,1) (1,2) (3,2) (3,3) (4,3) (5,3) (5,4) (5,5) (5,6) (6,6)
  facet 8684: (0,1) (1,1) (3,1) (3,2) (3,3) (4,3) (5,3) (5,4) (5,5) (5,6) (6,6)
  facet 8685: (0,1) (0,2) (1,2) (3,2) (4,2) (4,3) (5,3) (5,4) (5,5) (5,6) (6,6)
  facet 8686: (0,1) (1,1) (1,2) (3,2) (4,2) (4,3) (5,3) (5,4) (5,5) (5,6) (6,6)
  facet 8687: (0,1) (1,1) (3,1) (3,2) (4,2) (4,3) (5,3) (5,4) (5,5) (5,6) (6,6)
  facet 8688: (0,1) (1,1) (3,1) (4,1) (4,2) (4,3) (5,3) (5,4) (5,5) (5,6) (6,6)
  facet 8689: (0,1) (0,2) (1,2) (3,2) (4,2) (5,2) (5,3) (5,4) (5,5) (5,6) (6,6)
  facet 8690: (0,1) (1,1) (1,2) (3,2) (4,2) (5,2) (5,3) (5,4) (5,5) (5,6) (6,6)
  facet 8691: (0,1) (1,1) (3,1) (3,2) (4,2) (5,2) (5,3) (5,4) (5,5) (5,6) (6,6)
  facet 8692: (0,1) (1,1) (3,1) (4,1) (4,2) (5,2) (5,3) (5,4) (5,5) (5,6) (6,6)
  facet 8693: (0,1) (1,1) (3,1) (4,1) (5,1) (5,2) (5,3) (5,4) (5,5) (5,6) (6,6)
  facet 8694: (0,1) (0,2) (0,3) (0,4) (0,5) (1,5) (3,5) (4,5) (5,5) (6,5) (6,6)
  facet 8695: (0,1) (0,2) (0,3) (0,4) (1,4) (1,5) (3,5) (4,5) (5,5) (6,5) (6,6)
  facet 8696: (0,1) (0,2) (0,3) (1,3) (1,4) (1,5) (3,5) (4,5) (5,5) (6,5) (6,6)
  facet 8697: (0,1) (0,2) (1,2) (1,3) (1,4) (1,5) (3,5) (4,5) (5,5) (6,5) (6,6)
  facet 8698: (0,1) (1,1) (1,2) (1,3) (1,4) (1,5) (3,5) (4,5) (5,5) (6,5) (6,6)
  facet 8699: (0,1) (0,2) (0,3) (0,4) (1,4) (3,4) (3,5) (4,5) (5,5) (6,5) (6,6)
  facet 8700: (0,1) (0,2) (0,3) (1,3) (1,4) (3,4) (3,5) (4,5) (5,5) (6,5) (6,6)
  facet 8701: (0,1) (0,2) (1,2) (1,3) (1,4) (3,4) (3,5) (4,5) (5,5) (6,5) (6,6)
  facet 8702: (0,1) (1,1) (1,2) (1,3) (1,4) (3,4) (3,5) (4,5) (5,5) (6,5) (6,6)
  facet 8703: (0,1) (0,2) (0,3) (1,3) (3,3) (3,4) (3,5) (4,5) (5,5) (6,5) (6,6)
  facet 8704: (0,1) (0,2) (1,2) (1,3) (3,3) (3,4) (3,5) (4,5) (5,5) (6,5) (6,6)
  facet 8705: (0,1) (1,1) (1,2) (1,3) (3,3) (3,4) (3,5) (4,5) (5,5) (6,5) (6,6)
  facet 8706: (0,1) (0,2) (1,2) (3,2) (3,3) (3,4) (3,5) (4,5) (5,5) (6,5) (6,6)
  facet 8707: (0,1) (1,1) (1,2) (3,2) (3,3) (3,4) (3,5) (4,5) (5,5) (6,5) (6,6)
  facet 8708: (0,1) (1,1) (3,1) (3,2) (3,3) (3,4) (3,5) (4,5) (5,5) (6,5) (6,6)
  facet 8709: (0,1) (0,2) (0,3) (0,4) (1,4) (3,4) (4,4) (4,5) (5,5) (6,5) (6,6)
  facet 8710: (0,1) (0,2) (0,3) (1,3) (1,4) (3,4) (4,4) (4,5) (5,5) (6,5) (6,6)
  facet 8711: (0,1) (0,2) (1,2) (1,3) (1,4) (3,4) (4,4) (4,5) (5,5) (6,5) (6,6)
  facet 8712: (0,1) (1,1) (1,2) (1,3) (1,4) (3,4) (4,4) (4,5) (5,5) (6,5) (6,6)
  facet 8713: (0,1) (0,2) (0,3) (1,3) (3,3) (3,4) (4,4) (4,5) (5,5) (6,5) (6,6)
  facet 8714: (0,1) (0,2) (1,2) (1,3) (3,3) (3,4) (4,4) (4,5) (5,5) (6,5) (6,6)
  facet 8715: (0,1) (1,1) (1,2) (1,3) (3,3) (3,4) (4,4) (4,5) (5,5) (6,5) (6,6)
  facet 8716: (0,1) (0,2) (1,2) (3,2) (3,3) (3,4) (4,4) (4,5) (5,5) (6,5) (6,6)
  facet 8717: (0,1) (1,1) (1,2) (3,2) (3,3) (3,4) (4,4) (4,5) (5,5) (6,5) (6,6)
  facet 8718: (0,1) (1,1) (3,1) (3,2) (3,3) (3,4) (4,4) (4,5) (5,5) (6,5) (6,6)
  facet 8719: (0,1) (0,2) (0,3) (1,3) (3,3) (4,3) (4,4) (4,5) (5,5) (6,5) (6,6)
  facet 8720: (0,1) (0,2) (1,2) (1,3) (3,3) (4,3) (4,4) (4,5) (5,5) (6,5) (6,6)
  facet 8721: (0,1) (1,1) (1,2) (1,3) (3,3) (4,3) (4,4) (4,5) (5,5) (6,5) (6,6)
  facet 8722: (0,1) (0,2) (1,2) (3,2) (3,3) (4,3) (4,4) (4,5) (5,5) (6,5) (6,6)
  facet 8723: (0,1) (1,1) (1,2) (3,2) (3,3) (4,3) (4,4) (4,5) (5,5) (6,5) (6,6)
  facet 8724: (0,1) (1,1) (3,1) (3,2) (3,3) (4,3) (4,4) (4,5) (5,5) (6,5) (6,6)
  facet 8725: (0,1) (0,2) (1,2) (3,2) (4,2) (4,3) (4,4) (4,5) (5,5) (6,5) (6,6)
  facet 8726: (0,1) (1,1) (1,2) (3,2) (4,2) (4,3) (4,4) (4,5) (5,5) (6,5) (6,6)
  facet 8727: (0,1) (1,1) (3,1) (3,2) (4,2) (4,3) (4,4) (4,5) (5,5) (6,5) (6,6)
  facet 8728: (0,1) (1,1) (3,1) (4,1) (4,2) (4,3) (4,4) (4,5) (5,5) (6,5) (6,6)
  facet 8729: (0,1) (0,2) (0,3) (0,4) (1,4) (3,4) (4,4) (5,4) (5,5) (6,5) (6,6)
  facet 8730: (0,1) (0,2) (0,3) (1,3) (1,4) (3,4) (4,4) (5,4) (5,5) (6,5) (6,6)
  facet 8731: (0,1) (0,2) (1,2) (1,3) (1,4) (3,4) (4,4) (5,4) (5,5) (6,5) (6,6)
  facet 8732: (0,1) (1,1) (1,2) (1,3) (1,4) (3,4) (4,4) (5,4) (5,5) (6,5) (6,6)
  facet 8733: (0,1) (0,2) (0,3) (1,3) (3,3) (3,4) (4,4) (5,4) (5,5) (6,5) (6,6)
  facet 8734: (0,1) (0,2) (1,2) (1,3) (3,3) (3,4) (4,4) (5,4) (5,5) (6,5) (6,6)
  facet 8735: (0,1) (1,1) (1,2) (1,3) (3,3) (3,4) (4,4) (5,4) (5,5) (6,5) (6,6)
  facet 8736: (0,1) (0,2) (1,2) (3,2) (3,3) (3,4) (4,4) (5,4) (5,5) (6,5) (6,6)
  facet 8737: (0,1) (1,1) (1,2) (3,2) (3,3) (3,4) (4,4) (5,4) (5,5) (6,5) (6,6)
  facet 8738: (0,1) (1,1) (3,1) (3,2) (3,3) (3,4) (4,4) (5,4) (5,5) (6,5) (6,6)
  facet 8739: (0,1) (0,2) (0,3) (1,3) (3,3) (4,3) (4,4) (5,4) (5,5) (6,5) (6,6)
  facet 8740: (0,1) (0,2) (1,2) (1,3) (3,3) (4,3) (4,4) (5,4) (5,5) (6,5) (6,6)
  facet 8741: (0,1) (1,1) (1,2) (1,3) (3,3) (4,3) (4,4) (5,4) (5,5) (6,5) (6,6)
  facet 8742: (0,1) (0,2) (1,2) (3,2) (3,3) (4,3) (4,4) (5,4) (5,5) (6,5) (6,6)
  facet 8743: (0,1) (1,1) (1,2) (3,2) (3,3) (4,3) (4,4) (5,4) (5,5) (6,5) (6,6)
  facet 8744: (0,1) (1,1) (3,1) (3,2) (3,3) (4,3) (4,4) (5,4) (5,5) (6,5) (6,6)
  facet 8745: (0,1) (0,2) (1,2) (3,2) (4,2) (4,3) (4,4) (5,4) (5,5) (6,5) (6,6)
  facet 8746: (0,1) (1,1) (1,2) (3,2) (4,2) (4,3) (4,4) (5,4) (5,5) (6,5) (6,6)
  facet 8747: (0,1) (1,1) (3,1) (3,2) (4,2) (4,3) (4,4) (5,4) (5,5) (6,5) (6,6)
  facet 8748: (0,1) (1,1) (3,1) (4,1) (4,2) (4,3) (4,4) (5,4) (5,5) (6,5) (6,6)
  facet 8749: (0,1) (0,2) (0,3) (1,3) (3,3) (4,3) (5,3) (5,4) (5,5) (6,5) (6,6)
  facet 8750: (0,1) (0,2) (1,2) (1,3) (3,3) (4,3) (5,3) (5,4) (5,5) (6,5) (6,6)
  facet 8751: (0,1) (1,1) (1,2) (1,3) (3,3) (4,3) (5,3) (5,4) (5,5) (6,5) (6,6)
  facet 8752: (0,1) (0,2) (1,2) (3,2) (3,3) (4,3) (5,3) (5,4) (5,5) (6,5) (6,6)
  facet 8753: (0,1) (1,1) (1,2) (3,2) (3,3) (4,3) (5,3) (5,4) (5,5) (6,5) (6,6)
  facet 8754: (0,1) (1,1) (3,1) (3,2) (3,3) (4,3) (5,3) (5,4) (5,5) (6,5) (6,6)
  facet 8755: (0,1) (0,2) (1,2) (3,2) (4,2) (4,3) (5,3) (5,4) (5,5) (6,5) (6,6)
  facet 8756: (0,1) (1,1) (1,2) (3,2) (4,2) (4,3) (5,3) (5,4) (5,5) (6,5) (6,6)
  facet 8757: (0,1) (1,1) (3,1) (3,2) (4,2) (4,3) (5,3) (5,4) (5,5) (6,5) (6,6)
  facet 8758: (0,1) (1,1) (3,1) (4,1) (4,2) (4,3) (5,3) (5,4) (5,5) (6,5) (6,6)
  facet 8759: (0,1) (0,2) (1,2) (3,2) (4,2) (5,2) (5,3) (5,4) (5,5) (6,5) (6,6)
  facet 8760: (0,1) (1,1) (1,2) (3,2) (4,2) (5,2) (5,3) (5,4) (5,5) (6,5) (6,6)
  facet 8761: (0,1) (1,1) (3,1) (3,2) (4,2) (5,2) (5,3) (5,4) (5,5) (6,5) (6,6)
  facet 8762: (0,1) (1,1) (3,1) (4,1) (4,2) (5,2) (5,3) (5,4) (5,5) (6,5) (6,6)
  facet 8763: (0,1) (1,1) (3,1) (4,1) (5,1) (5,2) (5,3) (5,4) (5,5) (6,5) (6,6)
  facet 8764: (0,1) (0,2) (0,3) (0,4) (1,4) (3,4) (4,4) (5,4) (6,4) (6,5) (6,6)
  facet 8765: (0,1) (0,2) (0,3) (1,3) (1,4) (3,4) (4,4) (5,4) (6,4) (6,5) (6,6)
  facet 8766: (0,1) (0,2) (1,2) (1,3) (1,4) (3,4) (4,4) (5,4) (6,4) (6,5) (6,6)
  facet 8767: (0,1) (1,1) (1,2) (1,3) (1,4) (3,4) (4,4) (5,4) (6,4) (6,5) (6,6)
  facet 8768: (0,1) (0,2) (0,3) (1,3) (3,3) (3,4) (4,4) (5,4) (6,4) (6,5) (6,6)
  facet 8769: (0,1) (0,2) (1,2) (1,3) (3,3) (3,4) (4,4) (5,4) (6,4) (6,5) (6,6)
  facet 8770: (0,1) (1,1) (1,2) (1,3) (3,3) (3,4) (4,4) (5,4) (6,4) (6,5) (6,6)
  facet 8771: (0,1) (0,2) (1,2) (3,2) (3,3) (3,4) (4,4) (5,4) (6,4) (6,5) (6,6)
  facet 8772: (0,1) (1,1) (1,2) (3,2) (3,3) (3,4) (4,4) (5,4) (6,4) (6,5) (6,6)
  facet 8773: (0,1) (1,1) (3,1) (3,2) (3,3) (3,4) (4,4) (5,4) (6,4) (6,5) (6,6)
  facet 8774: (0,1) (0,2) (0,3) (1,3) (3,3) (4,3) (4,4) (5,4) (6,4) (6,5) (6,6)
  facet 8775: (0,1) (0,2) (1,2) (1,3) (3,3) (4,3) (4,4) (5,4) (6,4) (6,5) (6,6)
  facet 8776: (0,1) (1,1) (1,2) (1,3) (3,3) (4,3) (4,4) (5,4) (6,4) (6,5) (6,6)
  facet 8777: (0,1) (0,2) (1,2) (3,2) (3,3) (4,3) (4,4) (5,4) (6,4) (6,5) (6,6)
  facet 8778: (0,1) (1,1) (1,2) (3,2) (3,3) (4,3) (4,4) (5,4) (6,4) (6,5) (6,6)
  facet 8779: (0,1) (1,1) (3,1) (3,2) (3,3) (4,3) (4,4) (5,4) (6,4) (6,5) (6,6)
  facet 8780: (0,1) (0,2) (1,2) (3,2) (4,2) (4,3) (4,4) (5,4) (6,4) (6,5) (6,6)
  facet 8781: (0,1) (1,1) (1,2) (3,2) (4,2) (4,3) (4,4) (5,4) (6,4) (6,5) (6,6)
  facet 8782: (0,1) (1,1) (3,1) (3,2) (4,2) (4,3) (4,4) (5,4) (6,4) (6,5) (6,6)
  facet 8783: (0,1) (1,1) (3,1) (4,1) (4,2) (4,3) (4,4) (5,4) (6,4) (6,5) (6,6)
  facet 8784: (0,1) (0,2) (0,3) (1,3) (3,3) (4,3) (5,3) (5,4) (6,4) (6,5) (6,6)
  facet 8785: (0,1) (0,2) (1,2) (1,3) (3,3) (4,3) (5,3) (5,4) (6,4) (6,5) (6,6)
  facet 8786: (0,1) (1,1) (1,2) (1,3) (3,3) (4,3) (5,3) (5,4) (6,4) (6,5) (6,6)
  facet 8787: (0,1) (0,2) (1,2) (3,2) (3,3) (4,3) (5,3) (5,4) (6,4) (6,5) (6,6)
  facet 8788: (0,1) (1,1) (1,2) (3,2) (3,3) (4,3) (5,3) (5,4) (6,4) (6,5) (6,6)
  facet 8789: (0,1) (1,1) (3,1) (3,2) (3,3) (4,3) (5,3) (5,4) (6,4) (6,5) (6,6)
  facet 8790: (0,1) (0,2) (1,2) (3,2) (4,2) (4,3) (5,3) (5,4) (6,4) (6,5) (6,6)
  facet 8791: (0,1) (1,1) (1,2) (3,2) (4,2) (4,3) (5,3) (5,4) (6,4) (6,5) (6,6)
  facet 8792: (0,1) (1,1) (3,1) (3,2) (4,2) (4,3) (5,3) (5,4) (6,4) (6,5) (6,6)
  facet 8793: (0,1) (1,1) (3,1) (4,1) (4,2) (4,3) (5,3) (5,4) (6,4) (6,5) (6,6)
  facet 8794: (0,1) (0,2) (1,2) (3,2) (4,2) (5,2) (5,3) (5,4) (6,4) (6,5) (6,6)
  facet 8795: (0,1) (1,1) (1,2) (3,2) (4,2) (5,2) (5,3) (5,4) (6,4) (6,5) (6,6)
  facet 8796: (0,1) (1,1) (3,1) (3,2) (4,2) (5,2) (5,3) (5,4) (6,4) (6,5) (6,6)
  facet 8797: (0,1) (1,1) (3,1) (4,1) (4,2) (5,2) (5,3) (5,4) (6,4) (6,5) (6,6)
  facet 8798: (0,1) (1,1) (3,1) (4,1) (5,1) (5,2) (5,3) (5,4) (6,4) (6,5) (6,6)
  facet 8799: (0,1) (0,2) (0,3) (1,3) (3,3) (4,3) (5,3) (6,3) (6,4) (6,5) (6,6)
  facet 8800: (0,1) (0,2) (1,2) (1,3) (3,3) (4,3) (5,3) (6,3) (6,4) (6,5) (6,6)
  facet 8801: (0,1) (1,1) (1,2) (1,3) (3,3) (4,3) (5,3) (6,3) (6,4) (6,5) (6,6)
  facet 8802: (0,1) (0,2) (1,2) (3,2) (3,3) (4,3) (5,3) (6,3) (6,4) (6,5) (6,6)
  facet 8803: (0,1) (1,1) (1,2) (3,2) (3,3) (4,3) (5,3) (6,3) (6,4) (6,5) (6,6)
  facet 8804: (0,1) (1,1) (3,1) (3,2) (3,3) (4,3) (5,3) (6,3) (6,4) (6,5) (6,6)
  facet 8805: (0,1) (0,2) (1,2) (3,2) (4,2) (4,3) (5,3) (6,3) (6,4) (6,5) (6,6)
  facet 8806: (0,1) (1,1) (1,2) (3,2) (4,2) (4,3) (5,3) (6,3) (6,4) (6,5) (6,6)
  facet 8807: (0,1) (1,1) (3,1) (3,2) (4,2) (4,3) (5,3) (6,3) (6,4) (6,5) (6,6)
  facet 8808: (0,1) (1,1) (3,1) (4,1) (4,2) (4,3) (5,3) (6,3) (6,4) (6,5) (6,6)
  facet 8809: (0,1) (0,2) (1,2) (3,2) (4,2) (5,2) (5,3) (6,3) (6,4) (6,5) (6,6)
  facet 8810: (0,1) (1,1) (1,2) (3,2) (4,2) (5,2) (5,3) (6,3) (6,4) (6,5) (6,6)
  facet 8811: (0,1) (1,1) (3,1) (3,2) (4,2) (5,2) (5,3) (6,3) (6,4) (6,5) (6,6)
  facet 8812: (0,1) (1,1) (3,1) (4,1) (4,2) (5,2) (5,3) (6,3) (6,4) (6,5) (6,6)
  facet 8813: (0,1) (1,1) (3,1) (4,1) (5,1) (5,2) (5,3) (6,3) (6,4) (6,5) (6,6)
  facet 8814: (0,1) (0,2) (1,2) (3,2) (4,2) (5,2) (6,2) (6,3) (6,4) (6,5) (6,6)
  facet 8815: (0,1) (1,1) (1,2) (3,2) (4,2) (5,2) (6,2) (6,3) (6,4) (6,5) (6,6)
  facet 8816: (0,1) (1,1) (3,1) (3,2) (4,2) (5,2) (6,2) (6,3) (6,4) (6,5) (6,6)
  facet 8817: (0,1) (1,1) (3,1) (4,1) (4,2) (5,2) (6,2) (6,3) (6,4) (6,5) (6,6)
  facet 8818: (0,1) (1,1) (3,1) (4,1) (5,1) (5,2) (6,2) (6,3) (6,4) (6,5) (6,6)
  facet 8819: (0,1) (1,1) (3,1) (4,1) (5,1) (6,1) (6,2) (6,3) (6,4) (6,5) (6,6)
  facet 10584: (1,0) (1,1) (1,2) (1,3) (1,4) (1,5) (2,5) (3,5) (4,5) (5,5) (6,5)
  facet 10585: (1,0) (1,1) (1,2) (1,3) (1,4) (2,4) (2,5) (3,5) (4,5) (5,5) (6,5)
  facet 10586: (1,0) (1,1) (1,2) (1,3) (2,3) (2,4) (2,5) (3,5) (4,5) (5,5) (6,5)
  facet 10587: (1,0) (1,1) (1,2) (2,2) (2,3) (2,4) (2,5) (3,5) (4,5) (5,5) (6,5)
  facet 10588: (1,0) (1,1) (2,1) (2,2) (2,3) (2,4) (2,5) (3,5) (4,5) (5,5) (6,5)
  facet 10589: (1,0) (2,0) (2,1) (2,2) (2,3) (2,4) (2,5) (3,5) (4,5) (5,5) (6,5)
  facet 10590: (1,0) (1,1) (1,2) (1,3) (1,4) (2,4) (3,4) (3,5) (4,5) (5,5) (6,5)
  facet 10591: (1,0) (1,1) (1,2) (1,3) (2,3) (2,4) (3,4) (3,5) (4,5) (5,5) (6,5)
  facet 10592: (1,0) (1,1) (1,2) (2,2) (2,3) (2,4) (3,4) (3,5) (4,5) (5,5) (6,5)
  facet 10593: (1,0) (1,1) (2,1) (2,2) (2,3) (2,4) (3,4) (3,5) (4,5) (5,5) (6,5)
  facet 10594: (1,0) (2,0) (2,1) (2,2) (2,3) (2,4) (3,4) (3,5) (4,5) (5,5) (6,5)
  facet 10595: (1,0) (1,1) (1,2) (1,3) (2,3) (3,3) (3,4) (3,5) (4,5) (5,5) (6,5)
  facet 10596: (1,0) (1,1) (1,2) (2,2) (2,3) (3,3) (3,4) (3,5) (4,5) (5,5) (6,5)
  facet 10597: (1,0) (1,1) (2,1) (2,2) (2,3) (3,3) (3,4) (3,5) (4,5) (5,5) (6,5)
  facet 10598: (1,0) (2,0) (2,1) (2,2) (2,3) (3,3) (3,4) (3,5) (4,5) (5,5) (6,5)
  facet 10599: (1,0) (1,1) (1,2) (2,2) (3,2) (3,3) (3,4) (3,5) (4,5) (5,5) (6,5)
  facet 10600: (1,0) (1,1) (2,1) (2,2) (3,2) (3,3) (3,4) (3,5) (4,5) (5,5) (6,5)
  facet 10601: (1,0) (2,0) (2,1) (2,2) (3,2) (3,3) (3,4) (3,5) (4,5) (5,5) (6,5)
  facet 10602: (1,0) (1,1) (2,1) (3,1) (3,2) (3,3) (3,4) (3,5) (4,5) (5,5) (6,5)
  facet 10603: (1,0) (2,0) (2,1) (3,1) (3,2) (3,3) (3,4) (3,5) (4,5) (5,5) (6,5)
  facet 10604: (1,0) (2,0) (3,0) (3,1) (3,2) (3,3) (3,4) (3,5) (4,5) (5,5) (6,5)
  facet 10605: (1,0) (1,1) (1,2) (1,3) (1,4) (2,4) (3,4) (4,4) (4,5) (5,5) (6,5)
  facet 10606: (1,0) (1,1) (1,2) (1,3) (2,3) (2,4) (3,4) (4,4) (4,5) (5,5) (6,5)
  facet 10607: (1,0) (1,1) (1,2) (2,2) (2,3) (2,4) (3,4) (4,4) (4,5) (5,5) (6,5)
  facet 10608: (1,0) (1,1) (2,1) (2,2) (2,3) (2,4) (3,4) (4,4) (4,5) (5,5) (6,5)
  facet 10609: (1,0) (2,0) (2,1) (2,2) (2,3) (2,4) (3,4) (4,4) (4,5) (5,5) (6,5)
  facet 10610: (1,0) (1,1) (1,2) (1,3) (2,3) (3,3) (3,4) (4,4) (4,5) (5,5) (6,5)
  facet 10611: (1,0) (1,1) (1,2) (2,2) (2,3) (3,3) (3,4) (4,4) (4,5) (5,5) (6,5)
  facet 10612: (1,0) (1,1) (2,1) (2,2) (2,3) (3,3) (3,4) (4,4) (4,5) (5,5) (6,5)
  facet 10613: (1,0) (2,0) (2,1) (2,2) (2,3) (3,3) (3,4) (4,4) (4,5) (5,5) (6,5)
  facet 10614: (1,0) (1,1) (1,2) (2,2) (3,2) (3,3) (3,4) (4,4) (4,5) (5,5) (6,5)
  facet 10615: (1,0) (1,1) (2,1) (2,2) (3,2) (3,3) (3,4) (4,4) (4,5) (5,5) (6,5)
  facet 10616: (1,0) (2,0) (2,1) (2,2) (3,2) (3,3) (3,4) (4,4) (4,5) (5,5) (6,5)
  facet 10617: (1,0) (1,1) (2,1) (3,1) (3,2) (3,3) (3,4) (4,4) (4,5) (5,5) (6,5)
  facet 10618: (1,0) (2,0) (2,1) (3,1) (3,2) (3,3) (3,4) (4,4) (4,5) (5,5) (6,5)
  facet 10619: (1,0) (2,0) (3,0) (3,1) (3,2) (3,3) (3,4) (4,4) (4,5) (5,5) (6,5)
  facet 10620: (1,0) (1,1) (1,2) (1,3) (2,3) (3,3) (4,3) (4,4) (4,5) (5,5) (6,5)
  facet 10621: (1,0) (1,1) (1,2) (2,2) (2,3) (3,3) (4,3) (4,4) (4,5) (5,5) (6,5)
  facet 10622: (1,0) (1,1) (2,1) (2,2) (2,3) (3,3) (4,3) (4,4) (4,5) (5,5) (6,5)
  facet 10623: (1,0) (2,0) (2,1) (2,2) (2,3) (3,3) (4,3) (4,4) (4,5) (5,5) (6,5)
  facet 10624: (1,0) (1,1) (1,2) (2,2) (3,2) (3,3) (4,3) (4,4) (4,5) (5,5) (6,5)
  facet 10625: (1,0) (1,1) (2,1) (2,2) (3,2) (3,3) (4,3) (4,4) (4,5) (5,5) (6,5)
  facet 10626: (1,0) (2,0) (2,1) (2,2) (3,2) (3,3) (4,3) (4,4) (4,5) (5,5) (6,5)
  facet 10627: (1,0) (1,1) (2,1) (3,1) (3,2) (3,3) (4,3) (4,4) (4,5) (5,5) (6,5)
  facet 10628: (1,0) (2,0) (2,1) (3,1) (3,2) (3,3) (4,3) (4,4) (4,5) (5,5) (6,5)
  facet 10629: (1,0) (2,0) (3,0) (3,1) (3,2) (3,3) (4,3) (4,4) (4,5) (5,5) (6,5)
  facet 10630: (1,0) (1,1) (1,2) (2,2) (3,2) (4,2) (4,3) (4,4) (4,5) (5,5) (6,5)
  facet 10631: (1,0) (1,1) (2,1) (2,2) (3,2) (4,2) (4,3) (4,4) (4,5) (5,5) (6,5)
  facet 10632: (1,0) (2,0) (2,1) (2,2) (3,2) (4,2) (4,3) (4,4) (4,5) (5,5) (6,5)
  facet 10633: (1,0) (1,1) (2,1) (3,1) (3,2) (4,2) (4,3) (4,4) (4,5) (5,5) (6,5)
  facet 10634: (1,0) (2,0) (2,1) (3,1) (3,2) (4,2) (4,3) (4,4) (4,5) (5,5) (6,5)
  facet 10635: (1,0) (2,0) (3,0) (3,1) (3,2) (4,2) (4,3) (4,4) (4,5) (5,5) (6,5)
  facet 10636: (1,0) (1,1) (2,1) (3,1) (4,1) (4,2) (4,3) (4,4) (4,5) (5,5) (6,5)
  facet 10637: (1,0) (2,0) (2,1) (3,1) (4,1) (4,2) (4,3) (4,4) (4,5) (5,5) (6,5)
  facet 10638: (1,0) (2,0) (3,0) (3,1) (4,1) (4,2) (4,3) (4,4) (4,5) (5,5) (6,5)
  facet 10639: (1,0) (2,0) (3,0) (4,0) (4,1) (4,2) (4,3) (4,4) (4,5) (5,5) (6,5)
  facet 10640: (1,0) (1,1) (1,2) (1,3) (1,4) (2,4) (3,4) (4,4) (5,4) (5,5) (6,5)
  facet 10641: (1,0) (1,1) (1,2) (1,3) (2,3) (2,4) (3,4) (4,4) (5,4) (5,5) (6,5)
  facet 10642: (1,0) (1,1) (1,2) (2,2) (2,3) (2,4) (3,4) (4,4) (5,4) (5,5) (6,5)
  facet 10643: (1,0) (1,1) (2,1) (2,2) (2,3) (2,4) (3,4) (4,4) (5,4) (5,5) (6,5)
  facet 10644: (1,0) (2,0) (2,1) (2,2) (2,3) (2,4) (3,4) (4,4) (5,4) (5,5) (6,5)
  facet 10645: (1,0) (1,1) (1,2) (1,3) (2,3) (3,3) (3,4) (4,4) (5,4) (5,5) (6,5)
  facet 10646: (1,0) (1,1) (1,2) (2,2) (2,3) (3,3) (3,4) (4,4) (5,4) (5,5) (6,5)
  facet 10647: (1,0) (1,1) (2,1) (2,2) (2,3) (3,3) (3,4) (4,4) (5,4) (5,5) (6,5)
  facet 10648: (1,0) (2,0) (2,1) (2,2) (2,3) (3,3) (3,4) (4,4) (5,4) (5,5) (6,5)
  facet 10649: (1,0) (1,1) (1,2) (2,2) (3,2) (3,3) (3,4) (4,4) (5,4) (5,5) (6,5)
  facet 10650: (1,0) (1,1) (2,1) (2,2) (3,2) (3,3) (3,4) (4,4) (5,4) (5,5) (6,5)
  facet 10651: (1,0) (2,0) (2,1) (2,2) (3,2) (3,3) (3,4) (4,4) (5,4) (5,5) (6,5)
  facet 10652: (1,0) (1,1) (2,1) (3,1) (3,2) (3,3) (3,4) (4,4) (5,4) (5,5) (6,5)
  facet 10653: (1,0) (2,0) (2,1) (3,1) (3,2) (3,3) (3,4) (4,4) (5,4) (5,5) (6,5)
  facet 10654: (1,0) (2,0) (3,0) (3,1) (3,2) (3,3) (3,4) (4,4) (5,4) (5,5) (6,5)
  facet 10655: (1,0) (1,1) (1,2) (1,3) (2,3) (3,3) (4,3) (4,4) (5,4) (5,5) (6,5)
  facet 10656: (1,0) (1,1) (1,2) (2,2) (2,3) (3,3) (4,3) (4,4) (5,4) (5,5) (6,5)
  facet 10657: (1,0) (1,1) (2,1) (2,2) (2,3) (3,3) (4,3) (4,4) (5,4) (5,5) (6,5)
  facet 10658: (1,0) (2,0) (2,1) (2,2) (2,3) (3,3) (4,3) (4,4) (5,4) (5,5) (6,5)
  facet 10659: (1,0) (1,1) (1,2) (2,2) (3,2) (3,3) (4,3) (4,4) (5,4) (5,5) (6,5)
  facet 10660: (1,0) (1,1) (2,1) (2,2) (3,2) (3,3) (4,3) (4,4) (5,4) (5,5) (6,5)
  facet 10661: (1,0) (2,0) (2,1) (2,2) (3,2) (3,3) (4,3) (4,4) (5,4) (5,5) (6,5)
  facet 10662: (1,0) (1,1) (2,1) (3,1) (3,2) (3,3) (4,3) (4,4) (5,4) (5,5) (6,5)
  facet 10663: (1,0) (2,0) (2,1) (3,1) (3,2) (3,3) (4,3) (4,4) (5,4) (5,5) (6,5)
  facet 10664: (1,0) (2,0) (3,0) (3,1) (3,2) (3,3) (4,3) (4,4) (5,4) (5,5) (6,5)
  facet 10665: (1,0) (1,1) (1,2) (2,2) (3,2) (4,2) (4,3) (4,4) (5,4) (5,5) (6,5)
  facet 10666: (1,0) (1,1) (2,1) (2,2) (3,2) (4,2) (4,3) (4,4) (5,4) (5,5) (6,5)
  facet 10667: (1,0) (2,0) (2,1) (2,2) (3,2) (4,2) (4,3) (4,4) (5,4) (5,5) (6,5)
  facet 10668: (1,0) (1,1) (2,1) (3,1) (3,2) (4,2) (4,3) (4,4) (5,4) (5,5) (6,5)
  facet 10669: (1,0) (2,0) (2,1) (3,1) (3,2) (4,2) (4,3) (4,4) (5,4) (5,5) (6,5)
  facet 10670: (1,0) (2,0) (3,0) (3,1) (3,2) (4,2) (4,3) (4,4) (5,4) (5,5) (6,5)
  facet 10671: (1,0) (1,1) (2,1) (3,1) (4,1) (4,2) (4,3) (4,4) (5,4) (5,5) (6,5)
  facet 10672: (1,0) (2,0) (2,1) (3,1) (4,1) (4,2) (4,3) (4,4) (5,4) (5,5) (6,5)
  facet 10673: (1,0) (2,0) (3,0) (3,1) (4,1) (4,2) (4,3) (4,4) (5,4) (5,5) (6,5)
  facet 10674: (1,0) (2,0) (3,0) (4,0) (4,1) (4,2) (4,3) (4,4) (5,4) (5,5) (6,5)
  facet 10675: (1,0) (1,1) (1,2) (1,3) (2,3) (3,3) (4,3) (5,3) (5,4) (5,5) (6,5)
  facet 10676: (1,0) (1,1) (1,2) (2,2) (2,3) (3,3) (4,3) (5,3) (5,4) (5,5) (6,5)
  facet 10677: (1,0) (1,1) (2,1) (2,2) (2,3) (3,3) (4,3) (5,3) (5,4) (5,5) (6,5)
  facet 10678: (1,0) (2,0) (2,1) (2,2) (2,3) (3,3) (4,3) (5,3) (5,4) (5,5) (6,5)
  facet 10679: (1,0) (1,1) (1,2) (2,2) (3,2) (3,3) (4,3) (5,3) (5,4) (5,5) (6,5)
  facet 10680: (1,0) (1,1) (2,1) (2,2) (3,2) (3,3) (4,3) (5,3) (5,4) (5,5) (6,5)
  facet 10681: (1,0) (2,0) (2,1) (2,2) (3,2) (3,3) (4,3) (5,3) (5,4) (5,5) (6,5)
  facet 10682: (1,0) (1,1) (2,1) (3,1) (3,2) (3,3) (4,3) (5,3) (5,4) (5,5) (6,5)
  facet 10683: (1,0) (2,0) (2,1) (3,1) (3,2) (3,3) (4,3) (5,3) (5,4) (5,5) (6,5)
  facet 10684: (1,0) (2,0) (3,0) (3,1) (3,2) (3,3) (4,3) (5,3) (5,4) (5,5) (6,5)
  facet 10685: (1,0) (1,1) (1,2) (2,2) (3,2) (4,2) (4,3) (5,3) (5,4) (5,5) (6,5)
  facet 10686: (1,0) (1,1) (2,1) (2,2) (3,2) (4,2) (4,3) (5,3) (5,4) (5,5) (6,5)
  facet 10687: (1,0) (2,0) (2,1) (2,2) (3,2) (4,2) (4,3) (5,3) (5,4) (5,5) (6,5)
  facet 10688: (1,0) (1,1) (2,1) (3,1) (3,2) (4,2) (4,3) (5,3) (5,4) (5,5) (6,5)
  facet 10689: (1,0) (2,0) (2,1) (3,1) (3,2) (4,2) (4,3) (5,3) (5,4) (5,5) (6,5)
  facet 10690: (1,0) (2,0) (3,0) (3,1) (3,2) (4,2) (4,3) (5,3) (5,4) (5,5) (6,5)
  facet 10691: (1,0) (1,1) (2,1) (3,1) (4,1) (4,2) (4,3) (5,3) (5,4) (5,5) (6,5)
  facet 10692: (1,0) (2,0) (2,1) (3,1) (4,1) (4,2) (4,3) (5,3) (5,4) (5,5) (6,5)
  facet 10693: (1,0) (2,0) (3,0) (3,1) (4,1) (4,2) (4,3) (5,3) (5,4) (5,5) (6,5)
  facet 10694: (1,0) (2,0) (3,0) (4,0) (4,1) (4,2) (4,3) (5,3) (5,4) (5,5) (6,5)
  facet 10695: (1,0) (1,1) (1,2) (2,2) (3,2) (4,2) (5,2) (5,3) (5,4) (5,5) (6,5)
  facet 10696: (1,0) (1,1) (2,1) (2,2) (3,2) (4,2) (5,2) (5,3) (5,4) (5,5) (6,5)
  facet 10697: (1,0) (2,0) (2,1) (2,2) (3,2) (4,2) (5,2) (5,3) (5,4) (5,5) (6,5)
  facet 10698: (1,0) (1,1) (2,1) (3,1) (3,2) (4,2) (5,2) (5,3) (5,4) (5,5) (6,5)
  facet 10699: (1,0) (2,0) (2,1) (3,1) (3,2) (4,2) (5,2) (5,3) (5,4) (5,5) (6,5)
  facet 10700: (1,0) (2,0) (3,0) (3,1) (3,2) (4,2) (5,2) (5,3) (5,4) (5,5) (6,5)
  facet 10701: (1,0) (1,1) (2,1) (3,1) (4,1) (4,2) (5,2) (5,3) (5,4) (5,5) (6,5)
  facet 10702: (1,0) (2,0) (2,1) (3,1) (4,1) (4,2) (5,2) (5,3) (5,4) (5,5) (6,5)
  facet 10703: (1,0) (2,0) (3,0) (3,1) (4,1) (4,2) (5,2) (5,3) (5,4) (5,5) (6,5)
  facet 10704: (1,0) (2,0) (3,0) (4,0) (4,1) (4,2) (5,2) (5,3) (5,4) (5,5) (6,5)
  facet 10705: (1,0) (1,1) (2,1) (3,1) (4,1) (5,1) (5,2) (5,3) (5,4) (5,5) (6,5)
  facet 10706: (1,0) (2,0) (2,1) (3,1) (4,1) (5,1) (5,2) (5,3) (5,4) (5,5) (6,5)
  facet 10707: (1,0) (2,0) (3,0) (3,1) (4,1) (5,1) (5,2) (5,3) (5,4) (5,5) (6,5)
  facet 10708: (1,0) (2,0) (3,0) (4,0) (4,1) (5,1) (5,2) (5,3) (5,4) (5,5) (6,5)
  facet 10709: (1,0) (2,0) (3,0) (4,0) (5,0) (5,1) (5,2) (5,3) (5,4) (5,5) (6,5)
  facet 10710: (1,0) (1,1) (1,2) (1,3) (1,4) (2,4) (3,4) (4,4) (5,4) (6,4) (6,5)
  facet 10711: (1,0) (1,1) (1,2) (1,3) (2,3) (2,4) (3,4) (4,4) (5,4) (6,4) (6,5)
  facet 10712: (1,0) (1,1) (1,2) (2,2) (2,3) (2,4) (3,4) (4,4) (5,4) (6,4) (6,5)
  facet 10713: (1,0) (1,1) (2,1) (2,2) (2,3) (2,4) (3,4) (4,4) (5,4) (6,4) (6,5)
  facet 10714: (1,0) (2,0) (2,1) (2,2) (2,3) (2,4) (3,4) (4,4) (5,4) (6,4) (6,5)
  facet 10715: (1,0) (1,1) (1,2) (1,3) (2,3) (3,3) (3,4) (4,4) (5,4) (6,4) (6,5)
  facet 10716: (1,0) (1,1) (1,2) (2,2) (2,3) (3,3) (3,4) (4,4) (5,4) (6,4) (6,5)
  facet 10717: (1,0) (1,1) (2,1) (2,2) (2,3) (3,3) (3,4) (4,4) (5,4) (6,4) (6,5)
  facet 10718: (1,0) (2,0) (2,1) (2,2) (2,3) (3,3) (3,4) (4,4) (5,4) (6,4) (6,5)
  facet 10719: (1,0) (1,1) (1,2) (2,2) (3,2) (3,3) (3,4) (4,4) (5,4) (6,4) (6,5)
  facet 10720: (1,0) (1,1) (2,1) (2,2) (3,2) (3,3) (3,4) (4,4) (5,4) (6,4) (6,5)
  facet 10721: (1,0) (2,0) (2,1) (2,2) (3,2) (3,3) (3,4) (4,4) (5,4) (6,4) (6,5)
  facet 10722: (1,0) (1,1) (2,1) (3,1) (3,2) (3,3) (3,4) (4,4) (5,4) (6,4) (6,5)
  facet 10723: (1,0) (2,0) (2,1) (3,1) (3,2) (3,3) (3,4) (4,4) (5,4) (6,4) (6,5)
  facet 10724: (1,0) (2,0) (3,0) (3,1) (3,2) (3,3) (3,4) (4,4) (5,4) (6,4) (6,5)
  facet 10725: (1,0) (1,1) (1,2) (1,3) (2,3) (3,3) (4,3) (4,4) (5,4) (6,4) (6,5)
  facet 10726: (1,0) (1,1) (1,2) (2,2) (2,3) (3,3) (4,3) (4,4) (5,4) (6,4) (6,5)
  facet 10727: (1,0) (1,1) (2,1) (2,2) (2,3) (3,3) (4,3) (4,4) (5,4) (6,4) (6,5)
  facet 10728: (1,0) (2,0) (2,1) (2,2) (2,3) (3,3) (4,3) (4,4) (5,4) (6,4) (6,5)
  facet 10729: (1,0) (1,1) (1,2) (2,2) (3,2) (3,3) (4,3) (4,4) (5,4) (6,4) (6,5)
  facet 10730: (1,0) (1,1) (2,1) (2,2) (3,2) (3,3) (4,3) (4,4) (5,4) (6,4) (6,5)
  facet 10731: (1,0) (2,0) (2,1) (2,2) (3,2) (3,3) (4,3) (4,4) (5,4) (6,4) (6,5)
  facet 10732: (1,0) (1,1) (2,1) (3,1) (3,2) (3,3) (4,3) (4,4) (5,4) (6,4) (6,5)
  facet 10733: (1,0) (2,0) (2,1) (3,1) (3,2) (3,3) (4,3) (4,4) (5,4) (6,4) (6,5)
  facet 10734: (1,0) (2,0) (3,0) (3,1) (3,2) (3,3) (4,3) (4,4) (5,4) (6,4) (6,5)
  facet 10735: (1,0) (1,1) (1,2) (2,2) (3,2) (4,2) (4,3) (4,4) (5,4) (6,4) (6,5)
  facet 10736: (1,0) (1,1) (2,1) (2,2) (3,2) (4,2) (4,3) (4,4) (5,4) (6,4) (6,5)
  facet 10737: (1,0) (2,0) (2,1) (2,2) (3,2) (4,2) (4,3) (4,4) (5,4) (6,4) (6,5)
  facet 10738: (1,0) (1,1) (2,1) (3,1) (3,2) (4,2) (4,3) (4,4) (5,4) (6,4) (6,5)
  facet 10739: (1,0) (2,0) (2,1) (3,1) (3,2) (4,2) (4,3) (4,4) (5,4) (6,4) (6,5)
  facet 10740: (1,0) (2,0) (3,0) (3,1) (3,2) (4,2) (4,3) (4,4) (5,4) (6,4) (6,5)
  facet 10741: (1,0) (1,1) (2,1) (3,1) (4,1) (4,2) (4,3) (4,4) (5,4) (6,4) (6,5)
  facet 10742: (1,0) (2,0) (2,1) (3,1) (4,1) (4,2) (4,3) (4,4) (5,4) (6,4) (6,5)
  facet 10743: (1,0) (2,0) (3,0) (3,1) (4,1) (4,2) (4,3) (4,4) (5,4) (6,4) (6,5)
  facet 10744: (1,0) (2,0) (3,0) (4,0) (4,1) (4,2) (4,3) (4,4) (5,4) (6,4) (6,5)
  facet 10745: (1,0) (1,1) (1,2) (1,3) (2,3) (3,3) (4,3) (5,3) (5,4) (6,4) (6,5)
  facet 10746: (1,0) (1,1) (1,2) (2,2) (2,3) (3,3) (4,3) (5,3) (5,4) (6,4) (6,5)
  facet 10747: (1,0) (1,1) (2,1) (2,2) (2,3) (3,3) (4,3) (5,3) (5,4) (6,4) (6,5)
  facet 10748: (1,0) (2,0) (2,1) (2,2) (2,3) (3,3) (4,3) (5,3) (5,4) (6,4) (6,5)
  facet 10749: (1,0) (1,1) (1,2) (2,2) (3,2) (3,3) (4,3) (5,3) (5,4) (6,4) (6,5)
  facet 10750: (1,0) (1,1) (2,1) (2,2) (3,2) (3,3) (4,3) (5,3) (5,4) (6,4) (6,5)
  facet 10751: (1,0) (2,0) (2,1) (2,2) (3,2) (3,3) (4,3) (5,3) (5,4) (6,4) (6,5)
  facet 10752: (1,0) (1,1) (2,1) (3,1) (3,2) (3,3) (4,3) (5,3) (5,4) (6,4) (6,5)
  facet 10753: (1,0) (2,0) (2,1) (3,1) (3,2) (3,3) (4,3) (5,3) (5,4) (6,4) (6,5)
  facet 10754: (1,0) (2,0) (3,0) (3,1) (3,2) (3,3) (4,3) (5,3) (5,4) (6,4) (6,5)
  facet 10755: (1,0) (1,1) (1,2) (2,2) (3,2) (4,2) (4,3) (5,3) (5,4) (6,4) (6,5)
  facet 10756: (1,0) (1,1) (2,1) (2,2) (3,2) (4,2) (4,3) (5,3) (5,4) (6,4) (6,5)
  facet 10757: (1,0) (2,0) (2,1) (2,2) (3,2) (4,2) (4,3) (5,3) (5,4) (6,4) (6,5)
  facet 10758: (1,0) (1,1) (2,1) (3,1) (3,2) (4,2) (4,3) (5,3) (5,4) (6,4) (6,5)
  facet 10759: (1,0) (2,0) (2,1) (3,1) (3,2) (4,2) (4,3) (5,3) (5,4) (6,4) (6,5)
  facet 10760: (1,0) (2,0) (3,0) (3,1) (3,2) (4,2) (4,3) (5,3) (5,4) (6,4) (6,5)
  facet 10761: (1,0) (1,1) (2,1) (3,1) (4,1) (4,2) (4,3) (5,3) (5,4) (6,4) (6,5)
  facet 10762: (1,0) (2,0) (2,1) (3,1) (4,1) (4,2) (4,3) (5,3) (5,4) (6,4) (6,5)
  facet 10763: (1,0) (2,0) (3,0) (3,1) (4,1) (4,2) (4,3) (5,3) (5,4) (6,4) (6,5)
  facet 10764: (1,0) (2,0) (3,0) (4,0) (4,1) (4,2) (4,3) (5,3) (5,4) (6,4) (6,5)
  facet 10765: (1,0) (1,1) (1,2) (2,2) (3,2) (4,2) (5,2) (5,3) (5,4) (6,4) (6,5)
  facet 10766: (1,0) (1,1) (2,1) (2,2) (3,2) (4,2) (5,2) (5,3) (5,4) (6,4) (6,5)
  facet 10767: (1,0) (2,0) (2,1) (2,2) (3,2) (4,2) (5,2) (5,3) (5,4) (6,4) (6,5)
  facet 10768: (1,0) (1,1) (2,1) (3,1) (3,2) (4,2) (5,2) (5,3) (5,4) (6,4) (6,5)
  facet 10769: (1,0) (2,0) (2,1) (3,1) (3,2) (4,2) (5,2) (5,3) (5,4) (6,4) (6,5)
  facet 10770: (1,0) (2,0) (3,0) (3,1) (3,2) (4,2) (5,2) (5,3) (5,4) (6,4) (6,5)
  facet 10771: (1,0) (1,1) (2,1) (3,1) (4,1) (4,2) (5,2) (5,3) (5,4) (6,4) (6,5)
  facet 10772: (1,0) (2,0) (2,1) (3,1) (4,1) (4,2) (5,2) (5,3) (5,4) (6,4) (6,5)
  facet 10773: (1,0) (2,0) (3,0) (3,1) (4,1) (4,2) (5,2) (5,3) (5,4) (6,4) (6,5)
  facet 10774: (1,0) (2,0) (3,0) (4,0) (4,1) (4,2) (5,2) (5,3) (5,4) (6,4) (6,5)
  facet 10775: (1,0) (1,1) (2,1) (3,1) (4,1) (5,1) (5,2) (5,3) (5,4) (6,4) (6,5)
  facet 10776: (1,0) (2,0) (2,1) (3,1) (4,1) (5,1) (5,2) (5,3) (5,4) (6,4) (6,5)
  facet 10777: (1,0) (2,0) (3,0) (3,1) (4,1) (5,1) (5,2) (5,3) (5,4) (6,4) (6,5)
  facet 10778: (1,0) (2,0) (3,0) (4,0) (4,1) (5,1) (5,2) (5,3) (5,4) (6,4) (6,5)
  facet 10779: (1,0) (2,0) (3,0) (4,0) (5,0) (5,1) (5,2) (5,3) (5,4) (6,4) (6,5)
  facet 10780: (1,0) (1,1) (1,2) (1,3) (2,3) (3,3) (4,3) (5,3) (6,3) (6,4) (6,5)
  facet 10781: (1,0) (1,1) (1,2) (2,2) (2,3) (3,3) (4,3) (5,3) (6,3) (6,4) (6,5)
  facet 10782: (1,0) (1,1) (2,1) (2,2) (2,3) (3,3) (4,3) (5,3) (6,3) (6,4) (6,5)
  facet 10783: (1,0) (2,0) (2,1) (2,2) (2,3) (3,3) (4,3) (5,3) (6,3) (6,4) (6,5)
  facet 10784: (1,0) (1,1) (1,2) (2,2) (3,2) (3,3) (4,3) (5,3) (6,3) (6,4) (6,5)
  facet 10785: (1,0) (1,1) (2,1) (2,2) (3,2) (3,3) (4,3) (5,3) (6,3) (6,4) (6,5)
  facet 10786: (1,0) (2,0) (2,1) (2,2) (3,2) (3,3) (4,3) (5,3) (6,3) (6,4) (6,5)
  facet 10787: (1,0) (1,1) (2,1) (3,1) (3,2) (3,3) (4,3) (5,3) (6,3) (6,4) (6,5)
  facet 10788: (1,0) (2,0) (2,1) (3,1) (3,2) (3,3) (4,3) (5,3) (6,3) (6,4) (6,5)
  facet 10789: (1,0) (2,0) (3,0) (3,1) (3,2) (3,3) (4,3) (5,3) (6,3) (6,4) (6,5)
  facet 10790: (1,0) (1,1) (1,2) (2,2) (3,2) (4,2) (4,3) (5,3) (6,3) (6,4) (6,5)
  facet 10791: (1,0) (1,1) (2,1) (2,2) (3,2) (4,2) (4,3) (5,3) (6,3) (6,4) (6,5)
  facet 10792: (1,0) (2,0) (2,1) (2,2) (3,2) (4,2) (4,3) (5,3) (6,3) (6,4) (6,5)
  facet 10793: (1,0) (1,1) (2,1) (3,1) (3,2) (4,2) (4,3) (5,3) (6,3) (6,4) (6,5)
  facet 10794: (1,0) (2,0) (2,1) (3,1) (3,2) (4,2) (4,3) (5,3) (6,3) (6,4) (6,5)
  facet 10795: (1,0) (2,0) (3,0) (3,1) (3,2) (4,2) (4,3) (5,3) (6,3) (6,4) (6,5)
  facet 10796: (1,0) (1,1) (2,1) (3,1) (4,1) (4,2) (4,3) (5,3) (6,3) (6,4) (6,5)
  facet 10797: (1,0) (2,0) (2,1) (3,1) (4,1) (4,2) (4,3) (5,3) (6,3) (6,4) (6,5)
  facet 10798: (1,0) (2,0) (3,0) (3,1) (4,1) (4,2) (4,3) (5,3) (6,3) (6,4) (6,5)
  facet 10799: (1,0) (2,0) (3,0) (4,0) (4,1) (4,2) (4,3) (5,3) (6,3) (6,4) (6,5)
  facet 10800: (1,0) (1,1) (1,2) (2,2) (3,2) (4,2) (5,2) (5,3) (6,3) (6,4) (6,5)
  facet 10801: (1,0) (1,1) (2,1) (2,2) (3,2) (4,2) (5,2) (5,3) (6,3) (6,4) (6,5)
  facet 10802: (1,0) (2,0) (2,1) (2,2) (3,2) (4,2) (5,2) (5,3) (6,3) (6,4) (6,5)
  facet 10803: (1,0) (1,1) (2,1) (3,1) (3,2) (4,2) (5,2) (5,3) (6,3) (6,4) (6,5)
  facet 10804: (1,0) (2,0) (2,1) (3,1) (3,2) (4,2) (5,2) (5,3) (6,3) (6,4) (6,5)
  facet 10805: (1,0) (2,0) (3,0) (3,1) (3,2) (4,2) (5,2) (5,3) (6,3) (6,4) (6,5)
  facet 10806: (1,0) (1,1) (2,1) (3,1) (4,1) (4,2) (5,2) (5,3) (6,3) (6,4) (6,5)
  facet 10807: (1,0) (2,0) (2,1) (3,1) (4,1) (4,2) (5,2) (5,3) (6,3) (6,4) (6,5)
  facet 10808: (1,0) (2,0) (3,0) (3,1) (4,1) (4,2) (5,2) (5,3) (6,3) (6,4) (6,5)
  facet 10809: (1,0) (2,0) (3,0) (4,0) (4,1) (4,2) (5,2) (5,3) (6,3) (6,4) (6,5)
  facet 10810: (1,0) (1,1) (2,1) (3,1) (4,1) (5,1) (5,2) (5,3) (6,3) (6,4) (6,5)
  facet 10811: (1,0) (2,0) (2,1) (3,1) (4,1) (5,1) (5,2) (5,3) (6,3) (6,4) (6,5)
  facet 10812: (1,0) (2,0) (3,0) (3,1) (4,1) (5,1) (5,2) (5,3) (6,3) (6,4) (6,5)
  facet 10813: (1,0) (2,0) (3,0) (4,0) (4,1) (5,1) (5,2) (5,3) (6,3) (6,4) (6,5)
  facet 10814: (1,0) (2,0) (3,0) (4,0) (5,0) (5,1) (5,2) (5,3) (6,3) (6,4) (6,5)
  facet 10815: (1,0) (1,1) (1,2) (2,2) (3,2) (4,2) (5,2) (6,2) (6,3) (6,4) (6,5)
  facet 10816: (1,0) (1,1) (2,1) (2,2) (3,2) (4,2) (5,2) (6,2) (6,3) (6,4) (6,5)
  facet 10817: (1,0) (2,0) (2,1) (2,2) (3,2) (4,2) (5,2) (6,2) (6,3) (6,4) (6,5)
  facet 10818: (1,0) (1,1) (2,1) (3,1) (3,2) (4,2) (5,2) (6,2) (6,3) (6,4) (6,5)
  facet 10819: (1,0) (2,0) (2,1) (3,1) (3,2) (4,2) (5,2) (6,2) (6,3) (6,4) (6,5)
  facet 10820: (1,0) (2,0) (3,0) (3,1) (3,2) (4,2) (5,2) (6,2) (6,3) (6,4) (6,5)
  facet 10821: (1,0) (1,1) (2,1) (3,1) (4,1) (4,2) (5,2) (6,2) (6,3) (6,4) (6,5)
  facet 10822: (1,0) (2,0) (2,1) (3,1) (4,1) (4,2) (5,2) (6,2) (6,3) (6,4) (6,5)
  facet 10823: (1,0) (2,0) (3,0) (3,1) (4,1) (4,2) (5,2) (6,2) (6,3) (6,4) (6,5)
  facet 10824: (1,0) (2,0) (3,0) (4,0) (4,1) (4,2) (5,2) (6,2) (6,3) (6,4) (6,5)
  facet 10825: (1,0) (1,1) (2,1) (3,1) (4,1) (5,1) (5,2) (6,2) (6,3) (6,4) (6,5)
  facet 10826: (1,0) (2,0) (2,1) (3,1) (4,1) (5,1) (5,2) (6,2) (6,3) (6,4) (6,5)
  facet 10827: (1,0) (2,0) (3,0) (3,1) (4,1) (5,1) (5,2) (6,2) (6,3) (6,4) (6,5)
  facet 10828: (1,0) (2,0) (3,0) (4,0) (4,1) (5,1) (5,2) (6,2) (6,3) (6,4) (6,5)
  facet 10829: (1,0) (2,0) (3,0) (4,0) (5,0) (5,1) (5,2) (6,2) (6,3) (6,4) (6,5)
  facet 10830: (1,0) (1,1) (2,1) (3,1) (4,1) (5,1) (6,1) (6,2) (6,3) (6,4) (6,5)
  facet 10831: (1,0) (2,0) (2,1) (3,1) (4,1) (5,1) (6,1) (6,2) (6,3) (6,4) (6,5)
  facet 10832: (1,0) (2,0) (3,0) (3,1) (4,1) (5,1) (6,1) (6,2) (6,3) (6,4) (6,5)
  facet 10833: (1,0) (2,0) (3,0) (4,0) (4,1) (5,1) (6,1) (6,2) (6,3) (6,4) (6,5)
  facet 10834: (1,0) (2,0) (3,0) (4,0) (5,0) (5,1) (6,1) (6,2) (6,3) (6,4) (6,5)
  facet 10835: (1,0) (2,0) (3,0) (4,0) (5,0) (6,0) (6,1) (6,2) (6,3) (6,4) (6,5)
  facet 10836: (1,0) (1,1) (1,2) (1,3) (1,4) (1,6) (2,6) (3,6) (4,6) (5,6) (6,6)
  facet 10837: (1,0) (1,1) (1,2) (1,3) (1,4) (2,4) (2,6) (3,6) (4,6) (5,6) (6,6)
  facet 10838: (1,0) (1,1) (1,2) (1,3) (2,3) (2,4) (2,6) (3,6) (4,6) (5,6) (6,6)
  facet 10839: (1,0) (1,1) (1,2) (2,2) (2,3) (2,4) (2,6) (3,6) (4,6) (5,6) (6,6)
  facet 10840: (1,0) (1,1) (2,1) (2,2) (2,3) (2,4) (2,6) (3,6) (4,6) (5,6) (6,6)
  facet 10841: (1,0) (2,0) (2,1) (2,2) (2,3) (2,4) (2,6) (3,6) (4,6) (5,6) (6,6)
  facet 10842: (1,0) (1,1) (1,2) (1,3) (1,4) (2,4) (3,4) (3,6) (4,6) (5,6) (6,6)
  facet 10843: (1,0) (1,1) (1,2) (1,3) (2,3) (2,4) (3,4) (3,6) (4,6) (5,6) (6,6)
  facet 10844: (1,0) (1,1) (1,2) (2,2) (2,3) (2,4) (3,4) (3,6) (4,6) (5,6) (6,6)
  facet 10845: (1,0) (1,1) (2,1) (2,2) (2,3) (2,4) (3,4) (3,6) (4,6) (5,6) (6,6)
  facet 10846: (1,0) (2,0) (2,1) (2,2) (2,3) (2,4) (3,4) (3,6) (4,6) (5,6) (6,6)
  facet 10847: (1,0) (1,1) (1,2) (1,3) (2,3) (3,3) (3,4) (3,6) (4,6) (5,6) (6,6)
  facet 10848: (1,0) (1,1) (1,2) (2,2) (2,3) (3,3) (3,4) (3,6) (4,6) (5,6) (6,6)
  facet 10849: (1,0) (1,1) (2,1) (2,2) (2,3) (3,3) (3,4) (3,6) (4,6) (5,6) (6,6)
  facet 10850: (1,0) (2,0) (2,1) (2,2) (2,3) (3,3) (3,4) (3,6) (4,6) (5,6) (6,6)
  facet 10851: (1,0) (1,1) (1,2) (2,2) (3,2) (3,3) (3,4) (3,6) (4,6) (5,6) (6,6)
  facet 10852: (1,0) (1,1) (2,1) (2,2) (3,2) (3,3) (3,4) (3,6) (4,6) (5,6) (6,6)
  facet 10853: (1,0) (2,0) (2,1) (2,2) (3,2) (3,3) (3,4) (3,6) (4,6) (5,6) (6,6)
  facet 10854: (1,0) (1,1) (2,1) (3,1) (3,2) (3,3) (3,4) (3,6) (4,6) (5,6) (6,6)
  facet 10855: (1,0) (2,0) (2,1) (3,1) (3,2) (3,3) (3,4) (3,6) (4,6) (5,6) (6,6)
  facet 10856: (1,0) (2,0) (3,0) (3,1) (3,2) (3,3) (3,4) (3,6) (4,6) (5,6) (6,6)
  facet 10857: (1,0) (1,1) (1,2) (1,3) (1,4) (2,4) (3,4) (4,4) (4,6) (5,6) (6,6)
  facet 10858: (1,0) (1,1) (1,2) (1,3) (2,3) (2,4) (3,4) (4,4) (4,6) (5,6) (6,6)
  facet 10859: (1,0) (1,1) (1,2) (2,2) (2,3) (2,4) (3,4) (4,4) (4,6) (5,6) (6,6)
  facet 10860: (1,0) (1,1) (2,1) (2,2) (2,3) (2,4) (3,4) (4,4) (4,6) (5,6) (6,6)
  facet 10861: (1,0) (2,0) (2,1) (2,2) (2,3) (2,4) (3,4) (4,4) (4,6) (5,6) (6,6)
  facet 10862: (1,0) (1,1) (1,2) (1,3) (2,3) (3,3) (3,4) (4,4) (4,6) (5,6) (6,6)
  facet 10863: (1,0) (1,1) (1,2) (2,2) (2,3) (3,3) (3,4) (4,4) (4,6) (5,6) (6,6)
  facet 10864: (1,0) (1,1) (2,1) (2,2) (2,3) (3,3) (3,4) (4,4) (4,6) (5,6) (6,6)
  facet 10865: (1,0) (2,0) (2,1) (2,2) (2,3) (3,3) (3,4) (4,4) (4,6) (5,6) (6,6)
  facet 10866: (1,0) (1,1) (1,2) (2,2) (3,2) (3,3) (3,4) (4,4) (4,6) (5,6) (6,6)
  facet 10867: (1,0) (1,1) (2,1) (2,2) (3,2) (3,3) (3,4) (4,4) (4,6) (5,6) (6,6)
  facet 10868: (1,0) (2,0) (2,1) (2,2) (3,2) (3,3) (3,4) (4,4) (4,6) (5,6) (6,6)
  facet 10869: (1,0) (1,1) (2,1) (3,1) (3,2) (3,3) (3,4) (4,4) (4,6) (5,6) (6,6)
  facet 10870: (1,0) (2,0) (2,1) (3,1) (3,2) (3,3) (3,4) (4,4) (4,6) (5,6) (6,6)
  facet 10871: (1,0) (2,0) (3,0) (3,1) (3,2) (3,3) (3,4) (4,4) (4,6) (5,6) (6,6)
  facet 10872: (1,0) (1,1) (1,2) (1,3) (2,3) (3,3) (4,3) (4,4) (4,6) (5,6) (6,6)
  facet 10873: (1,0) (1,1) (1,2) (2,2) (2,3) (3,3) (4,3) (4,4) (4,6) (5,6) (6,6)
  facet 10874: (1,0) (1,1) (2,1) (2,2) (2,3) (3,3) (4,3) (4,4) (4,6) (5,6) (6,6)
  facet 10875: (1,0) (2,0) (2,1) (2,2) (2,3) (3,3) (4,3) (4,4) (4,6) (5,6) (6,6)
  facet 10876: (1,0) (1,1) (1,2) (2,2) (3,2) (3,3) (4,3) (4,4) (4,6) (5,6) (6,6)
  facet 10877: (1,0) (1,1) (2,1) (2,2) (3,2) (3,3) (4,3) (4,4) (4,6) (5,6) (6,6)
  facet 10878: (1,0) (2,0) (2,1) (2,2) (3,2) (3,3) (4,3) (4,4) (4,6) (5,6) (6,6)
  facet 10879: (1,0) (1,1) (2,1) (3,1) (3,2) (3,3) (4,3) (4,4) (4,6) (5,6) (6,6)
  facet 10880: (1,0) (2,0) (2,1) (3,1) (3,2) (3,3) (4,3) (4,4) (4,6) (5,6) (6,6)
  facet 10881: (1,0) (2,0) (3,0) (3,1) (3,2) (3,3) (4,3) (4,4) (4,6) (5,6) (6,6)
  facet 10882: (1,0) (1,1) (1,2) (2,2) (3,2) (4,2) (4,3) (4,4) (4,6) (5,6) (6,6)
  facet 10883: (1,0) (1,1) (2,1) (2,2) (3,2) (4,2) (4,3) (4,4) (4,6) (5,6) (6,6)
  facet 10884: (1,0) (2,0) (2,1) (2,2) (3,2) (4,2) (4,3) (4,4) (4,6) (5,6) (6,6)
  facet 10885: (1,0) (1,1) (2,1) (3,1) (3,2) (4,2) (4,3) (4,4) (4,6) (5,6) (6,6)
  facet 10886: (1,0) (2,0) (2,1) (3,1) (3,2) (4,2) (4,3) (4,4) (4,6) (5,6) (6,6)
  facet 10887: (1,0) (2,0) (3,0) (3,1) (3,2) (4,2) (4,3) (4,4) (4,6) (5,6) (6,6)
  facet 10888: (1,0) (1,1) (2,1) (3,1) (4,1) (4,2) (4,3) (4,4) (4,6) (5,6) (6,6)
  facet 10889: (1,0) (2,0) (2,1) (3,1) (4,1) (4,2) (4,3) (4,4) (4,6) (5,6) (6,6)
  facet 10890: (1,0) (2,0) (3,0) (3,1) (4,1) (4,2) (4,3) (4,4) (4,6) (5,6) (6,6)
  facet 10891: (1,0) (2,0) (3,0) (4,0) (4,1) (4,2) (4,3) (4,4) (4,6) (5,6) (6,6)
  facet 10892: (1,0) (1,1) (1,2) (1,3) (1,4) (2,4) (3,4) (4,4) (5,4) (5,6) (6,6)
  facet 10893: (1,0) (1,1) (1,2) (1,3) (2,3) (2,4) (3,4) (4,4) (5,4) (5,6) (6,6)
  facet 10894: (1,0) (1,1) (1,2) (2,2) (2,3) (2,4) (3,4) (4,4) (5,4) (5,6) (6,6)
  facet 10895: (1,0) (1,1) (2,1) (2,2) (2,3) (2,4) (3,4) (4,4) (5,4) (5,6) (6,6)
  facet 10896: (1,0) (2,0) (2,1) (2,2) (2,3) (2,4) (3,4) (4,4) (5,4) (5,6) (6,6)
  facet 10897: (1,0) (1,1) (1,2) (1,3) (2,3) (3,3) (3,4) (4,4) (5,4) (5,6) (6,6)
  facet 10898: (1,0) (1,1) (1,2) (2,2) (2,3) (3,3) (3,4) (4,4) (5,4) (5,6) (6,6)
  facet 10899: (1,0) (1,1) (2,1) (2,2) (2,3) (3,3) (3,4) (4,4) (5,4) (5,6) (6,6)
  facet 10900: (1,0) (2,0) (2,1) (2,2) (2,3) (3,3) (3,4) (4,4) (5,4) (5,6) (6,6)
  facet 10901: (1,0) (1,1) (1,2) (2,2) (3,2) (3,3) (3,4) (4,4) (5,4) (5,6) (6,6)
  facet 10902: (1,0) (1,1) (2,1) (2,2) (3,2) (3,3) (3,4) (4,4) (5,4) (5,6) (6,6)
  facet 10903: (1,0) (2,0) (2,1) (2,2) (3,2) (3,3) (3,4) (4,4) (5,4) (5,6) (6,6)
  facet 10904: (1,0) (1,1) (2,1) (3,1) (3,2) (3,3) (3,4) (4,4) (5,4) (5,6) (6,6)
  facet 10905: (1,0) (2,0) (2,1) (3,1) (3,2) (3,3) (3,4) (4,4) (5,4) (5,6) (6,6)
  facet 10906: (1,0) (2,0) (3,0) (3,1) (3,2) (3,3) (3,4) (4,4) (5,4) (5,6) (6,6)
  facet 10907: (1,0) (1,1) (1,2) (1,3) (2,3) (3,3) (4,3) (4,4) (5,4) (5,6) (6,6)
  facet 10908: (1,0) (1,1) (1,2) (2,2) (2,3) (3,3) (4,3) (4,4) (5,4) (5,6) (6,6)
  facet 10909: (1,0) (1,1) (2,1) (2,2) (2,3) (3,3) (4,3) (4,4) (5,4) (5,6) (6,6)
  facet 10910: (1,0) (2,0) (2,1) (2,2) (2,3) (3,3) (4,3) (4,4) (5,4) (5,6) (6,6)
  facet 10911: (1,0) (1,1) (1,2) (2,2) (3,2) (3,3) (4,3) (4,4) (5,4) (5,6) (6,6)
  facet 10912: (1,0) (1,1) (2,1) (2,2) (3,2) (3,3) (4,3) (4,4) (5,4) (5,6) (6,6)
  facet 10913: (1,0) (2,0) (2,1) (2,2) (3,2) (3,3) (4,3) (4,4) (5,4) (5,6) (6,6)
  facet 10914: (1,0) (1,1) (2,1) (3,1) (3,2) (3,3) (4,3) (4,4) (5,4) (5,6) (6,6)
  facet 10915: (1,0) (2,0) (2,1) (3,1) (3,2) (3,3) (4,3) (4,4) (5,4) (5,6) (6,6)
  facet 10916: (1,0) (2,0) (3,0) (3,1) (3,2) (3,3) (4,3) (4,4) (5,4) (5,6) (6,6)
  facet 10917: (1,0) (1,1) (1,2) (2,2) (3,2) (4,2) (4,3) (4,4) (5,4) (5,6) (6,6)
  facet 10918: (1,0) (1,1) (2,1) (2,2) (3,2) (4,2) (4,3) (4,4) (5,4) (5,6) (6,6)
  facet 10919: (1,0) (2,0) (2,1) (2,2) (3,2) (4,2) (4,3) (4,4) (5,4) (5,6) (6,6)
  facet 10920: (1,0) (1,1) (2,1) (3,1) (3,2) (4,2) (4,3) (4,4) (5,4) (5,6) (6,6)
  facet 10921: (1,0) (2,0) (2,1) (3,1) (3,2) (4,2) (4,3) (4,4) (5,4) (5,6) (6,6)
  facet 10922: (1,0) (2,0) (3,0) (3,1) (3,2) (4,2) (4,3) (4,4) (5,4) (5,6) (6,6)
  facet 10923: (1,0) (1,1) (2,1) (3,1) (4,1) (4,2) (4,3) (4,4) (5,4) (5,6) (6,6)
  facet 10924: (1,0) (2,0) (2,1) (3,1) (4,1) (4,2) (4,3) (4,4) (5,4) (5,6) (6,6)
  facet 10925: (1,0) (2,0) (3,0) (3,1) (4,1) (4,2) (4,3) (4,4) (5,4) (5,6) (6,6)
  facet 10926: (1,0) (2,0) (3,0) (4,0) (4,1) (4,2) (4,3) (4,4) (5,4) (5,6) (6,6)
  facet 10927: (1,0) (1,1) (1,2) (1,3) (2,3) (3,3) (4,3) (5,3) (5,4) (5,6) (6,6)
  facet 10928: (1,0) (1,1) (1,2) (2,2) (2,3) (3,3) (4,3) (5,3) (5,4) (5,6) (6,6)
  facet 10929: (1,0) (1,1) (2,1) (2,2) (2,3) (3,3) (4,3) (5,3) (5,4) (5,6) (6,6)
  facet 10930: (1,0) (2,0) (2,1) (2,2) (2,3) (3,3) (4,3) (5,3) (5,4) (5,6) (6,6)
  facet 10931: (1,0) (1,1) (1,2) (2,2) (3,2) (3,3) (4,3) (5,3) (5,4) (5,6) (6,6)
  facet 10932: (1,0) (1,1) (2,1) (2,2) (3,2) (3,3) (4,3) (5,3) (5,4) (5,6) (6,6)
  facet 10933: (1,0) (2,0) (2,1) (2,2) (3,2) (3,3) (4,3) (5,3) (5,4) (5,6) (6,6)
  facet 10934: (1,0) (1,1) (2,1) (3,1) (3,2) (3,3) (4,3) (5,3) (5,4) (5,6) (6,6)
  facet 10935: (1,0) (2,0) (2,1) (3,1) (3,2) (3,3) (4,3) (5,3) (5,4) (5,6) (6,6)
  facet 10936: (1,0) (2,0) (3,0) (3,1) (3,2) (3,3) (4,3) (5,3) (5,4) (5,6) (6,6)
  facet 10937: (1,0) (1,1) (1,2) (2,2) (3,2) (4,2) (4,3) (5,3) (5,4) (5,6) (6,6)
  facet 10938: (1,0) (1,1) (2,1) (2,2) (3,2) (4,2) (4,3) (5,3) (5,4) (5,6) (6,6)
  facet 10939: (1,0) (2,0) (2,1) (2,2) (3,2) (4,2) (4,3) (5,3) (5,4) (5,6) (6,6)
  facet 10940: (1,0) (1,1) (2,1) (3,1) (3,2) (4,2) (4,3) (5,3) (5,4) (5,6) (6,6)
  facet 10941: (1,0) (2,0) (2,1) (3,1) (3,2) (4,2) (4,3) (5,3) (5,4) (5,6) (6,6)
  facet 10942: (1,0) (2,0) (3,0) (3,1) (3,2) (4,2) (4,3) (5,3) (5,4) (5,6) (6,6)
  facet 10943: (1,0) (1,1) (2,1) (3,1) (4,1) (4,2) (4,3) (5,3) (5,4) (5,6) (6,6)
  facet 10944: (1,0) (2,0) (2,1) (3,1) (4,1) (4,2) (4,3) (5,3) (5,4) (5,6) (6,6)
  facet 10945: (1,0) (2,0) (3,0) (3,1) (4,1) (4,2) (4,3) (5,3) (5,4) (5,6) (6,6)
  facet 10946: (1,0) (2,0) (3,0) (4,0) (4,1) (4,2) (4,3) (5,3) (5,4) (5,6) (6,6)
  facet 10947: (1,0) (1,1) (1,2) (2,2) (3,2) (4,2) (5,2) (5,3) (5,4) (5,6) (6,6)
  facet 10948: (1,0) (1,1) (2,1) (2,2) (3,2) (4,2) (5,2) (5,3) (5,4) (5,6) (6,6)
  facet 10949: (1,0) (2,0) (2,1) (2,2) (3,2) (4,2) (5,2) (5,3) (5,4) (5,6) (6,6)
  facet 10950: (1,0) (1,1) (2,1) (3,1) (3,2) (4,2) (5,2) (5,3) (5,4) (5,6) (6,6)
  facet 10951: (1,0) (2,0) (2,1) (3,1) (3,2) (4,2) (5,2) (5,3) (5,4) (5,6) (6,6)
  facet 10952: (1,0) (2,0) (3,0) (3,1) (3,2) (4,2) (5,2) (5,3) (5,4) (5,6) (6,6)
  facet 10953: (1,0) (1,1) (2,1) (3,1) (4,1) (4,2) (5,2) (5,3) (5,4) (5,6) (6,6)
  facet 10954: (1,0) (2,0) (2,1) (3,1) (4,1) (4,2) (5,2) (5,3) (5,4) (5,6) (6,6)
  facet 10955: (1,0) (2,0) (3,0) (3,1) (4,1) (4,2) (5,2) (5,3) (5,4) (5,6) (6,6)
  facet 10956: (1,0) (2,0) (3,0) (4,0) (4,1) (4,2) (5,2) (5,3) (5,4) (5,6) (6,6)
  facet 10957: (1,0) (1,1) (2,1) (3,1) (4,1) (5,1) (5,2) (5,3) (5,4) (5,6) (6,6)
  facet 10958: (1,0) (2,0) (2,1) (3,1) (4,1) (5,1) (5,2) (5,3) (5,4) (5,6) (6,6)
  facet 10959: (1,0) (2,0) (3,0) (3,1) (4,1) (5,1) (5,2) (5,3) (5,4) (5,6) (6,6)
  facet 10960: (1,0) (2,0) (3,0) (4,0) (4,1) (5,1) (5,2) (5,3) (5,4) (5,6) (6,6)
  facet 10961: (1,0) (2,0) (3,0) (4,0) (5,0) (5,1) (5,2) (5,3) (5,4) (5,6) (6,6)
  facet 10962: (1,0) (1,1) (1,2) (1,3) (1,4) (2,4) (3,4) (4,4) (5,4) (6,4) (6,6)
  facet 10963: (1,0) (1,1) (1,2) (1,3) (2,3) (2,4) (3,4) (4,4) (5,4) (6,4) (6,6)
  facet 10964: (1,0) (1,1) (1,2) (2,2) (2,3) (2,4) (3,4) (4,4) (5,4) (6,4) (6,6)
  facet 10965: (1,0) (1,1) (2,1) (2,2) (2,3) (2,4) (3,4) (4,4) (5,4) (6,4) (6,6)
  facet 10966: (1,0) (2,0) (2,1) (2,2) (2,3) (2,4) (3,4) (4,4) (5,4) (6,4) (6,6)
  facet 10967: (1,0) (1,1) (1,2) (1,3) (2,3) (3,3) (3,4) (4,4) (5,4) (6,4) (6,6)
  facet 10968: (1,0) (1,1) (1,2) (2,2) (2,3) (3,3) (3,4) (4,4) (5,4) (6,4) (6,6)
  facet 10969: (1,0) (1,1) (2,1) (2,2) (2,3) (3,3) (3,4) (4,4) (5,4) (6,4) (6,6)
  facet 10970: (1,0) (2,0) (2,1) (2,2) (2,3) (3,3) (3,4) (4,4) (5,4) (6,4) (6,6)
  facet 10971: (1,0) (1,1) (1,2) (2,2) (3,2) (3,3) (3,4) (4,4) (5,4) (6,4) (6,6)
  facet 10972: (1,0) (1,1) (2,1) (2,2) (3,2) (3,3) (3,4) (4,4) (5,4) (6,4) (6,6)
  facet 10973: (1,0) (2,0) (2,1) (2,2) (3,2) (3,3) (3,4) (4,4) (5,4) (6,4) (6,6)
  facet 10974: (1,0) (1,1) (2,1) (3,1) (3,2) (3,3) (3,4) (4,4) (5,4) (6,4) (6,6)
  facet 10975: (1,0) (2,0) (2,1) (3,1) (3,2) (3,3) (3,4) (4,4) (5,4) (6,4) (6,6)
  facet 10976: (1,0) (2,0) (3,0) (3,1) (3,2) (3,3) (3,4) (4,4) (5,4) (6,4) (6,6)
  facet 10977: (1,0) (1,1) (1,2) (1,3) (2,3) (3,3) (4,3) (4,4) (5,4) (6,4) (6,6)
  facet 10978: (1,0) (1,1) (1,2) (2,2) (2,3) (3,3) (4,3) (4,4) (5,4) (6,4) (6,6)
  facet 10979: (1,0) (1,1) (2,1) (2,2) (2,3) (3,3) (4,3) (4,4) (5,4) (6,4) (6,6)
  facet 10980: (1,0) (2,0) (2,1) (2,2) (2,3) (3,3) (4,3) (4,4) (5,4) (6,4) (6,6)
  facet 10981: (1,0) (1,1) (1,2) (2,2) (3,2) (3,3) (4,3) (4,4) (5,4) (6,4) (6,6)
  facet 10982: (1,0) (1,1) (2,1) (2,2) (3,2) (3,3) (4,3) (4,4) (5,4) (6,4) (6,6)
  facet 10983: (1,0) (2,0) (2,1) (2,2) (3,2) (3,3) (4,3) (4,4) (5,4) (6,4) (6,6)
  facet 10984: (1,0) (1,1) (2,1) (3,1) (3,2) (3,3) (4,3) (4,4) (5,4) (6,4) (6,6)
  facet 10985: (1,0) (2,0) (2,1) (3,1) (3,2) (3,3) (4,3) (4,4) (5,4) (6,4) (6,6)
  facet 10986: (1,0) (2,0) (3,0) (3,1) (3,2) (3,3) (4,3) (4,4) (5,4) (6,4) (6,6)
  facet 10987: (1,0) (1,1) (1,2) (2,2) (3,2) (4,2) (4,3) (4,4) (5,4) (6,4) (6,6)
  facet 10988: (1,0) (1,1) (2,1) (2,2) (3,2) (4,2) (4,3) (4,4) (5,4) (6,4) (6,6)
  facet 10989: (1,0) (2,0) (2,1) (2,2) (3,2) (4,2) (4,3) (4,4) (5,4) (6,4) (6,6)
  facet 10990: (1,0) (1,1) (2,1) (3,1) (3,2) (4,2) (4,3) (4,4) (5,4) (6,4) (6,6)
  facet 10991: (1,0) (2,0) (2,1) (3,1) (3,2) (4,2) (4,3) (4,4) (5,4) (6,4) (6,6)
  facet 10992: (1,0) (2,0) (3,0) (3,1) (3,2) (4,2) (4,3) (4,4) (5,4) (6,4) (6,6)
  facet 10993: (1,0) (1,1) (2,1) (3,1) (4,1) (4,2) (4,3) (4,4) (5,4) (6,4) (6,6)
  facet 10994: (1,0) (2,0) (2,1) (3,1) (4,1) (4,2) (4,3) (4,4) (5,4) (6,4) (6,6)
  facet 10995: (1,0) (2,0) (3,0) (3,1) (4,1) (4,2) (4,3) (4,4) (5,4) (6,4) (6,6)
  facet 10996: (1,0) (2,0) (3,0) (4,0) (4,1) (4,2) (4,3) (4,4) (5,4) (6,4) (6,6)
  facet 10997: (1,0) (1,1) (1,2) (1,3) (2,3) (3,3) (4,3) (5,3) (5,4) (6,4) (6,6)
  facet 10998: (1,0) (1,1) (1,2) (2,2) (2,3) (3,3) (4,3) (5,3) (5,4) (6,4) (6,6)
  facet 10999: (1,0) (1,1) (2,1) (2,2) (2,3) (3,3) (4,3) (5,3) (5,4) (6,4) (6,6)
  facet 11000: (1,0) (2,0) (2,1) (2,2) (2,3) (3,3) (4,3) (5,3) (5,4) (6,4) (6,6)
  facet 11001: (1,0) (1,1) (1,2) (2,2) (3,2) (3,3) (4,3) (5,3) (5,4) (6,4) (6,6)
  facet 11002: (1,0) (1,1) (2,1) (2,2) (3,2) (3,3) (4,3) (5,3) (5,4) (6,4) (6,6)
  facet 11003: (1,0) (2,0) (2,1) (2,2) (3,2) (3,3) (4,3) (5,3) (5,4) (6,4) (6,6)
  facet 11004: (1,0) (1,1) (2,1) (3,1) (3,2) (3,3) (4,3) (5,3) (5,4) (6,4) (6,6)
  facet 11005: (1,0) (2,0) (2,1) (3,1) (3,2) (3,3) (4,3) (5,3) (5,4) (6,4) (6,6)
  facet 11006: (1,0) (2,0) (3,0) (3,1) (3,2) (3,3) (4,3) (5,3) (5,4) (6,4) (6,6)
  facet 11007: (1,0) (1,1) (1,2) (2,2) (3,2) (4,2) (4,3) (5,3) (5,4) (6,4) (6,6)
  facet 11008: (1,0) (1,1) (2,1) (2,2) (3,2) (4,2) (4,3) (5,3) (5,4) (6,4) (6,6)
  facet 11009: (1,0) (2,0) (2,1) (2,2) (3,2) (4,2) (4,3) (5,3) (5,4) (6,4) (6,6)
  facet 11010: (1,0) (1,1) (2,1) (3,1) (3,2) (4,2) (4,3) (5,3) (5,4) (6,4) (6,6)
  facet 11011: (1,0) (2,0) (2,1) (3,1) (3,2) (4,2) (4,3) (5,3) (5,4) (6,4) (6,6)
  facet 11012: (1,0) (2,0) (3,0) (3,1) (3,2) (4,2) (4,3) (5,3) (5,4) (6,4) (6,6)
  facet 11013: (1,0) (1,1) (2,1) (3,1) (4,1) (4,2) (4,3) (5,3) (5,4) (6,4) (6,6)
  facet 11014: (1,0) (2,0) (2,1) (3,1) (4,1) (4,2) (4,3) (5,3) (5,4) (6,4) (6,6)
  facet 11015: (1,0) (2,0) (3,0) (3,1) (4,1) (4,2) (4,3) (5,3) (5,4) (6,4) (6,6)
  facet 11016: (1,0) (2,0) (3,0) (4,0) (4,1) (4,2) (4,3) (5,3) (5,4) (6,4) (6,6)
  facet 11017: (1,0) (1,1) (1,2) (2,2) (3,2) (4,2) (5,2) (5,3) (5,4) (6,4) (6,6)
  facet 11018: (1,0) (1,1) (2,1) (2,2) (3,2) (4,2) (5,2) (5,3) (5,4) (6,4) (6,6)
  facet 11019: (1,0) (2,0) (2,1) (2,2) (3,2) (4,2) (5,2) (5,3) (5,4) (6,4) (6,6)
  facet 11020: (1,0) (1,1) (2,1) (3,1) (3,2) (4,2) (5,2) (5,3) (5,4) (6,4) (6,6)
  facet 11021: (1,0) (2,0) (2,1) (3,1) (3,2) (4,2) (5,2) (5,3) (5,4) (6,4) (6,6)
  facet 11022: (1,0) (2,0) (3,0) (3,1) (3,2) (4,2) (5,2) (5,3) (5,4) (6,4) (6,6)
  facet 11023: (1,0) (1,1) (2,1) (3,1) (4,1) (4,2) (5,2) (5,3) (5,4) (6,4) (6,6)
  facet 11024: (1,0) (2,0) (2,1) (3,1) (4,1) (4,2) (5,2) (5,3) (5,4) (6,4) (6,6)
  facet 11025: (1,0) (2,0) (3,0) (3,1) (4,1) (4,2) (5,2) (5,3) (5,4) (6,4) (6,6)
  facet 11026: (1,0) (2,0) (3,0) (4,0) (4,1) (4,2) (5,2) (5,3) (5,4) (6,4) (6,6)
  facet 11027: (1,0) (1,1) (2,1) (3,1) (4,1) (5,1) (5,2) (5,3) (5,4) (6,4) (6,6)
  facet 11028: (1,0) (2,0) (2,1) (3,1) (4,1) (5,1) (5,2) (5,3) (5,4) (6,4) (6,6)
  facet 11029: (1,0) (2,0) (3,0) (3,1) (4,1) (5,1) (5,2) (5,3) (5,4) (6,4) (6,6)
  facet 11030: (1,0) (2,0) (3,0) (4,0) (4,1) (5,1) (5,2) (5,3) (5,4) (6,4) (6,6)
  facet 11031: (1,0) (2,0) (3,0) (4,0) (5,0) (5,1) (5,2) (5,3) (5,4) (6,4) (6,6)
  facet 11032: (1,0) (1,1) (1,2) (1,3) (2,3) (3,3) (4,3) (5,3) (6,3) (6,4) (6,6)
  facet 11033: (1,0) (1,1) (1,2) (2,2) (2,3) (3,3) (4,3) (5,3) (6,3) (6,4) (6,6)
  facet 11034: (1,0) (1,1) (2,1) (2,2) (2,3) (3,3) (4,3) (5,3) (6,3) (6,4) (6,6)
  facet 11035: (1,0) (2,0) (2,1) (2,2) (2,3) (3,3) (4,3) (5,3) (6,3) (6,4) (6,6)
  facet 11036: (1,0) (1,1) (1,2) (2,2) (3,2) (3,3) (4,3) (5,3) (6,3) (6,4) (6,6)
  facet 11037: (1,0) (1,1) (2,1) (2,2) (3,2) (3,3) (4,3) (5,3) (6,3) (6,4) (6,6)
  facet 11038: (1,0) (2,0) (2,1) (2,2) (3,2) (3,3) (4,3) (5,3) (6,3) (6,4) (6,6)
  facet 11039: (1,0) (1,1) (2,1) (3,1) (3,2) (3,3) (4,3) (5,3) (6,3) (6,4) (6,6)
  facet 11040: (1,0) (2,0) (2,1) (3,1) (3,2) (3,3) (4,3) (5,3) (6,3) (6,4) (6,6)
  facet 11041: (1,0) (2,0) (3,0) (3,1) (3,2) (3,3) (4,3) (5,3) (6,3) (6,4) (6,6)
  facet 11042: (1,0) (1,1) (1,2) (2,2) (3,2) (4,2) (4,3) (5,3) (6,3) (6,4) (6,6)
  facet 11043: (1,0) (1,1) (2,1) (2,2) (3,2) (4,2) (4,3) (5,3) (6,3) (6,4) (6,6)
  facet 11044: (1,0) (2,0) (2,1) (2,2) (3,2) (4,2) (4,3) (5,3) (6,3) (6,4) (6,6)
  facet 11045: (1,0) (1,1) (2,1) (3,1) (3,2) (4,2) (4,3) (5,3) (6,3) (6,4) (6,6)
  facet 11046: (1,0) (2,0) (2,1) (3,1) (3,2) (4,2) (4,3) (5,3) (6,3) (6,4) (6,6)
  facet 11047: (1,0) (2,0) (3,0) (3,1) (3,2) (4,2) (4,3) (5,3) (6,3) (6,4) (6,6)
  facet 11048: (1,0) (1,1) (2,1) (3,1) (4,1) (4,2) (4,3) (5,3) (6,3) (6,4) (6,6)
  facet 11049: (1,0) (2,0) (2,1) (3,1) (4,1) (4,2) (4,3) (5,3) (6,3) (6,4) (6,6)
  facet 11050: (1,0) (2,0) (3,0) (3,1) (4,1) (4,2) (4,3) (5,3) (6,3) (6,4) (6,6)
  facet 11051: (1,0) (2,0) (3,0) (4,0) (4,1) (4,2) (4,3) (5,3) (6,3) (6,4) (6,6)
  facet 11052: (1,0) (1,1) (1,2) (2,2) (3,2) (4,2) (5,2) (5,3) (6,3) (6,4) (6,6)
  facet 11053: (1,0) (1,1) (2,1) (2,2) (3,2) (4,2) (5,2) (5,3) (6,3) (6,4) (6,6)
  facet 11054: (1,0) (2,0) (2,1) (2,2) (3,2) (4,2) (5,2) (5,3) (6,3) (6,4) (6,6)
  facet 11055: (1,0) (1,1) (2,1) (3,1) (3,2) (4,2) (5,2) (5,3) (6,3) (6,4) (6,6)
  facet 11056: (1,0) (2,0) (2,1) (3,1) (3,2) (4,2) (5,2) (5,3) (6,3) (6,4) (6,6)
  facet 11057: (1,0) (2,0) (3,0) (3,1) (3,2) (4,2) (5,2) (5,3) (6,3) (6,4) (6,6)
  facet 11058: (1,0) (1,1) (2,1) (3,1) (4,1) (4,2) (5,2) (5,3) (6,3) (6,4) (6,6)
  facet 11059: (1,0) (2,0) (2,1) (3,1) (4,1) (4,2) (5,2) (5,3) (6,3) (6,4) (6,6)
  facet 11060: (1,0) (2,0) (3,0) (3,1) (4,1) (4,2) (5,2) (5,3) (6,3) (6,4) (6,6)
  facet 11061: (1,0) (2,0) (3,0) (4,0) (4,1) (4,2) (5,2) (5,3) (6,3) (6,4) (6,6)
  facet 11062: (1,0) (1,1) (2,1) (3,1) (4,1) (5,1) (5,2) (5,3) (6,3) (6,4) (6,6)
  facet 11063: (1,0) (2,0) (2,1) (3,1) (4,1) (5,1) (5,2) (5,3) (6,3) (6,4) (6,6)
  facet 11064: (1,0) (2,0) (3,0) (3,1) (4,1) (5,1) (5,2) (5,3) (6,3) (6,4) (6,6)
  facet 11065: (1,0) (2,0) (3,0) (4,0) (4,1) (5,1) (5,2) (5,3) (6,3) (6,4) (6,6)
  facet 11066: (1,0) (2,0) (3,0) (4,0) (5,0) (5,1) (5,2) (5,3) (6,3) (6,4) (6,6)
  facet 11067: (1,0) (1,1) (1,2) (2,2) (3,2) (4,2) (5,2) (6,2) (6,3) (6,4) (6,6)
  facet 11068: (1,0) (1,1) (2,1) (2,2) (3,2) (4,2) (5,2) (6,2) (6,3) (6,4) (6,6)
  facet 11069: (1,0) (2,0) (2,1) (2,2) (3,2) (4,2) (5,2) (6,2) (6,3) (6,4) (6,6)
  facet 11070: (1,0) (1,1) (2,1) (3,1) (3,2) (4,2) (5,2) (6,2) (6,3) (6,4) (6,6)
  facet 11071: (1,0) (2,0) (2,1) (3,1) (3,2) (4,2) (5,2) (6,2) (6,3) (6,4) (6,6)
  facet 11072: (1,0) (2,0) (3,0) (3,1) (3,2) (4,2) (5,2) (6,2) (6,3) (6,4) (6,6)
  facet 11073: (1,0) (1,1) (2,1) (3,1) (4,1) (4,2) (5,2) (6,2) (6,3) (6,4) (6,6)
  facet 11074: (1,0) (2,0) (2,1) (3,1) (4,1) (4,2) (5,2) (6,2) (6,3) (6,4) (6,6)
  facet 11075: (1,0) (2,0) (3,0) (3,1) (4,1) (4,2) (5,2) (6,2) (6,3) (6,4) (6,6)
  facet 11076: (1,0) (2,0) (3,0) (4,0) (4,1) (4,2) (5,2) (6,2) (6,3) (6,4) (6,6)
  facet 11077: (1,0) (1,1) (2,1) (3,1) (4,1) (5,1) (5,2) (6,2) (6,3) (6,4) (6,6)
  facet 11078: (1,0) (2,0) (2,1) (3,1) (4,1) (5,1) (5,2) (6,2) (6,3) (6,4) (6,6)
  facet 11079: (1,0) (2,0) (3,0) (3,1) (4,1) (5,1) (5,2) (6,2) (6,3) (6,4) (6,6)
  facet 11080: (1,0) (2,0) (3,0) (4,0) (4,1) (5,1) (5,2) (6,2) (6,3) (6,4) (6,6)
  facet 11081: (1,0) (2,0) (3,0) (4,0) (5,0) (5,1) (5,2) (6,2) (6,3) (6,4) (6,6)
  facet 11082: (1,0) (1,1) (2,1) (3,1) (4,1) (5,1) (6,1) (6,2) (6,3) (6,4) (6,6)
  facet 11083: (1,0) (2,0) (2,1) (3,1) (4,1) (5,1) (6,1) (6,2) (6,3) (6,4) (6,6)
  facet 11084: (1,0) (2,0) (3,0) (3,1) (4,1) (5,1) (6,1) (6,2) (6,3) (6,4) (6,6)
  facet 11085: (1,0) (2,0) (3,0) (4,0) (4,1) (5,1) (6,1) (6,2) (6,3) (6,4) (6,6)
  facet 11086: (1,0) (2,0) (3,0) (4,0) (5,0) (5,1) (6,1) (6,2) (6,3) (6,4) (6,6)
  facet 11087: (1,0) (2,0) (3,0) (4,0) (5,0) (6,0) (6,1) (6,2) (6,3) (6,4) (6,6)
  facet 11088: (1,0) (1,1) (1,2) (1,3) (1,5) (1,6) (2,6) (3,6) (4,6) (5,6) (6,6)
  facet 11089: (1,0) (1,1) (1,2) (1,3) (1,5) (2,5) (2,6) (3,6) (4,6) (5,6) (6,6)
  facet 11090: (1,0) (1,1) (1,2) (1,3) (2,3) (2,5) (2,6) (3,6) (4,6) (5,6) (6,6)
  facet 11091: (1,0) (1,1) (1,2) (2,2) (2,3) (2,5) (2,6) (3,6) (4,6) (5,6) (6,6)
  facet 11092: (1,0) (1,1) (2,1) (2,2) (2,3) (2,5) (2,6) (3,6) (4,6) (5,6) (6,6)
  facet 11093: (1,0) (2,0) (2,1) (2,2) (2,3) (2,5) (2,6) (3,6) (4,6) (5,6) (6,6)
  facet 11094: (1,0) (1,1) (1,2) (1,3) (1,5) (2,5) (3,5) (3,6) (4,6) (5,6) (6,6)
  facet 11095: (1,0) (1,1) (1,2) (1,3) (2,3) (2,5) (3,5) (3,6) (4,6) (5,6) (6,6)
  facet 11096: (1,0) (1,1) (1,2) (2,2) (2,3) (2,5) (3,5) (3,6) (4,6) (5,6) (6,6)
  facet 11097: (1,0) (1,1) (2,1) (2,2) (2,3) (2,5) (3,5) (3,6) (4,6) (5,6) (6,6)
  facet 11098: (1,0) (2,0) (2,1) (2,2) (2,3) (2,5) (3,5) (3,6) (4,6) (5,6) (6,6)
  facet 11099: (1,0) (1,1) (1,2) (1,3) (2,3) (3,3) (3,5) (3,6) (4,6) (5,6) (6,6)
  facet 11100: (1,0) (1,1) (1,2) (2,2) (2,3) (3,3) (3,5) (3,6) (4,6) (5,6) (6,6)
  facet 11101: (1,0) (1,1) (2,1) (2,2) (2,3) (3,3) (3,5) (3,6) (4,6) (5,6) (6,6)
  facet 11102: (1,0) (2,0) (2,1) (2,2) (2,3) (3,3) (3,5) (3,6) (4,6) (5,6) (6,6)
  facet 11103: (1,0) (1,1) (1,2) (2,2) (3,2) (3,3) (3,5) (3,6) (4,6) (5,6) (6,6)
  facet 11104: (1,0) (1,1) (2,1) (2,2) (3,2) (3,3) (3,5) (3,6) (4,6) (5,6) (6,6)
  facet 11105: (1,0) (2,0) (2,1) (2,2) (3,2) (3,3) (3,5) (3,6) (4,6) (5,6) (6,6)
  facet 11106: (1,0) (1,1) (2,1) (3,1) (3,2) (3,3) (3,5) (3,6) (4,6) (5,6) (6,6)
  facet 11107: (1,0) (2,0) (2,1) (3,1) (3,2) (3,3) (3,5) (3,6) (4,6) (5,6) (6,6)
  facet 11108: (1,0) (2,0) (3,0) (3,1) (3,2) (3,3) (3,5) (3,6) (4,6) (5,6) (6,6)
  facet 11109: (1,0) (1,1) (1,2) (1,3) (1,5) (2,5) (3,5) (4,5) (4,6) (5,6) (6,6)
  facet 11110: (1,0) (1,1) (1,2) (1,3) (2,3) (2,5) (3,5) (4,5) (4,6) (5,6) (6,6)
  facet 11111: (1,0) (1,1) (1,2) (2,2) (2,3) (2,5) (3,5) (4,5) (4,6) (5,6) (6,6)
  facet 11112: (1,0) (1,1) (2,1) (2,2) (2,3) (2,5) (3,5) (4,5) (4,6) (5,6) (6,6)
  facet 11113: (1,0) (2,0) (2,1) (2,2) (2,3) (2,5) (3,5) (4,5) (4,6) (5,6) (6,6)
  facet 11114: (1,0) (1,1) (1,2) (1,3) (2,3) (3,3) (3,5) (4,5) (4,6) (5,6) (6,6)
  facet 11115: (1,0) (1,1) (1,2) (2,2) (2,3) (3,3) (3,5) (4,5) (4,6) (5,6) (6,6)
  facet 11116: (1,0) (1,1) (2,1) (2,2) (2,3) (3,3) (3,5) (4,5) (4,6) (5,6) (6,6)
  facet 11117: (1,0) (2,0) (2,1) (2,2) (2,3) (3,3) (3,5) (4,5) (4,6) (5,6) (6,6)
  facet 11118: (1,0) (1,1) (1,2) (2,2) (3,2) (3,3) (3,5) (4,5) (4,6) (5,6) (6,6)
  facet 11119: (1,0) (1,1) (2,1) (2,2) (3,2) (3,3) (3,5) (4,5) (4,6) (5,6) (6,6)
  facet 11120: (1,0) (2,0) (2,1) (2,2) (3,2) (3,3) (3,5) (4,5) (4,6) (5,6) (6,6)
  facet 11121: (1,0) (1,1) (2,1) (3,1) (3,2) (3,3) (3,5) (4,5) (4,6) (5,6) (6,6)
  facet 11122: (1,0) (2,0) (2,1) (3,1) (3,2) (3,3) (3,5) (4,5) (4,6) (5,6) (6,6)
  facet 11123: (1,0) (2,0) (3,0) (3,1) (3,2) (3,3) (3,5) (4,5) (4,6) (5,6) (6,6)
  facet 11124: (1,0) (1,1) (1,2) (1,3) (2,3) (3,3) (4,3) (4,5) (4,6) (5,6) (6,6)
  facet 11125: (1,0) (1,1) (1,2) (2,2) (2,3) (3,3) (4,3) (4,5) (4,6) (5,6) (6,6)
  facet 11126: (1,0) (1,1) (2,1) (2,2) (2,3) (3,3) (4,3) (4,5) (4,6) (5,6) (6,6)
  facet 11127: (1,0) (2,0) (2,1) (2,2) (2,3) (3,3) (4,3) (4,5) (4,6) (5,6) (6,6)
  facet 11128: (1,0) (1,1) (1,2) (2,2) (3,2) (3,3) (4,3) (4,5) (4,6) (5,6) (6,6)
  facet 11129: (1,0) (1,1) (2,1) (2,2) (3,2) (3,3) (4,3) (4,5) (4,6) (5,6) (6,6)
  facet 11130: (1,0) (2,0) (2,1) (2,2) (3,2) (3,3) (4,3) (4,5) (4,6) (5,6) (6,6)
  facet 11131: (1,0) (1,1) (2,1) (3,1) (3,2) (3,3) (4,3) (4,5) (4,6) (5,6) (6,6)
  facet 11132: (1,0) (2,0) (2,1) (3,1) (3,2) (3,3) (4,3) (4,5) (4,6) (5,6) (6,6)
  facet 11133: (1,0) (2,0) (3,0) (3,1) (3,2) (3,3) (4,3) (4,5) (4,6) (5,6) (6,6)
  facet 11134: (1,0) (1,1) (1,2) (2,2) (3,2) (4,2) (4,3) (4,5) (4,6) (5,6) (6,6)
  facet 11135: (1,0) (1,1) (2,1) (2,2) (3,2) (4,2) (4,3) (4,5) (4,6) (5,6) (6,6)
  facet 11136: (1,0) (2,0) (2,1) (2,2) (3,2) (4,2) (4,3) (4,5) (4,6) (5,6) (6,6)
  facet 11137: (1,0) (1,1) (2,1) (3,1) (3,2) (4,2) (4,3) (4,5) (4,6) (5,6) (6,6)
  facet 11138: (1,0) (2,0) (2,1) (3,1) (3,2) (4,2) (4,3) (4,5) (4,6) (5,6) (6,6)
  facet 11139: (1,0) (2,0) (3,0) (3,1) (3,2) (4,2) (4,3) (4,5) (4,6) (5,6) (6,6)
  facet 11140: (1,0) (1,1) (2,1) (3,1) (4,1) (4,2) (4,3) (4,5) (4,6) (5,6) (6,6)
  facet 11141: (1,0) (2,0) (2,1) (3,1) (4,1) (4,2) (4,3) (4,5) (4,6) (5,6) (6,6)
  facet 11142: (1,0) (2,0) (3,0) (3,1) (4,1) (4,2) (4,3) (4,5) (4,6) (5,6) (6,6)
  facet 11143: (1,0) (2,0) (3,0) (4,0) (4,1) (4,2) (4,3) (4,5) (4,6) (5,6) (6,6)
  facet 11144: (1,0) (1,1) (1,2) (1,3) (1,5) (2,5) (3,5) (4,5) (5,5) (5,6) (6,6)
  facet 11145: (1,0) (1,1) (1,2) (1,3) (2,3) (2,5) (3,5) (4,5) (5,5) (5,6) (6,6)
  facet 11146: (1,0) (1,1) (1,2) (2,2) (2,3) (2,5) (3,5) (4,5) (5,5) (5,6) (6,6)
  facet 11147: (1,0) (1,1) (2,1) (2,2) (2,3) (2,5) (3,5) (4,5) (5,5) (5,6) (6,6)
  facet 11148: (1,0) (2,0) (2,1) (2,2) (2,3) (2,5) (3,5) (4,5) (5,5) (5,6) (6,6)
  facet 11149: (1,0) (1,1) (1,2) (1,3) (2,3) (3,3) (3,5) (4,5) (5,5) (5,6) (6,6)
  facet 11150: (1,0) (1,1) (1,2) (2,2) (2,3) (3,3) (3,5) (4,5) (5,5) (5,6) (6,6)
  facet 11151: (1,0) (1,1) (2,1) (2,2) (2,3) (3,3) (3,5) (4,5) (5,5) (5,6) (6,6)
  facet 11152: (1,0) (2,0) (2,1) (2,2) (2,3) (3,3) (3,5) (4,5) (5,5) (5,6) (6,6)
  facet 11153: (1,0) (1,1) (1,2) (2,2) (3,2) (3,3) (3,5) (4,5) (5,5) (5,6) (6,6)
  facet 11154: (1,0) (1,1) (2,1) (2,2) (3,2) (3,3) (3,5) (4,5) (5,5) (5,6) (6,6)
  facet 11155: (1,0) (2,0) (2,1) (2,2) (3,2) (3,3) (3,5) (4,5) (5,5) (5,6) (6,6)
  facet 11156: (1,0) (1,1) (2,1) (3,1) (3,2) (3,3) (3,5) (4,5) (5,5) (5,6) (6,6)
  facet 11157: (1,0) (2,0) (2,1) (3,1) (3,2) (3,3) (3,5) (4,5) (5,5) (5,6) (6,6)
  facet 11158: (1,0) (2,0) (3,0) (3,1) (3,2) (3,3) (3,5) (4,5) (5,5) (5,6) (6,6)
  facet 11159: (1,0) (1,1) (1,2) (1,3) (2,3) (3,3) (4,3) (4,5) (5,5) (5,6) (6,6)
  facet 11160: (1,0) (1,1) (1,2) (2,2) (2,3) (3,3) (4,3) (4,5) (5,5) (5,6) (6,6)
  facet 11161: (1,0) (1,1) (2,1) (2,2) (2,3) (3,3) (4,3) (4,5) (5,5) (5,6) (6,6)
  facet 11162: (1,0) (2,0) (2,1) (2,2) (2,3) (3,3) (4,3) (4,5) (5,5) (5,6) (6,6)
  facet 11163: (1,0) (1,1) (1,2) (2,2) (3,2) (3,3) (4,3) (4,5) (5,5) (5,6) (6,6)
  facet 11164: (1,0) (1,1) (2,1) (2,2) (3,2) (3,3) (4,3) (4,5) (5,5) (5,6) (6,6)
  facet 11165: (1,0) (2,0) (2,1) (2,2) (3,2) (3,3) (4,3) (4,5) (5,5) (5,6) (6,6)
  facet 11166: (1,0) (1,1) (2,1) (3,1) (3,2) (3,3) (4,3) (4,5) (5,5) (5,6) (6,6)
  facet 11167: (1,0) (2,0) (2,1) (3,1) (3,2) (3,3) (4,3) (4,5) (5,5) (5,6) (6,6)
  facet 11168: (1,0) (2,0) (3,0) (3,1) (3,2) (3,3) (4,3) (4,5) (5,5) (5,6) (6,6)
  facet 11169: (1,0) (1,1) (1,2) (2,2) (3,2) (4,2) (4,3) (4,5) (5,5) (5,6) (6,6)
  facet 11170: (1,0) (1,1) (2,1) (2,2) (3,2) (4,2) (4,3) (4,5) (5,5) (5,6) (6,6)
  facet 11171: (1,0) (2,0) (2,1) (2,2) (3,2) (4,2) (4,3) (4,5) (5,5) (5,6) (6,6)
  facet 11172: (1,0) (1,1) (2,1) (3,1) (3,2) (4,2) (4,3) (4,5) (5,5) (5,6) (6,6)
  facet 11173: (1,0) (2,0) (2,1) (3,1) (3,2) (4,2) (4,3) (4,5) (5,5) (5,6) (6,6)
  facet 11174: (1,0) (2,0) (3,0) (3,1) (3,2) (4,2) (4,3) (4,5) (5,5) (5,6) (6,6)
  facet 11175: (1,0) (1,1) (2,1) (3,1) (4,1) (4,2) (4,3) (4,5) (5,5) (5,6) (6,6)
  facet 11176: (1,0) (2,0) (2,1) (3,1) (4,1) (4,2) (4,3) (4,5) (5,5) (5,6) (6,6)
  facet 11177: (1,0) (2,0) (3,0) (3,1) (4,1) (4,2) (4,3) (4,5) (5,5) (5,6) (6,6)
  facet 11178: (1,0) (2,0) (3,0) (4,0) (4,1) (4,2) (4,3) (4,5) (5,5) (5,6) (6,6)
  facet 11179: (1,0) (1,1) (1,2) (1,3) (2,3) (3,3) (4,3) (5,3) (5,5) (5,6) (6,6)
  facet 11180: (1,0) (1,1) (1,2) (2,2) (2,3) (3,3) (4,3) (5,3) (5,5) (5,6) (6,6)
  facet 11181: (1,0) (1,1) (2,1) (2,2) (2,3) (3,3) (4,3) (5,3) (5,5) (5,6) (6,6)
  facet 11182: (1,0) (2,0) (2,1) (2,2) (2,3) (3,3) (4,3) (5,3) (5,5) (5,6) (6,6)
  facet 11183: (1,0) (1,1) (1,2) (2,2) (3,2) (3,3) (4,3) (5,3) (5,5) (5,6) (6,6)
  facet 11184: (1,0) (1,1) (2,1) (2,2) (3,2) (3,3) (4,3) (5,3) (5,5) (5,6) (6,6)
  facet 11185: (1,0) (2,0) (2,1) (2,2) (3,2) (3,3) (4,3) (5,3) (5,5) (5,6) (6,6)
  facet 11186: (1,0) (1,1) (2,1) (3,1) (3,2) (3,3) (4,3) (5,3) (5,5) (5,6) (6,6)
  facet 11187: (1,0) (2,0) (2,1) (3,1) (3,2) (3,3) (4,3) (5,3) (5,5) (5,6) (6,6)
  facet 11188: (1,0) (2,0) (3,0) (3,1) (3,2) (3,3) (4,3) (5,3) (5,5) (5,6) (6,6)
  facet 11189: (1,0) (1,1) (1,2) (2,2) (3,2) (4,2) (4,3) (5,3) (5,5) (5,6) (6,6)
  facet 11190: (1,0) (1,1) (2,1) (2,2) (3,2) (4,2) (4,3) (5,3) (5,5) (5,6) (6,6)
  facet 11191: (1,0) (2,0) (2,1) (2,2) (3,2) (4,2) (4,3) (5,3) (5,5) (5,6) (6,6)
  facet 11192: (1,0) (1,1) (2,1) (3,1) (3,2) (4,2) (4,3) (5,3) (5,5) (5,6) (6,6)
  facet 11193: (1,0) (2,0) (2,1) (3,1) (3,2) (4,2) (4,3) (5,3) (5,5) (5,6) (6,6)
  facet 11194: (1,0) (2,0) (3,0) (3,1) (3,2) (4,2) (4,3) (5,3) (5,5) (5,6) (6,6)
  facet 11195: (1,0) (1,1) (2,1) (3,1) (4,1) (4,2) (4,3) (5,3) (5,5) (5,6) (6,6)
  facet 11196: (1,0) (2,0) (2,1) (3,1) (4,1) (4,2) (4,3) (5,3) (5,5) (5,6) (6,6)
  facet 11197: (1,0) (2,0) (3,0) (3,1) (4,1) (4,2) (4,3) (5,3) (5,5) (5,6) (6,6)
  facet 11198: (1,0) (2,0) (3,0) (4,0) (4,1) (4,2) (4,3) (5,3) (5,5) (5,6) (6,6)
  facet 11199: (1,0) (1,1) (1,2) (2,2) (3,2) (4,2) (5,2) (5,3) (5,5) (5,6) (6,6)
  facet 11200: (1,0) (1,1) (2,1) (2,2) (3,2) (4,2) (5,2) (5,3) (5,5) (5,6) (6,6)
  facet 11201: (1,0) (2,0) (2,1) (2,2) (3,2) (4,2) (5,2) (5,3) (5,5) (5,6) (6,6)
  facet 11202: (1,0) (1,1) (2,1) (3,1) (3,2) (4,2) (5,2) (5,3) (5,5) (5,6) (6,6)
  facet 11203: (1,0) (2,0) (2,1) (3,1) (3,2) (4,2) (5,2) (5,3) (5,5) (5,6) (6,6)
  facet 11204: (1,0) (2,0) (3,0) (3,1) (3,2) (4,2) (5,2) (5,3) (5,5) (5,6) (6,6)
  facet 11205: (1,0) (1,1) (2,1) (3,1) (4,1) (4,2) (5,2) (5,3) (5,5) (5,6) (6,6)
  facet 11206: (1,0) (2,0) (2,1) (3,1) (4,1) (4,2) (5,2) (5,3) (5,5) (5,6) (6,6)
  facet 11207: (1,0) (2,0) (3,0) (3,1) (4,1) (4,2) (5,2) (5,3) (5,5) (5,6) (6,6)
  facet 11208: (1,0) (2,0) (3,0) (4,0) (4,1) (4,2) (5,2) (5,3) (5,5) (5,6) (6,6)
  facet 11209: (1,0) (1,1) (2,1) (3,1) (4,1) (5,1) (5,2) (5,3) (5,5) (5,6) (6,6)
  facet 11210: (1,0) (2,0) (2,1) (3,1) (4,1) (5,1) (5,2) (5,3) (5,5) (5,6) (6,6)
  facet 11211: (1,0) (2,0) (3,0) (3,1) (4,1) (5,1) (5,2) (5,3) (5,5) (5,6) (6,6)
  facet 11212: (1,0) (2,0) (3,0) (4,0) (4,1) (5,1) (5,2) (5,3) (5,5) (5,6) (6,6)
  facet 11213: (1,0) (2,0) (3,0) (4,0) (5,0) (5,1) (5,2) (5,3) (5,5) (5,6) (6,6)
  facet 11214: (1,0) (1,1) (1,2) (1,3) (1,5) (2,5) (3,5) (4,5) (5,5) (6,5) (6,6)
  facet 11215: (1,0) (1,1) (1,2) (1,3) (2,3) (2,5) (3,5) (4,5) (5,5) (6,5) (6,6)
  facet 11216: (1,0) (1,1) (1,2) (2,2) (2,3) (2,5) (3,5) (4,5) (5,5) (6,5) (6,6)
  facet 11217: (1,0) (1,1) (2,1) (2,2) (2,3) (2,5) (3,5) (4,5) (5,5) (6,5) (6,6)
  facet 11218: (1,0) (2,0) (2,1) (2,2) (2,3) (2,5) (3,5) (4,5) (5,5) (6,5) (6,6)
  facet 11219: (1,0) (1,1) (1,2) (1,3) (2,3) (3,3) (3,5) (4,5) (5,5) (6,5) (6,6)
  facet 11220: (1,0) (1,1) (1,2) (2,2) (2,3) (3,3) (3,5) (4,5) (5,5) (6,5) (6,6)
  facet 11221: (1,0) (1,1) (2,1) (2,2) (2,3) (3,3) (3,5) (4,5) (5,5) (6,5) (6,6)
  facet 11222: (1,0) (2,0) (2,1) (2,2) (2,3) (3,3) (3,5) (4,5) (5,5) (6,5) (6,6)
  facet 11223: (1,0) (1,1) (1,2) (2,2) (3,2) (3,3) (3,5) (4,5) (5,5) (6,5) (6,6)
  facet 11224: (1,0) (1,1) (2,1) (2,2) (3,2) (3,3) (3,5) (4,5) (5,5) (6,5) (6,6)
  facet 11225: (1,0) (2,0) (2,1) (2,2) (3,2) (3,3) (3,5) (4,5) (5,5) (6,5) (6,6)
  facet 11226: (1,0) (1,1) (2,1) (3,1) (3,2) (3,3) (3,5) (4,5) (5,5) (6,5) (6,6)
  facet 11227: (1,0) (2,0) (2,1) (3,1) (3,2) (3,3) (3,5) (4,5) (5,5) (6,5) (6,6)
  facet 11228: (1,0) (2,0) (3,0) (3,1) (3,2) (3,3) (3,5) (4,5) (5,5) (6,5) (6,6)
  facet 11229: (1,0) (1,1) (1,2) (1,3) (2,3) (3,3) (4,3) (4,5) (5,5) (6,5) (6,6)
  facet 11230: (1,0) (1,1) (1,2) (2,2) (2,3) (3,3) (4,3) (4,5) (5,5) (6,5) (6,6)
  facet 11231: (1,0) (1,1) (2,1) (2,2) (2,3) (3,3) (4,3) (4,5) (5,5) (6,5) (6,6)
  facet 11232: (1,0) (2,0) (2,1) (2,2) (2,3) (3,3) (4,3) (4,5) (5,5) (6,5) (6,6)
  facet 11233: (1,0) (1,1) (1,2) (2,2) (3,2) (3,3) (4,3) (4,5) (5,5) (6,5) (6,6)
  facet 11234: (1,0) (1,1) (2,1) (2,2) (3,2) (3,3) (4,3) (4,5) (5,5) (6,5) (6,6)
  facet 11235: (1,0) (2,0) (2,1) (2,2) (3,2) (3,3) (4,3) (4,5) (5,5) (6,5) (6,6)
  facet 11236: (1,0) (1,1) (2,1) (3,1) (3,2) (3,3) (4,3) (4,5) (5,5) (6,5) (6,6)
  facet 11237: (1,0) (2,0) (2,1) (3,1) (3,2) (3,3) (4,3) (4,5) (5,5) (6,5) (6,6)
  facet 11238: (1,0) (2,0) (3,0) (3,1) (3,2) (3,3) (4,3) (4,5) (5,5) (6,5) (6,6)
  facet 11239: (1,0) (1,1) (1,2) (2,2) (3,2) (4,2) (4,3) (4,5) (5,5) (6,5) (6,6)
  facet 11240: (1,0) (1,1) (2,1) (2,2) (3,2) (4,2) (4,3) (4,5) (5,5) (6,5) (6,6)
  facet 11241: (1,0) (2,0) (2,1) (2,2) (3,2) (4,2) (4,3) (4,5) (5,5) (6,5) (6,6)
  facet 11242: (1,0) (1,1) (2,1) (3,1) (3,2) (4,2) (4,3) (4,5) (5,5) (6,5) (6,6)
  facet 11243: (1,0) (2,0) (2,1) (3,1) (3,2) (4,2) (4,3) (4,5) (5,5) (6,5) (6,6)
  facet 11244: (1,0) (2,0) (3,0) (3,1) (3,2) (4,2) (4,3) (4,5) (5,5) (6,5) (6,6)
  facet 11245: (1,0) (1,1) (2,1) (3,1) (4,1) (4,2) (4,3) (4,5) (5,5) (6,5) (6,6)
  facet 11246: (1,0) (2,0) (2,1) (3,1) (4,1) (4,2) (4,3) (4,5) (5,5) (6,5) (6,6)
  facet 11247: (1,0) (2,0) (3,0) (3,1) (4,1) (4,2) (4,3) (4,5) (5,5) (6,5) (6,6)
  facet 11248: (1,0) (2,0) (3,0) (4,0) (4,1) (4,2) (4,3) (4,5) (5,5) (6,5) (6,6)
  facet 11249: (1,0) (1,1) (1,2) (1,3) (2,3) (3,3) (4,3) (5,3) (5,5) (6,5) (6,6)
  facet 11250: (1,0) (1,1) (1,2) (2,2) (2,3) (3,3) (4,3) (5,3) (5,5) (6,5) (6,6)
  facet 11251: (1,0) (1,1) (2,1) (2,2) (2,3) (3,3) (4,3) (5,3) (5,5) (6,5) (6,6)
  facet 11252: (1,0) (2,0) (2,1) (2,2) (2,3) (3,3) (4,3) (5,3) (5,5) (6,5) (6,6)
  facet 11253: (1,0) (1,1) (1,2) (2,2) (3,2) (3,3) (4,3) (5,3) (5,5) (6,5) (6,6)
  facet 11254: (1,0) (1,1) (2,1) (2,2) (3,2) (3,3) (4,3) (5,3) (5,5) (6,5) (6,6)
  facet 11255: (1,0) (2,0) (2,1) (2,2) (3,2) (3,3) (4,3) (5,3) (5,5) (6,5) (6,6)
  facet 11256: (1,0) (1,1) (2,1) (3,1) (3,2) (3,3) (4,3) (5,3) (5,5) (6,5) (6,6)
  facet 11257: (1,0) (2,0) (2,1) (3,1) (3,2) (3,3) (4,3) (5,3) (5,5) (6,5) (6,6)
  facet 11258: (1,0) (2,0) (3,0) (3,1) (3,2) (3,3) (4,3) (5,3) (5,5) (6,5) (6,6)
  facet 11259: (1,0) (1,1) (1,2) (2,2) (3,2) (4,2) (4,3) (5,3) (5,5) (6,5) (6,6)
  facet 11260: (1,0) (1,1) (2,1) (2,2) (3,2) (4,2) (4,3) (5,3) (5,5) (6,5) (6,6)
  facet 11261: (1,0) (2,0) (2,1) (2,2) (3,2) (4,2) (4,3) (5,3) (5,5) (6,5) (6,6)
  facet 11262: (1,0) (1,1) (2,1) (3,1) (3,2) (4,2) (4,3) (5,3) (5,5) (6,5) (6,6)
  facet 11263: (1,0) (2,0) (2,1) (3,1) (3,2) (4,2) (4,3) (5,3) (5,5) (6,5) (6,6)
  facet 11264: (1,0) (2,0) (3,0) (3,1) (3,2) (4,2) (4,3) (5,3) (5,5) (6,5) (6,6)
  facet 11265: (1,0) (1,1) (2,1) (3,1) (4,1) (4,2) (4,3) (5,3) (5,5) (6,5) (6,6)
  facet 11266: (1,0) (2,0) (2,1) (3,1) (4,1) (4,2) (4,3) (5,3) (5,5) (6,5) (6,6)
  facet 11267: (1,0) (2,0) (3,0) (3,1) (4,1) (4,2) (4,3) (5,3) (5,5) (6,5) (6,6)
  facet 11268: (1,0) (2,0) (3,0) (4,0) (4,1) (4,2) (4,3) (5,3) (5,5) (6,5) (6,6)
  facet 11269: (1,0) (1,1) (1,2) (2,2) (3,2) (4,2) (5,2) (5,3) (5,5) (6,5) (6,6)
  facet 11270: (1,0) (1,1) (2,1) (2,2) (3,2) (4,2) (5,2) (5,3) (5,5) (6,5) (6,6)
  facet 11271: (1,0) (2,0) (2,1) (2,2) (3,2) (4,2) (5,2) (5,3) (5,5) (6,5) (6,6)
  facet 11272: (1,0) (1,1) (2,1) (3,1) (3,2) (4,2) (5,2) (5,3) (5,5) (6,5) (6,6)
  facet 11273: (1,0) (2,0) (2,1) (3,1) (3,2) (4,2) (5,2) (5,3) (5,5) (6,5) (6,6)
  facet 11274: (1,0) (2,0) (3,0) (3,1) (3,2) (4,2) (5,2) (5,3) (5,5) (6,5) (6,6)
  facet 11275: (1,0) (1,1) (2,1) (3,1) (4,1) (4,2) (5,2) (5,3) (5,5) (6,5) (6,6)
  facet 11276: (1,0) (2,0) (2,1) (3,1) (4,1) (4,2) (5,2) (5,3) (5,5) (6,5) (6,6)
  facet 11277: (1,0) (2,0) (3,0) (3,1) (4,1) (4,2) (5,2) (5,3) (5,5) (6,5) (6,6)
  facet 11278: (1,0) (2,0) (3,0) (4,0) (4,1) (4,2) (5,2) (5,3) (5,5) (6,5) (6,6)
  facet 11279: (1,0) (1,1) (2,1) (3,1) (4,1) (5,1) (5,2) (5,3) (5,5) (6,5) (6,6)
  facet 11280: (1,0) (2,0) (2,1) (3,1) (4,1) (5,1) (5,2) (5,3) (5,5) (6,5) (6,6)
  facet 11281: (1,0) (2,0) (3,0) (3,1) (4,1) (5,1) (5,2) (5,3) (5,5) (6,5) (6,6)
  facet 11282: (1,0) (2,0) (3,0) (4,0) (4,1) (5,1) (5,2) (5,3) (5,5) (6,5) (6,6)
  facet 11283: (1,0) (2,0) (3,0) (4,0) (5,0) (5,1) (5,2) (5,3) (5,5) (6,5) (6,6)
  facet 11284: (1,0) (1,1) (1,2) (1,3) (2,3) (3,3) (4,3) (5,3) (6,3) (6,5) (6,6)
  facet 11285: (1,0) (1,1) (1,2) (2,2) (2,3) (3,3) (4,3) (5,3) (6,3) (6,5) (6,6)
  facet 11286: (1,0) (1,1) (2,1) (2,2) (2,3) (3,3) (4,3) (5,3) (6,3) (6,5) (6,6)
  facet 11287: (1,0) (2,0) (2,1) (2,2) (2,3) (3,3) (4,3) (5,3) (6,3) (6,5) (6,6)
  facet 11288: (1,0) (1,1) (1,2) (2,2) (3,2) (3,3) (4,3) (5,3) (6,3) (6,5) (6,6)
  facet 11289: (1,0) (1,1) (2,1) (2,2) (3,2) (3,3) (4,3) (5,3) (6,3) (6,5) (6,6)
  facet 11290: (1,0) (2,0) (2,1) (2,2) (3,2) (3,3) (4,3) (5,3) (6,3) (6,5) (6,6)
  facet 11291: (1,0) (1,1) (2,1) (3,1) (3,2) (3,3) (4,3) (5,3) (6,3) (6,5) (6,6)
  facet 11292: (1,0) (2,0) (2,1) (3,1) (3,2) (3,3) (4,3) (5,3) (6,3) (6,5) (6,6)
  facet 11293: (1,0) (2,0) (3,0) (3,1) (3,2) (3,3) (4,3) (5,3) (6,3) (6,5) (6,6)
  facet 11294: (1,0) (1,1) (1,2) (2,2) (3,2) (4,2) (4,3) (5,3) (6,3) (6,5) (6,6)
  facet 11295: (1,0) (1,1) (2,1) (2,2) (3,2) (4,2) (4,3) (5,3) (6,3) (6,5) (6,6)
  facet 11296: (1,0) (2,0) (2,1) (2,2) (3,2) (4,2) (4,3) (5,3) (6,3) (6,5) (6,6)
  facet 11297: (1,0) (1,1) (2,1) (3,1) (3,2) (4,2) (4,3) (5,3) (6,3) (6,5) (6,6)
  facet 11298: (1,0) (2,0) (2,1) (3,1) (3,2) (4,2) (4,3) (5,3) (6,3) (6,5) (6,6)
  facet 11299: (1,0) (2,0) (3,0) (3,1) (3,2) (4,2) (4,3) (5,3) (6,3) (6,5) (6,6)
  facet 11300: (1,0) (1,1) (2,1) (3,1) (4,1) (4,2) (4,3) (5,3) (6,3) (6,5) (6,6)
  facet 11301: (1,0) (2,0) (2,1) (3,1) (4,1) (4,2) (4,3) (5,3) (6,3) (6,5) (6,6)
  facet 11302: (1,0) (2,0) (3,0) (3,1) (4,1) (4,2) (4,3) (5,3) (6,3) (6,5) (6,6)
  facet 11303: (1,0) (2,0) (3,0) (4,0) (4,1) (4,2) (4,3) (5,3) (6,3) (6,5) (6,6)
  facet 11304: (1,0) (1,1) (1,2) (2,2) (3,2) (4,2) (5,2) (5,3) (6,3) (6,5) (6,6)
  facet 11305: (1,0) (1,1) (2,1) (2,2) (3,2) (4,2) (5,2) (5,3) (6,3) (6,5) (6,6)
  facet 11306: (1,0) (2,0) (2,1) (2,2) (3,2) (4,2) (5,2) (5,3) (6,3) (6,5) (6,6)
  facet 11307: (1,0) (1,1) (2,1) (3,1) (3,2) (4,2) (5,2) (5,3) (6,3) (6,5) (6,6)
  facet 11308: (1,0) (2,0) (2,1) (3,1) (3,2) (4,2) (5,2) (5,3) (6,3) (6,5) (6,6)
  facet 11309: (1,0) (2,0) (3,0) (3,1) (3,2) (4,2) (5,2) (5,3) (6,3) (6,5) (6,6)
  facet 11310: (1,0) (1,1) (2,1) (3,1) (4,1) (4,2) (5,2) (5,3) (6,3) (6,5) (6,6)
  facet 11311: (1,0) (2,0) (2,1) (3,1) (4,1) (4,2) (5,2) (5,3) (6,3) (6,5) (6,6)
  facet 11312: (1,0) (2,0) (3,0) (3,1) (4,1) (4,2) (5,2) (5,3) (6,3) (6,5) (6,6)
  facet 11313: (1,0) (2,0) (3,0) (4,0) (4,1) (4,2) (5,2) (5,3) (6,3) (6,5) (6,6)
  facet 11314: (1,0) (1,1) (2,1) (3,1) (4,1) (5,1) (5,2) (5,3) (6,3) (6,5) (6,6)
  facet 11315: (1,0) (2,0) (2,1) (3,1) (4,1) (5,1) (5,2) (5,3) (6,3) (6,5) (6,6)
  facet 11316: (1,0) (2,0) (3,0) (3,1) (4,1) (5,1) (5,2) (5,3) (6,3) (6,5) (6,6)
  facet 11317: (1,0) (2,0) (3,0) (4,0) (4,1) (5,1) (5,2) (5,3) (6,3) (6,5) (6,6)
  facet 11318: (1,0) (2,0) (3,0) (4,0) (5,0) (5,1) (5,2) (5,3) (6,3) (6,5) (6,6)
  facet 11319: (1,0) (1,1) (1,2) (2,2) (3,2) (4,2) (5,2) (6,2) (6,3) (6,5) (6,6)
  facet 11320: (1,0) (1,1) (2,1) (2,2) (3,2) (4,2) (5,2) (6,2) (6,3) (6,5) (6,6)
  facet 11321: (1,0) (2,0) (2,1) (2,2) (3,2) (4,2) (5,2) (6,2) (6,3) (6,5) (6,6)
  facet 11322: (1,0) (1,1) (2,1) (3,1) (3,2) (4,2) (5,2) (6,2) (6,3) (6,5) (6,6)
  facet 11323: (1,0) (2,0) (2,1) (3,1) (3,2) (4,2) (5,2) (6,2) (6,3) (6,5) (6,6)
  facet 11324: (1,0) (2,0) (3,0) (3,1) (3,2) (4,2) (5,2) (6,2) (6,3) (6,5) (6,6)
  facet 11325: (1,0) (1,1) (2,1) (3,1) (4,1) (4,2) (5,2) (6,2) (6,3) (6,5) (6,6)
  facet 11326: (1,0) (2,0) (2,1) (3,1) (4,1) (4,2) (5,2) (6,2) (6,3) (6,5) (6,6)
  facet 11327: (1,0) (2,0) (3,0) (3,1) (4,1) (4,2) (5,2) (6,2) (6,3) (6,5) (6,6)
  facet 11328: (1,0) (2,0) (3,0) (4,0) (4,1) (4,2) (5,2) (6,2) (6,3) (6,5) (6,6)
  facet 11329: (1,0) (1,1) (2,1) (3,1) (4,1) (5,1) (5,2) (6,2) (6,3) (6,5) (6,6)
  facet 11330: (1,0) (2,0) (2,1) (3,1) (4,1) (5,1) (5,2) (6,2) (6,3) (6,5) (6,6)
  facet 11331: (1,0) (2,0) (3,0) (3,1) (4,1) (5,1) (5,2) (6,2) (6,3) (6,5) (6,6)
  facet 11332: (1,0) (2,0) (3,0) (4,0) (4,1) (5,1) (5,2) (6,2) (6,3) (6,5) (6,6)
  facet 11333: (1,0) (2,0) (3,0) (4,0) (5,0) (5,1) (5,2) (6,2) (6,3) (6,5) (6,6)
  facet 11334: (1,0) (1,1) (2,1) (3,1) (4,1) (5,1) (6,1) (6,2) (6,3) (6,5) (6,6)
  facet 11335: (1,0) (2,0) (2,1) (3,1) (4,1) (5,1) (6,1) (6,2) (6,3) (6,5) (6,6)
  facet 11336: (1,0) (2,0) (3,0) (3,1) (4,1) (5,1) (6,1) (6,2) (6,3) (6,5) (6,6)
  facet 11337: (1,0) (2,0) (3,0) (4,0) (4,1) (5,1) (6,1) (6,2) (6,3) (6,5) (6,6)
  facet 11338: (1,0) (2,0) (3,0) (4,0) (5,0) (5,1) (6,1) (6,2) (6,3) (6,5) (6,6)
  facet 11339: (1,0) (2,0) (3,0) (4,0) (5,0) (6,0) (6,1) (6,2) (6,3) (6,5) (6,6)
  facet 11340: (1,0) (1,1) (1,2) (1,4) (1,5) (1,6) (2,6) (3,6) (4,6) (5,6) (6,6)
  facet 11341: (1,0) (1,1) (1,2) (1,4) (1,5) (2,5) (2,6) (3,6) (4,6) (5,6) (6,6)
  facet 11342: (1,0) (1,1) (1,2) (1,4) (2,4) (2,5) (2,6) (3,6) (4,6) (5,6) (6,6)
  facet 11343: (1,0) (1,1) (1,2) (2,2) (2,4) (2,5) (2,6) (3,6) (4,6) (5,6) (6,6)
  facet 11344: (1,0) (1,1) (2,1) (2,2) (2,4) (2,5) (2,6) (3,6) (4,6) (5,6) (6,6)
  facet 11345: (1,0) (2,0) (2,1) (2,2) (2,4) (2,5) (2,6) (3,6) (4,6) (5,6) (6,6)
  facet 11346: (1,0) (1,1) (1,2) (1,4) (1,5) (2,5) (3,5) (3,6) (4,6) (5,6) (6,6)
  facet 11347: (1,0) (1,1) (1,2) (1,4) (2,4) (2,5) (3,5) (3,6) (4,6) (5,6) (6,6)
  facet 11348: (1,0) (1,1) (1,2) (2,2) (2,4) (2,5) (3,5) (3,6) (4,6) (5,6) (6,6)
  facet 11349: (1,0) (1,1) (2,1) (2,2) (2,4) (2,5) (3,5) (3,6) (4,6) (5,6) (6,6)
  facet 11350: (1,0) (2,0) (2,1) (2,2) (2,4) (2,5) (3,5) (3,6) (4,6) (5,6) (6,6)
  facet 11351: (1,0) (1,1) (1,2) (1,4) (2,4) (3,4) (3,5) (3,6) (4,6) (5,6) (6,6)
  facet 11352: (1,0) (1,1) (1,2) (2,2) (2,4) (3,4) (3,5) (3,6) (4,6) (5,6) (6,6)
  facet 11353: (1,0) (1,1) (2,1) (2,2) (2,4) (3,4) (3,5) (3,6) (4,6) (5,6) (6,6)
  facet 11354: (1,0) (2,0) (2,1) (2,2) (2,4) (3,4) (3,5) (3,6) (4,6) (5,6) (6,6)
  facet 11355: (1,0) (1,1) (1,2) (2,2) (3,2) (3,4) (3,5) (3,6) (4,6) (5,6) (6,6)
  facet 11356: (1,0) (1,1) (2,1) (2,2) (3,2) (3,4) (3,5) (3,6) (4,6) (5,6) (6,6)
  facet 11357: (1,0) (2,0) (2,1) (2,2) (3,2) (3,4) (3,5) (3,6) (4,6) (5,6) (6,6)
  facet 11358: (1,0) (1,1) (2,1) (3,1) (3,2) (3,4) (3,5) (3,6) (4,6) (5,6) (6,6)
  facet 11359: (1,0) (2,0) (2,1) (3,1) (3,2) (3,4) (3,5) (3,6) (4,6) (5,6) (6,6)
  facet 11360: (1,0) (2,0) (3,0) (3,1) (3,2) (3,4) (3,5) (3,6) (4,6) (5,6) (6,6)
  facet 11361: (1,0) (1,1) (1,2) (1,4) (1,5) (2,5) (3,5) (4,5) (4,6) (5,6) (6,6)
  facet 11362: (1,0) (1,1) (1,2) (1,4) (2,4) (2,5) (3,5) (4,5) (4,6) (5,6) (6,6)
  facet 11363: (1,0) (1,1) (1,2) (2,2) (2,4) (2,5) (3,5) (4,5) (4,6) (5,6) (6,6)
  facet 11364: (1,0) (1,1) (2,1) (2,2) (2,4) (2,5) (3,5) (4,5) (4,6) (5,6) (6,6)
  facet 11365: (1,0) (2,0) (2,1) (2,2) (2,4) (2,5) (3,5) (4,5) (4,6) (5,6) (6,6)
  facet 11366: (1,0) (1,1) (1,2) (1,4) (2,4) (3,4) (3,5) (4,5) (4,6) (5,6) (6,6)
  facet 11367: (1,0) (1,1) (1,2) (2,2) (2,4) (3,4) (3,5) (4,5) (4,6) (5,6) (6,6)
  facet 11368: (1,0) (1,1) (2,1) (2,2) (2,4) (3,4) (3,5) (4,5) (4,6) (5,6) (6,6)
  facet 11369: (1,0) (2,0) (2,1) (2,2) (2,4) (3,4) (3,5) (4,5) (4,6) (5,6) (6,6)
  facet 11370: (1,0) (1,1) (1,2) (2,2) (3,2) (3,4) (3,5) (4,5) (4,6) (5,6) (6,6)
  facet 11371: (1,0) (1,1) (2,1) (2,2) (3,2) (3,4) (3,5) (4,5) (4,6) (5,6) (6,6)
  facet 11372: (1,0) (2,0) (2,1) (2,2) (3,2) (3,4) (3,5) (4,5) (4,6) (5,6) (6,6)
  facet 11373: (1,0) (1,1) (2,1) (3,1) (3,2) (3,4) (3,5) (4,5) (4,6) (5,6) (6,6)
  facet 11374: (1,0) (2,0) (2,1) (3,1) (3,2) (3,4) (3,5) (4,5) (4,6) (5,6) (6,6)
  facet 11375: (1,0) (2,0) (3,0) (3,1) (3,2) (3,4) (3,5) (4,5) (4,6) (5,6) (6,6)
  facet 11376: (1,0) (1,1) (1,2) (1,4) (2,4) (3,4) (4,4) (4,5) (4,6) (5,6) (6,6)
  facet 11377: (1,0) (1,1) (1,2) (2,2) (2,4) (3,4) (4,4) (4,5) (4,6) (5,6) (6,6)
  facet 11378: (1,0) (1,1) (2,1) (2,2) (2,4) (3,4) (4,4) (4,5) (4,6) (5,6) (6,6)
  facet 11379: (1,0) (2,0) (2,1) (2,2) (2,4) (3,4) (4,4) (4,5) (4,6) (5,6) (6,6)
  facet 11380: (1,0) (1,1) (1,2) (2,2) (3,2) (3,4) (4,4) (4,5) (4,6) (5,6) (6,6)
  facet 11381: (1,0) (1,1) (2,1) (2,2) (3,2) (3,4) (4,4) (4,5) (4,6) (5,6) (6,6)
  facet 11382: (1,0) (2,0) (2,1) (2,2) (3,2) (3,4) (4,4) (4,5) (4,6) (5,6) (6,6)
  facet 11383: (1,0) (1,1) (2,1) (3,1) (3,2) (3,4) (4,4) (4,5) (4,6) (5,6) (6,6)
  facet 11384: (1,0) (2,0) (2,1) (3,1) (3,2) (3,4) (4,4) (4,5) (4,6) (5,6) (6,6)
  facet 11385: (1,0) (2,0) (3,0) (3,1) (3,2) (3,4) (4,4) (4,5) (4,6) (5,6) (6,6)
  facet 11386: (1,0) (1,1) (1,2) (2,2) (3,2) (4,2) (4,4) (4,5) (4,6) (5,6) (6,6)
  facet 11387: (1,0) (1,1) (2,1) (2,2) (3,2) (4,2) (4,4) (4,5) (4,6) (5,6) (6,6)
  facet 11388: (1,0) (2,0) (2,1) (2,2) (3,2) (4,2) (4,4) (4,5) (4,6) (5,6) (6,6)
  facet 11389: (1,0) (1,1) (2,1) (3,1) (3,2) (4,2) (4,4) (4,5) (4,6) (5,6) (6,6)
  facet 11390: (1,0) (2,0) (2,1) (3,1) (3,2) (4,2) (4,4) (4,5) (4,6) (5,6) (6,6)
  facet 11391: (1,0) (2,0) (3,0) (3,1) (3,2) (4,2) (4,4) (4,5) (4,6) (5,6) (6,6)
  facet 11392: (1,0) (1,1) (2,1) (3,1) (4,1) (4,2) (4,4) (4,5) (4,6) (5,6) (6,6)
  facet 11393: (1,0) (2,0) (2,1) (3,1) (4,1) (4,2) (4,4) (4,5) (4,6) (5,6) (6,6)
  facet 11394: (1,0) (2,0) (3,0) (3,1) (4,1) (4,2) (4,4) (4,5) (4,6) (5,6) (6,6)
  facet 11395: (1,0) (2,0) (3,0) (4,0) (4,1) (4,2) (4,4) (4,5) (4,6) (5,6) (6,6)
  facet 11396: (1,0) (1,1) (1,2) (1,4) (1,5) (2,5) (3,5) (4,5) (5,5) (5,6) (6,6)
  facet 11397: (1,0) (1,1) (1,2) (1,4) (2,4) (2,5) (3,5) (4,5) (5,5) (5,6) (6,6)
  facet 11398: (1,0) (1,1) (1,2) (2,2) (2,4) (2,5) (3,5) (4,5) (5,5) (5,6) (6,6)
  facet 11399: (1,0) (1,1) (2,1) (2,2) (2,4) (2,5) (3,5) (4,5) (5,5) (5,6) (6,6)
  facet 11400: (1,0) (2,0) (2,1) (2,2) (2,4) (2,5) (3,5) (4,5) (5,5) (5,6) (6,6)
  facet 11401: (1,0) (1,1) (1,2) (1,4) (2,4) (3,4) (3,5) (4,5) (5,5) (5,6) (6,6)
  facet 11402: (1,0) (1,1) (1,2) (2,2) (2,4) (3,4) (3,5) (4,5) (5,5) (5,6) (6,6)
  facet 11403: (1,0) (1,1) (2,1) (2,2) (2,4) (3,4) (3,5) (4,5) (5,5) (5,6) (6,6)
  facet 11404: (1,0) (2,0) (2,1) (2,2) (2,4) (3,4) (3,5) (4,5) (5,5) (5,6) (6,6)
  facet 11405: (1,0) (1,1) (1,2) (2,2) (3,2) (3,4) (3,5) (4,5) (5,5) (5,6) (6,6)
  facet 11406: (1,0) (1,1) (2,1) (2,2) (3,2) (3,4) (3,5) (4,5) (5,5) (5,6) (6,6)
  facet 11407: (1,0) (2,0) (2,1) (2,2) (3,2) (3,4) (3,5) (4,5) (5,5) (5,6) (6,6)
  facet 11408: (1,0) (1,1) (2,1) (3,1) (3,2) (3,4) (3,5) (4,5) (5,5) (5,6) (6,6)
  facet 11409: (1,0) (2,0) (2,1) (3,1) (3,2) (3,4) (3,5) (4,5) (5,5) (5,6) (6,6)
  facet 11410: (1,0) (2,0) (3,0) (3,1) (3,2) (3,4) (3,5) (4,5) (5,5) (5,6) (6,6)
  facet 11411: (1,0) (1,1) (1,2) (1,4) (2,4) (3,4) (4,4) (4,5) (5,5) (5,6) (6,6)
  facet 11412: (1,0) (1,1) (1,2) (2,2) (2,4) (3,4) (4,4) (4,5) (5,5) (5,6) (6,6)
  facet 11413: (1,0) (1,1) (2,1) (2,2) (2,4) (3,4) (4,4) (4,5) (5,5) (5,6) (6,6)
  facet 11414: (1,0) (2,0) (2,1) (2,2) (2,4) (3,4) (4,4) (4,5) (5,5) (5,6) (6,6)
  facet 11415: (1,0) (1,1) (1,2) (2,2) (3,2) (3,4) (4,4) (4,5) (5,5) (5,6) (6,6)
  facet 11416: (1,0) (1,1) (2,1) (2,2) (3,2) (3,4) (4,4) (4,5) (5,5) (5,6) (6,6)
  facet 11417: (1,0) (2,0) (2,1) (2,2) (3,2) (3,4) (4,4) (4,5) (5,5) (5,6) (6,6)
  facet 11418: (1,0) (1,1) (2,1) (3,1) (3,2) (3,4) (4,4) (4,5) (5,5) (5,6) (6,6)
  facet 11419: (1,0) (2,0) (2,1) (3,1) (3,2) (3,4) (4,4) (4,5) (5,5) (5,6) (6,6)
  facet 11420: (1,0) (2,0) (3,0) (3,1) (3,2) (3,4) (4,4) (4,5) (5,5) (5,6) (6,6)
  facet 11421: (1,0) (1,1) (1,2) (2,2) (3,2) (4,2) (4,4) (4,5) (5,5) (5,6) (6,6)
  facet 11422: (1,0) (1,1) (2,1) (2,2) (3,2) (4,2) (4,4) (4,5) (5,5) (5,6) (6,6)
  facet 11423: (1,0) (2,0) (2,1) (2,2) (3,2) (4,2) (4,4) (4,5) (5,5) (5,6) (6,6)
  facet 11424: (1,0) (1,1) (2,1) (3,1) (3,2) (4,2) (4,4) (4,5) (5,5) (5,6) (6,6)
  facet 11425: (1,0) (2,0) (2,1) (3,1) (3,2) (4,2) (4,4) (4,5) (5,5) (5,6) (6,6)
  facet 11426: (1,0) (2,0) (3,0) (3,1) (3,2) (4,2) (4,4) (4,5) (5,5) (5,6) (6,6)
  facet 11427: (1,0) (1,1) (2,1) (3,1) (4,1) (4,2) (4,4) (4,5) (5,5) (5,6) (6,6)
  facet 11428: (1,0) (2,0) (2,1) (3,1) (4,1) (4,2) (4,4) (4,5) (5,5) (5,6) (6,6)
  facet 11429: (1,0) (2,0) (3,0) (3,1) (4,1) (4,2) (4,4) (4,5) (5,5) (5,6) (6,6)
  facet 11430: (1,0) (2,0) (3,0) (4,0) (4,1) (4,2) (4,4) (4,5) (5,5) (5,6) (6,6)
  facet 11431: (1,0) (1,1) (1,2) (1,4) (2,4) (3,4) (4,4) (5,4) (5,5) (5,6) (6,6)
  facet 11432: (1,0) (1,1) (1,2) (2,2) (2,4) (3,4) (4,4) (5,4) (5,5) (5,6) (6,6)
  facet 11433: (1,0) (1,1) (2,1) (2,2) (2,4) (3,4) (4,4) (5,4) (5,5) (5,6) (6,6)
  facet 11434: (1,0) (2,0) (2,1) (2,2) (2,4) (3,4) (4,4) (5,4) (5,5) (5,6) (6,6)
  facet 11435: (1,0) (1,1) (1,2) (2,2) (3,2) (3,4) (4,4) (5,4) (5,5) (5,6) (6,6)
  facet 11436: (1,0) (1,1) (2,1) (2,2) (3,2) (3,4) (4,4) (5,4) (5,5) (5,6) (6,6)
  facet 11437: (1,0) (2,0) (2,1) (2,2) (3,2) (3,4) (4,4) (5,4) (5,5) (5,6) (6,6)
  facet 11438: (1,0) (1,1) (2,1) (3,1) (3,2) (3,4) (4,4) (5,4) (5,5) (5,6) (6,6)
  facet 11439: (1,0) (2,0) (2,1) (3,1) (3,2) (3,4) (4,4) (5,4) (5,5) (5,6) (6,6)
  facet 11440: (1,0) (2,0) (3,0) (3,1) (3,2) (3,4) (4,4) (5,4) (5,5) (5,6) (6,6)
  facet 11441: (1,0) (1,1) (1,2) (2,2) (3,2) (4,2) (4,4) (5,4) (5,5) (5,6) (6,6)
  facet 11442: (1,0) (1,1) (2,1) (2,2) (3,2) (4,2) (4,4) (5,4) (5,5) (5,6) (6,6)
  facet 11443: (1,0) (2,0) (2,1) (2,2) (3,2) (4,2) (4,4) (5,4) (5,5) (5,6) (6,6)
  facet 11444: (1,0) (1,1) (2,1) (3,1) (3,2) (4,2) (4,4) (5,4) (5,5) (5,6) (6,6)
  facet 11445: (1,0) (2,0) (2,1) (3,1) (3,2) (4,2) (4,4) (5,4) (5,5) (5,6) (6,6)
  facet 11446: (1,0) (2,0) (3,0) (3,1) (3,2) (4,2) (4,4) (5,4) (5,5) (5,6) (6,6)
  facet 11447: (1,0) (1,1) (2,1) (3,1) (4,1) (4,2) (4,4) (5,4) (5,5) (5,6) (6,6)
  facet 11448: (1,0) (2,0) (2,1) (3,1) (4,1) (4,2) (4,4) (5,4) (5,5) (5,6) (6,6)
  facet 11449: (1,0) (2,0) (3,0) (3,1) (4,1) (4,2) (4,4) (5,4) (5,5) (5,6) (6,6)
  facet 11450: (1,0) (2,0) (3,0) (4,0) (4,1) (4,2) (4,4) (5,4) (5,5) (5,6) (6,6)
  facet 11451: (1,0) (1,1) (1,2) (2,2) (3,2) (4,2) (5,2) (5,4) (5,5) (5,6) (6,6)
  facet 11452: (1,0) (1,1) (2,1) (2,2) (3,2) (4,2) (5,2) (5,4) (5,5) (5,6) (6,6)
  facet 11453: (1,0) (2,0) (2,1) (2,2) (3,2) (4,2) (5,2) (5,4) (5,5) (5,6) (6,6)
  facet 11454: (1,0) (1,1) (2,1) (3,1) (3,2) (4,2) (5,2) (5,4) (5,5) (5,6) (6,6)
  facet 11455: (1,0) (2,0) (2,1) (3,1) (3,2) (4,2) (5,2) (5,4) (5,5) (5,6) (6,6)
  facet 11456: (1,0) (2,0) (3,0) (3,1) (3,2) (4,2) (5,2) (5,4) (5,5) (5,6) (6,6)
  facet 11457: (1,0) (1,1) (2,1) (3,1) (4,1) (4,2) (5,2) (5,4) (5,5) (5,6) (6,6)
  facet 11458: (1,0) (2,0) (2,1) (3,1) (4,1) (4,2) (5,2) (5,4) (5,5) (5,6) (6,6)
  facet 11459: (1,0) (2,0) (3,0) (3,1) (4,1) (4,2) (5,2) (5,4) (5,5) (5,6) (6,6)
  facet 11460: (1,0) (2,0) (3,0) (4,0) (4,1) (4,2) (5,2) (5,4) (5,5) (5,6) (6,6)
  facet 11461: (1,0) (1,1) (2,1) (3,1) (4,1) (5,1) (5,2) (5,4) (5,5) (5,6) (6,6)
  facet 11462: (1,0) (2,0) (2,1) (3,1) (4,1) (5,1) (5,2) (5,4) (5,5) (5,6) (6,6)
  facet 11463: (1,0) (2,0) (3,0) (3,1) (4,1) (5,1) (5,2) (5,4) (5,5) (5,6) (6,6)
  facet 11464: (1,0) (2,0) (3,0) (4,0) (4,1) (5,1) (5,2) (5,4) (5,5) (5,6) (6,6)
  facet 11465: (1,0) (2,0) (3,0) (4,0) (5,0) (5,1) (5,2) (5,4) (5,5) (5,6) (6,6)
  facet 11466: (1,0) (1,1) (1,2) (1,4) (1,5) (2,5) (3,5) (4,5) (5,5) (6,5) (6,6)
  facet 11467: (1,0) (1,1) (1,2) (1,4) (2,4) (2,5) (3,5) (4,5) (5,5) (6,5) (6,6)
  facet 11468: (1,0) (1,1) (1,2) (2,2) (2,4) (2,5) (3,5) (4,5) (5,5) (6,5) (6,6)
  facet 11469: (1,0) (1,1) (2,1) (2,2) (2,4) (2,5) (3,5) (4,5) (5,5) (6,5) (6,6)
  facet 11470: (1,0) (2,0) (2,1) (2,2) (2,4) (2,5) (3,5) (4,5) (5,5) (6,5) (6,6)
  facet 11471: (1,0) (1,1) (1,2) (1,4) (2,4) (3,4) (3,5) (4,5) (5,5) (6,5) (6,6)
  facet 11472: (1,0) (1,1) (1,2) (2,2) (2,4) (3,4) (3,5) (4,5) (5,5) (6,5) (6,6)
  facet 11473: (1,0) (1,1) (2,1) (2,2) (2,4) (3,4) (3,5) (4,5) (5,5) (6,5) (6,6)
  facet 11474: (1,0) (2,0) (2,1) (2,2) (2,4) (3,4) (3,5) (4,5) (5,5) (6,5) (6,6)
  facet 11475: (1,0) (1,1) (1,2) (2,2) (3,2) (3,4) (3,5) (4,5) (5,5) (6,5) (6,6)
  facet 11476: (1,0) (1,1) (2,1) (2,2) (3,2) (3,4) (3,5) (4,5) (5,5) (6,5) (6,6)
  facet 11477: (1,0) (2,0) (2,1) (2,2) (3,2) (3,4) (3,5) (4,5) (5,5) (6,5) (6,6)
  facet 11478: (1,0) (1,1) (2,1) (3,1) (3,2) (3,4) (3,5) (4,5) (5,5) (6,5) (6,6)
  facet 11479: (1,0) (2,0) (2,1) (3,1) (3,2) (3,4) (3,5) (4,5) (5,5) (6,5) (6,6)
  facet 11480: (1,0) (2,0) (3,0) (3,1) (3,2) (3,4) (3,5) (4,5) (5,5) (6,5) (6,6)
  facet 11481: (1,0) (1,1) (1,2) (1,4) (2,4) (3,4) (4,4) (4,5) (5,5) (6,5) (6,6)
  facet 11482: (1,0) (1,1) (1,2) (2,2) (2,4) (3,4) (4,4) (4,5) (5,5) (6,5) (6,6)
  facet 11483: (1,0) (1,1) (2,1) (2,2) (2,4) (3,4) (4,4) (4,5) (5,5) (6,5) (6,6)
  facet 11484: (1,0) (2,0) (2,1) (2,2) (2,4) (3,4) (4,4) (4,5) (5,5) (6,5) (6,6)
  facet 11485: (1,0) (1,1) (1,2) (2,2) (3,2) (3,4) (4,4) (4,5) (5,5) (6,5) (6,6)
  facet 11486: (1,0) (1,1) (2,1) (2,2) (3,2) (3,4) (4,4) (4,5) (5,5) (6,5) (6,6)
  facet 11487: (1,0) (2,0) (2,1) (2,2) (3,2) (3,4) (4,4) (4,5) (5,5) (6,5) (6,6)
  facet 11488: (1,0) (1,1) (2,1) (3,1) (3,2) (3,4) (4,4) (4,5) (5,5) (6,5) (6,6)
  facet 11489: (1,0) (2,0) (2,1) (3,1) (3,2) (3,4) (4,4) (4,5) (5,5) (6,5) (6,6)
  facet 11490: (1,0) (2,0) (3,0) (3,1) (3,2) (3,4) (4,4) (4,5) (5,5) (6,5) (6,6)
  facet 11491: (1,0) (1,1) (1,2) (2,2) (3,2) (4,2) (4,4) (4,5) (5,5) (6,5) (6,6)
  facet 11492: (1,0) (1,1) (2,1) (2,2) (3,2) (4,2) (4,4) (4,5) (5,5) (6,5) (6,6)
  facet 11493: (1,0) (2,0) (2,1) (2,2) (3,2) (4,2) (4,4) (4,5) (5,5) (6,5) (6,6)
  facet 11494: (1,0) (1,1) (2,1) (3,1) (3,2) (4,2) (4,4) (4,5) (5,5) (6,5) (6,6)
  facet 11495: (1,0) (2,0) (2,1) (3,1) (3,2) (4,2) (4,4) (4,5) (5,5) (6,5) (6,6)
  facet 11496: (1,0) (2,0) (3,0) (3,1) (3,2) (4,2) (4,4) (4,5) (5,5) (6,5) (6,6)
  facet 11497: (1,0) (1,1) (2,1) (3,1) (4,1) (4,2) (4,4) (4,5) (5,5) (6,5) (6,6)
  facet 11498: (1,0) (2,0) (2,1) (3,1) (4,1) (4,2) (4,4) (4,5) (5,5) (6,5) (6,6)
  facet 11499: (1,0) (2,0) (3,0) (3,1) (4,1) (4,2) (4,4) (4,5) (5,5) (6,5) (6,6)
  facet 11500: (1,0) (2,0) (3,0) (4,0) (4,1) (4,2) (4,4) (4,5) (5,5) (6,5) (6,6)
  facet 11501: (1,0) (1,1) (1,2) (1,4) (2,4) (3,4) (4,4) (5,4) (5,5) (6,5) (6,6)
  facet 11502: (1,0) (1,1) (1,2) (2,2) (2,4) (3,4) (4,4) (5,4) (5,5) (6,5) (6,6)
  facet 11503: (1,0) (1,1) (2,1) (2,2) (2,4) (3,4) (4,4) (5,4) (5,5) (6,5) (6,6)
  facet 11504: (1,0) (2,0) (2,1) (2,2) (2,4) (3,4) (4,4) (5,4) (5,5) (6,5) (6,6)
  facet 11505: (1,0) (1,1) (1,2) (2,2) (3,2) (3,4) (4,4) (5,4) (5,5) (6,5) (6,6)
  facet 11506: (1,0) (1,1) (2,1) (2,2) (3,2) (3,4) (4,4) (5,4) (5,5) (6,5) (6,6)
  facet 11507: (1,0) (2,0) (2,1) (2,2) (3,2) (3,4) (4,4) (5,4) (5,5) (6,5) (6,6)
  facet 11508: (1,0) (1,1) (2,1) (3,1) (3,2) (3,4) (4,4) (5,4) (5,5) (6,5) (6,6)
  facet 11509: (1,0) (2,0) (2,1) (3,1) (3,2) (3,4) (4,4) (5,4) (5,5) (6,5) (6,6)
  facet 11510: (1,0) (2,0) (3,0) (3,1) (3,2) (3,4) (4,4) (5,4) (5,5) (6,5) (6,6)
  facet 11511: (1,0) (1,1) (1,2) (2,2) (3,2) (4,2) (4,4) (5,4) (5,5) (6,5) (6,6)
  facet 11512: (1,0) (1,1) (2,1) (2,2) (3,2) (4,2) (4,4) (5,4) (5,5) (6,5) (6,6)
  facet 11513: (1,0) (2,0) (2,1) (2,2) (3,2) (4,2) (4,4) (5,4) (5,5) (6,5) (6,6)
  facet 11514: (1,0) (1,1) (2,1) (3,1) (3,2) (4,2) (4,4) (5,4) (5,5) (6,5) (6,6)
  facet 11515: (1,0) (2,0) (2,1) (3,1) (3,2) (4,2) (4,4) (5,4) (5,5) (6,5) (6,6)
  facet 11516: (1,0) (2,0) (3,0) (3,1) (3,2) (4,2) (4,4) (5,4) (5,5) (6,5) (6,6)
  facet 11517: (1,0) (1,1) (2,1) (3,1) (4,1) (4,2) (4,4) (5,4) (5,5) (6,5) (6,6)
  facet 11518: (1,0) (2,0) (2,1) (3,1) (4,1) (4,2) (4,4) (5,4) (5,5) (6,5) (6,6)
  facet 11519: (1,0) (2,0) (3,0) (3,1) (4,1) (4,2) (4,4) (5,4) (5,5) (6,5) (6,6)
  facet 11520: (1,0) (2,0) (3,0) (4,0) (4,1) (4,2) (4,4) (5,4) (5,5) (6,5) (6,6)
  facet 11521: (1,0) (1,1) (1,2) (2,2) (3,2) (4,2) (5,2) (5,4) (5,5) (6,5) (6,6)
  facet 11522: (1,0) (1,1) (2,1) (2,2) (3,2) (4,2) (5,2) (5,4) (5,5) (6,5) (6,6)
  facet 11523: (1,0) (2,0) (2,1) (2,2) (3,2) (4,2) (5,2) (5,4) (5,5) (6,5) (6,6)
  facet 11524: (1,0) (1,1) (2,1) (3,1) (3,2) (4,2) (5,2) (5,4) (5,5) (6,5) (6,6)
  facet 11525: (1,0) (2,0) (2,1) (3,1) (3,2) (4,2) (5,2) (5,4) (5,5) (6,5) (6,6)
  facet 11526: (1,0) (2,0) (3,0) (3,1) (3,2) (4,2) (5,2) (5,4) (5,5) (6,5) (6,6)
  facet 11527: (1,0) (1,1) (2,1) (3,1) (4,1) (4,2) (5,2) (5,4) (5,5) (6,5) (6,6)
  facet 11528: (1,0) (2,0) (2,1) (3,1) (4,1) (4,2) (5,2) (5,4) (5,5) (6,5) (6,6)
  facet 11529: (1,0) (2,0) (3,0) (3,1) (4,1) (4,2) (5,2) (5,4) (5,5) (6,5) (6,6)
  facet 11530: (1,0) (2,0) (3,0) (4,0) (4,1) (4,2) (5,2) (5,4) (5,5) (6,5) (6,6)
  facet 11531: (1,0) (1,1) (2,1) (3,1) (4,1) (5,1) (5,2) (5,4) (5,5) (6,5) (6,6)
  facet 11532: (1,0) (2,0) (2,1) (3,1) (4,1) (5,1) (5,2) (5,4) (5,5) (6,5) (6,6)
  facet 11533: (1,0) (2,0) (3,0) (3,1) (4,1) (5,1) (5,2) (5,4) (5,5) (6,5) (6,6)
  facet 11534: (1,0) (2,0) (3,0) (4,0) (4,1) (5,1) (5,2) (5,4) (5,5) (6,5) (6,6)
  facet 11535: (1,0) (2,0) (3,0) (4,0) (5,0) (5,1) (5,2) (5,4) (5,5) (6,5) (6,6)
  facet 11536: (1,0) (1,1) (1,2) (1,4) (2,4) (3,4) (4,4) (5,4) (6,4) (6,5) (6,6)
  facet 11537: (1,0) (1,1) (1,2) (2,2) (2,4) (3,4) (4,4) (5,4) (6,4) (6,5) (6,6)
  facet 11538: (1,0) (1,1) (2,1) (2,2) (2,4) (3,4) (4,4) (5,4) (6,4) (6,5) (6,6)
  facet 11539: (1,0) (2,0) (2,1) (2,2) (2,4) (3,4) (4,4) (5,4) (6,4) (6,5) (6,6)
  facet 11540: (1,0) (1,1) (1,2) (2,2) (3,2) (3,4) (4,4) (5,4) (6,4) (6,5) (6,6)
  facet 11541: (1,0) (1,1) (2,1) (2,2) (3,2) (3,4) (4,4) (5,4) (6,4) (6,5) (6,6)
  facet 11542: (1,0) (2,0) (2,1) (2,2) (3,2) (3,4) (4,4) (5,4) (6,4) (6,5) (6,6)
  facet 11543: (1,0) (1,1) (2,1) (3,1) (3,2) (3,4) (4,4) (5,4) (6,4) (6,5) (6,6)
  facet 11544: (1,0) (2,0) (2,1) (3,1) (3,2) (3,4) (4,4) (5,4) (6,4) (6,5) (6,6)
  facet 11545: (1,0) (2,0) (3,0) (3,1) (3,2) (3,4) (4,4) (5,4) (6,4) (6,5) (6,6)
  facet 11546: (1,0) (1,1) (1,2) (2,2) (3,2) (4,2) (4,4) (5,4) (6,4) (6,5) (6,6)
  facet 11547: (1,0) (1,1) (2,1) (2,2) (3,2) (4,2) (4,4) (5,4) (6,4) (6,5) (6,6)
  facet 11548: (1,0) (2,0) (2,1) (2,2) (3,2) (4,2) (4,4) (5,4) (6,4) (6,5) (6,6)
  facet 11549: (1,0) (1,1) (2,1) (3,1) (3,2) (4,2) (4,4) (5,4) (6,4) (6,5) (6,6)
  facet 11550: (1,0) (2,0) (2,1) (3,1) (3,2) (4,2) (4,4) (5,4) (6,4) (6,5) (6,6)
  facet 11551: (1,0) (2,0) (3,0) (3,1) (3,2) (4,2) (4,4) (5,4) (6,4) (6,5) (6,6)
  facet 11552: (1,0) (1,1) (2,1) (3,1) (4,1) (4,2) (4,4) (5,4) (6,4) (6,5) (6,6)
  facet 11553: (1,0) (2,0) (2,1) (3,1) (4,1) (4,2) (4,4) (5,4) (6,4) (6,5) (6,6)
  facet 11554: (1,0) (2,0) (3,0) (3,1) (4,1) (4,2) (4,4) (5,4) (6,4) (6,5) (6,6)
  facet 11555: (1,0) (2,0) (3,0) (4,0) (4,1) (4,2) (4,4) (5,4) (6,4) (6,5) (6,6)
  facet 11556: (1,0) (1,1) (1,2) (2,2) (3,2) (4,2) (5,2) (5,4) (6,4) (6,5) (6,6)
  facet 11557: (1,0) (1,1) (2,1) (2,2) (3,2) (4,2) (5,2) (5,4) (6,4) (6,5) (6,6)
  facet 11558: (1,0) (2,0) (2,1) (2,2) (3,2) (4,2) (5,2) (5,4) (6,4) (6,5) (6,6)
  facet 11559: (1,0) (1,1) (2,1) (3,1) (3,2) (4,2) (5,2) (5,4) (6,4) (6,5) (6,6)
  facet 11560: (1,0) (2,0) (2,1) (3,1) (3,2) (4,2) (5,2) (5,4) (6,4) (6,5) (6,6)
  facet 11561: (1,0) (2,0) (3,0) (3,1) (3,2) (4,2) (5,2) (5,4) (6,4) (6,5) (6,6)
  facet 11562: (1,0) (1,1) (2,1) (3,1) (4,1) (4,2) (5,2) (5,4) (6,4) (6,5) (6,6)
  facet 11563: (1,0) (2,0) (2,1) (3,1) (4,1) (4,2) (5,2) (5,4) (6,4) (6,5) (6,6)
  facet 11564: (1,0) (2,0) (3,0) (3,1) (4,1) (4,2) (5,2) (5,4) (6,4) (6,5) (6,6)
  facet 11565: (1,0) (2,0) (3,0) (4,0) (4,1) (4,2) (5,2) (5,4) (6,4) (6,5) (6,6)
  facet 11566: (1,0) (1,1) (2,1) (3,1) (4,1) (5,1) (5,2) (5,4) (6,4) (6,5) (6,6)
  facet 11567: (1,0) (2,0) (2,1) (3,1) (4,1) (5,1) (5,2) (5,4) (6,4) (6,5) (6,6)
  facet 11568: (1,0) (2,0) (3,0) (3,1) (4,1) (5,1) (5,2) (5,4) (6,4) (6,5) (6,6)
  facet 11569: (1,0) (2,0) (3,0) (4,0) (4,1) (5,1) (5,2) (5,4) (6,4) (6,5) (6,6)
  facet 11570: (1,0) (2,0) (3,0) (4,0) (5,0) (5,1) (5,2) (5,4) (6,4) (6,5) (6,6)
  facet 11571: (1,0) (1,1) (1,2) (2,2) (3,2) (4,2) (5,2) (6,2) (6,4) (6,5) (6,6)
  facet 11572: (1,0) (1,1) (2,1) (2,2) (3,2) (4,2) (5,2) (6,2) (6,4) (6,5) (6,6)
  facet 11573: (1,0) (2,0) (2,1) (2,2) (3,2) (4,2) (5,2) (6,2) (6,4) (6,5) (6,6)
  facet 11574: (1,0) (1,1) (2,1) (3,1) (3,2) (4,2) (5,2) (6,2) (6,4) (6,5) (6,6)
  facet 11575: (1,0) (2,0) (2,1) (3,1) (3,2) (4,2) (5,2) (6,2) (6,4) (6,5) (6,6)
  facet 11576: (1,0) (2,0) (3,0) (3,1) (3,2) (4,2) (5,2) (6,2) (6,4) (6,5) (6,6)
  facet 11577: (1,0) (1,1) (2,1) (3,1) (4,1) (4,2) (5,2) (6,2) (6,4) (6,5) (6,6)
  facet 11578: (1,0) (2,0) (2,1) (3,1) (4,1) (4,2) (5,2) (6,2) (6,4) (6,5) (6,6)
  facet 11579: (1,0) (2,0) (3,0) (3,1) (4,1) (4,2) (5,2) (6,2) (6,4) (6,5) (6,6)
  facet 11580: (1,0) (2,0) (3,0) (4,0) (4,1) (4,2) (5,2) (6,2) (6,4) (6,5) (6,6)
  facet 11581: (1,0) (1,1) (2,1) (3,1) (4,1) (5,1) (5,2) (6,2) (6,4) (6,5) (6,6)
  facet 11582: (1,0) (2,0) (2,1) (3,1) (4,1) (5,1) (5,2) (6,2) (6,4) (6,5) (6,6)
  facet 11583: (1,0) (2,0) (3,0) (3,1) (4,1) (5,1) (5,2) (6,2) (6,4) (6,5) (6,6)
  facet 11584: (1,0) (2,0) (3,0) (4,0) (4,1) (5,1) (5,2) (6,2) (6,4) (6,5) (6,6)
  facet 11585: (1,0) (2,0) (3,0) (4,0) (5,0) (5,1) (5,2) (6,2) (6,4) (6,5) (6,6)
  facet 11586: (1,0) (1,1) (2,1) (3,1) (4,1) (5,1) (6,1) (6,2) (6,4) (6,5) (6,6)
  facet 11587: (1,0) (2,0) (2,1) (3,1) (4,1) (5,1) (6,1) (6,2) (6,4) (6,5) (6,6)
  facet 11588: (1,0) (2,0) (3,0) (3,1) (4,1) (5,1) (6,1) (6,2) (6,4) (6,5) (6,6)
  facet 11589: (1,0) (2,0) (3,0) (4,0) (4,1) (5,1) (6,1) (6,2) (6,4) (6,5) (6,6)
  facet 11590: (1,0) (2,0) (3,0) (4,0) (5,0) (5,1) (6,1) (6,2) (6,4) (6,5) (6,6)
  facet 11591: (1,0) (2,0) (3,0) (4,0) (5,0) (6,0) (6,1) (6,2) (6,4) (6,5) (6,6)
  facet 11592: (1,0) (1,1) (1,3) (1,4) (1,5) (1,6) (2,6) (3,6) (4,6) (5,6) (6,6)
  facet 11593: (1,0) (1,1) (1,3) (1,4) (1,5) (2,5) (2,6) (3,6) (4,6) (5,6) (6,6)
  facet 11594: (1,0) (1,1) (1,3) (1,4) (2,4) (2,5) (2,6) (3,6) (4,6) (5,6) (6,6)
  facet 11595: (1,0) (1,1) (1,3) (2,3) (2,4) (2,5) (2,6) (3,6) (4,6) (5,6) (6,6)
  facet 11596: (1,0) (1,1) (2,1) (2,3) (2,4) (2,5) (2,6) (3,6) (4,6) (5,6) (6,6)
  facet 11597: (1,0) (2,0) (2,1) (2,3) (2,4) (2,5) (2,6) (3,6) (4,6) (5,6) (6,6)
  facet 11598: (1,0) (1,1) (1,3) (1,4) (1,5) (2,5) (3,5) (3,6) (4,6) (5,6) (6,6)
  facet 11599: (1,0) (1,1) (1,3) (1,4) (2,4) (2,5) (3,5) (3,6) (4,6) (5,6) (6,6)
  facet 11600: (1,0) (1,1) (1,3) (2,3) (2,4) (2,5) (3,5) (3,6) (4,6) (5,6) (6,6)
  facet 11601: (1,0) (1,1) (2,1) (2,3) (2,4) (2,5) (3,5) (3,6) (4,6) (5,6) (6,6)
  facet 11602: (1,0) (2,0) (2,1) (2,3) (2,4) (2,5) (3,5) (3,6) (4,6) (5,6) (6,6)
  facet 11603: (1,0) (1,1) (1,3) (1,4) (2,4) (3,4) (3,5) (3,6) (4,6) (5,6) (6,6)
  facet 11604: (1,0) (1,1) (1,3) (2,3) (2,4) (3,4) (3,5) (3,6) (4,6) (5,6) (6,6)
  facet 11605: (1,0) (1,1) (2,1) (2,3) (2,4) (3,4) (3,5) (3,6) (4,6) (5,6) (6,6)
  facet 11606: (1,0) (2,0) (2,1) (2,3) (2,4) (3,4) (3,5) (3,6) (4,6) (5,6) (6,6)
  facet 11607: (1,0) (1,1) (1,3) (2,3) (3,3) (3,4) (3,5) (3,6) (4,6) (5,6) (6,6)
  facet 11608: (1,0) (1,1) (2,1) (2,3) (3,3) (3,4) (3,5) (3,6) (4,6) (5,6) (6,6)
  facet 11609: (1,0) (2,0) (2,1) (2,3) (3,3) (3,4) (3,5) (3,6) (4,6) (5,6) (6,6)
  facet 11610: (1,0) (1,1) (2,1) (3,1) (3,3) (3,4) (3,5) (3,6) (4,6) (5,6) (6,6)
  facet 11611: (1,0) (2,0) (2,1) (3,1) (3,3) (3,4) (3,5) (3,6) (4,6) (5,6) (6,6)
  facet 11612: (1,0) (2,0) (3,0) (3,1) (3,3) (3,4) (3,5) (3,6) (4,6) (5,6) (6,6)
  facet 11613: (1,0) (1,1) (1,3) (1,4) (1,5) (2,5) (3,5) (4,5) (4,6) (5,6) (6,6)
  facet 11614: (1,0) (1,1) (1,3) (1,4) (2,4) (2,5) (3,5) (4,5) (4,6) (5,6) (6,6)
  facet 11615: (1,0) (1,1) (1,3) (2,3) (2,4) (2,5) (3,5) (4,5) (4,6) (5,6) (6,6)
  facet 11616: (1,0) (1,1) (2,1) (2,3) (2,4) (2,5) (3,5) (4,5) (4,6) (5,6) (6,6)
  facet 11617: (1,0) (2,0) (2,1) (2,3) (2,4) (2,5) (3,5) (4,5) (4,6) (5,6) (6,6)
  facet 11618: (1,0) (1,1) (1,3) (1,4) (2,4) (3,4) (3,5) (4,5) (4,6) (5,6) (6,6)
  facet 11619: (1,0) (1,1) (1,3) (2,3) (2,4) (3,4) (3,5) (4,5) (4,6) (5,6) (6,6)
  facet 11620: (1,0) (1,1) (2,1) (2,3) (2,4) (3,4) (3,5) (4,5) (4,6) (5,6) (6,6)
  facet 11621: (1,0) (2,0) (2,1) (2,3) (2,4) (3,4) (3,5) (4,5) (4,6) (5,6) (6,6)
  facet 11622: (1,0) (1,1) (1,3) (2,3) (3,3) (3,4) (3,5) (4,5) (4,6) (5,6) (6,6)
  facet 11623: (1,0) (1,1) (2,1) (2,3) (3,3) (3,4) (3,5) (4,5) (4,6) (5,6) (6,6)
  facet 11624: (1,0) (2,0) (2,1) (2,3) (3,3) (3,4) (3,5) (4,5) (4,6) (5,6) (6,6)
  facet 11625: (1,0) (1,1) (2,1) (3,1) (3,3) (3,4) (3,5) (4,5) (4,6) (5,6) (6,6)
  facet 11626: (1,0) (2,0) (2,1) (3,1) (3,3) (3,4) (3,5) (4,5) (4,6) (5,6) (6,6)
  facet 11627: (1,0) (2,0) (3,0) (3,1) (3,3) (3,4) (3,5) (4,5) (4,6) (5,6) (6,6)
  facet 11628: (1,0) (1,1) (1,3) (1,4) (2,4) (3,4) (4,4) (4,5) (4,6) (5,6) (6,6)
  facet 11629: (1,0) (1,1) (1,3) (2,3) (2,4) (3,4) (4,4) (4,5) (4,6) (5,6) (6,6)
  facet 11630: (1,0) (1,1) (2,1) (2,3) (2,4) (3,4) (4,4) (4,5) (4,6) (5,6) (6,6)
  facet 11631: (1,0) (2,0) (2,1) (2,3) (2,4) (3,4) (4,4) (4,5) (4,6) (5,6) (6,6)
  facet 11632: (1,0) (1,1) (1,3) (2,3) (3,3) (3,4) (4,4) (4,5) (4,6) (5,6) (6,6)
  facet 11633: (1,0) (1,1) (2,1) (2,3) (3,3) (3,4) (4,4) (4,5) (4,6) (5,6) (6,6)
  facet 11634: (1,0) (2,0) (2,1) (2,3) (3,3) (3,4) (4,4) (4,5) (4,6) (5,6) (6,6)
  facet 11635: (1,0) (1,1) (2,1) (3,1) (3,3) (3,4) (4,4) (4,5) (4,6) (5,6) (6,6)
  facet 11636: (1,0) (2,0) (2,1) (3,1) (3,3) (3,4) (4,4) (4,5) (4,6) (5,6) (6,6)
  facet 11637: (1,0) (2,0) (3,0) (3,1) (3,3) (3,4) (4,4) (4,5) (4,6) (5,6) (6,6)
  facet 11638: (1,0) (1,1) (1,3) (2,3) (3,3) (4,3) (4,4) (4,5) (4,6) (5,6) (6,6)
  facet 11639: (1,0) (1,1) (2,1) (2,3) (3,3) (4,3) (4,4) (4,5) (4,6) (5,6) (6,6)
  facet 11640: (1,0) (2,0) (2,1) (2,3) (3,3) (4,3) (4,4) (4,5) (4,6) (5,6) (6,6)
  facet 11641: (1,0) (1,1) (2,1) (3,1) (3,3) (4,3) (4,4) (4,5) (4,6) (5,6) (6,6)
  facet 11642: (1,0) (2,0) (2,1) (3,1) (3,3) (4,3) (4,4) (4,5) (4,6) (5,6) (6,6)
  facet 11643: (1,0) (2,0) (3,0) (3,1) (3,3) (4,3) (4,4) (4,5) (4,6) (5,6) (6,6)
  facet 11644: (1,0) (1,1) (2,1) (3,1) (4,1) (4,3) (4,4) (4,5) (4,6) (5,6) (6,6)
  facet 11645: (1,0) (2,0) (2,1) (3,1) (4,1) (4,3) (4,4) (4,5) (4,6) (5,6) (6,6)
  facet 11646: (1,0) (2,0) (3,0) (3,1) (4,1) (4,3) (4,4) (4,5) (4,6) (5,6) (6,6)
  facet 11647: (1,0) (2,0) (3,0) (4,0) (4,1) (4,3) (4,4) (4,5) (4,6) (5,6) (6,6)
  facet 11648: (1,0) (1,1) (1,3) (1,4) (1,5) (2,5) (3,5) (4,5) (5,5) (5,6) (6,6)
  facet 11649: (1,0) (1,1) (1,3) (1,4) (2,4) (2,5) (3,5) (4,5) (5,5) (5,6) (6,6)
  facet 11650: (1,0) (1,1) (1,3) (2,3) (2,4) (2,5) (3,5) (4,5) (5,5) (5,6) (6,6)
  facet 11651: (1,0) (1,1) (2,1) (2,3) (2,4) (2,5) (3,5) (4,5) (5,5) (5,6) (6,6)
  facet 11652: (1,0) (2,0) (2,1) (2,3) (2,4) (2,5) (3,5) (4,5) (5,5) (5,6) (6,6)
  facet 11653: (1,0) (1,1) (1,3) (1,4) (2,4) (3,4) (3,5) (4,5) (5,5) (5,6) (6,6)
  facet 11654: (1,0) (1,1) (1,3) (2,3) (2,4) (3,4) (3,5) (4,5) (5,5) (5,6) (6,6)
  facet 11655: (1,0) (1,1) (2,1) (2,3) (2,4) (3,4) (3,5) (4,5) (5,5) (5,6) (6,6)
  facet 11656: (1,0) (2,0) (2,1) (2,3) (2,4) (3,4) (3,5) (4,5) (5,5) (5,6) (6,6)
  facet 11657: (1,0) (1,1) (1,3) (2,3) (3,3) (3,4) (3,5) (4,5) (5,5) (5,6) (6,6)
  facet 11658: (1,0) (1,1) (2,1) (2,3) (3,3) (3,4) (3,5) (4,5) (5,5) (5,6) (6,6)
  facet 11659: (1,0) (2,0) (2,1) (2,3) (3,3) (3,4) (3,5) (4,5) (5,5) (5,6) (6,6)
  facet 11660: (1,0) (1,1) (2,1) (3,1) (3,3) (3,4) (3,5) (4,5) (5,5) (5,6) (6,6)
  facet 11661: (1,0) (2,0) (2,1) (3,1) (3,3) (3,4) (3,5) (4,5) (5,5) (5,6) (6,6)
  facet 11662: (1,0) (2,0) (3,0) (3,1) (3,3) (3,4) (3,5) (4,5) (5,5) (5,6) (6,6)
  facet 11663: (1,0) (1,1) (1,3) (1,4) (2,4) (3,4) (4,4) (4,5) (5,5) (5,6) (6,6)
  facet 11664: (1,0) (1,1) (1,3) (2,3) (2,4) (3,4) (4,4) (4,5) (5,5) (5,6) (6,6)
  facet 11665: (1,0) (1,1) (2,1) (2,3) (2,4) (3,4) (4,4) (4,5) (5,5) (5,6) (6,6)
  facet 11666: (1,0) (2,0) (2,1) (2,3) (2,4) (3,4) (4,4) (4,5) (5,5) (5,6) (6,6)
  facet 11667: (1,0) (1,1) (1,3) (2,3) (3,3) (3,4) (4,4) (4,5) (5,5) (5,6) (6,6)
  facet 11668: (1,0) (1,1) (2,1) (2,3) (3,3) (3,4) (4,4) (4,5) (5,5) (5,6) (6,6)
  facet 11669: (1,0) (2,0) (2,1) (2,3) (3,3) (3,4) (4,4) (4,5) (5,5) (5,6) (6,6)
  facet 11670: (1,0) (1,1) (2,1) (3,1) (3,3) (3,4) (4,4) (4,5) (5,5) (5,6) (6,6)
  facet 11671: (1,0) (2,0) (2,1) (3,1) (3,3) (3,4) (4,4) (4,5) (5,5) (5,6) (6,6)
  facet 11672: (1,0) (2,0) (3,0) (3,1) (3,3) (3,4) (4,4) (4,5) (5,5) (5,6) (6,6)
  facet 11673: (1,0) (1,1) (1,3) (2,3) (3,3) (4,3) (4,4) (4,5) (5,5) (5,6) (6,6)
  facet 11674: (1,0) (1,1) (2,1) (2,3) (3,3) (4,3) (4,4) (4,5) (5,5) (5,6) (6,6)
  facet 11675: (1,0) (2,0) (2,1) (2,3) (3,3) (4,3) (4,4) (4,5) (5,5) (5,6) (6,6)
  facet 11676: (1,0) (1,1) (2,1) (3,1) (3,3) (4,3) (4,4) (4,5) (5,5) (5,6) (6,6)
  facet 11677: (1,0) (2,0) (2,1) (3,1) (3,3) (4,3) (4,4) (4,5) (5,5) (5,6) (6,6)
  facet 11678: (1,0) (2,0) (3,0) (3,1) (3,3) (4,3) (4,4) (4,5) (5,5) (5,6) (6,6)
  facet 11679: (1,0) (1,1) (2,1) (3,1) (4,1) (4,3) (4,4) (4,5) (5,5) (5,6) (6,6)
  facet 11680: (1,0) (2,0) (2,1) (3,1) (4,1) (4,3) (4,4) (4,5) (5,5) (5,6) (6,6)
  facet 11681: (1,0) (2,0) (3,0) (3,1) (4,1) (4,3) (4,4) (4,5) (5,5) (5,6) (6,6)
  facet 11682: (1,0) (2,0) (3,0) (4,0) (4,1) (4,3) (4,4) (4,5) (5,5) (5,6) (6,6)
  facet 11683: (1,0) (1,1) (1,3) (1,4) (2,4) (3,4) (4,4) (5,4) (5,5) (5,6) (6,6)
  facet 11684: (1,0) (1,1) (1,3) (2,3) (2,4) (3,4) (4,4) (5,4) (5,5) (5,6) (6,6)
  facet 11685: (1,0) (1,1) (2,1) (2,3) (2,4) (3,4) (4,4) (5,4) (5,5) (5,6) (6,6)
  facet 11686: (1,0) (2,0) (2,1) (2,3) (2,4) (3,4) (4,4) (5,4) (5,5) (5,6) (6,6)
  facet 11687: (1,0) (1,1) (1,3) (2,3) (3,3) (3,4) (4,4) (5,4) (5,5) (5,6) (6,6)
  facet 11688: (1,0) (1,1) (2,1) (2,3) (3,3) (3,4) (4,4) (5,4) (5,5) (5,6) (6,6)
  facet 11689: (1,0) (2,0) (2,1) (2,3) (3,3) (3,4) (4,4) (5,4) (5,5) (5,6) (6,6)
  facet 11690: (1,0) (1,1) (2,1) (3,1) (3,3) (3,4) (4,4) (5,4) (5,5) (5,6) (6,6)
  facet 11691: (1,0) (2,0) (2,1) (3,1) (3,3) (3,4) (4,4) (5,4) (5,5) (5,6) (6,6)
  facet 11692: (1,0) (2,0) (3,0) (3,1) (3,3) (3,4) (4,4) (5,4) (5,5) (5,6) (6,6)
  facet 11693: (1,0) (1,1) (1,3) (2,3) (3,3) (4,3) (4,4) (5,4) (5,5) (5,6) (6,6)
  facet 11694: (1,0) (1,1) (2,1) (2,3) (3,3) (4,3) (4,4) (5,4) (5,5) (5,6) (6,6)
  facet 11695: (1,0) (2,0) (2,1) (2,3) (3,3) (4,3) (4,4) (5,4) (5,5) (5,6) (6,6)
  facet 11696: (1,0) (1,1) (2,1) (3,1) (3,3) (4,3) (4,4) (5,4) (5,5) (5,6) (6,6)
  facet 11697: (1,0) (2,0) (2,1) (3,1) (3,3) (4,3) (4,4) (5,4) (5,5) (5,6) (6,6)
  facet 11698: (1,0) (2,0) (3,0) (3,1) (3,3) (4,3) (4,4) (5,4) (5,5) (5,6) (6,6)
  facet 11699: (1,0) (1,1) (2,1) (3,1) (4,1) (4,3) (4,4) (5,4) (5,5) (5,6) (6,6)
  facet 11700: (1,0) (2,0) (2,1) (3,1) (4,1) (4,3) (4,4) (5,4) (5,5) (5,6) (6,6)
  facet 11701: (1,0) (2,0) (3,0) (3,1) (4,1) (4,3) (4,4) (5,4) (5,5) (5,6) (6,6)
  facet 11702: (1,0) (2,0) (3,0) (4,0) (4,1) (4,3) (4,4) (5,4) (5,5) (5,6) (6,6)
  facet 11703: (1,0) (1,1) (1,3) (2,3) (3,3) (4,3) (5,3) (5,4) (5,5) (5,6) (6,6)
  facet 11704: (1,0) (1,1) (2,1) (2,3) (3,3) (4,3) (5,3) (5,4) (5,5) (5,6) (6,6)
  facet 11705: (1,0) (2,0) (2,1) (2,3) (3,3) (4,3) (5,3) (5,4) (5,5) (5,6) (6,6)
  facet 11706: (1,0) (1,1) (2,1) (3,1) (3,3) (4,3) (5,3) (5,4) (5,5) (5,6) (6,6)
  facet 11707: (1,0) (2,0) (2,1) (3,1) (3,3) (4,3) (5,3) (5,4) (5,5) (5,6) (6,6)
  facet 11708: (1,0) (2,0) (3,0) (3,1) (3,3) (4,3) (5,3) (5,4) (5,5) (5,6) (6,6)
  facet 11709: (1,0) (1,1) (2,1) (3,1) (4,1) (4,3) (5,3) (5,4) (5,5) (5,6) (6,6)
  facet 11710: (1,0) (2,0) (2,1) (3,1) (4,1) (4,3) (5,3) (5,4) (5,5) (5,6) (6,6)
  facet 11711: (1,0) (2,0) (3,0) (3,1) (4,1) (4,3) (5,3) (5,4) (5,5) (5,6) (6,6)
  facet 11712: (1,0) (2,0) (3,0) (4,0) (4,1) (4,3) (5,3) (5,4) (5,5) (5,6) (6,6)
  facet 11713: (1,0) (1,1) (2,1) (3,1) (4,1) (5,1) (5,3) (5,4) (5,5) (5,6) (6,6)
  facet 11714: (1,0) (2,0) (2,1) (3,1) (4,1) (5,1) (5,3) (5,4) (5,5) (5,6) (6,6)
  facet 11715: (1,0) (2,0) (3,0) (3,1) (4,1) (5,1) (5,3) (5,4) (5,5) (5,6) (6,6)
  facet 11716: (1,0) (2,0) (3,0) (4,0) (4,1) (5,1) (5,3) (5,4) (5,5) (5,6) (6,6)
  facet 11717: (1,0) (2,0) (3,0) (4,0) (5,0) (5,1) (5,3) (5,4) (5,5) (5,6) (6,6)
  facet 11718: (1,0) (1,1) (1,3) (1,4) (1,5) (2,5) (3,5) (4,5) (5,5) (6,5) (6,6)
  facet 11719: (1,0) (1,1) (1,3) (1,4) (2,4) (2,5) (3,5) (4,5) (5,5) (6,5) (6,6)
  facet 11720: (1,0) (1,1) (1,3) (2,3) (2,4) (2,5) (3,5) (4,5) (5,5) (6,5) (6,6)
  facet 11721: (1,0) (1,1) (2,1) (2,3) (2,4) (2,5) (3,5) (4,5) (5,5) (6,5) (6,6)
  facet 11722: (1,0) (2,0) (2,1) (2,3) (2,4) (2,5) (3,5) (4,5) (5,5) (6,5) (6,6)
  facet 11723: (1,0) (1,1) (1,3) (1,4) (2,4) (3,4) (3,5) (4,5) (5,5) (6,5) (6,6)
  facet 11724: (1,0) (1,1) (1,3) (2,3) (2,4) (3,4) (3,5) (4,5) (5,5) (6,5) (6,6)
  facet 11725: (1,0) (1,1) (2,1) (2,3) (2,4) (3,4) (3,5) (4,5) (5,5) (6,5) (6,6)
  facet 11726: (1,0) (2,0) (2,1) (2,3) (2,4) (3,4) (3,5) (4,5) (5,5) (6,5) (6,6)
  facet 11727: (1,0) (1,1) (1,3) (2,3) (3,3) (3,4) (3,5) (4,5) (5,5) (6,5) (6,6)
  facet 11728: (1,0) (1,1) (2,1) (2,3) (3,3) (3,4) (3,5) (4,5) (5,5) (6,5) (6,6)
  facet 11729: (1,0) (2,0) (2,1) (2,3) (3,3) (3,4) (3,5) (4,5) (5,5) (6,5) (6,6)
  facet 11730: (1,0) (1,1) (2,1) (3,1) (3,3) (3,4) (3,5) (4,5) (5,5) (6,5) (6,6)
  facet 11731: (1,0) (2,0) (2,1) (3,1) (3,3) (3,4) (3,5) (4,5) (5,5) (6,5) (6,6)
  facet 11732: (1,0) (2,0) (3,0) (3,1) (3,3) (3,4) (3,5) (4,5) (5,5) (6,5) (6,6)
  facet 11733: (1,0) (1,1) (1,3) (1,4) (2,4) (3,4) (4,4) (4,5) (5,5) (6,5) (6,6)
  facet 11734: (1,0) (1,1) (1,3) (2,3) (2,4) (3,4) (4,4) (4,5) (5,5) (6,5) (6,6)
  facet 11735: (1,0) (1,1) (2,1) (2,3) (2,4) (3,4) (4,4) (4,5) (5,5) (6,5) (6,6)
  facet 11736: (1,0) (2,0) (2,1) (2,3) (2,4) (3,4) (4,4) (4,5) (5,5) (6,5) (6,6)
  facet 11737: (1,0) (1,1) (1,3) (2,3) (3,3) (3,4) (4,4) (4,5) (5,5) (6,5) (6,6)
  facet 11738: (1,0) (1,1) (2,1) (2,3) (3,3) (3,4) (4,4) (4,5) (5,5) (6,5) (6,6)
  facet 11739: (1,0) (2,0) (2,1) (2,3) (3,3) (3,4) (4,4) (4,5) (5,5) (6,5) (6,6)
  facet 11740: (1,0) (1,1) (2,1) (3,1) (3,3) (3,4) (4,4) (4,5) (5,5) (6,5) (6,6)
  facet 11741: (1,0) (2,0) (2,1) (3,1) (3,3) (3,4) (4,4) (4,5) (5,5) (6,5) (6,6)
  facet 11742: (1,0) (2,0) (3,0) (3,1) (3,3) (3,4) (4,4) (4,5) (5,5) (6,5) (6,6)
  facet 11743: (1,0) (1,1) (1,3) (2,3) (3,3) (4,3) (4,4) (4,5) (5,5) (6,5) (6,6)
  facet 11744: (1,0) (1,1) (2,1) (2,3) (3,3) (4,3) (4,4) (4,5) (5,5) (6,5) (6,6)
  facet 11745: (1,0) (2,0) (2,1) (2,3) (3,3) (4,3) (4,4) (4,5) (5,5) (6,5) (6,6)
  facet 11746: (1,0) (1,1) (2,1) (3,1) (3,3) (4,3) (4,4) (4,5) (5,5) (6,5) (6,6)
  facet 11747: (1,0) (2,0) (2,1) (3,1) (3,3) (4,3) (4,4) (4,5) (5,5) (6,5) (6,6)
  facet 11748: (1,0) (2,0) (3,0) (3,1) (3,3) (4,3) (4,4) (4,5) (5,5) (6,5) (6,6)
  facet 11749: (1,0) (1,1) (2,1) (3,1) (4,1) (4,3) (4,4) (4,5) (5,5) (6,5) (6,6)
  facet 11750: (1,0) (2,0) (2,1) (3,1) (4,1) (4,3) (4,4) (4,5) (5,5) (6,5) (6,6)
  facet 11751: (1,0) (2,0) (3,0) (3,1) (4,1) (4,3) (4,4) (4,5) (5,5) (6,5) (6,6)
  facet 11752: (1,0) (2,0) (3,0) (4,0) (4,1) (4,3) (4,4) (4,5) (5,5) (6,5) (6,6)
  facet 11753: (1,0) (1,1) (1,3) (1,4) (2,4) (3,4) (4,4) (5,4) (5,5) (6,5) (6,6)
  facet 11754: (1,0) (1,1) (1,3) (2,3) (2,4) (3,4) (4,4) (5,4) (5,5) (6,5) (6,6)
  facet 11755: (1,0) (1,1) (2,1) (2,3) (2,4) (3,4) (4,4) (5,4) (5,5) (6,5) (6,6)
  facet 11756: (1,0) (2,0) (2,1) (2,3) (2,4) (3,4) (4,4) (5,4) (5,5) (6,5) (6,6)
  facet 11757: (1,0) (1,1) (1,3) (2,3) (3,3) (3,4) (4,4) (5,4) (5,5) (6,5) (6,6)
  facet 11758: (1,0) (1,1) (2,1) (2,3) (3,3) (3,4) (4,4) (5,4) (5,5) (6,5) (6,6)
  facet 11759: (1,0) (2,0) (2,1) (2,3) (3,3) (3,4) (4,4) (5,4) (5,5) (6,5) (6,6)
  facet 11760: (1,0) (1,1) (2,1) (3,1) (3,3) (3,4) (4,4) (5,4) (5,5) (6,5) (6,6)
  facet 11761: (1,0) (2,0) (2,1) (3,1) (3,3) (3,4) (4,4) (5,4) (5,5) (6,5) (6,6)
  facet 11762: (1,0) (2,0) (3,0) (3,1) (3,3) (3,4) (4,4) (5,4) (5,5) (6,5) (6,6)
  facet 11763: (1,0) (1,1) (1,3) (2,3) (3,3) (4,3) (4,4) (5,4) (5,5) (6,5) (6,6)
  facet 11764: (1,0) (1,1) (2,1) (2,3) (3,3) (4,3) (4,4) (5,4) (5,5) (6,5) (6,6)
  facet 11765: (1,0) (2,0) (2,1) (2,3) (3,3) (4,3) (4,4) (5,4) (5,5) (6,5) (6,6)
  facet 11766: (1,0) (1,1) (2,1) (3,1) (3,3) (4,3) (4,4) (5,4) (5,5) (6,5) (6,6)
  facet 11767: (1,0) (2,0) (2,1) (3,1) (3,3) (4,3) (4,4) (5,4) (5,5) (6,5) (6,6)
  facet 11768: (1,0) (2,0) (3,0) (3,1) (3,3) (4,3) (4,4) (5,4) (5,5) (6,5) (6,6)
  facet 11769: (1,0) (1,1) (2,1) (3,1) (4,1) (4,3) (4,4) (5,4) (5,5) (6,5) (6,6)
  facet 11770: (1,0) (2,0) (2,1) (3,1) (4,1) (4,3) (4,4) (5,4) (5,5) (6,5) (6,6)
  facet 11771: (1,0) (2,0) (3,0) (3,1) (4,1) (4,3) (4,4) (5,4) (5,5) (6,5) (6,6)
  facet 11772: (1,0) (2,0) (3,0) (4,0) (4,1) (4,3) (4,4) (5,4) (5,5) (6,5) (6,6)
  facet 11773: (1,0) (1,1) (1,3) (2,3) (3,3) (4,3) (5,3) (5,4) (5,5) (6,5) (6,6)
  facet 11774: (1,0) (1,1) (2,1) (2,3) (3,3) (4,3) (5,3) (5,4) (5,5) (6,5) (6,6)
  facet 11775: (1,0) (2,0) (2,1) (2,3) (3,3) (4,3) (5,3) (5,4) (5,5) (6,5) (6,6)
  facet 11776: (1,0) (1,1) (2,1) (3,1) (3,3) (4,3) (5,3) (5,4) (5,5) (6,5) (6,6)
  facet 11777: (1,0) (2,0) (2,1) (3,1) (3,3) (4,3) (5,3) (5,4) (5,5) (6,5) (6,6)
  facet 11778: (1,0) (2,0) (3,0) (3,1) (3,3) (4,3) (5,3) (5,4) (5,5) (6,5) (6,6)
  facet 11779: (1,0) (1,1) (2,1) (3,1) (4,1) (4,3) (5,3) (5,4) (5,5) (6,5) (6,6)
  facet 11780: (1,0) (2,0) (2,1) (3,1) (4,1) (4,3) (5,3) (5,4) (5,5) (6,5) (6,6)
  facet 11781: (1,0) (2,0) (3,0) (3,1) (4,1) (4,3) (5,3) (5,4) (5,5) (6,5) (6,6)
  facet 11782: (1,0) (2,0) (3,0) (4,0) (4,1) (4,3) (5,3) (5,4) (5,5) (6,5) (6,6)
  facet 11783: (1,0) (1,1) (2,1) (3,1) (4,1) (5,1) (5,3) (5,4) (5,5) (6,5) (6,6)
  facet 11784: (1,0) (2,0) (2,1) (3,1) (4,1) (5,1) (5,3) (5,4) (5,5) (6,5) (6,6)
  facet 11785: (1,0) (2,0) (3,0) (3,1) (4,1) (5,1) (5,3) (5,4) (5,5) (6,5) (6,6)
  facet 11786: (1,0) (2,0) (3,0) (4,0) (4,1) (5,1) (5,3) (5,4) (5,5) (6,5) (6,6)
  facet 11787: (1,0) (2,0) (3,0) (4,0) (5,0) (5,1) (5,3) (5,4) (5,5) (6,5) (6,6)
  facet 11788: (1,0) (1,1) (1,3) (1,4) (2,4) (3,4) (4,4) (5,4) (6,4) (6,5) (6,6)
  facet 11789: (1,0) (1,1) (1,3) (2,3) (2,4) (3,4) (4,4) (5,4) (6,4) (6,5) (6,6)
  facet 11790: (1,0) (1,1) (2,1) (2,3) (2,4) (3,4) (4,4) (5,4) (6,4) (6,5) (6,6)
  facet 11791: (1,0) (2,0) (2,1) (2,3) (2,4) (3,4) (4,4) (5,4) (6,4) (6,5) (6,6)
  facet 11792: (1,0) (1,1) (1,3) (2,3) (3,3) (3,4) (4,4) (5,4) (6,4) (6,5) (6,6)
  facet 11793: (1,0) (1,1) (2,1) (2,3) (3,3) (3,4) (4,4) (5,4) (6,4) (6,5) (6,6)
  facet 11794: (1,0) (2,0) (2,1) (2,3) (3,3) (3,4) (4,4) (5,4) (6,4) (6,5) (6,6)
  facet 11795: (1,0) (1,1) (2,1) (3,1) (3,3) (3,4) (4,4) (5,4) (6,4) (6,5) (6,6)
  facet 11796: (1,0) (2,0) (2,1) (3,1) (3,3) (3,4) (4,4) (5,4) (6,4) (6,5) (6,6)
  facet 11797: (1,0) (2,0) (3,0) (3,1) (3,3) (3,4) (4,4) (5,4) (6,4) (6,5) (6,6)
  facet 11798: (1,0) (1,1) (1,3) (2,3) (3,3) (4,3) (4,4) (5,4) (6,4) (6,5) (6,6)
  facet 11799: (1,0) (1,1) (2,1) (2,3) (3,3) (4,3) (4,4) (5,4) (6,4) (6,5) (6,6)
  facet 11800: (1,0) (2,0) (2,1) (2,3) (3,3) (4,3) (4,4) (5,4) (6,4) (6,5) (6,6)
  facet 11801: (1,0) (1,1) (2,1) (3,1) (3,3) (4,3) (4,4) (5,4) (6,4) (6,5) (6,6)
  facet 11802: (1,0) (2,0) (2,1) (3,1) (3,3) (4,3) (4,4) (5,4) (6,4) (6,5) (6,6)
  facet 11803: (1,0) (2,0) (3,0) (3,1) (3,3) (4,3) (4,4) (5,4) (6,4) (6,5) (6,6)
  facet 11804: (1,0) (1,1) (2,1) (3,1) (4,1) (4,3) (4,4) (5,4) (6,4) (6,5) (6,6)
  facet 11805: (1,0) (2,0) (2,1) (3,1) (4,1) (4,3) (4,4) (5,4) (6,4) (6,5) (6,6)
  facet 11806: (1,0) (2,0) (3,0) (3,1) (4,1) (4,3) (4,4) (5,4) (6,4) (6,5) (6,6)
  facet 11807: (1,0) (2,0) (3,0) (4,0) (4,1) (4,3) (4,4) (5,4) (6,4) (6,5) (6,6)
  facet 11808: (1,0) (1,1) (1,3) (2,3) (3,3) (4,3) (5,3) (5,4) (6,4) (6,5) (6,6)
  facet 11809: (1,0) (1,1) (2,1) (2,3) (3,3) (4,3) (5,3) (5,4) (6,4) (6,5) (6,6)
  facet 11810: (1,0) (2,0) (2,1) (2,3) (3,3) (4,3) (5,3) (5,4) (6,4) (6,5) (6,6)
  facet 11811: (1,0) (1,1) (2,1) (3,1) (3,3) (4,3) (5,3) (5,4) (6,4) (6,5) (6,6)
  facet 11812: (1,0) (2,0) (2,1) (3,1) (3,3) (4,3) (5,3) (5,4) (6,4) (6,5) (6,6)
  facet 11813: (1,0) (2,0) (3,0) (3,1) (3,3) (4,3) (5,3) (5,4) (6,4) (6,5) (6,6)
  facet 11814: (1,0) (1,1) (2,1) (3,1) (4,1) (4,3) (5,3) (5,4) (6,4) (6,5) (6,6)
  facet 11815: (1,0) (2,0) (2,1) (3,1) (4,1) (4,3) (5,3) (5,4) (6,4) (6,5) (6,6)
  facet 11816: (1,0) (2,0) (3,0) (3,1) (4,1) (4,3) (5,3) (5,4) (6,4) (6,5) (6,6)
  facet 11817: (1,0) (2,0) (3,0) (4,0) (4,1) (4,3) (5,3) (5,4) (6,4) (6,5) (6,6)
  facet 11818: (1,0) (1,1) (2,1) (3,1) (4,1) (5,1) (5,3) (5,4) (6,4) (6,5) (6,6)
  facet 11819: (1,0) (2,0) (2,1) (3,1) (4,1) (5,1) (5,3) (5,4) (6,4) (6,5) (6,6)
  facet 11820: (1,0) (2,0) (3,0) (3,1) (4,1) (5,1) (5,3) (5,4) (6,4) (6,5) (6,6)
  facet 11821: (1,0) (2,0) (3,0) (4,0) (4,1) (5,1) (5,3) (5,4) (6,4) (6,5) (6,6)
  facet 11822: (1,0) (2,0) (3,0) (4,0) (5,0) (5,1) (5,3) (5,4) (6,4) (6,5) (6,6)
  facet 11823: (1,0) (1,1) (1,3) (2,3) (3,3) (4,3) (5,3) (6,3) (6,4) (6,5) (6,6)
  facet 11824: (1,0) (1,1) (2,1) (2,3) (3,3) (4,3) (5,3) (6,3) (6,4) (6,5) (6,6)
  facet 11825: (1,0) (2,0) (2,1) (2,3) (3,3) (4,3) (5,3) (6,3) (6,4) (6,5) (6,6)
  facet 11826: (1,0) (1,1) (2,1) (3,1) (3,3) (4,3) (5,3) (6,3) (6,4) (6,5) (6,6)
  facet 11827: (1,0) (2,0) (2,1) (3,1) (3,3) (4,3) (5,3) (6,3) (6,4) (6,5) (6,6)
  facet 11828: (1,0) (2,0) (3,0) (3,1) (3,3) (4,3) (5,3) (6,3) (6,4) (6,5) (6,6)
  facet 11829: (1,0) (1,1) (2,1) (3,1) (4,1) (4,3) (5,3) (6,3) (6,4) (6,5) (6,6)
  facet 11830: (1,0) (2,0) (2,1) (3,1) (4,1) (4,3) (5,3) (6,3) (6,4) (6,5) (6,6)
  facet 11831: (1,0) (2,0) (3,0) (3,1) (4,1) (4,3) (5,3) (6,3) (6,4) (6,5) (6,6)
  facet 11832: (1,0) (2,0) (3,0) (4,0) (4,1) (4,3) (5,3) (6,3) (6,4) (6,5) (6,6)
  facet 11833: (1,0) (1,1) (2,1) (3,1) (4,1) (5,1) (5,3) (6,3) (6,4) (6,5) (6,6)
  facet 11834: (1,0) (2,0) (2,1) (3,1) (4,1) (5,1) (5,3) (6,3) (6,4) (6,5) (6,6)
  facet 11835: (1,0) (2,0) (3,0) (3,1) (4,1) (5,1) (5,3) (6,3) (6,4) (6,5) (6,6)
  facet 11836: (1,0) (2,0) (3,0) (4,0) (4,1) (5,1) (5,3) (6,3) (6,4) (6,5) (6,6)
  facet 11837: (1,0) (2,0) (3,0) (4,0) (5,0) (5,1) (5,3) (6,3) (6,4) (6,5) (6,6)
  facet 11838: (1,0) (1,1) (2,1) (3,1) (4,1) (5,1) (6,1) (6,3) (6,4) (6,5) (6,6)
  facet 11839: (1,0) (2,0) (2,1) (3,1) (4,1) (5,1) (6,1) (6,3) (6,4) (6,5) (6,6)
  facet 11840: (1,0) (2,0) (3,0) (3,1) (4,1) (5,1) (6,1) (6,3) (6,4) (6,5) (6,6)
  facet 11841: (1,0) (2,0) (3,0) (4,0) (4,1) (5,1) (6,1) (6,3) (6,4) (6,5) (6,6)
  facet 11842: (1,0) (2,0) (3,0) (4,0) (5,0) (5,1) (6,1) (6,3) (6,4) (6,5) (6,6)
  facet 11843: (1,0) (2,0) (3,0) (4,0) (5,0) (6,0) (6,1) (6,3) (6,4) (6,5) (6,6)
  facet 12096: (1,1) (1,2) (1,3) (1,4) (1,5) (1,6) (2,6) (3,6) (4,6) (5,6) (6,6)
  facet 12097: (1,1) (1,2) (1,3) (1,4) (1,5) (2,5) (2,6) (3,6) (4,6) (5,6) (6,6)
  facet 12098: (1,1) (1,2) (1,3) (1,4) (2,4) (2,5) (2,6) (3,6) (4,6) (5,6) (6,6)
  facet 12099: (1,1) (1,2) (1,3) (2,3) (2,4) (2,5) (2,6) (3,6) (4,6) (5,6) (6,6)
  facet 12100: (1,1) (1,2) (2,2) (2,3) (2,4) (2,5) (2,6) (3,6) (4,6) (5,6) (6,6)
  facet 12101: (1,1) (2,1) (2,2) (2,3) (2,4) (2,5) (2,6) (3,6) (4,6) (5,6) (6,6)
  facet 12102: (1,1) (1,2) (1,3) (1,4) (1,5) (2,5) (3,5) (3,6) (4,6) (5,6) (6,6)
  facet 12103: (1,1) (1,2) (1,3) (1,4) (2,4) (2,5) (3,5) (3,6) (4,6) (5,6) (6,6)
  facet 12104: (1,1) (1,2) (1,3) (2,3) (2,4) (2,5) (3,5) (3,6) (4,6) (5,6) (6,6)
  facet 12105: (1,1) (1,2) (2,2) (2,3) (2,4) (2,5) (3,5) (3,6) (4,6) (5,6) (6,6)
  facet 12106: (1,1) (2,1) (2,2) (2,3) (2,4) (2,5) (3,5) (3,6) (4,6) (5,6) (6,6)
  facet 12107: (1,1) (1,2) (1,3) (1,4) (2,4) (3,4) (3,5) (3,6) (4,6) (5,6) (6,6)
  facet 12108: (1,1) (1,2) (1,3) (2,3) (2,4) (3,4) (3,5) (3,6) (4,6) (5,6) (6,6)
  facet 12109: (1,1) (1,2) (2,2) (2,3) (2,4) (3,4) (3,5) (3,6) (4,6) (5,6) (6,6)
  facet 12110: (1,1) (2,1) (2,2) (2,3) (2,4) (3,4) (3,5) (3,6) (4,6) (5,6) (6,6)
  facet 12111: (1,1) (1,2) (1,3) (2,3) (3,3) (3,4) (3,5) (3,6) (4,6) (5,6) (6,6)
  facet 12112: (1,1) (1,2) (2,2) (2,3) (3,3) (3,4) (3,5) (3,6) (4,6) (5,6) (6,6)
  facet 12113: (1,1) (2,1) (2,2) (2,3) (3,3) (3,4) (3,5) (3,6) (4,6) (5,6) (6,6)
  facet 12114: (1,1) (1,2) (2,2) (3,2) (3,3) (3,4) (3,5) (3,6) (4,6) (5,6) (6,6)
  facet 12115: (1,1) (2,1) (2,2) (3,2) (3,3) (3,4) (3,5) (3,6) (4,6) (5,6) (6,6)
  facet 12116: (1,1) (2,1) (3,1) (3,2) (3,3) (3,4) (3,5) (3,6) (4,6) (5,6) (6,6)
  facet 12117: (1,1) (1,2) (1,3) (1,4) (1,5) (2,5) (3,5) (4,5) (4,6) (5,6) (6,6)
  facet 12118: (1,1) (1,2) (1,3) (1,4) (2,4) (2,5) (3,5) (4,5) (4,6) (5,6) (6,6)
  facet 12119: (1,1) (1,2) (1,3) (2,3) (2,4) (2,5) (3,5) (4,5) (4,6) (5,6) (6,6)
  facet 12120: (1,1) (1,2) (2,2) (2,3) (2,4) (2,5) (3,5) (4,5) (4,6) (5,6) (6,6)
  facet 12121: (1,1) (2,1) (2,2) (2,3) (2,4) (2,5) (3,5) (4,5) (4,6) (5,6) (6,6)
  facet 12122: (1,1) (1,2) (1,3) (1,4) (2,4) (3,4) (3,5) (4,5) (4,6) (5,6) (6,6)
  facet 12123: (1,1) (1,2) (1,3) (2,3) (2,4) (3,4) (3,5) (4,5) (4,6) (5,6) (6,6)
  facet 12124: (1,1) (1,2) (2,2) (2,3) (2,4) (3,4) (3,5) (4,5) (4,6) (5,6) (6,6)
  facet 12125: (1,1) (2,1) (2,2) (2,3) (2,4) (3,4) (3,5) (4,5) (4,6) (5,6) (6,6)
  facet 12126: (1,1) (1,2) (1,3) (2,3) (3,3) (3,4) (3,5) (4,5) (4,6) (5,6) (6,6)
  facet 12127: (1,1) (1,2) (2,2) (2,3) (3,3) (3,4) (3,5) (4,5) (4,6) (5,6) (6,6)
  facet 12128: (1,1) (2,1) (2,2) (2,3) (3,3) (3,4) (3,5) (4,5) (4,6) (5,6) (6,6)
  facet 12129: (1,1) (1,2) (2,2) (3,2) (3,3) (3,4) (3,5) (4,5) (4,6) (5,6) (6,6)
  facet 12130: (1,1) (2,1) (2,2) (3,2) (3,3) (3,4) (3,5) (4,5) (4,6) (5,6) (6,6)
  facet 12131: (1,1) (2,1) (3,1) (3,2) (3,3) (3,4) (3,5) (4,5) (4,6) (5,6) (6,6)
  facet 12132: (1,1) (1,2) (1,3) (1,4) (2,4) (3,4) (4,4) (4,5) (4,6) (5,6) (6,6)
  facet 12133: (1,1) (1,2) (1,3) (2,3) (2,4) (3,4) (4,4) (4,5) (4,6) (5,6) (6,6)
  facet 12134: (1,1) (1,2) (2,2) (2,3) (2,4) (3,4) (4,4) (4,5) (4,6) (5,6) (6,6)
  facet 12135: (1,1) (2,1) (2,2) (2,3) (2,4) (3,4) (4,4) (4,5) (4,6) (5,6) (6,6)
  facet 12136: (1,1) (1,2) (1,3) (2,3) (3,3) (3,4) (4,4) (4,5) (4,6) (5,6) (6,6)
  facet 12137: (1,1) (1,2) (2,2) (2,3) (3,3) (3,4) (4,4) (4,5) (4,6) (5,6) (6,6)
  facet 12138: (1,1) (2,1) (2,2) (2,3) (3,3) (3,4) (4,4) (4,5) (4,6) (5,6) (6,6)
  facet 12139: (1,1) (1,2) (2,2) (3,2) (3,3) (3,4) (4,4) (4,5) (4,6) (5,6) (6,6)
  facet 12140: (1,1) (2,1) (2,2) (3,2) (3,3) (3,4) (4,4) (4,5) (4,6) (5,6) (6,6)
  facet 12141: (1,1) (2,1) (3,1) (3,2) (3,3) (3,4) (4,4) (4,5) (4,6) (5,6) (6,6)
  facet 12142: (1,1) (1,2) (1,3) (2,3) (3,3) (4,3) (4,4) (4,5) (4,6) (5,6) (6,6)
  facet 12143: (1,1) (1,2) (2,2) (2,3) (3,3) (4,3) (4,4) (4,5) (4,6) (5,6) (6,6)
  facet 12144: (1,1) (2,1) (2,2) (2,3) (3,3) (4,3) (4,4) (4,5) (4,6) (5,6) (6,6)
  facet 12145: (1,1) (1,2) (2,2) (3,2) (3,3) (4,3) (4,4) (4,5) (4,6) (5,6) (6,6)
  facet 12146: (1,1) (2,1) (2,2) (3,2) (3,3) (4,3) (4,4) (4,5) (4,6) (5,6) (6,6)
  facet 12147: (1,1) (2,1) (3,1) (3,2) (3,3) (4,3) (4,4) (4,5) (4,6) (5,6) (6,6)
  facet 12148: (1,1) (1,2) (2,2) (3,2) (4,2) (4,3) (4,4) (4,5) (4,6) (5,6) (6,6)
  facet 12149: (1,1) (2,1) (2,2) (3,2) (4,2) (4,3) (4,4) (4,5) (4,6) (5,6) (6,6)
  facet 12150: (1,1) (2,1) (3,1) (3,2) (4,2) (4,3) (4,4) (4,5) (4,6) (5,6) (6,6)
  facet 12151: (1,1) (2,1) (3,1) (4,1) (4,2) (4,3) (4,4) (4,5) (4,6) (5,6) (6,6)
  facet 12152: (1,1) (1,2) (1,3) (1,4) (1,5) (2,5) (3,5) (4,5) (5,5) (5,6) (6,6)
  facet 12153: (1,1) (1,2) (1,3) (1,4) (2,4) (2,5) (3,5) (4,5) (5,5) (5,6) (6,6)
  facet 12154: (1,1) (1,2) (1,3) (2,3) (2,4) (2,5) (3,5) (4,5) (5,5) (5,6) (6,6)
  facet 12155: (1,1) (1,2) (2,2) (2,3) (2,4) (2,5) (3,5) (4,5) (5,5) (5,6) (6,6)
  facet 12156: (1,1) (2,1) (2,2) (2,3) (2,4) (2,5) (3,5) (4,5) (5,5) (5,6) (6,6)
  facet 12157: (1,1) (1,2) (1,3) (1,4) (2,4) (3,4) (3,5) (4,5) (5,5) (5,6) (6,6)
  facet 12158: (1,1) (1,2) (1,3) (2,3) (2,4) (3,4) (3,5) (4,5) (5,5) (5,6) (6,6)
  facet 12159: (1,1) (1,2) (2,2) (2,3) (2,4) (3,4) (3,5) (4,5) (5,5) (5,6) (6,6)
  facet 12160: (1,1) (2,1) (2,2) (2,3) (2,4) (3,4) (3,5) (4,5) (5,5) (5,6) (6,6)
  facet 12161: (1,1) (1,2) (1,3) (2,3) (3,3) (3,4) (3,5) (4,5) (5,5) (5,6) (6,6)
  facet 12162: (1,1) (1,2) (2,2) (2,3) (3,3) (3,4) (3,5) (4,5) (5,5) (5,6) (6,6)
  facet 12163: (1,1) (2,1) (2,2) (2,3) (3,3) (3,4) (3,5) (4,5) (5,5) (5,6) (6,6)
  facet 12164: (1,1) (1,2) (2,2) (3,2) (3,3) (3,4) (3,5) (4,5) (5,5) (5,6) (6,6)
  facet 12165: (1,1) (2,1) (2,2) (3,2) (3,3) (3,4) (3,5) (4,5) (5,5) (5,6) (6,6)
  facet 12166: (1,1) (2,1) (3,1) (3,2) (3,3) (3,4) (3,5) (4,5) (5,5) (5,6) (6,6)
  facet 12167: (1,1) (1,2) (1,3) (1,4) (2,4) (3,4) (4,4) (4,5) (5,5) (5,6) (6,6)
  facet 12168: (1,1) (1,2) (1,3) (2,3) (2,4) (3,4) (4,4) (4,5) (5,5) (5,6) (6,6)
  facet 12169: (1,1) (1,2) (2,2) (2,3) (2,4) (3,4) (4,4) (4,5) (5,5) (5,6) (6,6)
  facet 12170: (1,1) (2,1) (2,2) (2,3) (2,4) (3,4) (4,4) (4,5) (5,5) (5,6) (6,6)
  facet 12171: (1,1) (1,2) (1,3) (2,3) (3,3) (3,4) (4,4) (4,5) (5,5) (5,6) (6,6)
  facet 12172: (1,1) (1,2) (2,2) (2,3) (3,3) (3,4) (4,4) (4,5) (5,5) (5,6) (6,6)
  facet 12173: (1,1) (2,1) (2,2) (2,3) (3,3) (3,4) (4,4) (4,5) (5,5) (5,6) (6,6)
  facet 12174: (1,1) (1,2) (2,2) (3,2) (3,3) (3,4) (4,4) (4,5) (5,5) (5,6) (6,6)
  facet 12175: (1,1) (2,1) (2,2) (3,2) (3,3) (3,4) (4,4) (4,5) (5,5) (5,6) (6,6)
  facet 12176: (1,1) (2,1) (3,1) (3,2) (3,3) (3,4) (4,4) (4,5) (5,5) (5,6) (6,6)
  facet 12177: (1,1) (1,2) (1,3) (2,3) (3,3) (4,3) (4,4) (4,5) (5,5) (5,6) (6,6)
  facet 12178: (1,1) (1,2) (2,2) (2,3) (3,3) (4,3) (4,4) (4,5) (5,5) (5,6) (6,6)
  facet 12179: (1,1) (2,1) (2,2) (2,3) (3,3) (4,3) (4,4) (4,5) (5,5) (5,6) (6,6)
  facet 12180: (1,1) (1,2) (2,2) (3,2) (3,3) (4,3) (4,4) (4,5) (5,5) (5,6) (6,6)
  facet 12181: (1,1) (2,1) (2,2) (3,2) (3,3) (4,3) (4,4) (4,5) (5,5) (5,6) (6,6)
  facet 12182: (1,1) (2,1) (3,1) (3,2) (3,3) (4,3) (4,4) (4,5) (5,5) (5,6) (6,6)
  facet 12183: (1,1) (1,2) (2,2) (3,2) (4,2) (4,3) (4,4) (4,5) (5,5) (5,6) (6,6)
  facet 12184: (1,1) (2,1) (2,2) (3,2) (4,2) (4,3) (4,4) (4,5) (5,5) (5,6) (6,6)
  facet 12185: (1,1) (2,1) (3,1) (3,2) (4,2) (4,3) (4,4) (4,5) (5,5) (5,6) (6,6)
  facet 12186: (1,1) (2,1) (3,1) (4,1) (4,2) (4,3) (4,4) (4,5) (5,5) (5,6) (6,6)
  facet 12187: (1,1) (1,2) (1,3) (1,4) (2,4) (3,4) (4,4) (5,4) (5,5) (5,6) (6,6)
  facet 12188: (1,1) (1,2) (1,3) (2,3) (2,4) (3,4) (4,4) (5,4) (5,5) (5,6) (6,6)
  facet 12189: (1,1) (1,2) (2,2) (2,3) (2,4) (3,4) (4,4) (5,4) (5,5) (5,6) (6,6)
  facet 12190: (1,1) (2,1) (2,2) (2,3) (2,4) (3,4) (4,4) (5,4) (5,5) (5,6) (6,6)
  facet 12191: (1,1) (1,2) (1,3) (2,3) (3,3) (3,4) (4,4) (5,4) (5,5) (5,6) (6,6)
  facet 12192: (1,1) (1,2) (2,2) (2,3) (3,3) (3,4) (4,4) (5,4) (5,5) (5,6) (6,6)
  facet 12193: (1,1) (2,1) (2,2) (2,3) (3,3) (3,4) (4,4) (5,4) (5,5) (5,6) (6,6)
  facet 12194: (1,1) (1,2) (2,2) (3,2) (3,3) (3,4) (4,4) (5,4) (5,5) (5,6) (6,6)
  facet 12195: (1,1) (2,1) (2,2) (3,2) (3,3) (3,4) (4,4) (5,4) (5,5) (5,6) (6,6)
  facet 12196: (1,1) (2,1) (3,1) (3,2) (3,3) (3,4) (4,4) (5,4) (5,5) (5,6) (6,6)
  facet 12197: (1,1) (1,2) (1,3) (2,3) (3,3) (4,3) (4,4) (5,4) (5,5) (5,6) (6,6)
  facet 12198: (1,1) (1,2) (2,2) (2,3) (3,3) (4,3) (4,4) (5,4) (5,5) (5,6) (6,6)
  facet 12199: (1,1) (2,1) (2,2) (2,3) (3,3) (4,3) (4,4) (5,4) (5,5) (5,6) (6,6)
  facet 12200: (1,1) (1,2) (2,2) (3,2) (3,3) (4,3) (4,4) (5,4) (5,5) (5,6) (6,6)
  facet 12201: (1,1) (2,1) (2,2) (3,2) (3,3) (4,3) (4,4) (5,4) (5,5) (5,6) (6,6)
  facet 12202: (1,1) (2,1) (3,1) (3,2) (3,3) (4,3) (4,4) (5,4) (5,5) (5,6) (6,6)
  facet 12203: (1,1) (1,2) (2,2) (3,2) (4,2) (4,3) (4,4) (5,4) (5,5) (5,6) (6,6)
  facet 12204: (1,1) (2,1) (2,2) (3,2) (4,2) (4,3) (4,4) (5,4) (5,5) (5,6) (6,6)
  facet 12205: (1,1) (2,1) (3,1) (3,2) (4,2) (4,3) (4,4) (5,4) (5,5) (5,6) (6,6)
  facet 12206: (1,1) (2,1) (3,1) (4,1) (4,2) (4,3) (4,4) (5,4) (5,5) (5,6) (6,6)
  facet 12207: (1,1) (1,2) (1,3) (2,3) (3,3) (4,3) (5,3) (5,4) (5,5) (5,6) (6,6)
  facet 12208: (1,1) (1,2) (2,2) (2,3) (3,3) (4,3) (5,3) (5,4) (5,5) (5,6) (6,6)
  facet 12209: (1,1) (2,1) (2,2) (2,3) (3,3) (4,3) (5,3) (5,4) (5,5) (5,6) (6,6)
  facet 12210: (1,1) (1,2) (2,2) (3,2) (3,3) (4,3) (5,3) (5,4) (5,5) (5,6) (6,6)
  facet 12211: (1,1) (2,1) (2,2) (3,2) (3,3) (4,3) (5,3) (5,4) (5,5) (5,6) (6,6)
  facet 12212: (1,1) (2,1) (3,1) (3,2) (3,3) (4,3) (5,3) (5,4) (5,5) (5,6) (6,6)
  facet 12213: (1,1) (1,2) (2,2) (3,2) (4,2) (4,3) (5,3) (5,4) (5,5) (5,6) (6,6)
  facet 12214: (1,1) (2,1) (2,2) (3,2) (4,2) (4,3) (5,3) (5,4) (5,5) (5,6) (6,6)
  facet 12215: (1,1) (2,1) (3,1) (3,2) (4,2) (4,3) (5,3) (5,4) (5,5) (5,6) (6,6)
  facet 12216: (1,1) (2,1) (3,1) (4,1) (4,2) (4,3) (5,3) (5,4) (5,5) (5,6) (6,6)
  facet 12217: (1,1) (1,2) (2,2) (3,2) (4,2) (5,2) (5,3) (5,4) (5,5) (5,6) (6,6)
  facet 12218: (1,1) (2,1) (2,2) (3,2) (4,2) (5,2) (5,3) (5,4) (5,5) (5,6) (6,6)
  facet 12219: (1,1) (2,1) (3,1) (3,2) (4,2) (5,2) (5,3) (5,4) (5,5) (5,6) (6,6)
  facet 12220: (1,1) (2,1) (3,1) (4,1) (4,2) (5,2) (5,3) (5,4) (5,5) (5,6) (6,6)
  facet 12221: (1,1) (2,1) (3,1) (4,1) (5,1) (5,2) (5,3) (5,4) (5,5) (5,6) (6,6)
  facet 12222: (1,1) (1,2) (1,3) (1,4) (1,5) (2,5) (3,5) (4,5) (5,5) (6,5) (6,6)
  facet 12223: (1,1) (1,2) (1,3) (1,4) (2,4) (2,5) (3,5) (4,5) (5,5) (6,5) (6,6)
  facet 12224: (1,1) (1,2) (1,3) (2,3) (2,4) (2,5) (3,5) (4,5) (5,5) (6,5) (6,6)
  facet 12225: (1,1) (1,2) (2,2) (2,3) (2,4) (2,5) (3,5) (4,5) (5,5) (6,5) (6,6)
  facet 12226: (1,1) (2,1) (2,2) (2,3) (2,4) (2,5) (3,5) (4,5) (5,5) (6,5) (6,6)
  facet 12227: (1,1) (1,2) (1,3) (1,4) (2,4) (3,4) (3,5) (4,5) (5,5) (6,5) (6,6)
  facet 12228: (1,1) (1,2) (1,3) (2,3) (2,4) (3,4) (3,5) (4,5) (5,5) (6,5) (6,6)
  facet 12229: (1,1) (1,2) (2,2) (2,3) (2,4) (3,4) (3,5) (4,5) (5,5) (6,5) (6,6)
  facet 12230: (1,1) (2,1) (2,2) (2,3) (2,4) (3,4) (3,5) (4,5) (5,5) (6,5) (6,6)
  facet 12231: (1,1) (1,2) (1,3) (2,3) (3,3) (3,4) (3,5) (4,5) (5,5) (6,5) (6,6)
  facet 12232: (1,1) (1,2) (2,2) (2,3) (3,3) (3,4) (3,5) (4,5) (5,5) (6,5) (6,6)
  facet 12233: (1,1) (2,1) (2,2) (2,3) (3,3) (3,4) (3,5) (4,5) (5,5) (6,5) (6,6)
  facet 12234: (1,1) (1,2) (2,2) (3,2) (3,3) (3,4) (3,5) (4,5) (5,5) (6,5) (6,6)
  facet 12235: (1,1) (2,1) (2,2) (3,2) (3,3) (3,4) (3,5) (4,5) (5,5) (6,5) (6,6)
  facet 12236: (1,1) (2,1) (3,1) (3,2) (3,3) (3,4) (3,5) (4,5) (5,5) (6,5) (6,6)
  facet 12237: (1,1) (1,2) (1,3) (1,4) (2,4) (3,4) (4,4) (4,5) (5,5) (6,5) (6,6)
  facet 12238: (1,1) (1,2) (1,3) (2,3) (2,4) (3,4) (4,4) (4,5) (5,5) (6,5) (6,6)
  facet 12239: (1,1) (1,2) (2,2) (2,3) (2,4) (3,4) (4,4) (4,5) (5,5) (6,5) (6,6)
  facet 12240: (1,1) (2,1) (2,2) (2,3) (2,4) (3,4) (4,4) (4,5) (5,5) (6,5) (6,6)
  facet 12241: (1,1) (1,2) (1,3) (2,3) (3,3) (3,4) (4,4) (4,5) (5,5) (6,5) (6,6)
  facet 12242: (1,1) (1,2) (2,2) (2,3) (3,3) (3,4) (4,4) (4,5) (5,5) (6,5) (6,6)
  facet 12243: (1,1) (2,1) (2,2) (2,3) (3,3) (3,4) (4,4) (4,5) (5,5) (6,5) (6,6)
  facet 12244: (1,1) (1,2) (2,2) (3,2) (3,3) (3,4) (4,4) (4,5) (5,5) (6,5) (6,6)
  facet 12245: (1,1) (2,1) (2,2) (3,2) (3,3) (3,4) (4,4) (4,5) (5,5) (6,5) (6,6)
  facet 12246: (1,1) (2,1) (3,1) (3,2) (3,3) (3,4) (4,4) (4,5) (5,5) (6,5) (6,6)
  facet 12247: (1,1) (1,2) (1,3) (2,3) (3,3) (4,3) (4,4) (4,5) (5,5) (6,5) (6,6)
  facet 12248: (1,1) (1,2) (2,2) (2,3) (3,3) (4,3) (4,4) (4,5) (5,5) (6,5) (6,6)
  facet 12249: (1,1) (2,1) (2,2) (2,3) (3,3) (4,3) (4,4) (4,5) (5,5) (6,5) (6,6)
  facet 12250: (1,1) (1,2) (2,2) (3,2) (3,3) (4,3) (4,4) (4,5) (5,5) (6,5) (6,6)
  facet 12251: (1,1) (2,1) (2,2) (3,2) (3,3) (4,3) (4,4) (4,5) (5,5) (6,5) (6,6)
  facet 12252: (1,1) (2,1) (3,1) (3,2) (3,3) (4,3) (4,4) (4,5) (5,5) (6,5) (6,6)
  facet 12253: (1,1) (1,2) (2,2) (3,2) (4,2) (4,3) (4,4) (4,5) (5,5) (6,5) (6,6)
  facet 12254: (1,1) (2,1) (2,2) (3,2) (4,2) (4,3) (4,4) (4,5) (5,5) (6,5) (6,6)
  facet 12255: (1,1) (2,1) (3,1) (3,2) (4,2) (4,3) (4,4) (4,5) (5,5) (6,5) (6,6)
  facet 12256: (1,1) (2,1) (3,1) (4,1) (4,2) (4,3) (4,4) (4,5) (5,5) (6,5) (6,6)
  facet 12257: (1,1) (1,2) (1,3) (1,4) (2,4) (3,4) (4,4) (5,4) (5,5) (6,5) (6,6)
  facet 12258: (1,1) (1,2) (1,3) (2,3) (2,4) (3,4) (4,4) (5,4) (5,5) (6,5) (6,6)
  facet 12259: (1,1) (1,2) (2,2) (2,3) (2,4) (3,4) (4,4) (5,4) (5,5) (6,5) (6,6)
  facet 12260: (1,1) (2,1) (2,2) (2,3) (2,4) (3,4) (4,4) (5,4) (5,5) (6,5) (6,6)
  facet 12261: (1,1) (1,2) (1,3) (2,3) (3,3) (3,4) (4,4) (5,4) (5,5) (6,5) (6,6)
  facet 12262: (1,1) (1,2) (2,2) (2,3) (3,3) (3,4) (4,4) (5,4) (5,5) (6,5) (6,6)
  facet 12263: (1,1) (2,1) (2,2) (2,3) (3,3) (3,4) (4,4) (5,4) (5,5) (6,5) (6,6)
  facet 12264: (1,1) (1,2) (2,2) (3,2) (3,3) (3,4) (4,4) (5,4) (5,5) (6,5) (6,6)
  facet 12265: (1,1) (2,1) (2,2) (3,2) (3,3) (3,4) (4,4) (5,4) (5,5) (6,5) (6,6)
  facet 12266: (1,1) (2,1) (3,1) (3,2) (3,3) (3,4) (4,4) (5,4) (5,5) (6,5) (6,6)
  facet 12267: (1,1) (1,2) (1,3) (2,3) (3,3) (4,3) (4,4) (5,4) (5,5) (6,5) (6,6)
  facet 12268: (1,1) (1,2) (2,2) (2,3) (3,3) (4,3) (4,4) (5,4) (5,5) (6,5) (6,6)
  facet 12269: (1,1) (2,1) (2,2) (2,3) (3,3) (4,3) (4,4) (5,4) (5,5) (6,5) (6,6)
  facet 12270: (1,1) (1,2) (2,2) (3,2) (3,3) (4,3) (4,4) (5,4) (5,5) (6,5) (6,6)
  facet 12271: (1,1) (2,1) (2,2) (3,2) (3,3) (4,3) (4,4) (5,4) (5,5) (6,5) (6,6)
  facet 12272: (1,1) (2,1) (3,1) (3,2) (3,3) (4,3) (4,4) (5,4) (5,5) (6,5) (6,6)
  facet 12273: (1,1) (1,2) (2,2) (3,2) (4,2) (4,3) (4,4) (5,4) (5,5) (6,5) (6,6)
  facet 12274: (1,1) (2,1) (2,2) (3,2) (4,2) (4,3) (4,4) (5,4) (5,5) (6,5) (6,6)
  facet 12275: (1,1) (2,1) (3,1) (3,2) (4,2) (4,3) (4,4) (5,4) (5,5) (6,5) (6,6)
  facet 12276: (1,1) (2,1) (3,1) (4,1) (4,2) (4,3) (4,4) (5,4) (5,5) (6,5) (6,6)
  facet 12277: (1,1) (1,2) (1,3) (2,3) (3,3) (4,3) (5,3) (5,4) (5,5) (6,5) (6,6)
  facet 12278: (1,1) (1,2) (2,2) (2,3) (3,3) (4,3) (5,3) (5,4) (5,5) (6,5) (6,6)
  facet 12279: (1,1) (2,1) (2,2) (2,3) (3,3) (4,3) (5,3) (5,4) (5,5) (6,5) (6,6)
  facet 12280: (1,1) (1,2) (2,2) (3,2) (3,3) (4,3) (5,3) (5,4) (5,5) (6,5) (6,6)
  facet 12281: (1,1) (2,1) (2,2) (3,2) (3,3) (4,3) (5,3) (5,4) (5,5) (6,5) (6,6)
  facet 12282: (1,1) (2,1) (3,1) (3,2) (3,3) (4,3) (5,3) (5,4) (5,5) (6,5) (6,6)
  facet 12283: (1,1) (1,2) (2,2) (3,2) (4,2) (4,3) (5,3) (5,4) (5,5) (6,5) (6,6)
  facet 12284: (1,1) (2,1) (2,2) (3,2) (4,2) (4,3) (5,3) (5,4) (5,5) (6,5) (6,6)
  facet 12285: (1,1) (2,1) (3,1) (3,2) (4,2) (4,3) (5,3) (5,4) (5,5) (6,5) (6,6)
  facet 12286: (1,1) (2,1) (3,1) (4,1) (4,2) (4,3) (5,3) (5,4) (5,5) (6,5) (6,6)
  facet 12287: (1,1) (1,2) (2,2) (3,2) (4,2) (5,2) (5,3) (5,4) (5,5) (6,5) (6,6)
  facet 12288: (1,1) (2,1) (2,2) (3,2) (4,2) (5,2) (5,3) (5,4) (5,5) (6,5) (6,6)
  facet 12289: (1,1) (2,1) (3,1) (3,2) (4,2) (5,2) (5,3) (5,4) (5,5) (6,5) (6,6)
  facet 12290: (1,1) (2,1) (3,1) (4,1) (4,2) (5,2) (5,3) (5,4) (5,5) (6,5) (6,6)
  facet 12291: (1,1) (2,1) (3,1) (4,1) (5,1) (5,2) (5,3) (5,4) (5,5) (6,5) (6,6)
  facet 12292: (1,1) (1,2) (1,3) (1,4) (2,4) (3,4) (4,4) (5,4) (6,4) (6,5) (6,6)
  facet 12293: (1,1) (1,2) (1,3) (2,3) (2,4) (3,4) (4,4) (5,4) (6,4) (6,5) (6,6)
  facet 12294: (1,1) (1,2) (2,2) (2,3) (2,4) (3,4) (4,4) (5,4) (6,4) (6,5) (6,6)
  facet 12295: (1,1) (2,1) (2,2) (2,3) (2,4) (3,4) (4,4) (5,4) (6,4) (6,5) (6,6)
  facet 12296: (1,1) (1,2) (1,3) (2,3) (3,3) (3,4) (4,4) (5,4) (6,4) (6,5) (6,6)
  facet 12297: (1,1) (1,2) (2,2) (2,3) (3,3) (3,4) (4,4) (5,4) (6,4) (6,5) (6,6)
  facet 12298: (1,1) (2,1) (2,2) (2,3) (3,3) (3,4) (4,4) (5,4) (6,4) (6,5) (6,6)
  facet 12299: (1,1) (1,2) (2,2) (3,2) (3,3) (3,4) (4,4) (5,4) (6,4) (6,5) (6,6)
  facet 12300: (1,1) (2,1) (2,2) (3,2) (3,3) (3,4) (4,4) (5,4) (6,4) (6,5) (6,6)
  facet 12301: (1,1) (2,1) (3,1) (3,2) (3,3) (3,4) (4,4) (5,4) (6,4) (6,5) (6,6)
  facet 12302: (1,1) (1,2) (1,3) (2,3) (3,3) (4,3) (4,4) (5,4) (6,4) (6,5) (6,6)
  facet 12303: (1,1) (1,2) (2,2) (2,3) (3,3) (4,3) (4,4) (5,4) (6,4) (6,5) (6,6)
  facet 12304: (1,1) (2,1) (2,2) (2,3) (3,3) (4,3) (4,4) (5,4) (6,4) (6,5) (6,6)
  facet 12305: (1,1) (1,2) (2,2) (3,2) (3,3) (4,3) (4,4) (5,4) (6,4) (6,5) (6,6)
  facet 12306: (1,1) (2,1) (2,2) (3,2) (3,3) (4,3) (4,4) (5,4) (6,4) (6,5) (6,6)
  facet 12307: (1,1) (2,1) (3,1) (3,2) (3,3) (4,3) (4,4) (5,4) (6,4) (6,5) (6,6)
  facet 12308: (1,1) (1,2) (2,2) (3,2) (4,2) (4,3) (4,4) (5,4) (6,4) (6,5) (6,6)
  facet 12309: (1,1) (2,1) (2,2) (3,2) (4,2) (4,3) (4,4) (5,4) (6,4) (6,5) (6,6)
  facet 12310: (1,1) (2,1) (3,1) (3,2) (4,2) (4,3) (4,4) (5,4) (6,4) (6,5) (6,6)
  facet 12311: (1,1) (2,1) (3,1) (4,1) (4,2) (4,3) (4,4) (5,4) (6,4) (6,5) (6,6)
  facet 12312: (1,1) (1,2) (1,3) (2,3) (3,3) (4,3) (5,3) (5,4) (6,4) (6,5) (6,6)
  facet 12313: (1,1) (1,2) (2,2) (2,3) (3,3) (4,3) (5,3) (5,4) (6,4) (6,5) (6,6)
  facet 12314: (1,1) (2,1) (2,2) (2,3) (3,3) (4,3) (5,3) (5,4) (6,4) (6,5) (6,6)
  facet 12315: (1,1) (1,2) (2,2) (3,2) (3,3) (4,3) (5,3) (5,4) (6,4) (6,5) (6,6)
  facet 12316: (1,1) (2,1) (2,2) (3,2) (3,3) (4,3) (5,3) (5,4) (6,4) (6,5) (6,6)
  facet 12317: (1,1) (2,1) (3,1) (3,2) (3,3) (4,3) (5,3) (5,4) (6,4) (6,5) (6,6)
  facet 12318: (1,1) (1,2) (2,2) (3,2) (4,2) (4,3) (5,3) (5,4) (6,4) (6,5) (6,6)
  facet 12319: (1,1) (2,1) (2,2) (3,2) (4,2) (4,3) (5,3) (5,4) (6,4) (6,5) (6,6)
  facet 12320: (1,1) (2,1) (3,1) (3,2) (4,2) (4,3) (5,3) (5,4) (6,4) (6,5) (6,6)
  facet 12321: (1,1) (2,1) (3,1) (4,1) (4,2) (4,3) (5,3) (5,4) (6,4) (6,5) (6,6)
  facet 12322: (1,1) (1,2) (2,2) (3,2) (4,2) (5,2) (5,3) (5,4) (6,4) (6,5) (6,6)
  facet 12323: (1,1) (2,1) (2,2) (3,2) (4,2) (5,2) (5,3) (5,4) (6,4) (6,5) (6,6)
  facet 12324: (1,1) (2,1) (3,1) (3,2) (4,2) (5,2) (5,3) (5,4) (6,4) (6,5) (6,6)
  facet 12325: (1,1) (2,1) (3,1) (4,1) (4,2) (5,2) (5,3) (5,4) (6,4) (6,5) (6,6)
  facet 12326: (1,1) (2,1) (3,1) (4,1) (5,1) (5,2) (5,3) (5,4) (6,4) (6,5) (6,6)
  facet 12327: (1,1) (1,2) (1,3) (2,3) (3,3) (4,3) (5,3) (6,3) (6,4) (6,5) (6,6)
  facet 12328: (1,1) (1,2) (2,2) (2,3) (3,3) (4,3) (5,3) (6,3) (6,4) (6,5) (6,6)
  facet 12329: (1,1) (2,1) (2,2) (2,3) (3,3) (4,3) (5,3) (6,3) (6,4) (6,5) (6,6)
  facet 12330: (1,1) (1,2) (2,2) (3,2) (3,3) (4,3) (5,3) (6,3) (6,4) (6,5) (6,6)
  facet 12331: (1,1) (2,1) (2,2) (3,2) (3,3) (4,3) (5,3) (6,3) (6,4) (6,5) (6,6)
  facet 12332: (1,1) (2,1) (3,1) (3,2) (3,3) (4,3) (5,3) (6,3) (6,4) (6,5) (6,6)
  facet 12333: (1,1) (1,2) (2,2) (3,2) (4,2) (4,3) (5,3) (6,3) (6,4) (6,5) (6,6)
  facet 12334: (1,1) (2,1) (2,2) (3,2) (4,2) (4,3) (5,3) (6,3) (6,4) (6,5) (6,6)
  facet 12335: (1,1) (2,1) (3,1) (3,2) (4,2) (4,3) (5,3) (6,3) (6,4) (6,5) (6,6)
  facet 12336: (1,1) (2,1) (3,1) (4,1) (4,2) (4,3) (5,3) (6,3) (6,4) (6,5) (6,6)
  facet 12337: (1,1) (1,2) (2,2) (3,2) (4,2) (5,2) (5,3) (6,3) (6,4) (6,5) (6,6)
  facet 12338: (1,1) (2,1) (2,2) (3,2) (4,2) (5,2) (5,3) (6,3) (6,4) (6,5) (6,6)
  facet 12339: (1,1) (2,1) (3,1) (3,2) (4,2) (5,2) (5,3) (6,3) (6,4) (6,5) (6,6)
  facet 12340: (1,1) (2,1) (3,1) (4,1) (4,2) (5,2) (5,3) (6,3) (6,4) (6,5) (6,6)
  facet 12341: (1,1) (2,1) (3,1) (4,1) (5,1) (5,2) (5,3) (6,3) (6,4) (6,5) (6,6)
  facet 12342: (1,1) (1,2) (2,2) (3,2) (4,2) (5,2) (6,2) (6,3) (6,4) (6,5) (6,6)
  facet 12343: (1,1) (2,1) (2,2) (3,2) (4,2) (5,2) (6,2) (6,3) (6,4) (6,5) (6,6)
  facet 12344: (1,1) (2,1) (3,1) (3,2) (4,2) (5,2) (6,2) (6,3) (6,4) (6,5) (6,6)
  facet 12345: (1,1) (2,1) (3,1) (4,1) (4,2) (5,2) (6,2) (6,3) (6,4) (6,5) (6,6)
  facet 12346: (1,1) (2,1) (3,1) (4,1) (5,1) (5,2) (6,2) (6,3) (6,4) (6,5) (6,6)
  facet 12347: (1,1) (2,1) (3,1) (4,1) (5,1) (6,1) (6,2) (6,3) (6,4) (6,5) (6,6)
--- domain 2  (504 facets) ---
  facet 10332: (0,1) (0,2) (0,3) (0,4) (0,5) (0,6) (2,6) (3,6) (4,6) (5,6) (6,6)
  facet 10333: (0,1) (0,2) (0,3) (0,4) (0,5) (2,5) (2,6) (3,6) (4,6) (5,6) (6,6)
  facet 10334: (0,1) (0,2) (0,3) (0,4) (2,4) (2,5) (2,6) (3,6) (4,6) (5,6) (6,6)
  facet 10335: (0,1) (0,2) (0,3) (2,3) (2,4) (2,5) (2,6) (3,6) (4,6) (5,6) (6,6)
  facet 10336: (0,1) (0,2) (2,2) (2,3) (2,4) (2,5) (2,6) (3,6) (4,6) (5,6) (6,6)
  facet 10337: (0,1) (2,1) (2,2) (2,3) (2,4) (2,5) (2,6) (3,6) (4,6) (5,6) (6,6)
  facet 10338: (0,1) (0,2) (0,3) (0,4) (0,5) (2,5) (3,5) (3,6) (4,6) (5,6) (6,6)
  facet 10339: (0,1) (0,2) (0,3) (0,4) (2,4) (2,5) (3,5) (3,6) (4,6) (5,6) (6,6)
  facet 10340: (0,1) (0,2) (0,3) (2,3) (2,4) (2,5) (3,5) (3,6) (4,6) (5,6) (6,6)
  facet 10341: (0,1) (0,2) (2,2) (2,3) (2,4) (2,5) (3,5) (3,6) (4,6) (5,6) (6,6)
  facet 10342: (0,1) (2,1) (2,2) (2,3) (2,4) (2,5) (3,5) (3,6) (4,6) (5,6) (6,6)
  facet 10343: (0,1) (0,2) (0,3) (0,4) (2,4) (3,4) (3,5) (3,6) (4,6) (5,6) (6,6)
  facet 10344: (0,1) (0,2) (0,3) (2,3) (2,4) (3,4) (3,5) (3,6) (4,6) (5,6) (6,6)
  facet 10345: (0,1) (0,2) (2,2) (2,3) (2,4) (3,4) (3,5) (3,6) (4,6) (5,6) (6,6)
  facet 10346: (0,1) (2,1) (2,2) (2,3) (2,4) (3,4) (3,5) (3,6) (4,6) (5,6) (6,6)
  facet 10347: (0,1) (0,2) (0,3) (2,3) (3,3) (3,4) (3,5) (3,6) (4,6) (5,6) (6,6)
  facet 10348: (0,1) (0,2) (2,2) (2,3) (3,3) (3,4) (3,5) (3,6) (4,6) (5,6) (6,6)
  facet 10349: (0,1) (2,1) (2,2) (2,3) (3,3) (3,4) (3,5) (3,6) (4,6) (5,6) (6,6)
  facet 10350: (0,1) (0,2) (2,2) (3,2) (3,3) (3,4) (3,5) (3,6) (4,6) (5,6) (6,6)
  facet 10351: (0,1) (2,1) (2,2) (3,2) (3,3) (3,4) (3,5) (3,6) (4,6) (5,6) (6,6)
  facet 10352: (0,1) (2,1) (3,1) (3,2) (3,3) (3,4) (3,5) (3,6) (4,6) (5,6) (6,6)
  facet 10353: (0,1) (0,2) (0,3) (0,4) (0,5) (2,5) (3,5) (4,5) (4,6) (5,6) (6,6)
  facet 10354: (0,1) (0,2) (0,3) (0,4) (2,4) (2,5) (3,5) (4,5) (4,6) (5,6) (6,6)
  facet 10355: (0,1) (0,2) (0,3) (2,3) (2,4) (2,5) (3,5) (4,5) (4,6) (5,6) (6,6)
  facet 10356: (0,1) (0,2) (2,2) (2,3) (2,4) (2,5) (3,5) (4,5) (4,6) (5,6) (6,6)
  facet 10357: (0,1) (2,1) (2,2) (2,3) (2,4) (2,5) (3,5) (4,5) (4,6) (5,6) (6,6)
  facet 10358: (0,1) (0,2) (0,3) (0,4) (2,4) (3,4) (3,5) (4,5) (4,6) (5,6) (6,6)
  facet 10359: (0,1) (0,2) (0,3) (2,3) (2,4) (3,4) (3,5) (4,5) (4,6) (5,6) (6,6)
  facet 10360: (0,1) (0,2) (2,2) (2,3) (2,4) (3,4) (3,5) (4,5) (4,6) (5,6) (6,6)
  facet 10361: (0,1) (2,1) (2,2) (2,3) (2,4) (3,4) (3,5) (4,5) (4,6) (5,6) (6,6)
  facet 10362: (0,1) (0,2) (0,3) (2,3) (3,3) (3,4) (3,5) (4,5) (4,6) (5,6) (6,6)
  facet 10363: (0,1) (0,2) (2,2) (2,3) (3,3) (3,4) (3,5) (4,5) (4,6) (5,6) (6,6)
  facet 10364: (0,1) (2,1) (2,2) (2,3) (3,3) (3,4) (3,5) (4,5) (4,6) (5,6) (6,6)
  facet 10365: (0,1) (0,2) (2,2) (3,2) (3,3) (3,4) (3,5) (4,5) (4,6) (5,6) (6,6)
  facet 10366: (0,1) (2,1) (2,2) (3,2) (3,3) (3,4) (3,5) (4,5) (4,6) (5,6) (6,6)
  facet 10367: (0,1) (2,1) (3,1) (3,2) (3,3) (3,4) (3,5) (4,5) (4,6) (5,6) (6,6)
  facet 10368: (0,1) (0,2) (0,3) (0,4) (2,4) (3,4) (4,4) (4,5) (4,6) (5,6) (6,6)
  facet 10369: (0,1) (0,2) (0,3) (2,3) (2,4) (3,4) (4,4) (4,5) (4,6) (5,6) (6,6)
  facet 10370: (0,1) (0,2) (2,2) (2,3) (2,4) (3,4) (4,4) (4,5) (4,6) (5,6) (6,6)
  facet 10371: (0,1) (2,1) (2,2) (2,3) (2,4) (3,4) (4,4) (4,5) (4,6) (5,6) (6,6)
  facet 10372: (0,1) (0,2) (0,3) (2,3) (3,3) (3,4) (4,4) (4,5) (4,6) (5,6) (6,6)
  facet 10373: (0,1) (0,2) (2,2) (2,3) (3,3) (3,4) (4,4) (4,5) (4,6) (5,6) (6,6)
  facet 10374: (0,1) (2,1) (2,2) (2,3) (3,3) (3,4) (4,4) (4,5) (4,6) (5,6) (6,6)
  facet 10375: (0,1) (0,2) (2,2) (3,2) (3,3) (3,4) (4,4) (4,5) (4,6) (5,6) (6,6)
  facet 10376: (0,1) (2,1) (2,2) (3,2) (3,3) (3,4) (4,4) (4,5) (4,6) (5,6) (6,6)
  facet 10377: (0,1) (2,1) (3,1) (3,2) (3,3) (3,4) (4,4) (4,5) (4,6) (5,6) (6,6)
  facet 10378: (0,1) (0,2) (0,3) (2,3) (3,3) (4,3) (4,4) (4,5) (4,6) (5,6) (6,6)
  facet 10379: (0,1) (0,2) (2,2) (2,3) (3,3) (4,3) (4,4) (4,5) (4,6) (5,6) (6,6)
  facet 10380: (0,1) (2,1) (2,2) (2,3) (3,3) (4,3) (4,4) (4,5) (4,6) (5,6) (6,6)
  facet 10381: (0,1) (0,2) (2,2) (3,2) (3,3) (4,3) (4,4) (4,5) (4,6) (5,6) (6,6)
  facet 10382: (0,1) (2,1) (2,2) (3,2) (3,3) (4,3) (4,4) (4,5) (4,6) (5,6) (6,6)
  facet 10383: (0,1) (2,1) (3,1) (3,2) (3,3) (4,3) (4,4) (4,5) (4,6) (5,6) (6,6)
  facet 10384: (0,1) (0,2) (2,2) (3,2) (4,2) (4,3) (4,4) (4,5) (4,6) (5,6) (6,6)
  facet 10385: (0,1) (2,1) (2,2) (3,2) (4,2) (4,3) (4,4) (4,5) (4,6) (5,6) (6,6)
  facet 10386: (0,1) (2,1) (3,1) (3,2) (4,2) (4,3) (4,4) (4,5) (4,6) (5,6) (6,6)
  facet 10387: (0,1) (2,1) (3,1) (4,1) (4,2) (4,3) (4,4) (4,5) (4,6) (5,6) (6,6)
  facet 10388: (0,1) (0,2) (0,3) (0,4) (0,5) (2,5) (3,5) (4,5) (5,5) (5,6) (6,6)
  facet 10389: (0,1) (0,2) (0,3) (0,4) (2,4) (2,5) (3,5) (4,5) (5,5) (5,6) (6,6)
  facet 10390: (0,1) (0,2) (0,3) (2,3) (2,4) (2,5) (3,5) (4,5) (5,5) (5,6) (6,6)
  facet 10391: (0,1) (0,2) (2,2) (2,3) (2,4) (2,5) (3,5) (4,5) (5,5) (5,6) (6,6)
  facet 10392: (0,1) (2,1) (2,2) (2,3) (2,4) (2,5) (3,5) (4,5) (5,5) (5,6) (6,6)
  facet 10393: (0,1) (0,2) (0,3) (0,4) (2,4) (3,4) (3,5) (4,5) (5,5) (5,6) (6,6)
  facet 10394: (0,1) (0,2) (0,3) (2,3) (2,4) (3,4) (3,5) (4,5) (5,5) (5,6) (6,6)
  facet 10395: (0,1) (0,2) (2,2) (2,3) (2,4) (3,4) (3,5) (4,5) (5,5) (5,6) (6,6)
  facet 10396: (0,1) (2,1) (2,2) (2,3) (2,4) (3,4) (3,5) (4,5) (5,5) (5,6) (6,6)
  facet 10397: (0,1) (0,2) (0,3) (2,3) (3,3) (3,4) (3,5) (4,5) (5,5) (5,6) (6,6)
  facet 10398: (0,1) (0,2) (2,2) (2,3) (3,3) (3,4) (3,5) (4,5) (5,5) (5,6) (6,6)
  facet 10399: (0,1) (2,1) (2,2) (2,3) (3,3) (3,4) (3,5) (4,5) (5,5) (5,6) (6,6)
  facet 10400: (0,1) (0,2) (2,2) (3,2) (3,3) (3,4) (3,5) (4,5) (5,5) (5,6) (6,6)
  facet 10401: (0,1) (2,1) (2,2) (3,2) (3,3) (3,4) (3,5) (4,5) (5,5) (5,6) (6,6)
  facet 10402: (0,1) (2,1) (3,1) (3,2) (3,3) (3,4) (3,5) (4,5) (5,5) (5,6) (6,6)
  facet 10403: (0,1) (0,2) (0,3) (0,4) (2,4) (3,4) (4,4) (4,5) (5,5) (5,6) (6,6)
  facet 10404: (0,1) (0,2) (0,3) (2,3) (2,4) (3,4) (4,4) (4,5) (5,5) (5,6) (6,6)
  facet 10405: (0,1) (0,2) (2,2) (2,3) (2,4) (3,4) (4,4) (4,5) (5,5) (5,6) (6,6)
  facet 10406: (0,1) (2,1) (2,2) (2,3) (2,4) (3,4) (4,4) (4,5) (5,5) (5,6) (6,6)
  facet 10407: (0,1) (0,2) (0,3) (2,3) (3,3) (3,4) (4,4) (4,5) (5,5) (5,6) (6,6)
  facet 10408: (0,1) (0,2) (2,2) (2,3) (3,3) (3,4) (4,4) (4,5) (5,5) (5,6) (6,6)
  facet 10409: (0,1) (2,1) (2,2) (2,3) (3,3) (3,4) (4,4) (4,5) (5,5) (5,6) (6,6)
  facet 10410: (0,1) (0,2) (2,2) (3,2) (3,3) (3,4) (4,4) (4,5) (5,5) (5,6) (6,6)
  facet 10411: (0,1) (2,1) (2,2) (3,2) (3,3) (3,4) (4,4) (4,5) (5,5) (5,6) (6,6)
  facet 10412: (0,1) (2,1) (3,1) (3,2) (3,3) (3,4) (4,4) (4,5) (5,5) (5,6) (6,6)
  facet 10413: (0,1) (0,2) (0,3) (2,3) (3,3) (4,3) (4,4) (4,5) (5,5) (5,6) (6,6)
  facet 10414: (0,1) (0,2) (2,2) (2,3) (3,3) (4,3) (4,4) (4,5) (5,5) (5,6) (6,6)
  facet 10415: (0,1) (2,1) (2,2) (2,3) (3,3) (4,3) (4,4) (4,5) (5,5) (5,6) (6,6)
  facet 10416: (0,1) (0,2) (2,2) (3,2) (3,3) (4,3) (4,4) (4,5) (5,5) (5,6) (6,6)
  facet 10417: (0,1) (2,1) (2,2) (3,2) (3,3) (4,3) (4,4) (4,5) (5,5) (5,6) (6,6)
  facet 10418: (0,1) (2,1) (3,1) (3,2) (3,3) (4,3) (4,4) (4,5) (5,5) (5,6) (6,6)
  facet 10419: (0,1) (0,2) (2,2) (3,2) (4,2) (4,3) (4,4) (4,5) (5,5) (5,6) (6,6)
  facet 10420: (0,1) (2,1) (2,2) (3,2) (4,2) (4,3) (4,4) (4,5) (5,5) (5,6) (6,6)
  facet 10421: (0,1) (2,1) (3,1) (3,2) (4,2) (4,3) (4,4) (4,5) (5,5) (5,6) (6,6)
  facet 10422: (0,1) (2,1) (3,1) (4,1) (4,2) (4,3) (4,4) (4,5) (5,5) (5,6) (6,6)
  facet 10423: (0,1) (0,2) (0,3) (0,4) (2,4) (3,4) (4,4) (5,4) (5,5) (5,6) (6,6)
  facet 10424: (0,1) (0,2) (0,3) (2,3) (2,4) (3,4) (4,4) (5,4) (5,5) (5,6) (6,6)
  facet 10425: (0,1) (0,2) (2,2) (2,3) (2,4) (3,4) (4,4) (5,4) (5,5) (5,6) (6,6)
  facet 10426: (0,1) (2,1) (2,2) (2,3) (2,4) (3,4) (4,4) (5,4) (5,5) (5,6) (6,6)
  facet 10427: (0,1) (0,2) (0,3) (2,3) (3,3) (3,4) (4,4) (5,4) (5,5) (5,6) (6,6)
  facet 10428: (0,1) (0,2) (2,2) (2,3) (3,3) (3,4) (4,4) (5,4) (5,5) (5,6) (6,6)
  facet 10429: (0,1) (2,1) (2,2) (2,3) (3,3) (3,4) (4,4) (5,4) (5,5) (5,6) (6,6)
  facet 10430: (0,1) (0,2) (2,2) (3,2) (3,3) (3,4) (4,4) (5,4) (5,5) (5,6) (6,6)
  facet 10431: (0,1) (2,1) (2,2) (3,2) (3,3) (3,4) (4,4) (5,4) (5,5) (5,6) (6,6)
  facet 10432: (0,1) (2,1) (3,1) (3,2) (3,3) (3,4) (4,4) (5,4) (5,5) (5,6) (6,6)
  facet 10433: (0,1) (0,2) (0,3) (2,3) (3,3) (4,3) (4,4) (5,4) (5,5) (5,6) (6,6)
  facet 10434: (0,1) (0,2) (2,2) (2,3) (3,3) (4,3) (4,4) (5,4) (5,5) (5,6) (6,6)
  facet 10435: (0,1) (2,1) (2,2) (2,3) (3,3) (4,3) (4,4) (5,4) (5,5) (5,6) (6,6)
  facet 10436: (0,1) (0,2) (2,2) (3,2) (3,3) (4,3) (4,4) (5,4) (5,5) (5,6) (6,6)
  facet 10437: (0,1) (2,1) (2,2) (3,2) (3,3) (4,3) (4,4) (5,4) (5,5) (5,6) (6,6)
  facet 10438: (0,1) (2,1) (3,1) (3,2) (3,3) (4,3) (4,4) (5,4) (5,5) (5,6) (6,6)
  facet 10439: (0,1) (0,2) (2,2) (3,2) (4,2) (4,3) (4,4) (5,4) (5,5) (5,6) (6,6)
  facet 10440: (0,1) (2,1) (2,2) (3,2) (4,2) (4,3) (4,4) (5,4) (5,5) (5,6) (6,6)
  facet 10441: (0,1) (2,1) (3,1) (3,2) (4,2) (4,3) (4,4) (5,4) (5,5) (5,6) (6,6)
  facet 10442: (0,1) (2,1) (3,1) (4,1) (4,2) (4,3) (4,4) (5,4) (5,5) (5,6) (6,6)
  facet 10443: (0,1) (0,2) (0,3) (2,3) (3,3) (4,3) (5,3) (5,4) (5,5) (5,6) (6,6)
  facet 10444: (0,1) (0,2) (2,2) (2,3) (3,3) (4,3) (5,3) (5,4) (5,5) (5,6) (6,6)
  facet 10445: (0,1) (2,1) (2,2) (2,3) (3,3) (4,3) (5,3) (5,4) (5,5) (5,6) (6,6)
  facet 10446: (0,1) (0,2) (2,2) (3,2) (3,3) (4,3) (5,3) (5,4) (5,5) (5,6) (6,6)
  facet 10447: (0,1) (2,1) (2,2) (3,2) (3,3) (4,3) (5,3) (5,4) (5,5) (5,6) (6,6)
  facet 10448: (0,1) (2,1) (3,1) (3,2) (3,3) (4,3) (5,3) (5,4) (5,5) (5,6) (6,6)
  facet 10449: (0,1) (0,2) (2,2) (3,2) (4,2) (4,3) (5,3) (5,4) (5,5) (5,6) (6,6)
  facet 10450: (0,1) (2,1) (2,2) (3,2) (4,2) (4,3) (5,3) (5,4) (5,5) (5,6) (6,6)
  facet 10451: (0,1) (2,1) (3,1) (3,2) (4,2) (4,3) (5,3) (5,4) (5,5) (5,6) (6,6)
  facet 10452: (0,1) (2,1) (3,1) (4,1) (4,2) (4,3) (5,3) (5,4) (5,5) (5,6) (6,6)
  facet 10453: (0,1) (0,2) (2,2) (3,2) (4,2) (5,2) (5,3) (5,4) (5,5) (5,6) (6,6)
  facet 10454: (0,1) (2,1) (2,2) (3,2) (4,2) (5,2) (5,3) (5,4) (5,5) (5,6) (6,6)
  facet 10455: (0,1) (2,1) (3,1) (3,2) (4,2) (5,2) (5,3) (5,4) (5,5) (5,6) (6,6)
  facet 10456: (0,1) (2,1) (3,1) (4,1) (4,2) (5,2) (5,3) (5,4) (5,5) (5,6) (6,6)
  facet 10457: (0,1) (2,1) (3,1) (4,1) (5,1) (5,2) (5,3) (5,4) (5,5) (5,6) (6,6)
  facet 10458: (0,1) (0,2) (0,3) (0,4) (0,5) (2,5) (3,5) (4,5) (5,5) (6,5) (6,6)
  facet 10459: (0,1) (0,2) (0,3) (0,4) (2,4) (2,5) (3,5) (4,5) (5,5) (6,5) (6,6)
  facet 10460: (0,1) (0,2) (0,3) (2,3) (2,4) (2,5) (3,5) (4,5) (5,5) (6,5) (6,6)
  facet 10461: (0,1) (0,2) (2,2) (2,3) (2,4) (2,5) (3,5) (4,5) (5,5) (6,5) (6,6)
  facet 10462: (0,1) (2,1) (2,2) (2,3) (2,4) (2,5) (3,5) (4,5) (5,5) (6,5) (6,6)
  facet 10463: (0,1) (0,2) (0,3) (0,4) (2,4) (3,4) (3,5) (4,5) (5,5) (6,5) (6,6)
  facet 10464: (0,1) (0,2) (0,3) (2,3) (2,4) (3,4) (3,5) (4,5) (5,5) (6,5) (6,6)
  facet 10465: (0,1) (0,2) (2,2) (2,3) (2,4) (3,4) (3,5) (4,5) (5,5) (6,5) (6,6)
  facet 10466: (0,1) (2,1) (2,2) (2,3) (2,4) (3,4) (3,5) (4,5) (5,5) (6,5) (6,6)
  facet 10467: (0,1) (0,2) (0,3) (2,3) (3,3) (3,4) (3,5) (4,5) (5,5) (6,5) (6,6)
  facet 10468: (0,1) (0,2) (2,2) (2,3) (3,3) (3,4) (3,5) (4,5) (5,5) (6,5) (6,6)
  facet 10469: (0,1) (2,1) (2,2) (2,3) (3,3) (3,4) (3,5) (4,5) (5,5) (6,5) (6,6)
  facet 10470: (0,1) (0,2) (2,2) (3,2) (3,3) (3,4) (3,5) (4,5) (5,5) (6,5) (6,6)
  facet 10471: (0,1) (2,1) (2,2) (3,2) (3,3) (3,4) (3,5) (4,5) (5,5) (6,5) (6,6)
  facet 10472: (0,1) (2,1) (3,1) (3,2) (3,3) (3,4) (3,5) (4,5) (5,5) (6,5) (6,6)
  facet 10473: (0,1) (0,2) (0,3) (0,4) (2,4) (3,4) (4,4) (4,5) (5,5) (6,5) (6,6)
  facet 10474: (0,1) (0,2) (0,3) (2,3) (2,4) (3,4) (4,4) (4,5) (5,5) (6,5) (6,6)
  facet 10475: (0,1) (0,2) (2,2) (2,3) (2,4) (3,4) (4,4) (4,5) (5,5) (6,5) (6,6)
  facet 10476: (0,1) (2,1) (2,2) (2,3) (2,4) (3,4) (4,4) (4,5) (5,5) (6,5) (6,6)
  facet 10477: (0,1) (0,2) (0,3) (2,3) (3,3) (3,4) (4,4) (4,5) (5,5) (6,5) (6,6)
  facet 10478: (0,1) (0,2) (2,2) (2,3) (3,3) (3,4) (4,4) (4,5) (5,5) (6,5) (6,6)
  facet 10479: (0,1) (2,1) (2,2) (2,3) (3,3) (3,4) (4,4) (4,5) (5,5) (6,5) (6,6)
  facet 10480: (0,1) (0,2) (2,2) (3,2) (3,3) (3,4) (4,4) (4,5) (5,5) (6,5) (6,6)
  facet 10481: (0,1) (2,1) (2,2) (3,2) (3,3) (3,4) (4,4) (4,5) (5,5) (6,5) (6,6)
  facet 10482: (0,1) (2,1) (3,1) (3,2) (3,3) (3,4) (4,4) (4,5) (5,5) (6,5) (6,6)
  facet 10483: (0,1) (0,2) (0,3) (2,3) (3,3) (4,3) (4,4) (4,5) (5,5) (6,5) (6,6)
  facet 10484: (0,1) (0,2) (2,2) (2,3) (3,3) (4,3) (4,4) (4,5) (5,5) (6,5) (6,6)
  facet 10485: (0,1) (2,1) (2,2) (2,3) (3,3) (4,3) (4,4) (4,5) (5,5) (6,5) (6,6)
  facet 10486: (0,1) (0,2) (2,2) (3,2) (3,3) (4,3) (4,4) (4,5) (5,5) (6,5) (6,6)
  facet 10487: (0,1) (2,1) (2,2) (3,2) (3,3) (4,3) (4,4) (4,5) (5,5) (6,5) (6,6)
  facet 10488: (0,1) (2,1) (3,1) (3,2) (3,3) (4,3) (4,4) (4,5) (5,5) (6,5) (6,6)
  facet 10489: (0,1) (0,2) (2,2) (3,2) (4,2) (4,3) (4,4) (4,5) (5,5) (6,5) (6,6)
  facet 10490: (0,1) (2,1) (2,2) (3,2) (4,2) (4,3) (4,4) (4,5) (5,5) (6,5) (6,6)
  facet 10491: (0,1) (2,1) (3,1) (3,2) (4,2) (4,3) (4,4) (4,5) (5,5) (6,5) (6,6)
  facet 10492: (0,1) (2,1) (3,1) (4,1) (4,2) (4,3) (4,4) (4,5) (5,5) (6,5) (6,6)
  facet 10493: (0,1) (0,2) (0,3) (0,4) (2,4) (3,4) (4,4) (5,4) (5,5) (6,5) (6,6)
  facet 10494: (0,1) (0,2) (0,3) (2,3) (2,4) (3,4) (4,4) (5,4) (5,5) (6,5) (6,6)
  facet 10495: (0,1) (0,2) (2,2) (2,3) (2,4) (3,4) (4,4) (5,4) (5,5) (6,5) (6,6)
  facet 10496: (0,1) (2,1) (2,2) (2,3) (2,4) (3,4) (4,4) (5,4) (5,5) (6,5) (6,6)
  facet 10497: (0,1) (0,2) (0,3) (2,3) (3,3) (3,4) (4,4) (5,4) (5,5) (6,5) (6,6)
  facet 10498: (0,1) (0,2) (2,2) (2,3) (3,3) (3,4) (4,4) (5,4) (5,5) (6,5) (6,6)
  facet 10499: (0,1) (2,1) (2,2) (2,3) (3,3) (3,4) (4,4) (5,4) (5,5) (6,5) (6,6)
  facet 10500: (0,1) (0,2) (2,2) (3,2) (3,3) (3,4) (4,4) (5,4) (5,5) (6,5) (6,6)
  facet 10501: (0,1) (2,1) (2,2) (3,2) (3,3) (3,4) (4,4) (5,4) (5,5) (6,5) (6,6)
  facet 10502: (0,1) (2,1) (3,1) (3,2) (3,3) (3,4) (4,4) (5,4) (5,5) (6,5) (6,6)
  facet 10503: (0,1) (0,2) (0,3) (2,3) (3,3) (4,3) (4,4) (5,4) (5,5) (6,5) (6,6)
  facet 10504: (0,1) (0,2) (2,2) (2,3) (3,3) (4,3) (4,4) (5,4) (5,5) (6,5) (6,6)
  facet 10505: (0,1) (2,1) (2,2) (2,3) (3,3) (4,3) (4,4) (5,4) (5,5) (6,5) (6,6)
  facet 10506: (0,1) (0,2) (2,2) (3,2) (3,3) (4,3) (4,4) (5,4) (5,5) (6,5) (6,6)
  facet 10507: (0,1) (2,1) (2,2) (3,2) (3,3) (4,3) (4,4) (5,4) (5,5) (6,5) (6,6)
  facet 10508: (0,1) (2,1) (3,1) (3,2) (3,3) (4,3) (4,4) (5,4) (5,5) (6,5) (6,6)
  facet 10509: (0,1) (0,2) (2,2) (3,2) (4,2) (4,3) (4,4) (5,4) (5,5) (6,5) (6,6)
  facet 10510: (0,1) (2,1) (2,2) (3,2) (4,2) (4,3) (4,4) (5,4) (5,5) (6,5) (6,6)
  facet 10511: (0,1) (2,1) (3,1) (3,2) (4,2) (4,3) (4,4) (5,4) (5,5) (6,5) (6,6)
  facet 10512: (0,1) (2,1) (3,1) (4,1) (4,2) (4,3) (4,4) (5,4) (5,5) (6,5) (6,6)
  facet 10513: (0,1) (0,2) (0,3) (2,3) (3,3) (4,3) (5,3) (5,4) (5,5) (6,5) (6,6)
  facet 10514: (0,1) (0,2) (2,2) (2,3) (3,3) (4,3) (5,3) (5,4) (5,5) (6,5) (6,6)
  facet 10515: (0,1) (2,1) (2,2) (2,3) (3,3) (4,3) (5,3) (5,4) (5,5) (6,5) (6,6)
  facet 10516: (0,1) (0,2) (2,2) (3,2) (3,3) (4,3) (5,3) (5,4) (5,5) (6,5) (6,6)
  facet 10517: (0,1) (2,1) (2,2) (3,2) (3,3) (4,3) (5,3) (5,4) (5,5) (6,5) (6,6)
  facet 10518: (0,1) (2,1) (3,1) (3,2) (3,3) (4,3) (5,3) (5,4) (5,5) (6,5) (6,6)
  facet 10519: (0,1) (0,2) (2,2) (3,2) (4,2) (4,3) (5,3) (5,4) (5,5) (6,5) (6,6)
  facet 10520: (0,1) (2,1) (2,2) (3,2) (4,2) (4,3) (5,3) (5,4) (5,5) (6,5) (6,6)
  facet 10521: (0,1) (2,1) (3,1) (3,2) (4,2) (4,3) (5,3) (5,4) (5,5) (6,5) (6,6)
  facet 10522: (0,1) (2,1) (3,1) (4,1) (4,2) (4,3) (5,3) (5,4) (5,5) (6,5) (6,6)
  facet 10523: (0,1) (0,2) (2,2) (3,2) (4,2) (5,2) (5,3) (5,4) (5,5) (6,5) (6,6)
  facet 10524: (0,1) (2,1) (2,2) (3,2) (4,2) (5,2) (5,3) (5,4) (5,5) (6,5) (6,6)
  facet 10525: (0,1) (2,1) (3,1) (3,2) (4,2) (5,2) (5,3) (5,4) (5,5) (6,5) (6,6)
  facet 10526: (0,1) (2,1) (3,1) (4,1) (4,2) (5,2) (5,3) (5,4) (5,5) (6,5) (6,6)
  facet 10527: (0,1) (2,1) (3,1) (4,1) (5,1) (5,2) (5,3) (5,4) (5,5) (6,5) (6,6)
  facet 10528: (0,1) (0,2) (0,3) (0,4) (2,4) (3,4) (4,4) (5,4) (6,4) (6,5) (6,6)
  facet 10529: (0,1) (0,2) (0,3) (2,3) (2,4) (3,4) (4,4) (5,4) (6,4) (6,5) (6,6)
  facet 10530: (0,1) (0,2) (2,2) (2,3) (2,4) (3,4) (4,4) (5,4) (6,4) (6,5) (6,6)
  facet 10531: (0,1) (2,1) (2,2) (2,3) (2,4) (3,4) (4,4) (5,4) (6,4) (6,5) (6,6)
  facet 10532: (0,1) (0,2) (0,3) (2,3) (3,3) (3,4) (4,4) (5,4) (6,4) (6,5) (6,6)
  facet 10533: (0,1) (0,2) (2,2) (2,3) (3,3) (3,4) (4,4) (5,4) (6,4) (6,5) (6,6)
  facet 10534: (0,1) (2,1) (2,2) (2,3) (3,3) (3,4) (4,4) (5,4) (6,4) (6,5) (6,6)
  facet 10535: (0,1) (0,2) (2,2) (3,2) (3,3) (3,4) (4,4) (5,4) (6,4) (6,5) (6,6)
  facet 10536: (0,1) (2,1) (2,2) (3,2) (3,3) (3,4) (4,4) (5,4) (6,4) (6,5) (6,6)
  facet 10537: (0,1) (2,1) (3,1) (3,2) (3,3) (3,4) (4,4) (5,4) (6,4) (6,5) (6,6)
  facet 10538: (0,1) (0,2) (0,3) (2,3) (3,3) (4,3) (4,4) (5,4) (6,4) (6,5) (6,6)
  facet 10539: (0,1) (0,2) (2,2) (2,3) (3,3) (4,3) (4,4) (5,4) (6,4) (6,5) (6,6)
  facet 10540: (0,1) (2,1) (2,2) (2,3) (3,3) (4,3) (4,4) (5,4) (6,4) (6,5) (6,6)
  facet 10541: (0,1) (0,2) (2,2) (3,2) (3,3) (4,3) (4,4) (5,4) (6,4) (6,5) (6,6)
  facet 10542: (0,1) (2,1) (2,2) (3,2) (3,3) (4,3) (4,4) (5,4) (6,4) (6,5) (6,6)
  facet 10543: (0,1) (2,1) (3,1) (3,2) (3,3) (4,3) (4,4) (5,4) (6,4) (6,5) (6,6)
  facet 10544: (0,1) (0,2) (2,2) (3,2) (4,2) (4,3) (4,4) (5,4) (6,4) (6,5) (6,6)
  facet 10545: (0,1) (2,1) (2,2) (3,2) (4,2) (4,3) (4,4) (5,4) (6,4) (6,5) (6,6)
  facet 10546: (0,1) (2,1) (3,1) (3,2) (4,2) (4,3) (4,4) (5,4) (6,4) (6,5) (6,6)
  facet 10547: (0,1) (2,1) (3,1) (4,1) (4,2) (4,3) (4,4) (5,4) (6,4) (6,5) (6,6)
  facet 10548: (0,1) (0,2) (0,3) (2,3) (3,3) (4,3) (5,3) (5,4) (6,4) (6,5) (6,6)
  facet 10549: (0,1) (0,2) (2,2) (2,3) (3,3) (4,3) (5,3) (5,4) (6,4) (6,5) (6,6)
  facet 10550: (0,1) (2,1) (2,2) (2,3) (3,3) (4,3) (5,3) (5,4) (6,4) (6,5) (6,6)
  facet 10551: (0,1) (0,2) (2,2) (3,2) (3,3) (4,3) (5,3) (5,4) (6,4) (6,5) (6,6)
  facet 10552: (0,1) (2,1) (2,2) (3,2) (3,3) (4,3) (5,3) (5,4) (6,4) (6,5) (6,6)
  facet 10553: (0,1) (2,1) (3,1) (3,2) (3,3) (4,3) (5,3) (5,4) (6,4) (6,5) (6,6)
  facet 10554: (0,1) (0,2) (2,2) (3,2) (4,2) (4,3) (5,3) (5,4) (6,4) (6,5) (6,6)
  facet 10555: (0,1) (2,1) (2,2) (3,2) (4,2) (4,3) (5,3) (5,4) (6,4) (6,5) (6,6)
  facet 10556: (0,1) (2,1) (3,1) (3,2) (4,2) (4,3) (5,3) (5,4) (6,4) (6,5) (6,6)
  facet 10557: (0,1) (2,1) (3,1) (4,1) (4,2) (4,3) (5,3) (5,4) (6,4) (6,5) (6,6)
  facet 10558: (0,1) (0,2) (2,2) (3,2) (4,2) (5,2) (5,3) (5,4) (6,4) (6,5) (6,6)
  facet 10559: (0,1) (2,1) (2,2) (3,2) (4,2) (5,2) (5,3) (5,4) (6,4) (6,5) (6,6)
  facet 10560: (0,1) (2,1) (3,1) (3,2) (4,2) (5,2) (5,3) (5,4) (6,4) (6,5) (6,6)
  facet 10561: (0,1) (2,1) (3,1) (4,1) (4,2) (5,2) (5,3) (5,4) (6,4) (6,5) (6,6)
  facet 10562: (0,1) (2,1) (3,1) (4,1) (5,1) (5,2) (5,3) (5,4) (6,4) (6,5) (6,6)
  facet 10563: (0,1) (0,2) (0,3) (2,3) (3,3) (4,3) (5,3) (6,3) (6,4) (6,5) (6,6)
  facet 10564: (0,1) (0,2) (2,2) (2,3) (3,3) (4,3) (5,3) (6,3) (6,4) (6,5) (6,6)
  facet 10565: (0,1) (2,1) (2,2) (2,3) (3,3) (4,3) (5,3) (6,3) (6,4) (6,5) (6,6)
  facet 10566: (0,1) (0,2) (2,2) (3,2) (3,3) (4,3) (5,3) (6,3) (6,4) (6,5) (6,6)
  facet 10567: (0,1) (2,1) (2,2) (3,2) (3,3) (4,3) (5,3) (6,3) (6,4) (6,5) (6,6)
  facet 10568: (0,1) (2,1) (3,1) (3,2) (3,3) (4,3) (5,3) (6,3) (6,4) (6,5) (6,6)
  facet 10569: (0,1) (0,2) (2,2) (3,2) (4,2) (4,3) (5,3) (6,3) (6,4) (6,5) (6,6)
  facet 10570: (0,1) (2,1) (2,2) (3,2) (4,2) (4,3) (5,3) (6,3) (6,4) (6,5) (6,6)
  facet 10571: (0,1) (2,1) (3,1) (3,2) (4,2) (4,3) (5,3) (6,3) (6,4) (6,5) (6,6)
  facet 10572: (0,1) (2,1) (3,1) (4,1) (4,2) (4,3) (5,3) (6,3) (6,4) (6,5) (6,6)
  facet 10573: (0,1) (0,2) (2,2) (3,2) (4,2) (5,2) (5,3) (6,3) (6,4) (6,5) (6,6)
  facet 10574: (0,1) (2,1) (2,2) (3,2) (4,2) (5,2) (5,3) (6,3) (6,4) (6,5) (6,6)
  facet 10575: (0,1) (2,1) (3,1) (3,2) (4,2) (5,2) (5,3) (6,3) (6,4) (6,5) (6,6)
  facet 10576: (0,1) (2,1) (3,1) (4,1) (4,2) (5,2) (5,3) (6,3) (6,4) (6,5) (6,6)
  facet 10577: (0,1) (2,1) (3,1) (4,1) (5,1) (5,2) (5,3) (6,3) (6,4) (6,5) (6,6)
  facet 10578: (0,1) (0,2) (2,2) (3,2) (4,2) (5,2) (6,2) (6,3) (6,4) (6,5) (6,6)
  facet 10579: (0,1) (2,1) (2,2) (3,2) (4,2) (5,2) (6,2) (6,3) (6,4) (6,5) (6,6)
  facet 10580: (0,1) (2,1) (3,1) (3,2) (4,2) (5,2) (6,2) (6,3) (6,4) (6,5) (6,6)
  facet 10581: (0,1) (2,1) (3,1) (4,1) (4,2) (5,2) (6,2) (6,3) (6,4) (6,5) (6,6)
  facet 10582: (0,1) (2,1) (3,1) (4,1) (5,1) (5,2) (6,2) (6,3) (6,4) (6,5) (6,6)
  facet 10583: (0,1) (2,1) (3,1) (4,1) (5,1) (6,1) (6,2) (6,3) (6,4) (6,5) (6,6)
  facet 11844: (1,0) (1,2) (1,3) (1,4) (1,5) (1,6) (2,6) (3,6) (4,6) (5,6) (6,6)
  facet 11845: (1,0) (1,2) (1,3) (1,4) (1,5) (2,5) (2,6) (3,6) (4,6) (5,6) (6,6)
  facet 11846: (1,0) (1,2) (1,3) (1,4) (2,4) (2,5) (2,6) (3,6) (4,6) (5,6) (6,6)
  facet 11847: (1,0) (1,2) (1,3) (2,3) (2,4) (2,5) (2,6) (3,6) (4,6) (5,6) (6,6)
  facet 11848: (1,0) (1,2) (2,2) (2,3) (2,4) (2,5) (2,6) (3,6) (4,6) (5,6) (6,6)
  facet 11849: (1,0) (2,0) (2,2) (2,3) (2,4) (2,5) (2,6) (3,6) (4,6) (5,6) (6,6)
  facet 11850: (1,0) (1,2) (1,3) (1,4) (1,5) (2,5) (3,5) (3,6) (4,6) (5,6) (6,6)
  facet 11851: (1,0) (1,2) (1,3) (1,4) (2,4) (2,5) (3,5) (3,6) (4,6) (5,6) (6,6)
  facet 11852: (1,0) (1,2) (1,3) (2,3) (2,4) (2,5) (3,5) (3,6) (4,6) (5,6) (6,6)
  facet 11853: (1,0) (1,2) (2,2) (2,3) (2,4) (2,5) (3,5) (3,6) (4,6) (5,6) (6,6)
  facet 11854: (1,0) (2,0) (2,2) (2,3) (2,4) (2,5) (3,5) (3,6) (4,6) (5,6) (6,6)
  facet 11855: (1,0) (1,2) (1,3) (1,4) (2,4) (3,4) (3,5) (3,6) (4,6) (5,6) (6,6)
  facet 11856: (1,0) (1,2) (1,3) (2,3) (2,4) (3,4) (3,5) (3,6) (4,6) (5,6) (6,6)
  facet 11857: (1,0) (1,2) (2,2) (2,3) (2,4) (3,4) (3,5) (3,6) (4,6) (5,6) (6,6)
  facet 11858: (1,0) (2,0) (2,2) (2,3) (2,4) (3,4) (3,5) (3,6) (4,6) (5,6) (6,6)
  facet 11859: (1,0) (1,2) (1,3) (2,3) (3,3) (3,4) (3,5) (3,6) (4,6) (5,6) (6,6)
  facet 11860: (1,0) (1,2) (2,2) (2,3) (3,3) (3,4) (3,5) (3,6) (4,6) (5,6) (6,6)
  facet 11861: (1,0) (2,0) (2,2) (2,3) (3,3) (3,4) (3,5) (3,6) (4,6) (5,6) (6,6)
  facet 11862: (1,0) (1,2) (2,2) (3,2) (3,3) (3,4) (3,5) (3,6) (4,6) (5,6) (6,6)
  facet 11863: (1,0) (2,0) (2,2) (3,2) (3,3) (3,4) (3,5) (3,6) (4,6) (5,6) (6,6)
  facet 11864: (1,0) (2,0) (3,0) (3,2) (3,3) (3,4) (3,5) (3,6) (4,6) (5,6) (6,6)
  facet 11865: (1,0) (1,2) (1,3) (1,4) (1,5) (2,5) (3,5) (4,5) (4,6) (5,6) (6,6)
  facet 11866: (1,0) (1,2) (1,3) (1,4) (2,4) (2,5) (3,5) (4,5) (4,6) (5,6) (6,6)
  facet 11867: (1,0) (1,2) (1,3) (2,3) (2,4) (2,5) (3,5) (4,5) (4,6) (5,6) (6,6)
  facet 11868: (1,0) (1,2) (2,2) (2,3) (2,4) (2,5) (3,5) (4,5) (4,6) (5,6) (6,6)
  facet 11869: (1,0) (2,0) (2,2) (2,3) (2,4) (2,5) (3,5) (4,5) (4,6) (5,6) (6,6)
  facet 11870: (1,0) (1,2) (1,3) (1,4) (2,4) (3,4) (3,5) (4,5) (4,6) (5,6) (6,6)
  facet 11871: (1,0) (1,2) (1,3) (2,3) (2,4) (3,4) (3,5) (4,5) (4,6) (5,6) (6,6)
  facet 11872: (1,0) (1,2) (2,2) (2,3) (2,4) (3,4) (3,5) (4,5) (4,6) (5,6) (6,6)
  facet 11873: (1,0) (2,0) (2,2) (2,3) (2,4) (3,4) (3,5) (4,5) (4,6) (5,6) (6,6)
  facet 11874: (1,0) (1,2) (1,3) (2,3) (3,3) (3,4) (3,5) (4,5) (4,6) (5,6) (6,6)
  facet 11875: (1,0) (1,2) (2,2) (2,3) (3,3) (3,4) (3,5) (4,5) (4,6) (5,6) (6,6)
  facet 11876: (1,0) (2,0) (2,2) (2,3) (3,3) (3,4) (3,5) (4,5) (4,6) (5,6) (6,6)
  facet 11877: (1,0) (1,2) (2,2) (3,2) (3,3) (3,4) (3,5) (4,5) (4,6) (5,6) (6,6)
  facet 11878: (1,0) (2,0) (2,2) (3,2) (3,3) (3,4) (3,5) (4,5) (4,6) (5,6) (6,6)
  facet 11879: (1,0) (2,0) (3,0) (3,2) (3,3) (3,4) (3,5) (4,5) (4,6) (5,6) (6,6)
  facet 11880: (1,0) (1,2) (1,3) (1,4) (2,4) (3,4) (4,4) (4,5) (4,6) (5,6) (6,6)
  facet 11881: (1,0) (1,2) (1,3) (2,3) (2,4) (3,4) (4,4) (4,5) (4,6) (5,6) (6,6)
  facet 11882: (1,0) (1,2) (2,2) (2,3) (2,4) (3,4) (4,4) (4,5) (4,6) (5,6) (6,6)
  facet 11883: (1,0) (2,0) (2,2) (2,3) (2,4) (3,4) (4,4) (4,5) (4,6) (5,6) (6,6)
  facet 11884: (1,0) (1,2) (1,3) (2,3) (3,3) (3,4) (4,4) (4,5) (4,6) (5,6) (6,6)
  facet 11885: (1,0) (1,2) (2,2) (2,3) (3,3) (3,4) (4,4) (4,5) (4,6) (5,6) (6,6)
  facet 11886: (1,0) (2,0) (2,2) (2,3) (3,3) (3,4) (4,4) (4,5) (4,6) (5,6) (6,6)
  facet 11887: (1,0) (1,2) (2,2) (3,2) (3,3) (3,4) (4,4) (4,5) (4,6) (5,6) (6,6)
  facet 11888: (1,0) (2,0) (2,2) (3,2) (3,3) (3,4) (4,4) (4,5) (4,6) (5,6) (6,6)
  facet 11889: (1,0) (2,0) (3,0) (3,2) (3,3) (3,4) (4,4) (4,5) (4,6) (5,6) (6,6)
  facet 11890: (1,0) (1,2) (1,3) (2,3) (3,3) (4,3) (4,4) (4,5) (4,6) (5,6) (6,6)
  facet 11891: (1,0) (1,2) (2,2) (2,3) (3,3) (4,3) (4,4) (4,5) (4,6) (5,6) (6,6)
  facet 11892: (1,0) (2,0) (2,2) (2,3) (3,3) (4,3) (4,4) (4,5) (4,6) (5,6) (6,6)
  facet 11893: (1,0) (1,2) (2,2) (3,2) (3,3) (4,3) (4,4) (4,5) (4,6) (5,6) (6,6)
  facet 11894: (1,0) (2,0) (2,2) (3,2) (3,3) (4,3) (4,4) (4,5) (4,6) (5,6) (6,6)
  facet 11895: (1,0) (2,0) (3,0) (3,2) (3,3) (4,3) (4,4) (4,5) (4,6) (5,6) (6,6)
  facet 11896: (1,0) (1,2) (2,2) (3,2) (4,2) (4,3) (4,4) (4,5) (4,6) (5,6) (6,6)
  facet 11897: (1,0) (2,0) (2,2) (3,2) (4,2) (4,3) (4,4) (4,5) (4,6) (5,6) (6,6)
  facet 11898: (1,0) (2,0) (3,0) (3,2) (4,2) (4,3) (4,4) (4,5) (4,6) (5,6) (6,6)
  facet 11899: (1,0) (2,0) (3,0) (4,0) (4,2) (4,3) (4,4) (4,5) (4,6) (5,6) (6,6)
  facet 11900: (1,0) (1,2) (1,3) (1,4) (1,5) (2,5) (3,5) (4,5) (5,5) (5,6) (6,6)
  facet 11901: (1,0) (1,2) (1,3) (1,4) (2,4) (2,5) (3,5) (4,5) (5,5) (5,6) (6,6)
  facet 11902: (1,0) (1,2) (1,3) (2,3) (2,4) (2,5) (3,5) (4,5) (5,5) (5,6) (6,6)
  facet 11903: (1,0) (1,2) (2,2) (2,3) (2,4) (2,5) (3,5) (4,5) (5,5) (5,6) (6,6)
  facet 11904: (1,0) (2,0) (2,2) (2,3) (2,4) (2,5) (3,5) (4,5) (5,5) (5,6) (6,6)
  facet 11905: (1,0) (1,2) (1,3) (1,4) (2,4) (3,4) (3,5) (4,5) (5,5) (5,6) (6,6)
  facet 11906: (1,0) (1,2) (1,3) (2,3) (2,4) (3,4) (3,5) (4,5) (5,5) (5,6) (6,6)
  facet 11907: (1,0) (1,2) (2,2) (2,3) (2,4) (3,4) (3,5) (4,5) (5,5) (5,6) (6,6)
  facet 11908: (1,0) (2,0) (2,2) (2,3) (2,4) (3,4) (3,5) (4,5) (5,5) (5,6) (6,6)
  facet 11909: (1,0) (1,2) (1,3) (2,3) (3,3) (3,4) (3,5) (4,5) (5,5) (5,6) (6,6)
  facet 11910: (1,0) (1,2) (2,2) (2,3) (3,3) (3,4) (3,5) (4,5) (5,5) (5,6) (6,6)
  facet 11911: (1,0) (2,0) (2,2) (2,3) (3,3) (3,4) (3,5) (4,5) (5,5) (5,6) (6,6)
  facet 11912: (1,0) (1,2) (2,2) (3,2) (3,3) (3,4) (3,5) (4,5) (5,5) (5,6) (6,6)
  facet 11913: (1,0) (2,0) (2,2) (3,2) (3,3) (3,4) (3,5) (4,5) (5,5) (5,6) (6,6)
  facet 11914: (1,0) (2,0) (3,0) (3,2) (3,3) (3,4) (3,5) (4,5) (5,5) (5,6) (6,6)
  facet 11915: (1,0) (1,2) (1,3) (1,4) (2,4) (3,4) (4,4) (4,5) (5,5) (5,6) (6,6)
  facet 11916: (1,0) (1,2) (1,3) (2,3) (2,4) (3,4) (4,4) (4,5) (5,5) (5,6) (6,6)
  facet 11917: (1,0) (1,2) (2,2) (2,3) (2,4) (3,4) (4,4) (4,5) (5,5) (5,6) (6,6)
  facet 11918: (1,0) (2,0) (2,2) (2,3) (2,4) (3,4) (4,4) (4,5) (5,5) (5,6) (6,6)
  facet 11919: (1,0) (1,2) (1,3) (2,3) (3,3) (3,4) (4,4) (4,5) (5,5) (5,6) (6,6)
  facet 11920: (1,0) (1,2) (2,2) (2,3) (3,3) (3,4) (4,4) (4,5) (5,5) (5,6) (6,6)
  facet 11921: (1,0) (2,0) (2,2) (2,3) (3,3) (3,4) (4,4) (4,5) (5,5) (5,6) (6,6)
  facet 11922: (1,0) (1,2) (2,2) (3,2) (3,3) (3,4) (4,4) (4,5) (5,5) (5,6) (6,6)
  facet 11923: (1,0) (2,0) (2,2) (3,2) (3,3) (3,4) (4,4) (4,5) (5,5) (5,6) (6,6)
  facet 11924: (1,0) (2,0) (3,0) (3,2) (3,3) (3,4) (4,4) (4,5) (5,5) (5,6) (6,6)
  facet 11925: (1,0) (1,2) (1,3) (2,3) (3,3) (4,3) (4,4) (4,5) (5,5) (5,6) (6,6)
  facet 11926: (1,0) (1,2) (2,2) (2,3) (3,3) (4,3) (4,4) (4,5) (5,5) (5,6) (6,6)
  facet 11927: (1,0) (2,0) (2,2) (2,3) (3,3) (4,3) (4,4) (4,5) (5,5) (5,6) (6,6)
  facet 11928: (1,0) (1,2) (2,2) (3,2) (3,3) (4,3) (4,4) (4,5) (5,5) (5,6) (6,6)
  facet 11929: (1,0) (2,0) (2,2) (3,2) (3,3) (4,3) (4,4) (4,5) (5,5) (5,6) (6,6)
  facet 11930: (1,0) (2,0) (3,0) (3,2) (3,3) (4,3) (4,4) (4,5) (5,5) (5,6) (6,6)
  facet 11931: (1,0) (1,2) (2,2) (3,2) (4,2) (4,3) (4,4) (4,5) (5,5) (5,6) (6,6)
  facet 11932: (1,0) (2,0) (2,2) (3,2) (4,2) (4,3) (4,4) (4,5) (5,5) (5,6) (6,6)
  facet 11933: (1,0) (2,0) (3,0) (3,2) (4,2) (4,3) (4,4) (4,5) (5,5) (5,6) (6,6)
  facet 11934: (1,0) (2,0) (3,0) (4,0) (4,2) (4,3) (4,4) (4,5) (5,5) (5,6) (6,6)
  facet 11935: (1,0) (1,2) (1,3) (1,4) (2,4) (3,4) (4,4) (5,4) (5,5) (5,6) (6,6)
  facet 11936: (1,0) (1,2) (1,3) (2,3) (2,4) (3,4) (4,4) (5,4) (5,5) (5,6) (6,6)
  facet 11937: (1,0) (1,2) (2,2) (2,3) (2,4) (3,4) (4,4) (5,4) (5,5) (5,6) (6,6)
  facet 11938: (1,0) (2,0) (2,2) (2,3) (2,4) (3,4) (4,4) (5,4) (5,5) (5,6) (6,6)
  facet 11939: (1,0) (1,2) (1,3) (2,3) (3,3) (3,4) (4,4) (5,4) (5,5) (5,6) (6,6)
  facet 11940: (1,0) (1,2) (2,2) (2,3) (3,3) (3,4) (4,4) (5,4) (5,5) (5,6) (6,6)
  facet 11941: (1,0) (2,0) (2,2) (2,3) (3,3) (3,4) (4,4) (5,4) (5,5) (5,6) (6,6)
  facet 11942: (1,0) (1,2) (2,2) (3,2) (3,3) (3,4) (4,4) (5,4) (5,5) (5,6) (6,6)
  facet 11943: (1,0) (2,0) (2,2) (3,2) (3,3) (3,4) (4,4) (5,4) (5,5) (5,6) (6,6)
  facet 11944: (1,0) (2,0) (3,0) (3,2) (3,3) (3,4) (4,4) (5,4) (5,5) (5,6) (6,6)
  facet 11945: (1,0) (1,2) (1,3) (2,3) (3,3) (4,3) (4,4) (5,4) (5,5) (5,6) (6,6)
  facet 11946: (1,0) (1,2) (2,2) (2,3) (3,3) (4,3) (4,4) (5,4) (5,5) (5,6) (6,6)
  facet 11947: (1,0) (2,0) (2,2) (2,3) (3,3) (4,3) (4,4) (5,4) (5,5) (5,6) (6,6)
  facet 11948: (1,0) (1,2) (2,2) (3,2) (3,3) (4,3) (4,4) (5,4) (5,5) (5,6) (6,6)
  facet 11949: (1,0) (2,0) (2,2) (3,2) (3,3) (4,3) (4,4) (5,4) (5,5) (5,6) (6,6)
  facet 11950: (1,0) (2,0) (3,0) (3,2) (3,3) (4,3) (4,4) (5,4) (5,5) (5,6) (6,6)
  facet 11951: (1,0) (1,2) (2,2) (3,2) (4,2) (4,3) (4,4) (5,4) (5,5) (5,6) (6,6)
  facet 11952: (1,0) (2,0) (2,2) (3,2) (4,2) (4,3) (4,4) (5,4) (5,5) (5,6) (6,6)
  facet 11953: (1,0) (2,0) (3,0) (3,2) (4,2) (4,3) (4,4) (5,4) (5,5) (5,6) (6,6)
  facet 11954: (1,0) (2,0) (3,0) (4,0) (4,2) (4,3) (4,4) (5,4) (5,5) (5,6) (6,6)
  facet 11955: (1,0) (1,2) (1,3) (2,3) (3,3) (4,3) (5,3) (5,4) (5,5) (5,6) (6,6)
  facet 11956: (1,0) (1,2) (2,2) (2,3) (3,3) (4,3) (5,3) (5,4) (5,5) (5,6) (6,6)
  facet 11957: (1,0) (2,0) (2,2) (2,3) (3,3) (4,3) (5,3) (5,4) (5,5) (5,6) (6,6)
  facet 11958: (1,0) (1,2) (2,2) (3,2) (3,3) (4,3) (5,3) (5,4) (5,5) (5,6) (6,6)
  facet 11959: (1,0) (2,0) (2,2) (3,2) (3,3) (4,3) (5,3) (5,4) (5,5) (5,6) (6,6)
  facet 11960: (1,0) (2,0) (3,0) (3,2) (3,3) (4,3) (5,3) (5,4) (5,5) (5,6) (6,6)
  facet 11961: (1,0) (1,2) (2,2) (3,2) (4,2) (4,3) (5,3) (5,4) (5,5) (5,6) (6,6)
  facet 11962: (1,0) (2,0) (2,2) (3,2) (4,2) (4,3) (5,3) (5,4) (5,5) (5,6) (6,6)
  facet 11963: (1,0) (2,0) (3,0) (3,2) (4,2) (4,3) (5,3) (5,4) (5,5) (5,6) (6,6)
  facet 11964: (1,0) (2,0) (3,0) (4,0) (4,2) (4,3) (5,3) (5,4) (5,5) (5,6) (6,6)
  facet 11965: (1,0) (1,2) (2,2) (3,2) (4,2) (5,2) (5,3) (5,4) (5,5) (5,6) (6,6)
  facet 11966: (1,0) (2,0) (2,2) (3,2) (4,2) (5,2) (5,3) (5,4) (5,5) (5,6) (6,6)
  facet 11967: (1,0) (2,0) (3,0) (3,2) (4,2) (5,2) (5,3) (5,4) (5,5) (5,6) (6,6)
  facet 11968: (1,0) (2,0) (3,0) (4,0) (4,2) (5,2) (5,3) (5,4) (5,5) (5,6) (6,6)
  facet 11969: (1,0) (2,0) (3,0) (4,0) (5,0) (5,2) (5,3) (5,4) (5,5) (5,6) (6,6)
  facet 11970: (1,0) (1,2) (1,3) (1,4) (1,5) (2,5) (3,5) (4,5) (5,5) (6,5) (6,6)
  facet 11971: (1,0) (1,2) (1,3) (1,4) (2,4) (2,5) (3,5) (4,5) (5,5) (6,5) (6,6)
  facet 11972: (1,0) (1,2) (1,3) (2,3) (2,4) (2,5) (3,5) (4,5) (5,5) (6,5) (6,6)
  facet 11973: (1,0) (1,2) (2,2) (2,3) (2,4) (2,5) (3,5) (4,5) (5,5) (6,5) (6,6)
  facet 11974: (1,0) (2,0) (2,2) (2,3) (2,4) (2,5) (3,5) (4,5) (5,5) (6,5) (6,6)
  facet 11975: (1,0) (1,2) (1,3) (1,4) (2,4) (3,4) (3,5) (4,5) (5,5) (6,5) (6,6)
  facet 11976: (1,0) (1,2) (1,3) (2,3) (2,4) (3,4) (3,5) (4,5) (5,5) (6,5) (6,6)
  facet 11977: (1,0) (1,2) (2,2) (2,3) (2,4) (3,4) (3,5) (4,5) (5,5) (6,5) (6,6)
  facet 11978: (1,0) (2,0) (2,2) (2,3) (2,4) (3,4) (3,5) (4,5) (5,5) (6,5) (6,6)
  facet 11979: (1,0) (1,2) (1,3) (2,3) (3,3) (3,4) (3,5) (4,5) (5,5) (6,5) (6,6)
  facet 11980: (1,0) (1,2) (2,2) (2,3) (3,3) (3,4) (3,5) (4,5) (5,5) (6,5) (6,6)
  facet 11981: (1,0) (2,0) (2,2) (2,3) (3,3) (3,4) (3,5) (4,5) (5,5) (6,5) (6,6)
  facet 11982: (1,0) (1,2) (2,2) (3,2) (3,3) (3,4) (3,5) (4,5) (5,5) (6,5) (6,6)
  facet 11983: (1,0) (2,0) (2,2) (3,2) (3,3) (3,4) (3,5) (4,5) (5,5) (6,5) (6,6)
  facet 11984: (1,0) (2,0) (3,0) (3,2) (3,3) (3,4) (3,5) (4,5) (5,5) (6,5) (6,6)
  facet 11985: (1,0) (1,2) (1,3) (1,4) (2,4) (3,4) (4,4) (4,5) (5,5) (6,5) (6,6)
  facet 11986: (1,0) (1,2) (1,3) (2,3) (2,4) (3,4) (4,4) (4,5) (5,5) (6,5) (6,6)
  facet 11987: (1,0) (1,2) (2,2) (2,3) (2,4) (3,4) (4,4) (4,5) (5,5) (6,5) (6,6)
  facet 11988: (1,0) (2,0) (2,2) (2,3) (2,4) (3,4) (4,4) (4,5) (5,5) (6,5) (6,6)
  facet 11989: (1,0) (1,2) (1,3) (2,3) (3,3) (3,4) (4,4) (4,5) (5,5) (6,5) (6,6)
  facet 11990: (1,0) (1,2) (2,2) (2,3) (3,3) (3,4) (4,4) (4,5) (5,5) (6,5) (6,6)
  facet 11991: (1,0) (2,0) (2,2) (2,3) (3,3) (3,4) (4,4) (4,5) (5,5) (6,5) (6,6)
  facet 11992: (1,0) (1,2) (2,2) (3,2) (3,3) (3,4) (4,4) (4,5) (5,5) (6,5) (6,6)
  facet 11993: (1,0) (2,0) (2,2) (3,2) (3,3) (3,4) (4,4) (4,5) (5,5) (6,5) (6,6)
  facet 11994: (1,0) (2,0) (3,0) (3,2) (3,3) (3,4) (4,4) (4,5) (5,5) (6,5) (6,6)
  facet 11995: (1,0) (1,2) (1,3) (2,3) (3,3) (4,3) (4,4) (4,5) (5,5) (6,5) (6,6)
  facet 11996: (1,0) (1,2) (2,2) (2,3) (3,3) (4,3) (4,4) (4,5) (5,5) (6,5) (6,6)
  facet 11997: (1,0) (2,0) (2,2) (2,3) (3,3) (4,3) (4,4) (4,5) (5,5) (6,5) (6,6)
  facet 11998: (1,0) (1,2) (2,2) (3,2) (3,3) (4,3) (4,4) (4,5) (5,5) (6,5) (6,6)
  facet 11999: (1,0) (2,0) (2,2) (3,2) (3,3) (4,3) (4,4) (4,5) (5,5) (6,5) (6,6)
  facet 12000: (1,0) (2,0) (3,0) (3,2) (3,3) (4,3) (4,4) (4,5) (5,5) (6,5) (6,6)
  facet 12001: (1,0) (1,2) (2,2) (3,2) (4,2) (4,3) (4,4) (4,5) (5,5) (6,5) (6,6)
  facet 12002: (1,0) (2,0) (2,2) (3,2) (4,2) (4,3) (4,4) (4,5) (5,5) (6,5) (6,6)
  facet 12003: (1,0) (2,0) (3,0) (3,2) (4,2) (4,3) (4,4) (4,5) (5,5) (6,5) (6,6)
  facet 12004: (1,0) (2,0) (3,0) (4,0) (4,2) (4,3) (4,4) (4,5) (5,5) (6,5) (6,6)
  facet 12005: (1,0) (1,2) (1,3) (1,4) (2,4) (3,4) (4,4) (5,4) (5,5) (6,5) (6,6)
  facet 12006: (1,0) (1,2) (1,3) (2,3) (2,4) (3,4) (4,4) (5,4) (5,5) (6,5) (6,6)
  facet 12007: (1,0) (1,2) (2,2) (2,3) (2,4) (3,4) (4,4) (5,4) (5,5) (6,5) (6,6)
  facet 12008: (1,0) (2,0) (2,2) (2,3) (2,4) (3,4) (4,4) (5,4) (5,5) (6,5) (6,6)
  facet 12009: (1,0) (1,2) (1,3) (2,3) (3,3) (3,4) (4,4) (5,4) (5,5) (6,5) (6,6)
  facet 12010: (1,0) (1,2) (2,2) (2,3) (3,3) (3,4) (4,4) (5,4) (5,5) (6,5) (6,6)
  facet 12011: (1,0) (2,0) (2,2) (2,3) (3,3) (3,4) (4,4) (5,4) (5,5) (6,5) (6,6)
  facet 12012: (1,0) (1,2) (2,2) (3,2) (3,3) (3,4) (4,4) (5,4) (5,5) (6,5) (6,6)
  facet 12013: (1,0) (2,0) (2,2) (3,2) (3,3) (3,4) (4,4) (5,4) (5,5) (6,5) (6,6)
  facet 12014: (1,0) (2,0) (3,0) (3,2) (3,3) (3,4) (4,4) (5,4) (5,5) (6,5) (6,6)
  facet 12015: (1,0) (1,2) (1,3) (2,3) (3,3) (4,3) (4,4) (5,4) (5,5) (6,5) (6,6)
  facet 12016: (1,0) (1,2) (2,2) (2,3) (3,3) (4,3) (4,4) (5,4) (5,5) (6,5) (6,6)
  facet 12017: (1,0) (2,0) (2,2) (2,3) (3,3) (4,3) (4,4) (5,4) (5,5) (6,5) (6,6)
  facet 12018: (1,0) (1,2) (2,2) (3,2) (3,3) (4,3) (4,4) (5,4) (5,5) (6,5) (6,6)
  facet 12019: (1,0) (2,0) (2,2) (3,2) (3,3) (4,3) (4,4) (5,4) (5,5) (6,5) (6,6)
  facet 12020: (1,0) (2,0) (3,0) (3,2) (3,3) (4,3) (4,4) (5,4) (5,5) (6,5) (6,6)
  facet 12021: (1,0) (1,2) (2,2) (3,2) (4,2) (4,3) (4,4) (5,4) (5,5) (6,5) (6,6)
  facet 12022: (1,0) (2,0) (2,2) (3,2) (4,2) (4,3) (4,4) (5,4) (5,5) (6,5) (6,6)
  facet 12023: (1,0) (2,0) (3,0) (3,2) (4,2) (4,3) (4,4) (5,4) (5,5) (6,5) (6,6)
  facet 12024: (1,0) (2,0) (3,0) (4,0) (4,2) (4,3) (4,4) (5,4) (5,5) (6,5) (6,6)
  facet 12025: (1,0) (1,2) (1,3) (2,3) (3,3) (4,3) (5,3) (5,4) (5,5) (6,5) (6,6)
  facet 12026: (1,0) (1,2) (2,2) (2,3) (3,3) (4,3) (5,3) (5,4) (5,5) (6,5) (6,6)
  facet 12027: (1,0) (2,0) (2,2) (2,3) (3,3) (4,3) (5,3) (5,4) (5,5) (6,5) (6,6)
  facet 12028: (1,0) (1,2) (2,2) (3,2) (3,3) (4,3) (5,3) (5,4) (5,5) (6,5) (6,6)
  facet 12029: (1,0) (2,0) (2,2) (3,2) (3,3) (4,3) (5,3) (5,4) (5,5) (6,5) (6,6)
  facet 12030: (1,0) (2,0) (3,0) (3,2) (3,3) (4,3) (5,3) (5,4) (5,5) (6,5) (6,6)
  facet 12031: (1,0) (1,2) (2,2) (3,2) (4,2) (4,3) (5,3) (5,4) (5,5) (6,5) (6,6)
  facet 12032: (1,0) (2,0) (2,2) (3,2) (4,2) (4,3) (5,3) (5,4) (5,5) (6,5) (6,6)
  facet 12033: (1,0) (2,0) (3,0) (3,2) (4,2) (4,3) (5,3) (5,4) (5,5) (6,5) (6,6)
  facet 12034: (1,0) (2,0) (3,0) (4,0) (4,2) (4,3) (5,3) (5,4) (5,5) (6,5) (6,6)
  facet 12035: (1,0) (1,2) (2,2) (3,2) (4,2) (5,2) (5,3) (5,4) (5,5) (6,5) (6,6)
  facet 12036: (1,0) (2,0) (2,2) (3,2) (4,2) (5,2) (5,3) (5,4) (5,5) (6,5) (6,6)
  facet 12037: (1,0) (2,0) (3,0) (3,2) (4,2) (5,2) (5,3) (5,4) (5,5) (6,5) (6,6)
  facet 12038: (1,0) (2,0) (3,0) (4,0) (4,2) (5,2) (5,3) (5,4) (5,5) (6,5) (6,6)
  facet 12039: (1,0) (2,0) (3,0) (4,0) (5,0) (5,2) (5,3) (5,4) (5,5) (6,5) (6,6)
  facet 12040: (1,0) (1,2) (1,3) (1,4) (2,4) (3,4) (4,4) (5,4) (6,4) (6,5) (6,6)
  facet 12041: (1,0) (1,2) (1,3) (2,3) (2,4) (3,4) (4,4) (5,4) (6,4) (6,5) (6,6)
  facet 12042: (1,0) (1,2) (2,2) (2,3) (2,4) (3,4) (4,4) (5,4) (6,4) (6,5) (6,6)
  facet 12043: (1,0) (2,0) (2,2) (2,3) (2,4) (3,4) (4,4) (5,4) (6,4) (6,5) (6,6)
  facet 12044: (1,0) (1,2) (1,3) (2,3) (3,3) (3,4) (4,4) (5,4) (6,4) (6,5) (6,6)
  facet 12045: (1,0) (1,2) (2,2) (2,3) (3,3) (3,4) (4,4) (5,4) (6,4) (6,5) (6,6)
  facet 12046: (1,0) (2,0) (2,2) (2,3) (3,3) (3,4) (4,4) (5,4) (6,4) (6,5) (6,6)
  facet 12047: (1,0) (1,2) (2,2) (3,2) (3,3) (3,4) (4,4) (5,4) (6,4) (6,5) (6,6)
  facet 12048: (1,0) (2,0) (2,2) (3,2) (3,3) (3,4) (4,4) (5,4) (6,4) (6,5) (6,6)
  facet 12049: (1,0) (2,0) (3,0) (3,2) (3,3) (3,4) (4,4) (5,4) (6,4) (6,5) (6,6)
  facet 12050: (1,0) (1,2) (1,3) (2,3) (3,3) (4,3) (4,4) (5,4) (6,4) (6,5) (6,6)
  facet 12051: (1,0) (1,2) (2,2) (2,3) (3,3) (4,3) (4,4) (5,4) (6,4) (6,5) (6,6)
  facet 12052: (1,0) (2,0) (2,2) (2,3) (3,3) (4,3) (4,4) (5,4) (6,4) (6,5) (6,6)
  facet 12053: (1,0) (1,2) (2,2) (3,2) (3,3) (4,3) (4,4) (5,4) (6,4) (6,5) (6,6)
  facet 12054: (1,0) (2,0) (2,2) (3,2) (3,3) (4,3) (4,4) (5,4) (6,4) (6,5) (6,6)
  facet 12055: (1,0) (2,0) (3,0) (3,2) (3,3) (4,3) (4,4) (5,4) (6,4) (6,5) (6,6)
  facet 12056: (1,0) (1,2) (2,2) (3,2) (4,2) (4,3) (4,4) (5,4) (6,4) (6,5) (6,6)
  facet 12057: (1,0) (2,0) (2,2) (3,2) (4,2) (4,3) (4,4) (5,4) (6,4) (6,5) (6,6)
  facet 12058: (1,0) (2,0) (3,0) (3,2) (4,2) (4,3) (4,4) (5,4) (6,4) (6,5) (6,6)
  facet 12059: (1,0) (2,0) (3,0) (4,0) (4,2) (4,3) (4,4) (5,4) (6,4) (6,5) (6,6)
  facet 12060: (1,0) (1,2) (1,3) (2,3) (3,3) (4,3) (5,3) (5,4) (6,4) (6,5) (6,6)
  facet 12061: (1,0) (1,2) (2,2) (2,3) (3,3) (4,3) (5,3) (5,4) (6,4) (6,5) (6,6)
  facet 12062: (1,0) (2,0) (2,2) (2,3) (3,3) (4,3) (5,3) (5,4) (6,4) (6,5) (6,6)
  facet 12063: (1,0) (1,2) (2,2) (3,2) (3,3) (4,3) (5,3) (5,4) (6,4) (6,5) (6,6)
  facet 12064: (1,0) (2,0) (2,2) (3,2) (3,3) (4,3) (5,3) (5,4) (6,4) (6,5) (6,6)
  facet 12065: (1,0) (2,0) (3,0) (3,2) (3,3) (4,3) (5,3) (5,4) (6,4) (6,5) (6,6)
  facet 12066: (1,0) (1,2) (2,2) (3,2) (4,2) (4,3) (5,3) (5,4) (6,4) (6,5) (6,6)
  facet 12067: (1,0) (2,0) (2,2) (3,2) (4,2) (4,3) (5,3) (5,4) (6,4) (6,5) (6,6)
  facet 12068: (1,0) (2,0) (3,0) (3,2) (4,2) (4,3) (5,3) (5,4) (6,4) (6,5) (6,6)
  facet 12069: (1,0) (2,0) (3,0) (4,0) (4,2) (4,3) (5,3) (5,4) (6,4) (6,5) (6,6)
  facet 12070: (1,0) (1,2) (2,2) (3,2) (4,2) (5,2) (5,3) (5,4) (6,4) (6,5) (6,6)
  facet 12071: (1,0) (2,0) (2,2) (3,2) (4,2) (5,2) (5,3) (5,4) (6,4) (6,5) (6,6)
  facet 12072: (1,0) (2,0) (3,0) (3,2) (4,2) (5,2) (5,3) (5,4) (6,4) (6,5) (6,6)
  facet 12073: (1,0) (2,0) (3,0) (4,0) (4,2) (5,2) (5,3) (5,4) (6,4) (6,5) (6,6)
  facet 12074: (1,0) (2,0) (3,0) (4,0) (5,0) (5,2) (5,3) (5,4) (6,4) (6,5) (6,6)
  facet 12075: (1,0) (1,2) (1,3) (2,3) (3,3) (4,3) (5,3) (6,3) (6,4) (6,5) (6,6)
  facet 12076: (1,0) (1,2) (2,2) (2,3) (3,3) (4,3) (5,3) (6,3) (6,4) (6,5) (6,6)
  facet 12077: (1,0) (2,0) (2,2) (2,3) (3,3) (4,3) (5,3) (6,3) (6,4) (6,5) (6,6)
  facet 12078: (1,0) (1,2) (2,2) (3,2) (3,3) (4,3) (5,3) (6,3) (6,4) (6,5) (6,6)
  facet 12079: (1,0) (2,0) (2,2) (3,2) (3,3) (4,3) (5,3) (6,3) (6,4) (6,5) (6,6)
  facet 12080: (1,0) (2,0) (3,0) (3,2) (3,3) (4,3) (5,3) (6,3) (6,4) (6,5) (6,6)
  facet 12081: (1,0) (1,2) (2,2) (3,2) (4,2) (4,3) (5,3) (6,3) (6,4) (6,5) (6,6)
  facet 12082: (1,0) (2,0) (2,2) (3,2) (4,2) (4,3) (5,3) (6,3) (6,4) (6,5) (6,6)
  facet 12083: (1,0) (2,0) (3,0) (3,2) (4,2) (4,3) (5,3) (6,3) (6,4) (6,5) (6,6)
  facet 12084: (1,0) (2,0) (3,0) (4,0) (4,2) (4,3) (5,3) (6,3) (6,4) (6,5) (6,6)
  facet 12085: (1,0) (1,2) (2,2) (3,2) (4,2) (5,2) (5,3) (6,3) (6,4) (6,5) (6,6)
  facet 12086: (1,0) (2,0) (2,2) (3,2) (4,2) (5,2) (5,3) (6,3) (6,4) (6,5) (6,6)
  facet 12087: (1,0) (2,0) (3,0) (3,2) (4,2) (5,2) (5,3) (6,3) (6,4) (6,5) (6,6)
  facet 12088: (1,0) (2,0) (3,0) (4,0) (4,2) (5,2) (5,3) (6,3) (6,4) (6,5) (6,6)
  facet 12089: (1,0) (2,0) (3,0) (4,0) (5,0) (5,2) (5,3) (6,3) (6,4) (6,5) (6,6)
  facet 12090: (1,0) (1,2) (2,2) (3,2) (4,2) (5,2) (6,2) (6,3) (6,4) (6,5) (6,6)
  facet 12091: (1,0) (2,0) (2,2) (3,2) (4,2) (5,2) (6,2) (6,3) (6,4) (6,5) (6,6)
  facet 12092: (1,0) (2,0) (3,0) (3,2) (4,2) (5,2) (6,2) (6,3) (6,4) (6,5) (6,6)
  facet 12093: (1,0) (2,0) (3,0) (4,0) (4,2) (5,2) (6,2) (6,3) (6,4) (6,5) (6,6)
  facet 12094: (1,0) (2,0) (3,0) (4,0) (5,0) (5,2) (6,2) (6,3) (6,4) (6,5) (6,6)
  facet 12095: (1,0) (2,0) (3,0) (4,0) (5,0) (6,0) (6,2) (6,3) (6,4) (6,5) (6,6)
